Date;TIME;Pts_01;Pts_02;Pts_03;Pts_04;Pts_05;Pts_06;Pts_07;Pts_08;Pts_09;Pts_10;Pts_11;Pt_12;Pt_13
30-03-2016;13:53:00;0.00;0.00;0.00;0.00;0.00;0.00;0.00;0.00;0.00;0.00;0.00;0.00;0.00
30-03-2016;19:59:00;-0.93;0.16;-0.16;0.07;0.13;0.09;-1.07;-0.16;0.14;0.23;-0.19;-0.34;-0.22
31-03-2016;03:54:00;-1.20;0.29;0.00;-0.21;0.12;-0.14;-1.35;-0.43;-0.01;0.15;-0.01;-0.07;0.23
31-03-2016;11:56:00;-0.83;0.10;-0.04;-0.27;0.14;-0.13;-0.99;-0.58;-0.15;-0.14;0.72;0.64;0.67
31-03-2016;19:58:00;-0.27;0.18;-0.16;-1.39;0.19;0.09;-0.92;-0.57;0.21;0.33;0.95;0.50;0.94
01-04-2016;04:01:00;-0.22;0.19;0.10;-1.44;0.21;0.18;-1.18;-0.56;0.26;0.95;0.70;0.05;0.58
01-04-2016;12:03:00;-0.60;0.54;0.35;-1.05;-0.26;0.18;-0.84;-0.34;0.31;0.85;0.75;0.30;1.03
01-04-2016;19:58:00;-1.93;0.64;-0.14;0.08;0.50;-0.32;-1.79;-0.93;0.01;0.02;0.26;0.69;0.94
02-04-2016;03:53:00;-0.83;0.64;-0.51;-0.17;0.78;-0.46;-1.86;-1.32;-0.03;0.21;1.15;1.43;1.30
02-04-2016;11:55:00;0.44;1.38;-0.79;-0.26;-0.03;-0.33;-1.32;-0.79;-0.04;0.55;0.81;1.16;1.15
02-04-2016;19:57:00;0.43;1.35;-1.20;0.84;0.79;-0.90;-1.47;-0.53;-0.51;-0.04;0.80;0.93;1.45
03-04-2016;04:00:00;-0.77;1.87;-1.00;1.26;0.87;-1.06;-2.23;-0.83;-0.73;-0.75;0.38;1.08;1.43
03-04-2016;12:02:00;-0.05;2.10;-0.42;-0.26;-0.16;-1.15;-1.72;-0.69;-0.84;1.10;0.87;1.75;1.68
03-04-2016;20:04:00;-0.25;2.20;-0.71;0.58;-0.96;-0.81;-1.77;-0.53;-0.01;0.64;1.71;2.65;2.61
04-04-2016;03:59:00;0.98;2.89;-1.32;-1.29;-0.56;-0.20;-0.57;0.43;0.17;1.33;1.36;2.05;2.27
04-04-2016;11:54:00;1.38;2.98;-1.32;-0.86;-0.60;-0.83;-0.79;-0.07;-0.61;1.34;1.49;1.93;2.41
04-04-2016;19:56:00;2.55;2.28;-1.45;-1.28;-0.42;-0.27;-0.08;0.71;0.04;0.94;1.48;1.42;2.26
05-04-2016;04:01:00;1.25;2.07;-1.27;0.03;1.40;-0.80;-1.08;-0.24;-0.57;0.65;0.33;0.74;1.46
05-04-2016;12:01:00;1.00;1.19;-0.78;-0.36;-0.03;-0.87;-0.99;-0.17;-0.56;1.19;0.44;1.05;1.65
05-04-2016;20:03:00;2.37;1.52;-1.42;0.12;1.39;-1.15;-1.30;0.03;-0.81;-0.01;1.05;1.15;1.94
06-04-2016;04:05:00;2.14;1.88;-1.54;-0.91;1.03;-0.74;-1.34;0.49;-0.35;0.49;0.79;0.92;1.88
06-04-2016;12:00:00;2.57;2.66;-1.68;-1.11;0.29;-1.38;-1.98;0.17;-0.99;1.42;0.26;0.93;1.28
06-04-2016;16:17:00;2.45;2.69;-1.72;-2.16;0.13;-0.82;-1.12;0.87;-0.60;1.35;0.72;1.76;1.37
11-04-2016;12:36:00;0.78;2.72;-1.34;-1.68;-0.17;-0.46;0.02;1.53;-0.08;0.40;0.68;1.48;1.39
11-04-2016;19:59:00;0.25;3.26;-1.47;-1.37;0.21;-0.47;0.03;1.82;0.12;0.93;0.63;1.62;1.38
12-04-2016;03:54:00;0.25;2.90;-1.20;-1.12;0.49;-0.33;0.70;1.54;0.02;0.66;-0.16;1.33;1.87
12-04-2016;11:56:00;0.25;2.08;-0.86;-0.41;0.36;-0.46;0.69;1.16;-0.28;0.47;0.21;1.86;1.81
12-04-2016;19:59:00;0.00;2.57;-1.19;-1.53;0.56;-0.40;-0.00;1.11;-0.04;0.61;0.62;1.85;1.75
13-04-2016;04:01:00;-0.19;2.45;-1.10;-0.95;0.22;-0.41;-0.24;0.82;-0.14;0.45;0.54;1.60;1.54
13-04-2016;11:58:00;0.43;3.22;-1.15;-0.50;-0.23;-0.42;0.29;1.19;-0.15;0.66;0.86;2.16;1.67
13-04-2016;19:58:00;0.48;3.20;-1.48;-1.82;0.03;-0.27;-0.01;1.78;0.18;0.79;0.90;2.23;1.55
14-04-2016;03:53:00;-0.11;3.01;-1.40;-1.06;-0.06;-0.51;-0.39;1.46;-0.12;0.77;1.14;2.21;1.62
14-04-2016;11:55:00;0.86;3.18;-1.65;-0.36;-0.12;-0.36;0.01;1.86;0.06;1.35;1.11;2.42;1.70
14-04-2016;19:57:00;0.55;2.95;-1.80;0.61;-0.36;-0.51;-0.49;1.32;-0.14;1.06;0.46;2.73;1.50
15-04-2016;04:00:00;0.30;2.95;-1.75;1.59;0.12;-0.46;-0.15;1.48;-0.26;0.35;0.18;2.66;1.37
15-04-2016;12:02:00;0.86;3.22;-1.46;1.22;0.24;-0.64;-0.01;1.47;-0.39;0.63;0.69;2.06;1.41
15-04-2016;20:05:00;1.26;3.84;-2.05;1.52;0.47;-0.46;-0.15;2.05;-0.06;0.75;0.97;2.43;1.54
16-04-2016;03:59:00;0.29;4.22;-1.56;1.48;0.70;-0.44;-0.29;1.95;-0.12;0.49;0.37;2.22;1.22
16-04-2016;11:54:00;1.08;4.10;-1.79;1.13;0.29;-0.43;-0.83;2.43;-0.20;0.53;0.84;2.74;0.95
16-04-2016;19:56:00;1.57;4.16;-1.55;0.79;0.15;-0.27;-0.81;2.60;0.11;0.30;0.81;2.99;1.47
17-04-2016;03:58:00;0.70;4.12;-1.57;0.30;0.21;-0.19;-0.86;2.31;0.08;0.30;0.25;2.62;0.93
17-04-2016;12:01:00;0.62;4.29;-1.38;0.52;-0.05;-0.18;-0.81;2.50;0.08;0.49;0.11;3.13;0.85
17-04-2016;20:03:00;0.19;4.43;-1.18;1.14;0.02;-0.16;-0.95;2.60;0.17;0.96;0.09;2.80;0.72
18-04-2016;04:04:00;-0.18;4.13;-1.26;0.92;0.24;-0.28;-0.68;2.53;0.11;1.20;-0.09;2.62;0.80
18-04-2016;11:53:00;0.70;4.33;-1.74;1.18;0.42;-0.41;-0.23;2.43;-0.08;0.86;0.13;2.46;1.25
18-04-2016;19:55:00;-0.55;4.50;-1.87;2.29;1.05;-0.94;-0.52;2.28;-0.48;0.10;-0.04;2.50;1.34
19-04-2016;03:57:00;-0.48;4.32;-1.67;3.48;0.78;-0.91;-0.64;2.06;-0.71;-0.18;0.12;2.91;1.50
19-04-2016;12:05:00;0.32;4.91;-1.39;3.53;0.17;-0.39;0.13;3.00;-0.34;0.69;0.76;2.83;2.14
19-04-2016;20:02:00;-0.97;5.51;-1.76;3.01;0.51;-0.34;0.56;3.24;-0.15;0.46;0.56;2.55;1.44
20-04-2016;04:05:00;0.21;5.53;-1.72;2.50;0.08;-0.21;0.12;3.58;0.12;0.94;0.30;2.39;1.33
20-04-2016;11:59:00;0.27;5.57;-1.68;2.22;0.23;-0.20;0.40;3.81;0.03;0.63;0.21;2.29;1.42
20-04-2016;19:54:00;0.15;5.55;-1.66;2.12;0.39;-0.17;0.00;3.98;0.00;0.80;0.02;2.25;1.39
21-04-2016;03:56:00;0.48;5.52;-1.66;2.48;0.25;-0.35;-0.19;3.85;-0.04;0.74;-0.15;2.09;1.24
21-04-2016;11:58:00;0.76;5.35;-1.54;1.97;0.45;-0.33;-0.17;3.80;-0.09;0.76;0.04;2.08;1.13
21-04-2016;20:01:00;0.64;5.01;-1.64;1.35;0.45;-0.57;-0.79;3.82;-0.35;0.52;-0.37;2.65;1.17
22-04-2016;04:03:00;0.70;5.31;-1.49;0.56;0.64;-0.33;-0.62;3.30;-0.23;0.58;-0.13;2.63;1.40
22-04-2016;12:06:00;0.45;4.97;-1.47;0.71;0.39;-0.18;0.16;3.22;-0.01;0.56;0.41;3.05;1.57
22-04-2016;20:00:00;-0.08;4.88;-1.25;0.44;0.74;-0.21;0.18;3.05;0.02;0.19;0.31;2.82;1.23
23-04-2016;03:53:00;-0.27;4.79;-1.31;0.57;0.70;-0.24;-0.30;2.45;-0.12;0.54;-0.19;2.63;1.17
23-04-2016;11:57:00;-0.50;4.84;-0.83;1.15;0.52;-0.44;-0.09;2.16;-0.39;0.50;0.17;2.97;1.20
23-04-2016;20:00:00;0.03;5.23;-1.24;0.39;0.47;-0.16;0.12;2.28;0.03;0.46;0.04;3.05;1.19
24-04-2016;04:02:00;-0.06;5.24;-1.13;0.14;0.42;-0.11;-0.05;2.25;0.12;0.59;0.11;2.78;1.06
24-04-2016;12:05:00;0.09;4.99;-0.80;0.43;0.61;0.03;-0.51;1.96;0.02;0.17;0.55;2.78;1.11
24-04-2016;19:59:00;0.20;4.84;-0.68;-0.37;-0.54;0.07;-0.31;2.09;0.21;0.58;0.31;3.10;1.19
25-04-2016;03:54:00;-0.37;4.77;-0.44;-0.03;0.57;-0.02;-0.80;1.80;0.11;0.67;0.07;2.84;0.52
25-04-2016;11:56:00;-0.34;4.40;-0.56;-0.02;0.64;0.21;-0.69;2.16;0.03;0.49;0.77;3.24;1.40
25-04-2016;19:12:00;-0.54;4.04;-0.67;-0.35;0.18;0.20;-0.68;2.24;0.28;0.89;0.33;3.29;1.25
26-04-2016;07:13:00;-0.77;3.71;-0.65;0.39;0.31;0.09;-0.77;2.39;0.14;0.77;-0.14;3.07;1.06
26-04-2016;11:57:00;-0.67;3.67;-0.58;0.25;0.88;0.44;-1.00;2.71;0.34;0.85;0.67;3.25;1.34
26-04-2016;19:55:00;-1.20;3.69;-0.67;0.65;0.75;0.45;-0.56;2.83;0.38;0.88;0.68;3.57;1.53
27-04-2016;04:02:00;-1.96;3.47;-0.62;0.72;0.04;0.29;-1.08;2.79;0.28;0.67;0.84;3.69;2.07
27-04-2016;11:57:00;-1.95;3.19;-0.41;0.93;0.96;0.35;-1.30;2.93;0.28;0.61;1.10;3.63;1.81
27-04-2016;20:02:00;-2.25;3.18;-0.53;0.96;0.44;0.35;-1.80;3.05;0.40;1.02;0.31;3.44;1.69
28-04-2016;04:05:00;-2.43;2.95;-0.61;0.88;0.84;0.24;-1.77;3.04;0.21;1.06;0.25;3.79;2.12
28-04-2016;12:00:00;-2.29;3.12;-0.42;0.48;1.05;0.54;-1.67;2.76;0.48;1.36;0.09;3.86;1.75
28-04-2016;19:54:00;-1.80;2.88;-0.18;-0.00;0.56;0.58;-2.25;2.80;0.53;1.32;0.11;4.30;2.10
29-04-2016;03:57:00;-2.20;2.82;-0.12;0.55;0.53;0.41;-2.36;2.76;0.28;1.48;0.30;4.11;1.76
29-04-2016;11:59:00;-1.00;2.54;-0.23;0.20;0.53;0.61;-1.45;2.90;0.56;1.46;0.37;4.18;1.77
29-04-2016;20:01:00;-1.11;2.10;-0.20;0.56;0.49;0.43;-0.94;2.83;0.42;1.61;0.60;3.93;1.94
30-04-2016;04:04:00;-0.68;2.66;-0.45;0.27;0.70;0.41;-0.55;2.61;0.41;1.05;0.32;4.29;1.34
30-04-2016;11:58:00;-0.12;2.06;-0.23;0.31;0.41;0.67;-0.36;2.31;0.61;1.31;0.81;4.22;1.83
30-04-2016;19:53:00;-0.29;2.52;-0.17;0.21;0.05;0.56;0.39;2.45;0.50;1.27;0.76;4.62;2.03
01-05-2016;04:00:00;-0.82;2.80;-0.25;-0.35;0.24;0.43;-0.07;2.55;0.38;1.21;0.73;4.63;1.93
01-05-2016;11:58:00;-0.14;2.36;-0.33;-1.46;0.38;0.60;0.52;2.35;0.51;1.37;1.20;4.88;2.14
01-05-2016;20:00:00;-0.24;2.36;-0.46;-1.80;0.41;0.53;0.67;2.49;0.48;1.27;1.01;4.67;2.14
02-05-2016;04:02:00;-1.15;2.52;-0.54;-2.32;0.44;0.66;0.88;2.48;0.58;1.42;1.13;4.74;2.15
02-05-2016;12:04:00;0.29;2.86;-0.64;-1.98;0.36;0.60;0.56;2.50;0.59;1.48;1.12;4.90;1.91
02-05-2016;19:59:00;1.24;2.91;-0.79;-1.82;0.08;0.55;0.00;2.30;0.49;1.17;1.13;4.71;1.89
03-05-2016;03:54:00;0.70;3.10;-0.62;-1.57;0.38;0.40;-0.31;2.13;0.35;1.28;0.89;4.68;1.77
03-05-2016;11:58:00;1.21;2.45;-1.01;-1.58;0.51;0.03;-1.31;1.75;0.04;1.42;0.87;4.30;1.61
03-05-2016;19:58:00;0.86;2.86;-1.20;-2.48;0.20;0.54;-0.80;2.38;0.64;1.26;1.07;4.39;1.83
04-05-2016;00:31:00;-0.26;3.12;-1.03;-2.53;0.24;0.63;-0.70;2.31;0.63;1.15;1.11;4.26;1.76
13-05-2016;14:16:00;-0.68;3.20;-1.19;-2.06;0.94;0.58;0.13;1.72;0.79;0.55;0.81;3.64;2.11
13-05-2016;19:58:00;-1.83;2.73;-1.11;-2.24;0.85;0.48;0.10;1.72;0.74;1.39;1.09;3.66;1.99
14-05-2016;03:53:00;-2.41;2.58;-1.27;-2.66;1.02;0.41;-0.11;1.63;0.76;1.06;1.07;3.78;1.84
14-05-2016;11:55:00;-2.52;3.05;-1.62;-2.73;0.75;0.55;0.11;1.76;0.90;0.88;1.02;3.84;2.05
14-05-2016;19:57:00;-1.69;3.46;-1.26;-3.02;0.58;0.46;-0.33;1.53;0.74;1.45;1.26;3.97;2.28
15-05-2016;04:00:00;-2.26;3.20;-1.27;-2.87;1.16;0.25;-0.70;1.35;0.67;0.86;1.09;3.49;1.86
15-05-2016;12:03:00;-2.20;3.11;-1.27;-3.04;0.79;0.44;-0.39;1.58;0.67;0.48;0.90;3.86;2.17
15-05-2016;20:04:00;-2.32;3.24;-1.37;-3.59;0.78;0.57;0.08;1.42;0.72;0.77;0.93;3.89;2.12
16-05-2016;03:59:00;-3.95;2.99;-1.07;-3.23;0.94;0.34;-0.12;1.36;0.66;0.45;1.13;3.62;2.00
16-05-2016;11:54:00;-2.77;2.87;-1.06;-3.59;0.50;0.15;-0.00;1.26;0.27;0.39;0.85;3.62;2.01
16-05-2016;19:56:00;-2.24;2.98;-1.30;-4.52;0.35;0.43;0.48;1.45;0.63;0.80;0.73;3.72;1.70
17-05-2016;03:58:00;-2.28;2.90;-1.03;-4.68;0.46;0.37;0.42;1.39;0.60;0.67;1.28;3.65;1.79
17-05-2016;12:00:00;-2.39;3.14;-1.28;-4.73;0.49;0.25;-0.17;1.20;0.38;0.52;1.05;3.65;1.77
17-05-2016;20:03:00;-3.32;2.84;-1.32;-4.66;0.52;0.27;-0.11;1.30;0.41;0.54;1.37;3.31;1.95
18-05-2016;04:05:00;-3.87;3.26;-1.27;-3.95;0.95;-0.31;-0.46;1.08;0.22;0.07;0.85;2.57;1.50
18-05-2016;12:07:00;-3.21;2.93;-1.03;-4.68;0.01;-0.02;0.07;1.29;0.23;0.52;1.37;3.52;1.74
18-05-2016;19:54:00;-3.87;3.15;-0.41;-3.44;1.05;-0.47;-0.68;0.28;-0.14;0.13;0.38;3.36;1.45
19-05-2016;03:56:00;-3.29;2.89;-0.68;-3.38;0.93;-0.42;-0.55;0.58;0.04;0.12;0.98;3.40;1.38
19-05-2016;11:58:00;-2.17;3.02;-1.27;-4.25;0.47;-0.14;-0.72;1.06;0.06;0.94;1.26;3.47;1.92
19-05-2016;20:01:00;-1.66;3.11;-1.27;-5.12;0.19;0.46;0.09;1.64;0.64;0.51;1.89;3.69;2.42
20-05-2016;04:03:00;-2.39;2.87;-0.82;-4.22;0.75;0.03;-0.63;0.95;0.14;0.12;1.34;3.79;2.01
20-05-2016;11:58:00;-1.82;2.91;-0.64;-3.77;0.95;-0.42;-1.14;0.23;-0.38;0.96;0.88;3.68;1.76
20-05-2016;20:00:00;-1.20;3.09;-0.95;-4.75;0.35;0.16;-0.34;1.32;0.44;0.73;1.20;3.82;1.83
21-05-2016;01:11:00;-1.21;3.39;-0.98;-4.28;0.87;0.19;-0.49;1.16;0.28;0.47;1.30;4.08;1.95
25-05-2016;20:44:00;-2.27;3.10;-1.26;-5.94;0.40;-0.04;-0.92;0.67;0.18;0.80;1.23;3.76;1.49
26-05-2016;04:00:00;-2.41;2.71;-1.18;-6.03;0.33;-0.33;-1.03;0.42;0.11;0.62;1.31;3.79;1.43
26-05-2016;12:24:00;-1.26;2.83;-1.07;-5.93;-0.73;-0.62;-0.99;-0.02;-0.53;1.25;1.21;3.77;1.23
26-05-2016;19:57:00;-1.30;3.24;-1.46;-6.67;0.38;-0.25;-0.89;0.50;-0.04;0.55;1.42;3.83;1.13
27-05-2016;03:58:00;-1.57;3.42;-1.49;-6.78;0.85;-0.51;-1.32;0.12;-0.15;0.31;1.11;3.76;0.99
27-05-2016;11:53:00;-0.80;3.07;-1.11;-7.49;-0.24;-0.78;-0.89;0.03;-0.69;0.54;0.95;3.60;1.03
27-05-2016;19:55:00;-0.74;3.58;-1.69;-8.28;0.61;-0.06;-0.02;0.68;-0.16;0.45;1.04;3.88;0.87
28-05-2016;03:58:00;-0.46;3.49;-1.83;-8.02;0.66;-0.31;0.06;0.33;-0.20;0.93;1.05;4.06;0.83
28-05-2016;12:04:00;-0.40;3.88;-1.48;-8.47;0.47;-0.81;-0.35;-0.29;-0.82;1.59;0.71;3.01;0.83
28-05-2016;20:02:00;-1.81;3.71;-0.72;-7.87;1.39;-1.12;-1.21;-0.69;-0.75;0.21;0.44;2.92;0.36
29-05-2016;04:04:00;-1.51;3.75;-0.69;-6.61;2.23;-1.76;-1.59;-1.33;-1.15;-0.38;0.47;3.36;0.63
29-05-2016;11:59:00;-0.10;3.18;-0.50;-8.14;0.77;-1.28;-0.94;-0.71;-1.13;1.62;0.74;3.52;0.68
29-05-2016;19:53:00;-0.62;3.55;-1.31;-8.42;1.40;-0.89;-0.43;-0.11;-0.29;0.40;0.98;3.39;0.64
30-05-2016;03:56:00;-0.75;3.37;-0.99;-9.05;1.18;-0.91;-0.61;-0.13;-0.37;0.65;1.05;3.57;0.83
30-05-2016;11:58:00;-0.81;3.43;-0.87;-9.17;0.88;-1.19;-0.65;-0.50;-0.69;0.97;0.97;3.49;0.90
30-05-2016;20:00:00;-2.66;3.50;-0.80;-9.50;1.73;-1.38;-1.22;-0.75;-0.69;0.10;0.78;2.90;0.73
31-05-2016;04:03:00;-0.88;4.75;-2.91;-10.53;2.40;-0.41;0.18;-0.33;-1.24;0.48;-0.80;1.61;-1.09
31-05-2016;12:05:00;0.29;4.46;-2.85;-11.69;1.31;-0.65;-0.65;-0.61;-1.64;2.19;-0.89;1.82;-1.13
31-05-2016;19:59:00;1.23;4.56;-3.34;-13.46;0.92;0.38;0.36;0.82;-0.53;1.71;-0.03;1.95;-0.57
01-06-2016;03:54:00;1.49;4.65;-3.35;-13.70;0.93;0.32;0.20;0.94;-0.56;1.77;-0.35;1.97;-0.66
01-06-2016;12:00:00;1.63;4.64;-3.15;-14.35;-0.39;-0.35;-0.10;0.33;-1.21;3.55;-1.15;1.43;-1.10
01-06-2016;19:59:00;2.04;4.89;-3.45;-13.64;1.11;0.33;0.09;0.87;-0.42;1.49;-0.25;1.71;-0.64
02-06-2016;04:01:00;2.54;4.68;-3.63;-13.63;0.49;0.22;0.34;1.16;-0.39;1.84;-0.34;1.67;-0.80
02-06-2016;12:03:00;2.26;4.67;-3.74;-13.32;0.09;0.09;0.53;0.55;-1.22;2.94;-1.07;1.15;-1.40
02-06-2016;20:05:00;2.24;4.85;-3.71;-12.91;1.64;0.11;0.72;1.04;-0.84;1.34;-0.47;1.61;-0.83
03-06-2016;04:00:00;2.69;5.03;-3.57;-14.09;0.86;0.39;1.03;1.17;-0.52;1.50;-0.34;1.84;-0.75
03-06-2016;11:54:00;2.81;4.48;-3.20;-15.00;-0.65;0.15;0.77;0.48;-1.33;2.46;-0.32;1.76;-1.20
03-06-2016;19:57:00;2.90;4.45;-3.71;-14.37;0.64;0.28;1.58;1.26;-0.80;1.46;-0.21;1.69;-0.59
04-06-2016;03:59:00;3.24;4.72;-4.15;-14.39;0.64;0.56;1.86;1.50;-0.52;1.60;-0.27;1.85;-0.83
04-06-2016;12:01:00;3.70;4.72;-3.65;-15.04;-0.34;0.32;1.93;1.16;-0.94;2.08;-0.24;2.11;-0.82
04-06-2016;20:08:00;2.81;5.30;-4.59;-14.65;0.31;0.38;2.18;1.34;-0.49;1.14;-0.78;1.38;-1.27
05-06-2016;04:00:00;2.57;5.28;-4.57;-14.05;0.53;0.20;1.56;1.13;-0.73;0.98;-1.04;1.65;-1.21
05-06-2016;11:53:00;5.05;5.20;-4.58;-13.22;-0.78;0.71;2.45;1.39;-1.73;2.14;-1.26;1.12;-1.35
05-06-2016;19:55:00;3.47;5.14;-4.53;-14.48;-0.05;0.48;2.12;1.95;-0.86;0.76;-0.38;1.84;-0.77
06-06-2016;03:53:00;3.74;5.18;-4.67;-14.81;0.23;0.48;1.94;2.30;-0.73;0.60;-0.77;1.98;-0.19
06-06-2016;11:59:00;4.10;5.40;-4.12;-15.58;-0.41;0.40;1.80;2.28;-1.16;1.47;-0.88;1.92;-0.36
06-06-2016;20:02:00;3.67;5.56;-4.69;-16.22;0.07;0.42;2.21;2.48;-0.69;1.27;-0.86;1.91;-0.26
07-06-2016;04:04:00;3.50;5.40;-4.78;-16.63;-0.07;0.45;2.23;2.40;-0.72;1.25;-1.03;1.75;-0.55
07-06-2016;11:58:00;3.26;4.97;-4.52;-15.84;0.11;0.27;2.05;2.00;-1.47;1.33;-1.08;1.38;-1.05
07-06-2016;19:53:00;3.27;5.31;-5.22;-17.57;-0.05;0.71;2.46;2.63;-0.55;1.77;-0.45;1.92;-0.58
08-06-2016;03:55:00;3.34;5.24;-5.36;-17.70;0.01;0.69;2.50;2.63;-0.54;1.82;-0.49;2.17;-0.84
08-06-2016;11:57:00;3.72;4.98;-4.93;-17.61;-0.52;0.58;2.18;2.80;-0.63;1.34;-0.25;2.38;-0.85
08-06-2016;20:00:00;3.41;5.01;-4.85;-17.86;-0.07;0.52;1.39;2.84;-0.55;1.13;-0.30;2.65;-0.38
09-06-2016;04:02:00;3.31;5.12;-5.22;-17.20;0.55;0.60;0.83;2.75;-0.56;1.12;-1.14;1.98;-1.37
09-06-2016;12:04:00;3.86;4.94;-4.92;-17.01;-0.21;0.37;0.84;2.23;-0.83;1.67;-0.53;2.18;-1.45
09-06-2016;19:58:00;4.11;5.55;-5.21;-17.99;-0.28;0.85;1.47;2.74;-0.30;1.38;-0.29;2.35;-1.30
10-06-2016;03:53:00;3.49;5.40;-5.03;-17.12;0.07;0.61;1.36;2.48;-0.45;1.20;-1.23;2.17;-1.69
10-06-2016;11:55:00;4.47;4.97;-4.61;-17.32;-0.03;0.33;1.21;2.05;-0.91;1.23;-0.43;2.42;-1.77
10-06-2016;19:58:00;4.15;5.28;-5.09;-17.45;0.04;0.69;1.73;2.38;-0.58;1.10;-0.26;2.56;-1.98
11-06-2016;04:00:00;4.05;5.67;-5.30;-18.32;0.25;0.71;1.68;2.62;-0.42;1.08;-0.78;2.30;-2.12
11-06-2016;12:03:00;4.58;5.01;-4.81;-18.04;-0.36;0.11;1.36;2.13;-0.97;1.77;-0.13;2.67;-1.83
11-06-2016;20:05:00;4.03;5.39;-5.20;-17.96;0.16;0.66;1.35;2.27;-0.75;1.24;-0.32;2.33;-2.07
12-06-2016;03:59:00;4.11;5.55;-5.17;-17.85;0.20;0.62;1.30;2.54;-0.51;0.99;-0.67;2.03;-2.34
12-06-2016;11:54:00;3.95;5.14;-5.23;-18.88;-0.42;-0.19;0.56;1.40;-1.78;1.74;-1.00;1.50;-2.52
12-06-2016;19:56:00;4.06;5.45;-5.38;-18.25;-0.06;0.61;1.21;2.17;-0.65;0.95;0.14;2.25;-1.90
13-06-2016;03:58:00;3.94;5.45;-5.46;-19.02;-0.12;0.56;1.26;2.09;-0.55;0.98;-0.38;2.06;-2.35
13-06-2016;12:01:00;4.54;5.28;-5.30;-18.04;-0.51;-0.49;-0.36;0.74;-2.07;1.77;-1.15;1.28;-2.94
13-06-2016;20:03:00;4.20;5.45;-5.54;-18.98;-0.42;0.68;1.10;2.37;-0.71;0.98;0.14;2.29;-1.87
14-06-2016;04:05:00;3.62;5.11;-5.44;-18.67;0.06;0.47;0.54;2.15;-0.62;0.88;-0.11;1.85;-2.15
14-06-2016;12:00:00;3.75;5.19;-5.67;-18.15;-0.46;-0.16;-0.08;1.22;-1.64;1.15;-0.50;1.39;-2.63
14-06-2016;19:54:00;4.29;5.37;-5.86;-18.68;-0.00;0.42;0.78;2.00;-0.85;0.99;0.41;2.07;-2.19
15-06-2016;03:57:00;4.28;5.42;-5.66;-18.98;-0.08;0.60;0.93;2.01;-0.64;1.07;0.55;2.05;-2.07
15-06-2016;12:06:00;4.89;5.26;-5.66;-19.72;-0.84;0.64;1.21;2.16;-0.78;1.52;0.48;2.03;-2.18
15-06-2016;20:01:00;2.64;5.51;-5.87;-18.68;0.52;0.18;0.42;1.85;-0.96;0.04;-0.23;1.46;-2.34
16-06-2016;04:03:00;3.47;5.22;-6.24;-19.21;0.14;0.43;1.11;2.19;-0.77;0.92;0.45;2.00;-2.07
16-06-2016;11:58:00;3.70;4.70;-5.66;-18.95;-0.39;0.07;0.97;1.51;-1.65;1.94;0.15;1.49;-2.42
16-06-2016;19:52:00;3.04;5.31;-5.93;-18.81;0.61;0.22;0.85;1.73;-0.98;0.74;0.17;1.65;-2.41
17-06-2016;03:55:00;4.09;5.39;-6.12;-19.71;0.44;0.39;1.39;2.19;-0.71;1.29;0.33;1.81;-2.14
17-06-2016;11:57:00;3.42;5.16;-5.57;-18.25;0.51;-0.63;0.25;0.90;-1.89;1.16;-0.47;1.37;-2.30
17-06-2016;20:00:00;2.53;5.01;-5.87;-18.75;0.81;0.02;0.19;1.53;-1.23;-0.27;-0.16;1.93;-2.13
18-06-2016;04:02:00;1.49;5.51;-6.27;-18.98;1.09;-0.07;0.17;1.41;-1.25;-0.24;-0.50;1.72;-2.20
18-06-2016;12:04:00;0.55;5.14;-6.15;-17.68;-0.49;-0.30;0.53;1.25;-2.04;1.33;-0.22;2.21;-1.80
18-06-2016;19:59:00;-0.29;5.05;-6.53;-17.43;-1.39;0.54;1.67;2.92;-0.70;1.12;0.46;2.84;-1.42
19-06-2016;03:53:00;-0.74;4.91;-6.54;-16.97;-1.19;0.55;1.68;2.89;-0.74;1.02;0.58;2.98;-1.33
19-06-2016;12:00:00;0.25;4.96;-6.40;-17.01;-1.30;0.53;1.73;2.64;-0.92;0.57;1.14;3.00;-0.95
19-06-2016;19:58:00;0.04;4.99;-6.47;-17.00;-0.92;0.33;1.41;2.35;-0.94;0.43;0.64;2.89;-1.43
20-06-2016;04:00:00;-1.03;4.88;-6.39;-15.80;-0.12;-0.25;0.63;1.56;-1.60;-0.03;0.18;2.26;-1.68
20-06-2016;12:02:00;-0.70;5.34;-6.76;-16.79;-0.56;-0.19;0.63;1.40;-1.36;0.60;0.23;2.03;-2.01
20-06-2016;20:05:00;-1.85;5.25;-6.43;-15.92;-0.08;-0.33;1.08;1.09;-1.38;-0.06;-0.43;2.04;-2.33
21-06-2016;03:56:00;-0.26;5.55;-6.65;-17.99;-0.98;0.05;1.45;2.25;-0.98;0.76;0.12;2.39;-1.68
21-06-2016;11:54:00;-0.74;5.71;-6.75;-17.81;-1.50;-0.40;0.92;2.03;-1.49;1.08;-0.09;2.29;-1.83
21-06-2016;19:56:00;-0.37;5.51;-6.93;-17.84;-0.75;0.18;1.83;2.76;-1.02;0.51;0.53;2.79;-1.27
22-06-2016;03:59:00;-0.62;5.08;-6.68;-17.04;-0.57;0.08;1.51;2.47;-1.11;0.22;-0.06;2.66;-1.81
22-06-2016;12:01:00;-0.77;4.95;-6.53;-15.70;-0.19;-0.65;1.09;1.38;-2.31;1.79;-0.66;1.94;-2.38
22-06-2016;20:03:00;-2.66;4.78;-6.35;-16.29;0.62;-0.81;0.30;0.64;-2.43;-0.50;-0.86;1.76;-2.39
23-06-2016;04:05:00;-1.88;4.96;-6.57;-16.05;0.38;-0.75;0.36;0.94;-2.09;-0.40;-0.29;2.27;-1.90
23-06-2016;12:00:00;-1.03;4.88;-6.93;-17.06;-0.68;-1.06;0.08;0.49;-2.46;0.82;-0.62;1.89;-2.54
23-06-2016;19:54:00;-0.45;4.79;-6.79;-18.54;-0.82;0.15;1.81;2.19;-1.07;0.18;0.22;2.72;-1.75
24-06-2016;03:57:00;-1.12;4.58;-6.72;-17.29;-0.19;-0.28;1.41;1.75;-1.42;0.25;-0.55;2.17;-1.93
24-06-2016;11:59:00;-1.37;4.53;-6.65;-17.48;-0.88;-0.73;0.28;0.79;-2.16;0.34;-1.16;1.85;-2.57
24-06-2016;20:01:00;-1.92;4.73;-6.84;-16.67;-0.14;-0.17;0.22;1.66;-1.19;0.08;-1.06;1.94;-2.45
25-06-2016;04:04:00;-0.91;4.36;-6.63;-15.63;-0.66;-0.23;0.33;1.48;-1.19;0.52;-0.83;1.44;-2.00
25-06-2016;11:58:00;-0.76;4.46;-6.30;-16.60;-1.52;-0.02;0.55;1.45;-1.92;1.24;-0.88;1.55;-2.06
25-06-2016;19:53:00;-0.69;5.18;-6.97;-16.02;-0.89;0.09;0.55;1.94;-1.32;0.21;-0.45;2.01;-1.77
26-06-2016;03:52:00;-0.71;4.95;-6.54;-16.81;-0.81;0.17;0.44;1.98;-1.07;0.34;-0.49;2.13;-1.94
26-06-2016;11:57:00;-1.25;4.53;-6.51;-17.24;-0.96;0.00;0.27;1.57;-1.17;0.59;-0.53;2.28;-2.30
26-06-2016;20:00:00;-1.08;4.82;-6.65;-17.11;-0.80;-0.18;0.09;1.36;-1.24;0.09;-0.39;1.88;-2.25
27-06-2016;04:02:00;0.04;5.16;-7.09;-18.51;-1.11;0.09;0.84;1.64;-0.82;0.69;-0.47;2.06;-1.62
27-06-2016;12:04:00;0.62;4.81;-7.24;-18.83;-1.82;0.12;0.80;1.75;-0.88;1.18;-0.29;1.93;-1.65
27-06-2016;19:59:00;0.01;4.67;-7.13;-18.32;-1.18;0.10;0.50;1.69;-0.88;0.87;-0.22;1.92;-1.66
28-06-2016;03:53:00;0.29;4.19;-7.19;-17.89;-1.51;0.15;0.90;1.77;-0.77;0.87;0.01;2.09;-1.60
28-06-2016;11:56:00;1.01;4.60;-7.30;-18.11;-1.96;0.19;1.32;1.94;-0.99;1.32;-0.26;2.00;-1.75
28-06-2016;19:58:00;-0.13;4.14;-7.08;-17.39;-1.17;-0.00;1.03;1.72;-1.07;0.41;-0.54;1.96;-1.69
29-06-2016;04:00:00;-0.10;3.82;-6.95;-17.52;-1.58;-0.19;0.91;1.26;-1.16;1.22;-0.57;1.82;-1.95
29-06-2016;12:02:00;0.64;4.02;-7.18;-18.18;-2.06;-0.15;0.97;0.87;-1.59;1.16;-0.98;1.96;-2.25
29-06-2016;20:05:00;1.16;4.23;-7.34;-19.02;-2.03;0.42;1.96;1.55;-0.79;0.71;-0.04;2.33;-1.80
30-06-2016;03:59:00;0.79;4.14;-7.29;-18.67;-1.71;0.16;1.54;1.09;-1.08;0.65;-0.67;2.07;-1.99
30-06-2016;11:54:00;1.04;4.52;-7.53;-18.74;-2.17;0.25;1.15;1.30;-1.06;1.11;-0.80;2.24;-2.04
30-06-2016;19:56:00;1.27;4.46;-7.67;-18.03;-1.95;0.12;0.68;1.09;-1.08;0.72;-0.45;2.32;-1.87
01-07-2016;03:58:00;1.13;4.40;-7.71;-18.16;-1.63;0.01;0.34;1.15;-1.02;0.43;-0.49;2.05;-2.26
01-07-2016;12:01:00;1.31;4.51;-7.71;-18.96;-2.25;0.08;0.55;1.09;-1.04;0.95;-0.59;2.11;-2.41
01-07-2016;20:03:00;-0.25;4.45;-7.51;-17.01;-0.90;-0.63;-0.49;0.27;-1.83;-0.17;-1.04;1.78;-2.70
02-07-2016;04:05:00;-0.07;4.77;-7.74;-17.96;-0.68;-0.43;-0.08;0.44;-1.64;-0.18;-1.39;1.56;-2.70
02-07-2016;12:00:00;1.04;4.93;-8.20;-19.29;-2.63;0.15;1.00;0.89;-1.79;1.72;-1.72;1.34;-3.19
02-07-2016;19:54:00;0.42;4.20;-8.08;-18.60;-1.44;-0.15;0.94;0.40;-1.47;0.26;-1.24;1.72;-2.79
03-07-2016;03:57:00;0.75;3.79;-7.77;-18.59;-1.46;-0.24;1.03;0.54;-1.47;0.35;-1.02;1.88;-2.59
03-07-2016;11:59:00;0.55;3.67;-7.81;-20.00;-1.58;-0.41;0.55;0.34;-1.68;0.57;-1.11;1.98;-2.51
03-07-2016;20:01:00;0.72;3.85;-8.13;-20.22;-2.00;0.01;1.25;1.11;-1.10;0.65;-0.57;2.13;-2.18
04-07-2016;04:03:00;-0.53;3.92;-8.14;-18.81;-1.41;-0.33;0.96;0.71;-1.46;0.10;-0.97;1.75;-2.39
04-07-2016;11:58:00;0.05;3.69;-8.10;-19.44;-2.04;-0.60;0.86;0.11;-1.96;0.98;-1.30;1.65;-2.75
04-07-2016;19:53:00;-0.68;3.78;-8.50;-19.03;-0.97;-0.35;0.64;0.61;-1.50;0.41;-1.45;1.56;-2.69
05-07-2016;03:55:00;-1.02;3.43;-8.05;-18.80;-0.95;-0.47;0.38;0.32;-1.72;-0.00;-1.16;1.65;-2.37
05-07-2016;11:57:00;0.12;2.66;-7.87;-19.85;-2.00;0.00;1.44;0.38;-1.93;0.80;-1.14;1.81;-2.33
05-07-2016;19:59:00;-0.60;2.87;-7.86;-20.68;-2.24;0.05;1.41;0.56;-1.35;0.10;-0.62;2.10;-2.44
06-07-2016;04:02:00;-1.11;2.75;-7.73;-20.06;-2.18;-0.20;1.29;0.20;-1.47;0.03;-0.92;1.67;-2.50
06-07-2016;12:04:00;-0.18;2.74;-7.67;-20.84;-2.73;-0.10;1.69;0.36;-1.63;0.63;-0.91;1.70;-2.48
06-07-2016;19:59:00;-0.34;2.96;-7.96;-20.99;-2.29;-0.06;1.73;0.68;-1.19;0.53;-0.71;1.44;-2.62
07-07-2016;03:53:00;-0.04;2.82;-7.95;-21.48;-2.66;0.10;1.77;0.98;-1.11;0.75;-0.63;1.56;-2.82
07-07-2016;11:55:00;0.18;2.69;-7.64;-21.38;-2.83;-0.20;1.64;0.64;-1.53;0.52;-0.36;1.69;-2.45
07-07-2016;19:58:00;-0.56;2.96;-7.68;-22.10;-3.01;0.18;2.08;0.88;-1.17;0.73;-1.00;1.65;-2.99
08-07-2016;04:00:00;-2.84;2.98;-7.32;-21.03;-2.06;-0.61;1.65;-0.00;-1.92;0.22;-1.86;1.10;-3.20
08-07-2016;12:02:00;-1.12;2.30;-7.26;-20.97;-3.14;-0.59;1.71;-0.00;-2.27;0.76;-1.27;1.19;-2.96
08-07-2016;20:05:00;-2.14;2.84;-7.52;-21.05;-1.31;-0.42;1.46;0.23;-1.82;-0.51;-1.49;1.14;-3.21
09-07-2016;04:03:00;-2.02;2.80;-7.97;-20.90;-1.16;-0.75;1.15;-0.15;-2.05;-0.71;-2.24;0.65;-3.73
09-07-2016;11:54:00;-1.41;3.12;-8.10;-21.36;-2.13;-0.81;0.54;-0.25;-2.18;0.70;-2.06;0.85;-3.65
09-07-2016;19:56:00;-1.96;3.31;-8.31;-21.80;-1.28;-0.23;1.63;0.21;-1.50;-0.48;-1.85;0.65;-3.34
10-07-2016;03:58:00;-1.50;3.05;-7.77;-22.44;-1.80;-0.20;1.56;0.10;-1.62;0.31;-1.40;1.14;-3.00
10-07-2016;12:01:00;-1.21;2.86;-7.85;-21.67;-1.97;-0.68;1.33;-0.43;-2.20;0.09;-1.37;1.02;-3.12
10-07-2016;20:03:00;-1.92;2.73;-8.10;-21.83;-1.93;-0.46;1.40;-0.40;-1.78;0.16;-1.48;1.67;-3.58
11-07-2016;04:05:00;-3.12;2.70;-8.16;-20.54;-0.60;-0.77;0.66;-0.95;-1.99;-0.58;-2.21;1.33;-3.98
11-07-2016;12:00:00;-1.64;3.11;-7.90;-19.46;-1.40;-0.83;1.14;-0.91;-2.85;1.39;-2.42;1.20;-3.81
11-07-2016;19:54:00;-3.25;2.98;-8.45;-19.26;-0.67;-1.30;0.84;-0.75;-2.39;-0.82;-1.93;1.61;-3.37
12-07-2016;03:57:00;-3.12;3.22;-8.29;-19.66;-0.98;-0.60;0.92;-0.59;-1.95;-0.37;-1.94;1.78;-3.62
12-07-2016;11:59:00;-2.32;2.47;-8.85;-20.25;-1.83;-1.09;0.76;-1.05;-2.21;1.10;-2.27;1.24;-3.81
12-07-2016;20:01:00;-5.34;2.60;-8.89;-19.61;-1.13;-0.79;1.01;-0.58;-2.07;-0.35;-2.98;0.92;-3.99
13-07-2016;04:03:00;-3.99;2.15;-8.74;-19.51;-0.83;-0.69;1.26;-0.41;-1.91;-0.46;-1.51;1.91;-2.65
13-07-2016;12:06:00;-2.99;1.90;-8.81;-20.27;-2.16;-0.22;2.27;0.05;-2.27;0.59;-1.23;1.87;-2.61
13-07-2016;20:03:00;-4.59;2.42;-8.70;-19.79;-1.94;-0.39;1.32;0.07;-1.72;-0.67;-0.83;1.92;-2.63
14-07-2016;03:55:00;-5.15;2.47;-8.71;-19.75;-1.72;-0.60;1.17;0.05;-1.70;-0.37;-0.88;1.82;-2.40
14-07-2016;11:57:00;-3.26;2.33;-8.52;-20.50;-2.37;-0.52;1.99;0.11;-2.07;0.24;-0.37;2.06;-2.20
14-07-2016;19:59:00;-3.21;3.24;-8.84;-20.37;-2.48;-0.43;1.92;0.10;-1.90;-0.17;-0.67;1.73;-2.70
15-07-2016;04:01:00;-3.75;3.09;-8.80;-19.79;-2.17;-0.60;1.79;-0.11;-1.93;-0.32;-0.53;1.83;-2.57
15-07-2016;12:05:00;-3.16;3.18;-8.61;-20.42;-2.54;-0.59;1.85;0.13;-2.12;0.17;-0.71;2.03;-2.81
15-07-2016;19:58:00;-4.02;3.51;-9.08;-19.97;-2.20;-0.86;1.09;-0.51;-2.18;-0.51;-0.97;1.41;-3.37
16-07-2016;03:53:00;-3.70;3.75;-9.28;-21.14;-1.96;-0.95;0.57;-0.83;-2.19;-0.67;-1.87;1.56;-4.01
16-07-2016;11:55:00;-2.40;3.57;-9.43;-22.63;-2.84;-0.64;1.04;-0.28;-1.79;0.17;-1.44;1.91;-3.57
16-07-2016;19:57:00;-2.80;3.34;-9.43;-22.55;-2.57;-0.52;1.14;-0.02;-1.72;0.02;-1.29;2.11;-3.34
17-07-2016;04:00:00;-4.04;3.28;-9.47;-22.20;-1.91;-1.03;0.43;-0.99;-2.24;-0.40;-2.00;1.58;-3.77
17-07-2016;12:02:00;-4.05;3.26;-9.60;-21.60;-1.89;-1.19;0.29;-1.32;-2.48;-0.33;-1.98;1.56;-3.45
17-07-2016;20:10:00;-4.81;3.17;-9.55;-22.00;-1.23;-1.10;0.57;-1.06;-2.47;-1.08;-2.17;1.51;-3.60
18-07-2016;03:59:00;-5.99;2.54;-8.94;-21.46;-1.32;-1.26;0.52;-1.35;-2.80;-0.88;-2.46;1.60;-3.96
18-07-2016;12:03:00;-3.53;2.23;-8.94;-21.93;-2.36;-1.24;0.54;-1.21;-3.40;0.62;-2.35;1.49;-3.63
18-07-2016;19:56:00;-5.63;3.27;-9.25;-21.86;-1.65;-1.09;0.70;-0.76;-2.49;-0.94;-2.26;1.35;-3.66
19-07-2016;03:58:00;-5.43;3.45;-9.30;-21.75;-1.77;-1.19;0.56;-0.74;-2.63;-0.98;-2.26;1.39;-3.79
19-07-2016;12:00:00;-5.51;3.45;-9.37;-21.34;-1.85;-1.22;0.25;-1.73;-2.99;0.13;-3.09;0.70;-4.54
19-07-2016;20:03:00;-5.92;2.99;-9.44;-21.52;-1.43;-1.20;-0.02;-1.71;-2.31;-0.66;-2.77;0.91;-4.18
20-07-2016;04:05:00;-6.13;3.07;-9.17;-21.06;-1.36;-1.32;0.62;-1.66;-2.51;-1.05;-2.15;1.30;-3.98
20-07-2016;12:00:00;-6.68;2.33;-8.86;-19.55;-2.48;-0.63;0.73;-1.61;-3.15;-0.15;-3.37;0.94;-4.77
20-07-2016;19:54:00;-5.11;2.81;-9.50;-20.95;-1.57;-1.34;0.71;-1.25;-2.90;-1.32;-1.99;1.48;-3.71
21-07-2016;03:56:00;-5.36;3.21;-9.62;-21.46;-1.93;-1.14;0.69;-0.83;-2.36;-1.51;-2.27;1.28;-3.97
21-07-2016;11:59:00;-4.70;3.39;-9.65;-23.09;-2.59;-0.94;1.30;-0.70;-2.32;-0.42;-1.65;1.50;-3.65
21-07-2016;20:01:00;-5.11;3.57;-9.71;-23.21;-2.40;-0.82;1.10;-0.75;-2.16;-0.74;-1.82;1.22;-3.70
22-07-2016;04:03:00;-6.09;3.24;-9.48;-21.33;-1.84;-1.48;0.21;-1.51;-2.82;-1.41;-2.44;0.96;-4.16
22-07-2016;12:05:00;-6.39;3.13;-9.33;-20.39;-2.06;-2.58;-0.79;-2.81;-4.18;0.26;-2.94;0.41;-4.76
22-07-2016;20:00:00;-6.84;3.16;-9.39;-20.51;-1.16;-2.34;-1.10;-2.41;-3.38;-1.81;-2.92;0.51;-4.84
23-07-2016;03:54:00;-7.65;3.10;-9.53;-20.02;-1.16;-1.84;-1.06;-1.96;-2.79;-2.22;-3.28;0.58;-4.94
23-07-2016;11:57:00;-5.95;2.86;-9.21;-19.62;-2.04;-2.36;-1.02;-2.89;-4.10;-0.24;-3.51;0.21;-5.47
23-07-2016;19:59:00;-6.46;2.81;-9.86;-22.01;-2.03;-1.55;0.47;-1.40;-2.70;-1.47;-2.42;1.34;-4.74
24-07-2016;04:01:00;-6.66;2.46;-9.83;-21.86;-2.54;-1.52;0.54;-1.27;-2.78;-1.21;-3.06;1.18;-4.87
24-07-2016;12:04:00;-6.69;2.58;-9.38;-20.86;-2.83;-2.37;-0.67;-2.64;-4.16;-0.06;-3.98;-0.01;-6.00
24-07-2016;19:59:00;-7.03;2.96;-9.96;-22.07;-1.90;-1.70;0.38;-1.18;-2.87;-1.84;-2.91;0.77;-5.67
25-07-2016;03:53:00;-7.92;2.84;-9.94;-20.33;-0.88;-2.48;-0.43;-2.33;-3.66;-2.72;-3.40;0.36;-6.09
25-07-2016;11:55:00;-7.48;2.56;-9.63;-19.66;-1.08;-2.99;-1.03;-2.99;-4.36;-2.13;-3.51;0.36;-6.29
25-07-2016;19:57:00;-6.24;3.06;-10.38;-21.85;-1.98;-1.68;0.96;-1.46;-2.89;-1.36;-2.84;0.46;-5.61
26-07-2016;03:59:00;-7.53;3.23;-10.29;-21.75;0.09;-2.47;-0.43;-2.85;-3.69;-1.97;-3.41;0.71;-5.73
26-07-2016;12:02:00;-6.29;2.92;-10.51;-21.77;-1.13;-2.50;-0.06;-3.22;-3.81;-1.13;-2.87;0.79;-5.13
26-07-2016;20:04:00;-5.91;2.84;-10.51;-22.66;-1.27;-1.88;0.54;-2.25;-3.05;-1.62;-2.15;1.23;-4.67
27-07-2016;03:59:00;-5.88;2.82;-10.21;-22.42;-1.10;-2.16;0.65;-2.28;-3.27;-1.57;-2.48;1.36;-5.06
27-07-2016;11:53:00;-6.61;2.69;-10.28;-21.23;-1.16;-2.54;0.46;-2.67;-3.76;-1.38;-3.00;0.98;-5.23
27-07-2016;19:55:00;-7.32;2.45;-10.22;-20.48;-0.25;-2.36;-0.17;-3.19;-3.75;-2.48;-3.12;0.96;-5.08
28-07-2016;03:58:00;-5.30;3.07;-11.01;-21.93;-1.54;-1.59;0.71;-1.71;-2.86;-1.20;-2.33;1.11;-4.48
28-07-2016;11:57:00;-4.85;3.21;-11.04;-22.75;-2.15;-1.36;0.97;-1.34;-2.54;-1.02;-2.14;1.40;-4.38
28-07-2016;19:54:00;-5.93;3.07;-10.96;-21.07;-1.25;-1.67;1.43;-1.65;-3.00;-1.87;-2.63;0.70;-4.91
29-07-2016;03:56:00;-5.90;3.02;-10.52;-21.45;-1.22;-2.01;0.11;-1.87;-3.21;-1.83;-2.22;1.20;-4.58
29-07-2016;11:59:00;-6.31;2.24;-9.79;-19.46;-0.56;-2.59;-0.29;-2.90;-4.45;-1.59;-3.28;0.65;-5.08
29-07-2016;20:01:00;-7.77;2.36;-10.29;-20.44;-0.13;-2.28;0.32;-2.53;-3.51;-2.66;-3.53;0.95;-5.24
30-07-2016;04:03:00;-6.75;2.48;-10.37;-20.77;-0.71;-2.24;0.77;-2.26;-3.34;-2.42;-3.58;1.08;-4.84
30-07-2016;11:58:00;-5.44;2.48;-10.35;-23.13;-2.24;-1.89;1.60;-1.86;-3.28;-1.17;-3.38;1.05;-4.60
30-07-2016;19:53:00;-5.36;2.71;-10.64;-23.07;-1.84;-1.75;2.06;-1.49;-2.76;-1.49;-3.09;1.41;-4.46
31-07-2016;03:55:00;-6.22;2.61;-10.66;-21.70;-0.99;-2.29;1.22;-2.26;-3.41;-2.02;-3.57;1.04;-4.72
31-07-2016;11:57:00;-5.65;2.56;-10.75;-23.04;-2.05;-2.11;1.56;-1.86;-3.29;-1.19;-3.50;0.99;-4.82
31-07-2016;19:59:00;-5.09;2.69;-10.70;-23.26;-1.86;-1.62;1.84;-1.61;-2.80;-1.20;-2.74;1.26;-4.15
01-08-2016;04:03:00;-5.52;2.58;-10.69;-22.72;-1.84;-2.02;1.36;-2.06;-3.11;-1.47;-3.10;0.97;-4.50
01-08-2016;12:04:00;-6.01;2.50;-10.51;-22.68;-2.12;-2.25;1.58;-2.20;-3.50;-0.79;-3.45;1.00;-4.73
01-08-2016;19:59:00;-5.31;2.53;-11.03;-23.26;-1.97;-1.70;1.89;-1.39;-2.85;-1.27;-3.15;1.07;-4.35
02-08-2016;04:00:00;-5.95;2.50;-10.79;-22.29;-1.44;-2.02;1.40;-1.79;-3.14;-1.78;-3.59;0.93;-4.66
02-08-2016;11:55:00;-5.66;2.59;-10.98;-23.19;-2.02;-1.92;2.07;-1.67;-3.20;-1.17;-3.65;0.84;-4.70
02-08-2016;19:58:00;-8.62;2.47;-10.41;-20.61;-0.33;-2.47;1.39;-2.24;-3.72;-2.29;-4.49;0.12;-5.01
03-08-2016;04:00:00;-7.85;2.43;-10.53;-21.71;-0.72;-1.81;2.22;-1.77;-3.37;-2.08;-4.31;0.29;-4.93
03-08-2016;12:02:00;-6.24;2.36;-10.51;-19.43;-1.83;-1.99;2.17;-2.41;-4.51;-0.52;-5.23;-0.77;-5.62
03-08-2016;20:05:00;-6.71;2.29;-10.68;-21.87;-1.50;-2.12;2.54;-1.82;-3.49;-1.58;-4.11;0.61;-4.98
04-08-2016;03:59:00;-7.19;2.20;-10.65;-21.31;-1.32;-2.20;2.22;-2.36;-3.54;-1.85;-4.23;0.45;-5.13
04-08-2016;11:54:00;-7.08;1.99;-10.19;-21.11;-2.29;-2.19;1.99;-2.07;-3.90;-0.24;-4.53;0.72;-4.96
04-08-2016;19:56:00;-7.36;1.88;-10.96;-21.00;-1.30;-1.73;2.04;-1.73;-3.06;-2.03;-3.94;0.87;-4.87
05-08-2016;03:54:00;-7.86;2.29;-10.97;-20.30;-0.85;-1.96;2.73;-1.85;-3.26;-1.79;-4.18;0.58;-4.98
05-08-2016;12:01:00;-7.00;2.24;-10.47;-20.29;-1.25;-2.59;1.61;-2.70;-4.27;-0.03;-5.09;0.24;-5.77
05-08-2016;20:03:00;-8.16;2.16;-10.83;-19.07;-0.33;-2.78;0.99;-2.75;-4.17;-1.39;-4.63;0.28;-5.39
06-08-2016;04:05:00;-7.83;2.25;-10.50;-19.85;-0.38;-2.38;1.56;-2.36;-3.39;-2.36;-4.20;0.28;-5.30
06-08-2016;12:00:00;-5.58;2.61;-10.62;-19.44;-1.76;-1.75;2.69;-1.43;-3.50;-0.76;-4.29;-0.02;-5.38
06-08-2016;19:54:00;-6.96;2.64;-10.55;-21.25;-0.99;-2.02;2.16;-1.17;-3.15;-1.88;-3.61;0.49;-4.88
07-08-2016;03:57:00;-7.20;2.37;-10.79;-21.00;-0.79;-2.52;1.74;-1.61;-3.51;-2.53;-4.02;0.19;-5.13
07-08-2016;11:59:00;-6.04;2.08;-10.76;-21.25;-1.78;-2.39;2.37;-1.81;-3.73;-1.32;-4.17;0.17;-5.23
07-08-2016;20:01:00;-6.22;2.46;-10.90;-22.05;-1.73;-1.99;2.65;-1.08;-3.10;-1.69;-3.62;0.55;-4.55
08-08-2016;04:03:00;-6.78;2.44;-10.97;-21.63;-1.01;-2.24;2.45;-1.56;-3.46;-1.96;-4.53;0.01;-5.21
08-08-2016;11:58:00;-6.36;2.37;-10.93;-22.15;-1.66;-2.14;2.75;-1.53;-3.23;-1.38;-4.74;-0.10;-5.39
08-08-2016;19:53:00;-5.34;2.15;-11.05;-23.29;-1.91;-1.63;3.47;-1.03;-2.76;-1.19;-3.79;0.71;-4.71
09-08-2016;03:55:00;-6.25;2.15;-10.91;-22.73;-0.97;-2.40;2.35;-2.07;-3.66;-1.59;-4.66;0.08;-5.19
09-08-2016;11:57:00;-7.02;1.72;-10.26;-21.93;-1.50;-2.20;2.28;-2.35;-3.88;-1.42;-5.34;0.07;-5.58
09-08-2016;19:59:00;-6.63;2.18;-10.45;-22.36;-1.17;-1.99;2.79;-1.98;-3.34;-1.79;-4.87;0.25;-5.40
10-08-2016;04:02:00;-5.59;2.05;-10.35;-23.61;-2.24;-1.79;4.08;-1.53;-3.03;-1.20;-4.36;0.63;-5.25
10-08-2016;12:04:00;-6.10;1.81;-10.23;-24.03;-2.15;-1.72;4.61;-1.61;-3.24;-0.92;-4.96;0.03;-5.89
10-08-2016;19:59:00;-6.52;2.13;-10.27;-24.84;-2.27;-1.74;4.55;-1.39;-2.89;-0.95;-4.66;0.03;-5.89
11-08-2016;03:53:00;-7.57;2.16;-10.39;-23.64;-2.21;-2.29;4.18;-2.08;-3.34;-1.13;-5.39;-0.50;-6.43
11-08-2016;11:55:00;-6.50;1.67;-9.79;-24.41;-2.47;-2.00;4.60;-1.59;-3.22;-1.10;-4.99;0.04;-5.98
11-08-2016;19:58:00;-7.05;1.94;-9.90;-23.23;-1.94;-1.94;5.00;-1.76;-3.13;-1.83;-4.82;0.04;-6.04
12-08-2016;04:00:00;-7.24;1.73;-10.04;-22.83;-2.00;-2.13;4.63;-2.00;-3.28;-1.91;-4.74;-0.11;-6.14
12-08-2016;12:02:00;-6.56;1.33;-10.12;-23.73;-2.19;-2.05;3.38;-2.70;-3.32;-1.42;-4.53;-0.17;-5.82
12-08-2016;20:05:00;-7.06;1.49;-10.73;-23.42;-1.13;-2.31;2.85;-2.98;-3.20;-2.02;-4.54;-0.32;-5.67
13-08-2016;03:59:00;-6.83;1.74;-10.76;-23.20;-1.17;-2.31;3.10;-2.89;-3.28;-2.05;-4.55;-0.10;-5.85
13-08-2016;11:54:00;-7.69;1.97;-11.12;-22.05;-0.41;-2.82;2.67;-3.53;-4.28;-1.76;-5.87;-1.24;-7.22
13-08-2016;20:03:00;-8.63;1.89;-10.87;-21.70;-0.00;-2.95;2.76;-3.56;-4.09;-2.84;-5.70;-1.06;-6.94
14-08-2016;03:58:00;-9.26;1.79;-10.59;-22.07;-0.05;-2.50;3.07;-3.13;-3.69;-3.03;-5.20;-0.67;-6.49
14-08-2016;12:01:00;-6.56;1.71;-10.06;-23.33;-1.33;-2.12;3.74;-3.15;-4.07;-1.06;-4.94;-0.66;-6.47
14-08-2016;20:03:00;-9.74;2.36;-10.26;-23.18;-0.60;-2.15;3.89;-2.50;-3.34;-2.15;-5.10;-0.36;-6.33
15-08-2016;04:06:00;-8.76;2.31;-10.26;-23.10;-0.34;-2.18;4.13;-2.63;-3.39;-2.08;-4.54;0.14;-5.86
15-08-2016;12:00:00;-7.75;1.28;-9.91;-23.37;-0.67;-1.98;4.34;-2.58;-3.82;-2.22;-4.20;0.52;-5.63
15-08-2016;19:55:00;-7.35;2.19;-10.81;-22.73;-0.61;-2.23;4.06;-2.46;-3.42;-2.19;-4.26;0.01;-5.90
16-08-2016;03:57:00;-8.29;2.25;-10.74;-21.60;0.29;-2.68;3.48;-3.15;-3.97;-2.87;-4.90;-0.34;-6.17
16-08-2016;11:59:00;-7.33;2.37;-10.97;-22.56;-1.63;-2.22;4.33;-2.70;-4.05;-0.30;-4.72;-0.05;-6.25
16-08-2016;20:01:00;-9.61;2.16;-10.96;-21.77;-0.39;-2.54;3.65;-3.27;-3.96;-2.99;-4.58;-0.15;-6.09
17-08-2016;04:04:00;-9.73;2.04;-10.78;-21.41;0.26;-2.99;3.20;-3.70;-4.16;-3.20;-4.88;-0.32;-6.25
17-08-2016;11:58:00;-8.24;2.11;-10.42;-22.64;-1.54;-2.74;4.16;-3.25;-4.43;0.25;-4.83;-0.03;-5.91
17-08-2016;19:53:00;-8.50;2.17;-10.82;-21.27;0.31;-2.89;3.30;-3.83;-4.32;-2.58;-4.94;-0.37;-6.04
18-08-2016;03:55:00;-8.41;2.74;-11.43;-23.01;0.33;-2.68;3.83;-3.43;-4.16;-3.89;-5.03;-0.74;-6.22
18-08-2016;11:57:00;-6.73;2.54;-11.37;-22.46;-0.63;-3.29;3.52;-3.90;-5.05;-1.23;-6.07;-1.33;-6.92
18-08-2016;20:00:00;-8.99;2.57;-10.81;-22.66;-0.03;-2.82;4.28;-3.39;-3.92;-3.20;-4.91;-0.09;-5.83
19-08-2016;04:02:00;-8.98;2.37;-10.95;-22.54;0.53;-2.77;4.45;-3.63;-4.10;-3.13;-5.18;-0.73;-5.74
19-08-2016;12:04:00;-7.12;2.15;-10.82;-23.66;-1.03;-2.75;4.41;-3.58;-4.60;-1.02;-5.40;-0.35;-5.92
19-08-2016;19:59:00;-7.59;2.50;-11.21;-22.59;-0.20;-2.70;4.77;-3.12;-4.01;-2.60;-5.27;-0.48;-5.73
20-08-2016;03:53:00;-7.77;2.48;-11.13;-22.28;0.41;-2.83;4.42;-3.42;-4.07;-3.94;-5.91;-0.94;-6.08
20-08-2016;11:56:00;-6.59;2.47;-11.38;-23.37;-0.52;-2.87;5.05;-3.29;-4.31;-2.98;-5.71;-1.07;-6.01
20-08-2016;19:58:00;-6.66;2.52;-11.08;-23.49;-0.60;-2.45;5.58;-2.78;-3.78;-2.83;-5.77;-1.17;-5.99
21-08-2016;04:00:00;-7.54;2.55;-11.34;-22.79;0.06;-2.71;4.43;-3.27;-3.96;-3.42;-5.90;-1.32;-6.19
21-08-2016;12:03:00;-7.49;2.16;-11.47;-22.33;-0.05;-3.83;3.34;-4.44;-5.17;-2.67;-6.21;-1.88;-6.66
21-08-2016;20:05:00;-7.95;2.44;-11.61;-23.79;-0.16;-2.56;5.12;-3.11;-3.90;-3.32;-5.46;-0.95;-6.04
22-08-2016;04:00:00;-7.27;2.44;-11.48;-23.92;-0.33;-2.46;5.49;-3.16;-3.73;-3.30;-5.63;-1.11;-6.14
22-08-2016;11:54:00;-7.37;2.44;-11.43;-24.01;-0.88;-3.26;4.64;-4.04;-4.54;-2.59;-5.94;-1.63;-6.53
22-08-2016;19:56:00;-8.00;2.58;-11.48;-22.63;-0.01;-2.91;4.96;-4.16;-4.33;-3.74;-6.34;-1.94;-6.74
23-08-2016;03:59:00;-7.53;2.94;-11.81;-23.36;-0.67;-2.51;5.42;-3.77;-3.85;-3.07;-5.89;-1.69;-6.40
23-08-2016;12:01:00;-7.04;2.53;-11.76;-22.99;-1.30;-2.54;5.49;-4.11;-4.60;-1.86;-6.54;-2.17;-6.84
23-08-2016;20:03:00;-8.63;2.53;-11.71;-22.20;-0.08;-2.94;5.03;-4.38;-4.44;-4.06;-6.46;-2.08;-6.82
24-08-2016;03:58:00;-8.99;2.50;-11.27;-21.81;0.08;-3.11;4.49;-4.63;-4.48;-3.85;-6.59;-2.07;-6.67
24-08-2016;11:52:00;-9.00;2.40;-11.69;-23.13;0.72;-3.24;3.77;-5.10;-4.82;-3.68;-7.09;-2.78;-6.73
24-08-2016;19:55:00;-9.60;1.92;-12.31;-22.71;0.26;-3.05;3.56;-4.54;-4.00;-3.81;-6.68;-2.68;-6.22
25-08-2016;04:01:00;-8.87;2.03;-12.29;-23.38;0.08;-2.78;3.94;-4.01;-3.87;-3.59;-6.21;-2.29;-5.92
25-08-2016;12:00:00;-7.68;2.04;-12.25;-24.16;-1.18;-2.82;4.46;-3.90;-3.96;-2.27;-6.29;-2.04;-5.59
25-08-2016;20:02:00;-9.66;2.27;-12.39;-21.96;0.21;-3.10;4.28;-4.24;-4.14;-3.93;-6.89;-2.22;-5.83
26-08-2016;04:04:00;-9.55;2.10;-12.55;-21.90;0.01;-3.13;3.53;-4.37;-4.24;-4.11;-7.41;-2.67;-6.19
26-08-2016;11:59:00;-8.14;1.91;-12.79;-23.29;-1.40;-3.09;3.91;-4.37;-3.95;-3.07;-5.82;-1.58;-4.91
26-08-2016;19:53:00;-6.66;2.26;-13.18;-25.16;-2.22;-2.66;4.40;-3.40;-3.67;-2.63;-5.40;-1.43;-4.87
27-08-2016;03:55:00;-7.09;2.39;-13.25;-25.15;-1.63;-2.74;4.36;-3.80;-3.81;-2.73;-5.74;-1.92;-5.42
27-08-2016;11:58:00;-8.82;2.31;-13.01;-23.29;-1.71;-3.86;3.69;-4.78;-5.01;-2.61;-6.94;-2.39;-6.40
27-08-2016;20:00:00;-10.42;2.71;-13.21;-22.46;-1.71;-3.54;3.91;-3.94;-4.30;-4.09;-6.60;-2.17;-6.17
28-08-2016;04:03:00;-9.21;2.88;-13.62;-24.89;-1.75;-2.53;5.34;-2.95;-4.03;-3.28;-6.67;-2.44;-6.31
28-08-2016;12:05:00;-9.07;2.03;-13.50;-26.29;-1.04;-3.59;4.21;-4.26;-5.92;-2.72;-8.63;-4.20;-8.02
28-08-2016;19:59:00;-9.04;2.84;-13.99;-27.83;-0.87;-2.93;5.01;-3.37;-4.79;-4.07;-7.82;-3.48;-7.40
29-08-2016;03:57:00;-8.68;3.50;-14.55;-26.92;-0.51;-2.36;4.89;-3.26;-4.64;-3.59;-8.34;-3.99;-8.02
29-08-2016;12:01:00;-8.17;3.09;-14.22;-26.95;-2.05;-2.17;5.67;-3.33;-5.34;-2.30;-8.50;-3.96;-7.71
29-08-2016;20:03:00;-7.84;3.84;-15.43;-28.75;-1.93;-2.06;5.92;-2.77;-4.48;-2.87;-8.16;-3.97;-7.85
30-08-2016;03:58:00;-7.66;3.83;-15.37;-28.44;-2.16;-2.09;5.41;-2.60;-4.38;-2.85;-8.08;-3.70;-7.88
30-08-2016;11:52:00;-7.59;3.84;-15.30;-28.78;-2.31;-2.30;5.31;-3.25;-4.59;-2.43;-8.16;-3.49;-7.85
30-08-2016;19:55:00;-6.83;3.87;-15.46;-29.92;-2.76;-1.70;6.73;-2.50;-4.00;-2.19;-8.11;-3.21;-7.65
31-08-2016;03:57:00;-7.67;3.85;-15.38;-29.03;-2.17;-1.95;6.33;-2.63;-4.36;-2.96;-8.51;-3.50;-8.00
31-08-2016;11:59:00;-7.10;3.77;-15.31;-29.84;-3.23;-1.99;6.35;-2.59;-4.33;-2.10;-8.36;-3.60;-7.76
31-08-2016;20:02:00;-7.30;3.86;-15.36;-29.75;-2.75;-1.99;5.61;-3.37;-4.35;-2.53;-8.25;-3.56;-7.67
01-09-2016;04:04:00;-6.96;3.67;-15.39;-29.89;-2.61;-1.83;5.84;-2.80;-4.14;-2.42;-7.77;-3.10;-7.37
01-09-2016;11:54:00;-6.37;3.88;-15.51;-30.20;-2.92;-1.78;6.26;-2.75;-4.09;-2.18;-7.95;-2.90;-7.45
01-09-2016;19:53:00;-6.74;3.78;-15.61;-30.17;-3.08;-1.72;6.78;-2.71;-4.04;-2.39;-8.18;-3.06;-7.69
02-09-2016;03:55:00;-7.81;3.84;-15.68;-29.46;-2.91;-2.10;6.54;-3.03;-4.48;-2.39;-9.10;-3.57;-8.48
02-09-2016;11:58:00;-7.76;3.66;-15.38;-28.99;-3.37;-2.80;5.80;-3.70;-5.20;-2.02;-9.36;-3.96;-8.66
02-09-2016;20:00:00;-9.15;3.59;-15.48;-27.22;-2.12;-2.85;4.76;-3.82;-5.07;-3.14;-9.75;-4.19;-9.11
03-09-2016;04:03:00;-7.85;3.85;-15.66;-28.86;-2.90;-2.37;4.85;-3.65;-4.76;-2.97;-9.05;-3.67;-8.60
03-09-2016;12:05:00;-6.73;3.60;-16.01;-30.19;-3.43;-2.06;6.21;-3.12;-4.33;-2.32;-9.40;-3.81;-8.56
03-09-2016;19:59:00;-8.75;3.56;-15.80;-29.01;-3.37;-2.23;6.09;-3.19;-4.61;-3.57;-9.89;-4.13;-9.19
04-09-2016;03:54:00;-9.15;3.80;-15.96;-28.87;-3.17;-2.02;6.60;-3.07;-4.39;-3.55;-10.16;-4.47;-9.41
04-09-2016;11:56:00;-7.39;3.41;-15.76;-29.85;-4.62;-1.50;7.64;-2.55;-4.41;-2.10;-9.34;-3.61;-8.50
04-09-2016;19:59:00;-7.29;3.35;-15.48;-28.74;-3.38;-2.16;6.94;-3.05;-4.68;-3.59;-9.49;-3.86;-8.68
05-09-2016;04:01:00;-8.68;3.34;-15.52;-27.76;-2.93;-2.54;6.29;-3.54;-4.98;-4.05;-10.19;-4.43;-9.15
05-09-2016;12:03:00;-7.28;3.11;-15.46;-28.89;-3.17;-2.84;6.02;-3.84;-5.23;-3.17;-9.71;-4.32;-8.96
05-09-2016;19:58:00;-6.63;3.27;-15.47;-30.15;-4.25;-2.12;6.84;-3.09;-4.53;-2.84;-9.65;-4.05;-8.76
06-09-2016;03:52:00;-6.44;3.33;-15.67;-30.36;-4.17;-1.97;7.04;-3.09;-4.42;-2.82;-9.72;-4.05;-8.89
06-09-2016;11:55:00;-6.61;3.34;-15.79;-30.45;-4.13;-1.96;6.91;-3.26;-4.36;-2.55;-9.88;-4.06;-8.98
06-09-2016;19:57:00;-6.72;3.34;-15.48;-30.52;-4.31;-1.97;7.34;-3.12;-4.40;-2.80;-9.87;-3.95;-9.13
07-09-2016;03:59:00;-6.93;3.45;-15.43;-30.35;-4.32;-1.82;7.54;-3.34;-4.33;-2.86;-10.16;-4.06;-9.30
07-09-2016;12:02:00;-7.20;3.50;-15.52;-30.81;-4.66;-1.87;7.43;-3.74;-4.38;-2.78;-10.10;-4.21;-9.11
07-09-2016;20:02:00;-7.66;3.42;-15.28;-30.06;-4.36;-2.04;7.31;-3.82;-4.57;-2.88;-9.92;-4.47;-9.13
08-09-2016;03:59:00;-7.75;3.36;-15.14;-29.61;-4.51;-2.02;7.63;-3.83;-4.56;-3.05;-9.54;-4.22;-8.90
08-09-2016;11:53:00;-8.27;3.28;-14.86;-30.06;-4.61;-2.18;7.18;-4.09;-5.06;-2.57;-9.59;-4.14;-8.63
08-09-2016;19:55:00;-8.23;3.52;-15.31;-29.42;-3.80;-2.52;7.80;-4.40;-4.95;-3.07;-10.13;-4.73;-9.17
09-09-2016;03:58:00;-7.23;3.49;-15.42;-30.41;-4.77;-2.02;8.44;-3.79;-4.48;-2.37;-9.94;-4.43;-8.60
09-09-2016;12:00:00;-7.08;3.53;-15.52;-29.82;-4.51;-2.32;7.41;-3.81;-4.81;-2.49;-10.07;-4.93;-8.73
09-09-2016;20:02:00;-8.37;3.23;-15.34;-28.39;-3.72;-2.60;7.36;-4.30;-5.03;-3.62;-10.21;-5.02;-9.36
10-09-2016;04:05:00;-7.68;3.41;-15.53;-30.10;-4.77;-2.09;8.09;-3.74;-4.49;-2.71;-9.92;-4.80;-9.14
10-09-2016;11:59:00;-8.66;3.72;-15.29;-29.27;-3.93;-2.72;7.03;-4.77;-5.49;-2.70;-10.28;-4.97;-9.32
10-09-2016;20:00:00;-9.99;3.74;-15.17;-29.06;-3.83;-2.41;6.93;-4.47;-4.94;-3.45;-10.10;-4.62;-9.00
11-09-2016;03:56:00;-9.71;3.36;-15.47;-29.71;-3.05;-2.44;6.45;-5.08;-4.80;-3.40;-9.42;-4.52;-8.87
11-09-2016;11:58:00;-7.46;3.77;-15.72;-31.05;-4.87;-2.01;7.35;-4.22;-4.43;-2.42;-9.26;-4.14;-8.35
11-09-2016;20:01:00;-7.82;3.65;-15.61;-30.30;-4.99;-2.07;7.17;-4.07;-4.44;-2.82;-9.54;-4.25;-8.76
12-09-2016;04:03:00;-8.23;3.40;-15.22;-29.63;-4.12;-2.24;6.79;-4.57;-4.79;-3.50;-9.61;-4.16;-8.72
12-09-2016;12:05:00;-8.34;3.05;-15.38;-28.84;-4.25;-3.37;5.62;-5.81;-5.80;-2.97;-10.68;-4.89;-9.53
12-09-2016;20:00:00;-7.46;3.15;-15.40;-30.40;-4.48;-2.46;6.70;-4.61;-4.85;-3.10;-9.86;-4.35;-8.97
13-09-2016;03:54:00;-8.49;3.04;-15.31;-29.36;-3.73;-2.76;6.30;-5.03;-5.06;-3.87;-10.31;-4.58;-9.22
13-09-2016;11:57:00;-8.32;2.92;-15.24;-29.82;-5.30;-3.19;5.70;-5.68;-5.80;-1.59;-10.91;-5.28;-9.80
13-09-2016;19:59:00;-8.87;2.98;-15.21;-29.18;-3.74;-2.89;6.12;-4.99;-5.37;-4.00;-10.74;-4.58;-9.34
14-09-2016;04:01:00;-8.92;2.81;-15.21;-29.35;-3.75;-2.95;6.28;-4.90;-5.33;-3.86;-10.57;-4.62;-9.16
14-09-2016;12:04:00;-8.22;2.73;-15.32;-30.51;-5.30;-3.00;5.93;-5.59;-5.55;-2.95;-10.02;-4.76;-8.94
14-09-2016;19:55:00;-9.27;3.14;-15.93;-30.84;-4.87;-2.47;6.07;-5.16;-4.84;-3.45;-9.74;-5.00;-8.21
15-09-2016;03:52:00;-10.33;2.91;-15.65;-28.56;-3.34;-3.13;5.29;-5.76;-5.68;-4.55;-10.68;-5.32;-8.36
15-09-2016;11:55:00;-10.58;2.62;-15.46;-26.79;-3.01;-3.44;4.39;-6.21;-6.57;-3.21;-11.24;-5.47;-8.97
15-09-2016;19:57:00;-10.18;2.78;-15.93;-28.55;-2.60;-3.30;4.75;-5.69;-5.62;-5.47;-10.83;-5.14;-8.73
16-09-2016;04:00:00;-10.08;2.42;-15.44;-28.01;-2.76;-3.76;4.12;-6.45;-6.12;-4.96;-11.29;-5.46;-9.12
16-09-2016;12:02:00;-8.97;2.42;-15.52;-29.42;-3.62;-3.78;4.23;-6.10;-6.44;-4.22;-11.31;-5.85;-9.13
16-09-2016;20:04:00;-8.54;2.97;-16.12;-30.20;-3.73;-2.97;5.17;-5.15;-5.38;-4.80;-10.52;-5.89;-8.81
17-09-2016;04:06:00;-7.85;3.01;-16.29;-30.94;-4.34;-2.94;5.40;-4.93;-5.31;-3.92;-10.46;-5.78;-8.50
17-09-2016;11:53:00;-8.88;1.96;-15.29;-28.95;-4.34;-4.23;4.06;-6.90;-7.34;-2.53;-11.49;-6.93;-9.61
17-09-2016;20:03:00;-9.05;2.60;-15.83;-28.62;-2.72;-3.93;4.13;-6.19;-6.42;-5.72;-10.99;-6.70;-9.27
18-09-2016;03:58:00;-7.72;2.85;-16.14;-29.81;-3.37;-3.54;4.59;-5.72;-5.81;-4.43;-10.35;-6.31;-8.99
18-09-2016;12:00:00;-6.82;2.84;-16.61;-29.95;-4.16;-3.43;4.62;-6.21;-6.39;-2.95;-11.16;-7.16;-9.54
18-09-2016;20:02:00;-8.00;3.01;-16.45;-29.68;-2.87;-3.62;4.57;-5.96;-6.14;-4.52;-10.74;-6.83;-9.28
19-09-2016;04:05:00;-8.96;2.90;-16.63;-29.45;-2.82;-3.97;4.36;-6.36;-6.17;-4.54;-11.15;-7.14;-9.43
19-09-2016;11:59:00;-8.53;2.80;-16.32;-30.33;-3.96;-3.62;5.19;-6.07;-6.35;-3.19;-10.53;-6.66;-8.96
19-09-2016;19:54:00;-8.05;3.42;-16.51;-31.38;-3.92;-3.02;5.77;-5.26;-5.28;-3.88;-10.17;-6.54;-8.68
20-09-2016;03:55:00;-7.81;3.26;-16.37;-30.86;-3.62;-3.11;5.57;-5.41;-5.33;-4.04;-10.12;-6.70;-8.95
20-09-2016;11:58:00;-8.62;2.82;-16.38;-29.44;-3.00;-3.91;5.13;-6.55;-7.06;-4.04;-11.86;-7.89;-10.50
20-09-2016;20:01:00;-10.12;2.78;-16.36;-30.51;-3.66;-3.49;5.69;-5.82;-5.82;-4.44;-11.20;-7.03;-9.65
21-09-2016;04:03:00;-10.76;2.32;-16.32;-29.40;-3.29;-4.25;4.60;-6.70;-6.60;-5.26;-11.61;-7.42;-9.91
21-09-2016;12:05:00;-10.50;2.00;-16.26;-28.28;-3.36;-5.12;4.01;-7.75;-7.74;-5.29;-11.91;-7.79;-10.02
21-09-2016;20:00:00;-10.26;2.32;-16.67;-29.41;-3.14;-4.37;4.53;-6.74;-6.78;-5.35;-11.39;-7.53;-9.85
22-09-2016;03:54:00;-9.62;2.28;-16.69;-29.68;-3.75;-4.16;4.57;-6.49;-6.57;-5.33;-11.22;-7.65;-9.96
22-09-2016;11:57:00;-10.04;1.71;-16.05;-28.44;-3.18;-5.02;3.55;-7.89;-7.97;-4.76;-12.31;-8.32;-11.01
22-09-2016;19:59:00;-8.75;1.90;-16.66;-29.43;-3.81;-4.23;4.53;-6.45;-6.70;-5.22;-11.42;-7.43;-9.98
23-09-2016;04:01:00;-8.48;1.99;-16.72;-29.95;-3.91;-4.19;4.47;-6.36;-6.51;-4.91;-11.20;-7.48;-9.92
23-09-2016;12:04:00;-7.62;2.47;-17.08;-31.20;-4.85;-3.86;5.06;-5.95;-6.34;-4.31;-11.04;-7.49;-9.60
23-09-2016;19:58:00;-7.45;2.63;-17.36;-31.61;-4.82;-3.68;5.28;-5.71;-6.08;-4.25;-11.01;-7.38;-9.86
24-09-2016;03:53:00;-7.66;2.40;-17.34;-31.12;-4.49;-3.82;5.05;-5.77;-6.21;-4.80;-11.17;-7.41;-9.95
24-09-2016;11:50:00;-8.16;1.95;-17.17;-30.24;-4.04;-4.68;4.04;-6.96;-7.28;-4.72;-11.75;-7.80;-10.32
24-09-2016;19:58:00;-8.49;2.22;-16.95;-30.11;-4.01;-4.34;4.41;-6.79;-6.99;-5.22;-11.61;-7.64;-10.05
25-09-2016;04:00:00;-8.11;2.26;-17.23;-31.08;-4.27;-3.97;5.18;-6.44;-6.48;-4.97;-11.36;-7.61;-9.86
25-09-2016;12:02:00;-7.88;2.32;-17.31;-31.63;-4.99;-3.86;5.65;-6.53;-6.41;-4.53;-11.37;-7.63;-9.83
25-09-2016;20:04:00;-7.00;2.27;-17.30;-31.62;-5.09;-3.68;5.92;-6.37;-6.31;-5.07;-11.29;-7.30;-9.48
26-09-2016;03:59:00;-7.13;2.55;-17.42;-30.65;-4.37;-4.10;5.36;-6.33;-6.71;-5.06;-11.76;-8.09;-10.34
26-09-2016;11:54:00;-7.00;2.11;-17.09;-30.78;-4.43;-4.33;5.01;-6.64;-6.88;-4.76;-11.51;-7.73;-9.95
26-09-2016;19:56:00;-7.16;2.36;-16.68;-30.53;-4.61;-4.00;5.03;-6.17;-6.60;-5.25;-11.29;-7.75;-9.99
27-09-2016;03:58:00;-7.74;2.10;-16.83;-30.27;-3.98;-4.29;4.88;-6.56;-6.81;-5.48;-11.68;-7.93;-10.10
27-09-2016;12:01:00;-6.62;2.26;-16.88;-31.79;-5.17;-4.03;5.47;-6.41;-6.59;-4.77;-11.55;-7.80;-9.86
27-09-2016;20:03:00;-7.07;2.76;-16.74;-30.18;-4.22;-4.19;4.74;-6.33;-6.39;-4.80;-11.45;-7.86;-10.03
28-09-2016;04:05:00;-6.83;2.77;-16.71;-30.62;-3.91;-4.31;4.45;-6.60;-6.57;-5.17;-12.07;-7.54;-10.56
28-09-2016;12:00:00;-4.76;2.50;-16.62;-32.32;-5.22;-3.57;5.27;-5.53;-5.90;-4.25;-11.99;-7.44;-10.69
28-09-2016;19:54:00;-4.67;2.29;-16.82;-32.52;-5.18;-3.49;4.87;-5.39;-5.78;-4.51;-12.04;-7.39;-10.75
29-09-2016;04:03:00;-5.74;2.20;-16.52;-32.04;-4.78;-3.70;5.15;-5.81;-6.15;-4.72;-12.16;-7.69;-10.62
29-09-2016;11:59:00;-5.47;2.14;-16.60;-32.34;-4.78;-3.82;5.09;-5.98;-6.08;-4.50;-12.23;-7.37;-10.57
29-09-2016;20:02:00;-4.35;1.90;-16.47;-32.84;-5.51;-3.62;6.00;-5.32;-5.83;-4.01;-12.18;-7.19;-10.84
30-09-2016;04:04:00;-6.80;0.96;-14.83;-36.16;-5.76;-4.62;4.87;-5.82;-5.87;-4.76;-10.23;-5.67;-8.76
30-09-2016;11:58:00;-6.84;0.94;-14.97;-36.07;-5.73;-4.77;4.83;-6.31;-6.03;-4.56;-10.34;-5.60;-8.85
30-09-2016;19:53:00;-6.38;0.94;-14.94;-36.82;-5.85;-4.73;4.94;-5.92;-5.89;-4.57;-10.67;-5.73;-9.27
01-10-2016;03:56:00;-6.76;1.44;-15.01;-36.40;-5.71;-4.74;4.61;-6.18;-5.95;-4.96;-10.75;-5.62;-9.24
01-10-2016;11:58:00;-7.10;0.89;-14.86;-35.72;-5.27;-5.10;3.76;-6.68;-6.53;-4.93;-11.03;-5.96;-9.56
01-10-2016;20:00:00;-8.38;1.05;-14.97;-35.08;-4.96;-4.80;3.86;-6.33;-6.22;-5.70;-11.40;-6.46;-10.00
02-10-2016;04:03:00;-8.93;1.63;-15.56;-34.99;-4.73;-4.87;3.90;-6.30;-6.08;-6.03;-11.66;-6.39;-10.10
02-10-2016;12:05:00;-7.20;1.21;-15.28;-35.53;-5.26;-4.72;4.29;-6.21;-6.33;-5.13;-11.04;-6.16;-9.73
02-10-2016;20:00:00;-8.37;1.01;-15.25;-34.80;-4.21;-5.25;2.97;-6.88;-6.54;-6.65;-11.04;-6.36;-9.84
03-10-2016;03:54:00;-8.19;0.69;-15.20;-34.85;-4.02;-5.56;2.81;-7.18;-6.74;-6.41;-10.92;-6.17;-9.92
03-10-2016;11:57:00;-7.57;0.80;-15.24;-35.60;-5.16;-5.37;3.06;-7.16;-6.96;-5.18;-11.32;-6.36;-10.18
03-10-2016;19:59:00;-7.75;0.80;-15.41;-35.50;-4.62;-5.27;3.35;-6.73;-6.66;-6.18;-11.02;-6.19;-10.04
04-10-2016;04:01:00;-9.01;0.83;-15.55;-34.46;-4.32;-5.77;3.11;-7.42;-7.17;-7.08;-11.55;-6.73;-10.50
04-10-2016;12:04:00;-9.02;0.46;-15.38;-34.48;-4.81;-6.45;3.15;-8.28;-8.00;-5.57;-11.91;-7.03;-10.90
04-10-2016;19:58:00;-9.01;0.72;-15.46;-34.92;-4.39;-5.95;3.38;-7.48;-7.23;-7.01;-11.23;-6.68;-10.46
05-10-2016;03:53:00;-8.69;0.86;-15.64;-35.61;-4.44;-5.71;3.49;-7.18;-6.98;-7.02;-11.10;-6.78;-10.41
05-10-2016;11:56:00;-9.37;0.60;-15.51;-35.57;-5.14;-5.96;3.34;-7.72;-7.50;-5.54;-11.45;-6.94;-10.66
05-10-2016;19:58:00;-9.15;0.93;-15.83;-35.03;-4.24;-6.18;3.44;-7.55;-7.14;-6.63;-11.40;-7.06;-10.58
06-10-2016;04:00:00;-9.76;0.70;-15.87;-34.77;-4.07;-6.29;3.41;-7.78;-7.52;-7.11;-11.56;-7.30;-10.88
06-10-2016;12:03:00;-9.59;0.33;-15.95;-35.07;-4.28;-6.57;3.53;-7.96;-7.99;-7.15;-11.92;-7.46;-11.16
06-10-2016;20:05:00;-9.72;0.30;-16.16;-34.34;-3.83;-6.41;3.42;-7.92;-8.01;-7.58;-11.84;-7.52;-10.91
07-10-2016;04:00:00;-8.49;0.48;-16.30;-35.29;-5.11;-5.95;4.14;-7.12;-7.43;-6.73;-11.30;-7.27;-10.51
07-10-2016;11:55:00;-7.99;0.23;-16.13;-36.08;-6.37;-5.82;4.01;-6.99;-7.34;-6.24;-11.03;-7.19;-10.21
07-10-2016;19:57:00;-7.66;0.47;-16.28;-37.04;-6.44;-5.42;4.68;-6.79;-7.10;-6.44;-11.13;-7.16;-10.31
08-10-2016;03:59:00;-8.21;0.45;-16.32;-36.56;-5.98;-5.65;4.15;-7.02;-7.26;-6.75;-11.71;-7.60;-10.77
08-10-2016;12:02:00;-7.99;0.58;-16.50;-37.41;-6.78;-5.64;4.34;-7.15;-7.26;-5.62;-11.53;-7.77;-10.88
08-10-2016;20:04:00;-8.62;0.79;-16.83;-37.16;-5.86;-5.55;3.84;-6.88;-7.02;-6.63;-11.62;-7.77;-10.89
09-10-2016;03:59:00;-9.58;0.55;-16.87;-36.52;-5.45;-5.98;3.40;-7.27;-7.41;-7.11;-11.87;-8.16;-11.09
09-10-2016;11:54:00;-7.86;0.62;-16.64;-37.86;-6.39;-5.57;4.27;-6.67;-7.30;-6.15;-11.75;-7.94;-11.28
09-10-2016;19:56:00;-7.23;0.76;-16.78;-38.33;-6.08;-5.40;4.41;-6.55;-7.09;-6.05;-11.91;-8.01;-11.33
10-10-2016;03:58:00;-7.94;0.49;-16.87;-37.29;-5.48;-5.75;3.73;-7.07;-7.56;-6.65;-12.19;-8.19;-11.70
10-10-2016;12:01:00;-6.70;0.75;-17.10;-37.77;-6.26;-5.70;3.99;-7.04;-7.52;-5.90;-12.02;-8.06;-11.56
10-10-2016;20:03:00;-8.08;0.81;-17.00;-37.12;-5.34;-5.95;3.32;-6.95;-7.51;-7.30;-12.36;-8.38;-11.94
11-10-2016;03:58:00;-7.63;0.80;-17.15;-37.42;-5.38;-5.89;3.49;-6.89;-7.44;-7.09;-12.23;-8.15;-11.72
11-10-2016;11:53:00;-7.86;0.80;-17.26;-37.39;-5.92;-6.25;3.43;-7.37;-8.03;-5.74;-12.76;-8.55;-12.03
11-10-2016;19:55:00;-7.80;0.81;-17.41;-37.35;-5.40;-6.21;3.37;-6.79;-7.69;-7.10;-12.53;-8.44;-11.89
12-10-2016;03:58:00;-8.56;0.77;-17.54;-36.85;-5.20;-6.52;3.15;-7.12;-7.99;-7.45;-13.21;-8.82;-12.43
12-10-2016;12:00:00;-8.97;0.49;-17.56;-36.72;-5.40;-6.65;3.18;-7.85;-8.52;-7.82;-13.61;-8.97;-12.65
12-10-2016;20:02:00;-9.71;0.53;-17.53;-36.47;-4.94;-6.80;2.45;-7.59;-8.56;-8.14;-13.47;-8.95;-12.68
13-10-2016;04:05:00;-9.67;0.55;-17.48;-36.57;-4.84;-6.78;2.32;-7.33;-8.50;-8.11;-13.71;-9.03;-12.83
13-10-2016;12:00:00;-9.70;0.30;-17.53;-36.80;-5.16;-7.08;1.66;-7.91;-8.93;-6.95;-14.24;-9.25;-13.25
13-10-2016;19:54:00;-9.40;0.25;-17.76;-36.02;-4.50;-7.01;1.61;-8.13;-8.85;-8.40;-14.48;-9.21;-13.33
14-10-2016;03:57:00;-9.08;0.39;-17.85;-36.68;-4.79;-6.73;1.84;-7.78;-8.43;-8.10;-14.20;-9.05;-13.28
14-10-2016;11:59:00;-7.73;0.58;-17.86;-37.62;-5.33;-6.45;2.73;-7.54;-8.30;-7.58;-13.61;-8.70;-12.90
14-10-2016;20:02:00;-6.66;0.66;-18.10;-39.55;-6.14;-5.77;3.68;-6.50;-7.55;-6.72;-13.48;-8.43;-12.67
15-10-2016;04:04:00;-7.24;0.71;-18.26;-39.42;-6.09;-5.79;3.59;-6.50;-7.54;-6.93;-13.69;-8.50;-12.79
15-10-2016;11:59:00;-6.73;0.69;-18.48;-39.92;-6.23;-5.74;3.92;-6.53;-7.56;-6.86;-13.52;-8.36;-12.74
15-10-2016;19:54:00;-6.98;0.73;-18.55;-39.86;-6.14;-5.68;4.07;-6.42;-7.50;-6.91;-13.56;-8.32;-12.70
16-10-2016;03:56:00;-6.31;0.81;-18.58;-40.36;-6.00;-5.66;3.98;-6.38;-7.49;-6.88;-13.49;-8.21;-12.65
16-10-2016;11:59:00;-6.20;0.57;-18.67;-40.15;-6.18;-5.79;3.74;-6.46;-7.64;-6.71;-13.69;-8.37;-12.78
16-10-2016;20:01:00;-6.04;0.89;-18.70;-40.79;-6.15;-5.58;3.95;-6.74;-7.42;-6.66;-13.77;-8.26;-12.74
17-10-2016;04:03:00;-5.66;0.99;-18.66;-40.61;-6.03;-5.48;3.79;-6.71;-7.31;-6.56;-13.73;-8.16;-12.62
17-10-2016;11:58:00;-5.74;0.82;-18.83;-40.54;-6.11;-5.60;3.92;-6.67;-7.47;-6.58;-13.79;-8.25;-12.81
17-10-2016;19:53:00;-5.34;0.95;-18.66;-40.20;-5.60;-5.80;3.77;-6.80;-7.61;-6.84;-13.98;-8.36;-12.93
18-10-2016;03:55:00;-4.97;0.84;-18.77;-41.13;-5.97;-5.69;4.22;-6.31;-7.43;-6.51;-13.78;-8.30;-12.83
18-10-2016;11:57:00;-5.61;0.75;-18.71;-41.21;-6.22;-5.76;4.16;-6.58;-7.60;-6.67;-13.90;-8.43;-13.00
18-10-2016;20:00:00;-6.15;0.63;-18.68;-40.70;-5.66;-5.83;4.02;-6.75;-7.69;-7.01;-14.03;-8.60;-13.02
19-10-2016;04:02:00;-5.96;0.60;-18.80;-40.75;-5.73;-5.65;3.96;-6.61;-7.46;-6.97;-14.05;-8.62;-13.02
19-10-2016;12:05:00;-6.17;0.54;-18.89;-40.28;-5.81;-6.06;3.68;-6.79;-7.89;-7.20;-14.40;-8.83;-13.24
19-10-2016;19:59:00;-5.89;0.45;-18.84;-40.36;-5.62;-5.92;3.60;-6.58;-7.78;-7.40;-14.24;-8.84;-13.19
20-10-2016;03:54:00;-7.54;0.20;-19.05;-38.89;-5.05;-6.67;3.11;-7.42;-8.56;-8.17;-14.98;-9.40;-13.92
20-10-2016;11:56:00;-7.40;-0.05;-18.95;-38.94;-5.68;-6.92;2.96;-7.59;-8.95;-7.72;-15.38;-9.46;-14.09
20-10-2016;19:59:00;-6.22;0.35;-19.04;-40.71;-6.17;-6.18;3.63;-6.38;-8.18;-7.40;-14.57;-8.89;-13.40
21-10-2016;04:01:00;-6.27;0.21;-19.14;-40.95;-6.49;-6.20;3.74;-6.50;-8.15;-7.50;-14.65;-8.93;-13.47
21-10-2016;12:03:00;-5.57;0.38;-19.24;-41.62;-7.00;-6.08;3.92;-6.41;-8.07;-6.75;-14.58;-8.97;-13.53
21-10-2016;19:58:00;-5.81;0.18;-19.31;-41.30;-6.57;-6.12;4.12;-6.43;-8.01;-7.16;-14.30;-9.02;-13.22
22-10-2016;03:58:00;-6.29;0.02;-19.33;-41.00;-6.40;-6.39;3.96;-6.76;-8.33;-7.51;-14.45;-9.11;-13.31
22-10-2016;11:55:00;-5.45;0.00;-19.33;-41.52;-6.73;-6.38;4.00;-6.69;-8.38;-7.26;-14.78;-9.20;-13.73
22-10-2016;19:58:00;-5.55;0.11;-19.56;-41.85;-6.95;-6.23;4.07;-6.38;-8.26;-7.24;-14.75;-9.29;-13.62
23-10-2016;04:00:00;-5.74;0.13;-19.62;-41.90;-6.96;-6.21;4.23;-6.43;-8.31;-7.25;-14.66;-9.55;-13.39
23-10-2016;12:03:00;-5.80;0.14;-19.68;-41.84;-7.04;-6.27;4.22;-6.40;-8.36;-7.25;-14.85;-9.54;-13.51
23-10-2016;20:05:00;-5.86;0.21;-19.68;-41.80;-7.02;-6.17;4.12;-6.36;-8.23;-7.25;-14.93;-9.55;-13.57
24-10-2016;04:00:00;-6.21;0.23;-19.57;-41.59;-6.47;-6.27;3.94;-6.59;-8.29;-7.48;-15.00;-9.63;-13.68
24-10-2016;11:54:00;-5.98;0.03;-19.75;-41.89;-6.73;-6.26;4.11;-6.48;-8.34;-7.27;-15.24;-9.78;-13.81
24-10-2016;19:57:00;-5.85;0.12;-19.70;-41.94;-6.72;-6.10;4.20;-6.47;-8.21;-7.20;-15.07;-9.58;-13.82
25-10-2016;03:59:00;-6.59;0.06;-19.68;-41.44;-6.21;-6.23;3.75;-6.22;-8.25;-7.55;-15.26;-9.70;-13.84
25-10-2016;12:01:00;-6.48;-0.08;-19.76;-41.33;-6.77;-6.61;3.50;-6.91;-8.68;-7.43;-15.60;-9.99;-14.15
25-10-2016;20:04:00;-6.06;0.15;-19.82;-41.66;-6.55;-6.37;3.70;-6.42;-8.42;-7.47;-15.38;-9.77;-13.94
26-10-2016;03:58:00;-6.20;0.16;-19.95;-41.64;-6.92;-6.44;3.71;-6.51;-8.45;-7.50;-15.42;-9.92;-14.13
26-10-2016;11:53:00;-5.74;0.13;-19.88;-41.95;-7.06;-6.34;3.81;-6.47;-8.39;-7.22;-15.45;-9.83;-14.11
26-10-2016;19:55:00;-5.75;0.02;-20.41;-41.77;-6.22;-6.57;3.86;-6.62;-8.53;-7.18;-15.42;-10.05;-13.91
27-10-2016;03:58:00;-5.32;0.09;-20.44;-42.70;-6.57;-6.15;4.42;-6.06;-8.04;-6.86;-14.81;-9.67;-13.44
27-10-2016;12:00:00;-5.85;-0.06;-20.40;-42.64;-6.69;-6.30;4.32;-6.14;-8.25;-6.82;-14.91;-9.90;-13.61
27-10-2016;20:03:00;-6.62;-0.33;-20.39;-42.62;-6.16;-6.53;3.59;-6.25;-8.35;-6.70;-15.12;-10.08;-13.66
28-10-2016;04:05:00;-5.46;-0.13;-20.32;-42.70;-6.65;-6.32;4.00;-5.93;-7.95;-6.82;-14.32;-9.49;-13.13
28-10-2016;12:00:00;-5.04;0.17;-20.36;-42.81;-6.61;-6.31;3.66;-6.02;-8.08;-6.97;-14.64;-9.96;-13.39
28-10-2016;19:54:00;-5.20;0.23;-20.54;-42.61;-6.39;-6.50;3.20;-6.12;-8.38;-6.68;-14.89;-10.36;-13.48
29-10-2016;03:57:00;-6.12;0.35;-20.71;-41.47;-6.12;-6.70;4.10;-6.16;-8.61;-7.01;-16.31;-10.99;-14.10
29-10-2016;11:59:00;-5.82;0.24;-20.91;-41.60;-6.31;-6.72;4.18;-6.57;-8.67;-7.04;-15.36;-10.52;-13.84
29-10-2016;20:02:00;-4.41;1.12;-20.52;-42.21;-6.57;-6.09;4.76;-5.92;-7.93;-7.03;-15.37;-9.72;-13.50
30-10-2016;04:04:00;-4.96;2.15;-20.38;-42.48;-6.42;-6.33;4.80;-5.88;-8.20;-7.08;-15.50;-9.84;-13.67
30-10-2016;11:59:00;-4.85;2.02;-20.69;-42.40;-7.11;-6.80;4.19;-6.68;-8.90;-6.37;-15.33;-10.35;-13.75
30-10-2016;19:53:00;-5.82;1.42;-20.64;-42.44;-6.77;-6.55;4.54;-6.46;-8.61;-7.15;-14.85;-10.12;-13.60
31-10-2016;04:03:00;-6.18;1.51;-21.30;-43.63;-7.45;-6.24;5.62;-6.10;-8.11;-6.58;-14.54;-9.15;-13.45
31-10-2016;11:58:00;-6.77;2.27;-21.25;-44.08;-7.27;-6.24;5.81;-6.48;-8.01;-6.78;-14.86;-9.10;-13.92
31-10-2016;20:01:00;-6.61;2.33;-21.17;-43.61;-7.16;-6.25;5.62;-6.93;-8.28;-7.26;-14.70;-9.08;-13.85
01-11-2016;04:03:00;-7.70;1.77;-21.26;-42.33;-6.93;-7.03;4.61;-7.54;-8.99;-8.11;-15.45;-9.45;-14.22
01-11-2016;11:58:00;-6.66;1.88;-21.16;-43.63;-8.24;-6.61;5.17;-6.89;-8.61;-7.04;-14.95;-8.94;-13.82
01-11-2016;19:53:00;-6.24;2.08;-21.54;-44.32;-8.14;-6.31;5.32;-6.21;-8.10;-7.22;-14.96;-9.06;-13.75
02-11-2016;03:55:00;-7.34;2.02;-21.42;-43.84;-7.98;-6.55;4.81;-6.54;-8.34;-7.61;-15.42;-9.43;-14.19
02-11-2016;11:57:00;-7.45;2.28;-21.47;-44.00;-7.98;-6.98;4.67;-6.84;-8.61;-7.26;-15.37;-9.75;-14.39
02-11-2016;19:54:00;-7.57;2.45;-20.53;-44.15;-7.95;-6.92;5.26;-6.88;-8.45;-7.56;-15.88;-9.88;-14.49
03-11-2016;04:03:00;-6.88;2.39;-20.40;-44.31;-8.64;-6.84;4.93;-6.99;-8.57;-7.34;-15.98;-10.15;-14.26
03-11-2016;12:05:00;-6.28;2.45;-20.57;-44.66;-8.81;-6.95;5.21;-6.96;-8.52;-7.64;-16.45;-10.75;-14.16
03-11-2016;20:00:00;-6.92;2.55;-20.51;-44.22;-8.71;-7.09;4.39;-7.17;-8.66;-7.91;-17.03;-11.50;-14.40
04-11-2016;03:55:00;-7.52;2.22;-20.51;-43.93;-7.87;-7.56;4.43;-7.52;-9.26;-8.11;-17.51;-11.90;-14.67
04-11-2016;11:57:00;-5.05;2.57;-20.91;-45.50;-8.37;-7.42;4.83;-7.23;-9.05;-8.00;-17.42;-11.60;-14.13
04-11-2016;20:00:00;-5.64;2.26;-20.82;-45.22;-8.93;-7.55;5.51;-7.47;-8.95;-7.76;-17.47;-12.42;-14.43
05-11-2016;04:02:00;-6.51;2.29;-20.57;-45.26;-8.76;-7.61;4.86;-7.95;-8.96;-7.62;-17.75;-12.79;-14.97
05-11-2016;12:05:00;-5.54;2.62;-20.73;-45.88;-8.53;-7.46;4.69;-7.58;-8.93;-7.50;-17.61;-12.75;-14.87
05-11-2016;19:59:00;-5.98;2.36;-20.81;-46.21;-8.41;-7.32;5.05;-7.70;-8.81;-7.52;-17.55;-12.89;-14.62
06-11-2016;03:54:00;-4.98;1.66;-21.03;-45.42;-8.21;-7.25;5.50;-7.73;-8.80;-7.41;-17.68;-13.39;-14.88
06-11-2016;11:57:00;-4.57;1.80;-20.94;-45.68;-8.31;-7.10;4.70;-7.80;-8.73;-7.77;-17.63;-12.92;-14.98
06-11-2016;19:59:00;-4.48;2.23;-20.88;-45.84;-8.57;-7.14;4.66;-8.81;-8.69;-7.72;-17.76;-12.88;-14.66
07-11-2016;04:02:00;-4.44;2.11;-20.96;-45.42;-9.14;-7.10;4.77;-8.47;-8.73;-7.68;-17.89;-13.04;-14.92
07-11-2016;12:04:00;-4.30;1.92;-20.90;-45.88;-8.99;-7.04;4.50;-8.75;-8.74;-7.62;-17.92;-13.09;-14.99
07-11-2016;19:59:00;-4.47;2.01;-20.83;-45.52;-8.77;-7.00;4.52;-8.51;-8.75;-7.75;-17.58;-13.19;-14.87
08-11-2016;03:54:00;-4.80;1.86;-20.90;-44.61;-8.47;-7.04;4.47;-8.62;-8.83;-7.84;-17.73;-13.25;-15.13
08-11-2016;11:57:00;-4.36;1.70;-21.13;-44.82;-8.78;-6.95;4.57;-8.54;-8.73;-7.68;-17.65;-13.32;-14.63
08-11-2016;19:59:00;-4.56;1.84;-21.07;-44.56;-7.70;-6.93;4.41;-8.46;-8.74;-7.57;-17.57;-13.23;-14.83
09-11-2016;04:02:00;-4.42;1.42;-21.15;-44.62;-7.67;-6.93;4.45;-8.33;-8.78;-7.54;-17.84;-13.18;-14.67
09-11-2016;12:04:00;-3.96;1.67;-21.26;-44.96;-7.78;-6.87;4.95;-8.36;-8.76;-7.46;-18.21;-13.36;-14.33
09-11-2016;19:59:00;-4.28;1.58;-21.19;-45.77;-7.58;-6.72;4.39;-8.22;-8.59;-7.56;-17.80;-12.90;-14.56
10-11-2016;03:56:00;-4.35;1.71;-21.15;-45.44;-7.92;-6.71;4.41;-8.36;-8.61;-7.51;-17.87;-12.96;-14.57
10-11-2016;12:02:00;-3.96;1.41;-21.18;-45.31;-8.10;-6.91;5.10;-8.59;-8.75;-7.08;-18.04;-13.09;-14.35
10-11-2016;20:05:00;-4.28;1.52;-21.12;-45.29;-7.56;-6.67;4.85;-8.10;-8.55;-7.42;-17.69;-12.78;-14.39
11-11-2016;03:55:00;-4.40;1.31;-21.03;-45.15;-7.66;-6.92;4.78;-8.24;-8.80;-7.58;-17.85;-13.02;-14.47
11-11-2016;11:55:00;-4.09;1.05;-21.31;-44.30;-7.67;-7.12;4.89;-8.77;-9.04;-7.26;-18.41;-13.39;-14.63
11-11-2016;19:57:00;-4.06;1.14;-21.47;-43.56;-7.25;-7.22;4.54;-9.01;-9.09;-7.67;-18.80;-13.41;-14.78
12-11-2016;04:00:00;-4.35;1.29;-21.17;-44.58;-7.64;-6.75;5.08;-8.56;-8.72;-7.50;-18.06;-13.17;-14.39
12-11-2016;12:02:00;-3.65;1.19;-21.25;-45.02;-8.52;-6.83;5.65;-8.49;-8.72;-7.02;-18.11;-12.83;-14.51
12-11-2016;20:05:00;-4.81;1.62;-21.55;-44.49;-7.62;-7.04;5.21;-8.88;-8.94;-7.73;-18.56;-13.21;-14.72
13-11-2016;03:59:00;-5.76;1.32;-21.45;-43.13;-6.75;-7.39;4.50;-9.35;-9.22;-8.10;-19.41;-13.53;-15.40
13-11-2016;11:54:00;-5.32;1.47;-20.94;-43.54;-7.41;-7.08;4.61;-9.20;-9.10;-7.87;-19.48;-13.71;-15.53
13-11-2016;19:57:00;-5.11;1.49;-20.62;-43.28;-6.87;-7.23;4.16;-9.07;-9.09;-8.15;-19.89;-13.89;-15.71
14-11-2016;04:01:00;-5.08;1.02;-21.00;-43.42;-6.81;-7.27;4.47;-9.01;-9.17;-8.36;-19.94;-13.83;-15.67
14-11-2016;11:52:00;-5.53;0.60;-20.62;-43.55;-6.87;-7.30;4.86;-9.16;-9.07;-7.83;-18.29;-13.58;-14.69
14-11-2016;19:53:00;-5.43;0.28;-20.31;-44.14;-7.09;-7.16;5.26;-9.57;-9.01;-7.48;-18.52;-13.59;-15.02
15-11-2016;03:55:00;-5.58;0.42;-20.46;-43.89;-7.31;-7.43;4.73;-9.23;-9.29;-7.30;-18.47;-13.50;-14.86
15-11-2016;11:58:00;-3.63;0.67;-20.64;-45.68;-8.47;-6.77;5.61;-9.23;-8.78;-7.24;-17.75;-12.87;-14.40
15-11-2016;20:00:00;-3.72;0.91;-20.68;-45.58;-8.47;-7.04;5.51;-9.51;-8.79;-7.57;-17.90;-12.95;-14.54
16-11-2016;04:02:00;-3.75;0.99;-20.80;-45.26;-8.40;-7.09;5.44;-8.87;-8.88;-7.60;-17.96;-13.15;-14.54
16-11-2016;12:05:00;-3.98;1.01;-20.74;-45.56;-8.38;-7.21;5.65;-9.07;-8.96;-7.53;-18.01;-13.34;-14.56
16-11-2016;19:59:00;-4.33;1.12;-20.59;-45.59;-8.36;-7.15;5.28;-9.46;-8.90;-7.36;-18.76;-13.93;-14.89
17-11-2016;03:54:00;-5.68;1.58;-20.22;-44.71;-7.58;-7.49;5.23;-10.25;-9.34;-7.77;-19.54;-14.69;-15.66
17-11-2016;11:56:00;-4.76;1.54;-19.89;-44.62;-7.37;-7.80;5.13;-10.54;-9.48;-7.86;-19.85;-14.71;-15.80
17-11-2016;19:59:00;-3.18;2.32;-19.67;-45.76;-7.98;-7.11;5.85;-9.86;-8.88;-7.96;-19.18;-13.95;-14.76
18-11-2016;04:02:00;-3.05;2.33;-19.58;-46.52;-8.39;-7.06;6.14;-9.90;-8.83;-7.83;-19.12;-13.54;-14.61
18-11-2016;12:04:00;-4.22;2.13;-19.83;-46.54;-8.41;-7.15;5.78;-9.97;-9.00;-8.10;-18.47;-13.60;-14.78
18-11-2016;19:59:00;-4.53;2.41;-19.47;-45.71;-8.01;-7.29;5.24;-10.17;-9.14;-7.94;-18.76;-14.50;-15.46
19-11-2016;03:59:00;-4.91;2.98;-20.22;-45.16;-8.15;-8.05;4.63;-10.88;-9.58;-7.97;-19.58;-14.74;-15.82
19-11-2016;11:56:00;-4.30;2.99;-20.50;-46.34;-8.40;-7.51;5.57;-10.03;-9.30;-8.00;-19.54;-14.47;-16.13
19-11-2016;19:58:00;-3.65;3.28;-20.74;-47.18;-8.98;-7.40;5.81;-10.42;-8.97;-7.93;-19.54;-14.15;-16.21
20-11-2016;04:01:00;-4.71;3.03;-20.58;-46.27;-8.45;-7.75;5.06;-10.95;-9.35;-8.62;-19.86;-14.44;-16.49
20-11-2016;12:04:00;-3.47;3.06;-20.15;-47.36;-9.19;-7.47;5.45;-10.89;-9.25;-8.38;-19.47;-14.01;-16.24
20-11-2016;19:58:00;-4.07;2.56;-20.57;-47.61;-8.94;-7.35;5.68;-10.97;-9.18;-8.50;-19.60;-14.14;-16.48
21-11-2016;03:53:00;-3.98;2.75;-20.50;-47.84;-8.86;-7.24;5.66;-10.75;-9.13;-8.29;-19.80;-14.21;-16.36
21-11-2016;11:55:00;-3.72;3.01;-20.54;-47.97;-8.75;-7.50;5.43;-11.06;-9.43;-8.49;-20.40;-14.53;-17.00
21-11-2016;19:58:00;-4.29;3.38;-20.49;-47.61;-8.19;-7.61;4.64;-11.32;-9.38;-8.84;-20.72;-14.84;-17.15
22-11-2016;04:01:00;-3.74;2.82;-20.65;-47.59;-8.44;-7.54;4.87;-11.39;-9.47;-8.49;-20.37;-14.34;-16.86
22-11-2016;12:03:00;-4.33;2.60;-20.59;-46.90;-9.08;-7.60;4.21;-11.64;-9.54;-8.04;-19.58;-15.12;-17.02
22-11-2016;20:05:00;-3.34;2.41;-19.99;-47.06;-9.06;-7.82;4.05;-10.95;-9.68;-8.12;-20.07;-15.38;-17.12
23-11-2016;04:00:00;-5.29;2.30;-20.17;-46.66;-9.92;-7.56;4.47;-10.03;-9.69;-8.42;-19.45;-15.01;-16.46
23-11-2016;11:55:00;-3.99;2.41;-19.99;-47.08;-8.96;-7.89;4.51;-10.75;-9.84;-8.80;-19.63;-15.17;-16.99
23-11-2016;19:57:00;-3.20;3.02;-20.00;-48.38;-9.36;-7.07;5.48;-10.73;-9.19;-7.77;-18.78;-14.45;-16.66
24-11-2016;04:00:00;-2.49;3.07;-19.92;-48.46;-9.68;-7.23;5.01;-11.01;-9.19;-8.04;-19.39;-14.83;-16.94
24-11-2016;12:03:00;-2.42;3.30;-19.42;-48.93;-9.65;-7.13;5.03;-10.85;-9.09;-8.17;-18.77;-14.42;-16.65
24-11-2016;20:05:00;-2.52;3.67;-19.30;-47.79;-8.77;-7.61;4.55;-10.93;-9.60;-8.16;-19.13;-14.97;-16.71
25-11-2016;04:00:00;-2.97;4.25;-19.95;-49.14;-9.56;-7.36;4.04;-10.04;-9.10;-7.64;-18.92;-14.83;-16.32
25-11-2016;11:54:00;-1.71;4.54;-19.92;-49.55;-9.88;-7.27;4.71;-9.70;-8.89;-7.87;-18.11;-14.61;-15.85
25-11-2016;19:56:00;-1.03;4.11;-20.16;-49.46;-9.93;-7.32;5.11;-9.79;-9.02;-7.66;-18.34;-14.57;-15.86
26-11-2016;03:59:00;-0.94;3.73;-20.29;-49.43;-10.15;-7.43;5.32;-9.73;-8.98;-7.62;-17.72;-14.38;-15.51
26-11-2016;12:01:00;-1.35;4.69;-19.96;-49.66;-9.92;-7.29;5.88;-9.82;-8.88;-7.55;-18.74;-14.52;-16.89
26-11-2016;20:04:00;-1.67;4.70;-19.76;-49.11;-9.41;-7.43;5.75;-9.81;-9.15;-7.78;-19.14;-14.49;-17.19
27-11-2016;03:59:00;-1.49;5.04;-19.91;-49.39;-10.82;-7.16;5.68;-9.72;-9.07;-7.79;-18.88;-14.27;-17.08
27-11-2016;11:53:00;-1.59;5.16;-20.04;-49.81;-10.73;-7.02;5.42;-9.80;-8.96;-8.20;-19.08;-14.46;-17.03
27-11-2016;19:56:00;-2.17;4.87;-20.07;-49.52;-10.41;-6.95;5.17;-9.99;-8.85;-8.13;-19.52;-14.79;-17.42
28-11-2016;03:58:00;-2.42;4.91;-19.97;-49.14;-11.06;-7.01;5.23;-10.06;-9.04;-7.77;-18.66;-14.59;-16.89
28-11-2016;12:01:00;-3.34;4.70;-20.21;-49.31;-10.34;-7.25;5.05;-10.37;-9.34;-8.26;-19.01;-14.60;-16.96
28-11-2016;20:03:00;-2.58;4.96;-20.16;-49.25;-11.11;-7.22;5.00;-10.45;-9.27;-8.46;-18.92;-14.36;-16.89
29-11-2016;03:58:00;-1.77;5.07;-20.49;-50.19;-11.05;-7.10;5.42;-10.19;-9.04;-7.99;-18.66;-14.62;-16.45
29-11-2016;11:53:00;-1.75;4.87;-20.44;-50.14;-11.07;-7.36;4.90;-10.48;-9.24;-7.95;-19.14;-14.96;-17.10
29-11-2016;19:55:00;-1.99;5.06;-20.28;-50.01;-10.82;-7.50;4.54;-10.52;-9.28;-8.13;-19.29;-14.98;-17.18
30-11-2016;03:58:00;-2.41;5.45;-19.84;-49.27;-9.98;-7.60;4.32;-11.39;-9.59;-7.97;-19.37;-15.07;-17.25
30-11-2016;12:00:00;-1.62;5.37;-19.90;-49.67;-9.39;-7.37;4.40;-11.33;-9.40;-7.99;-19.01;-14.97;-17.00
30-11-2016;20:03:00;-1.93;5.36;-19.68;-49.47;-9.14;-7.64;4.17;-11.76;-9.56;-8.19;-19.18;-14.96;-16.98
01-12-2016;04:05:00;-3.19;6.03;-20.21;-49.38;-9.23;-7.64;4.05;-11.77;-9.56;-8.38;-20.16;-15.77;-17.89
01-12-2016;12:00:00;-2.50;6.12;-20.30;-50.26;-9.35;-7.59;4.39;-11.58;-9.43;-8.05;-19.58;-15.30;-17.86
01-12-2016;19:55:00;-2.80;6.22;-20.15;-50.73;-9.49;-7.19;4.99;-11.63;-9.25;-7.92;-19.18;-14.87;-17.46
02-12-2016;03:57:00;-3.11;5.69;-20.22;-50.34;-9.23;-7.20;5.06;-11.67;-9.25;-8.28;-19.20;-14.74;-17.16
02-12-2016;12:00:00;-2.68;5.45;-20.36;-50.23;-9.70;-7.52;4.17;-12.19;-9.56;-8.72;-19.59;-15.22;-17.22
02-12-2016;20:07:00;-2.83;5.89;-20.40;-50.47;-9.22;-7.49;3.59;-12.73;-9.57;-8.77;-19.83;-15.68;-17.86
03-12-2016;04:05:00;-2.55;6.07;-20.54;-51.17;-9.52;-7.48;3.11;-12.95;-9.44;-8.68;-19.89;-15.75;-18.00
03-12-2016;12:00:00;-3.14;5.89;-20.74;-50.72;-9.43;-7.54;2.86;-13.04;-9.64;-8.60;-20.55;-16.10;-18.40
03-12-2016;19:54:00;-3.56;6.04;-20.72;-50.65;-8.94;-7.57;2.92;-12.93;-9.53;-8.27;-20.59;-16.05;-18.47
04-12-2016;03:57:00;-3.39;6.14;-20.63;-50.77;-8.90;-7.57;2.45;-12.44;-9.63;-8.16;-20.25;-15.84;-18.41
04-12-2016;11:59:00;-2.86;5.60;-20.65;-51.58;-9.53;-7.57;2.27;-11.70;-9.59;-8.23;-20.45;-15.52;-18.43
04-12-2016;20:02:00;-3.01;5.77;-21.27;-52.29;-9.81;-7.62;2.63;-10.77;-9.40;-7.95;-20.01;-15.04;-18.56
05-12-2016;04:04:00;-3.41;6.06;-21.26;-52.95;-9.99;-7.66;2.43;-10.16;-9.24;-7.82;-20.02;-15.25;-18.61
05-12-2016;11:59:00;-3.58;6.25;-21.16;-52.31;-9.77;-7.76;2.68;-10.18;-9.30;-8.01;-19.93;-15.33;-18.41
05-12-2016;19:53:00;-4.45;6.29;-21.34;-52.30;-9.21;-7.62;2.47;-10.30;-9.29;-8.80;-19.60;-15.27;-18.19
06-12-2016;03:56:00;-3.51;6.30;-21.27;-52.62;-10.22;-7.32;2.47;-10.38;-9.20;-8.48;-19.50;-15.16;-18.03
06-12-2016;11:58:00;-5.77;5.97;-21.22;-51.69;-10.04;-7.83;1.93;-11.10;-9.66;-8.94;-20.16;-15.66;-18.64
06-12-2016;20:01:00;-6.64;5.45;-21.09;-49.89;-8.56;-8.26;1.14;-11.86;-10.04;-9.84;-20.87;-15.91;-19.20
07-12-2016;04:03:00;-4.32;5.59;-20.90;-51.09;-8.43;-8.12;1.73;-11.34;-10.08;-8.75;-20.32;-15.56;-18.63
07-12-2016;11:58:00;-4.04;5.86;-21.50;-52.53;-8.77;-7.97;2.89;-10.88;-9.68;-8.63;-19.92;-15.51;-18.73
07-12-2016;19:53:00;-4.21;5.46;-21.87;-53.58;-8.33;-7.83;2.59;-10.40;-9.61;-8.19;-19.57;-15.36;-18.39
08-12-2016;03:55:00;-3.93;4.96;-21.98;-53.50;-8.33;-8.19;2.36;-11.00;-9.87;-7.88;-19.17;-15.45;-17.70
08-12-2016;11:58:00;-3.30;5.08;-21.94;-53.90;-8.17;-7.92;3.36;-10.61;-9.48;-8.01;-18.86;-15.18;-17.35
08-12-2016;20:00:00;-3.42;4.95;-21.83;-53.81;-8.20;-7.86;3.49;-10.52;-9.49;-8.10;-18.61;-15.06;-17.29
09-12-2016;04:02:00;-3.48;5.18;-22.03;-54.12;-8.03;-8.05;3.50;-10.49;-9.44;-8.26;-18.32;-14.97;-17.11
09-12-2016;12:05:00;-3.64;5.38;-22.15;-54.31;-8.06;-8.20;3.70;-10.23;-9.33;-8.28;-18.69;-15.03;-17.31
09-12-2016;19:59:00;-4.04;5.37;-22.05;-53.09;-7.64;-8.40;3.38;-10.44;-9.69;-8.82;-18.88;-15.07;-17.51
10-12-2016;03:54:00;-5.19;5.33;-22.18;-52.80;-7.22;-8.79;2.72;-11.06;-10.16;-9.00;-19.35;-15.54;-17.95
10-12-2016;11:56:00;-5.42;5.38;-22.34;-52.75;-6.79;-8.96;1.00;-11.48;-10.44;-8.88;-19.85;-15.90;-18.31
10-12-2016;19:59:00;-4.35;5.82;-22.45;-53.71;-7.44;-8.37;2.15;-10.37;-9.73;-8.74;-19.24;-15.30;-17.47
11-12-2016;04:01:00;-5.07;5.65;-22.58;-53.14;-7.22;-8.90;1.60;-10.79;-10.21;-8.89;-19.77;-15.74;-17.82
11-12-2016;12:04:00;-5.88;5.35;-22.43;-52.73;-6.83;-8.82;1.90;-10.69;-10.13;-9.15;-19.57;-15.77;-17.82
11-12-2016;19:58:00;-6.07;5.48;-22.58;-52.85;-6.32;-8.84;1.38;-10.90;-10.07;-9.24;-19.96;-15.57;-18.14
12-12-2016;03:47:00;-4.56;5.91;-22.24;-54.05;-7.97;-8.45;1.51;-10.27;-9.28;-8.20;-20.10;-15.58;-18.20
12-12-2016;11:56:00;-2.84;5.81;-22.26;-54.60;-8.19;-8.23;2.19;-10.29;-9.46;-8.46;-19.05;-15.11;-17.69
12-12-2016;19:58:00;-3.47;6.18;-22.47;-55.16;-8.07;-8.22;2.03;-9.98;-9.28;-8.32;-19.35;-15.25;-17.78
13-12-2016;04:01:00;-4.46;5.75;-22.83;-53.79;-7.02;-8.85;1.15;-10.72;-9.78;-8.75;-19.82;-15.95;-18.20
13-12-2016;12:03:00;-6.35;5.44;-22.72;-52.38;-6.00;-9.33;1.03;-11.57;-10.39;-9.93;-20.55;-16.04;-18.95
13-12-2016;19:58:00;-4.33;5.74;-22.92;-54.14;-7.24;-8.58;1.47;-11.08;-9.55;-8.94;-20.43;-15.71;-18.69
14-12-2016;03:53:00;-5.53;6.10;-22.86;-53.47;-7.23;-8.78;1.40;-11.58;-9.61;-9.37;-20.89;-16.22;-19.07
14-12-2016;11:55:00;-7.81;5.46;-22.73;-51.89;-6.55;-9.33;0.60;-12.83;-10.47;-10.29;-21.96;-16.83;-19.75
14-12-2016;19:58:00;-7.30;5.13;-22.71;-51.76;-6.70;-9.69;0.99;-12.97;-10.69;-10.65;-21.99;-16.85;-19.59
15-12-2016;04:08:00;-4.77;5.73;-22.92;-52.17;-7.73;-9.46;1.04;-12.54;-10.68;-10.17;-21.57;-16.10;-19.25
15-12-2016;12:03:00;-4.36;6.14;-23.39;-53.62;-8.96;-8.85;1.50;-11.83;-10.14;-8.87;-20.83;-15.72;-18.76
15-12-2016;19:58:00;-4.72;5.73;-23.75;-53.60;-9.34;-8.92;1.51;-11.22;-10.04;-8.98;-21.31;-15.81;-19.31
16-12-2016;03:52:00;-5.30;5.72;-23.59;-52.98;-7.83;-9.65;1.49;-12.00;-10.68;-9.95;-21.61;-16.17;-19.66
16-12-2016;11:55:00;-5.15;5.52;-23.68;-52.93;-8.32;-9.57;2.13;-12.09;-10.69;-9.96;-21.40;-16.06;-19.35
16-12-2016;19:57:00;-4.79;5.52;-24.05;-52.85;-8.38;-9.65;2.13;-11.76;-10.65;-9.81;-21.25;-16.18;-19.44
17-12-2016;03:59:00;-4.87;5.63;-24.24;-53.04;-8.39;-9.58;1.66;-11.66;-10.63;-9.69;-21.33;-16.48;-19.58
17-12-2016;12:02:00;-4.80;5.78;-24.48;-52.41;-8.26;-9.44;1.68;-11.82;-10.50;-9.70;-21.19;-16.55;-19.63
17-12-2016;20:05:00;-5.32;5.76;-24.28;-52.47;-8.03;-9.51;2.10;-11.70;-10.49;-9.83;-21.24;-16.27;-19.41
18-12-2016;04:00:00;-4.83;5.97;-24.05;-53.29;-8.58;-9.15;2.86;-11.59;-10.15;-9.44;-20.82;-16.35;-19.19
18-12-2016;11:54:00;-4.40;6.12;-23.85;-53.42;-9.12;-9.03;3.54;-10.82;-10.05;-8.79;-20.30;-16.21;-18.92
18-12-2016;19:57:00;-4.27;5.68;-24.21;-54.40;-9.19;-9.24;2.97;-10.96;-10.27;-8.89;-20.48;-16.41;-19.27
19-12-2016;03:59:00;-4.27;5.79;-24.39;-55.00;-9.47;-8.97;3.62;-10.57;-10.04;-8.65;-20.08;-15.99;-18.82
19-12-2016;12:02:00;-3.43;5.91;-24.60;-55.49;-9.76;-8.92;3.46;-10.65;-10.19;-8.47;-19.98;-15.96;-18.64
19-12-2016;20:04:00;-4.56;5.77;-24.79;-55.42;-9.06;-9.13;2.71;-11.04;-10.48;-8.75;-20.00;-16.31;-18.90
20-12-2016;03:57:00;-4.54;6.02;-24.99;-55.35;-9.07;-9.19;3.03;-10.98;-10.35;-9.02;-20.16;-16.35;-18.88
20-12-2016;11:54:00;-4.24;6.00;-25.10;-55.30;-9.31;-9.33;2.72;-11.15;-10.33;-9.10;-20.26;-16.44;-18.65
20-12-2016;19:56:00;-3.42;6.13;-25.01;-55.44;-9.59;-9.12;2.92;-11.01;-10.24;-9.15;-20.34;-16.15;-18.78
21-12-2016;03:58:00;-3.37;6.17;-24.93;-55.55;-9.57;-9.19;2.52;-11.17;-10.18;-9.20;-20.82;-16.47;-19.08
21-12-2016;12:01:00;-3.42;6.46;-24.99;-55.65;-9.33;-9.27;2.06;-11.53;-10.38;-9.22;-20.98;-16.30;-19.16
21-12-2016;20:03:00;-3.39;6.66;-24.75;-56.24;-9.46;-9.02;2.09;-11.52;-10.51;-9.21;-21.62;-15.90;-19.10
22-12-2016;03:58:00;-4.07;6.60;-24.55;-55.89;-9.51;-8.86;2.43;-11.83;-10.46;-9.65;-21.69;-16.40;-19.26
22-12-2016;11:53:00;-3.70;5.63;-24.79;-55.84;-9.71;-8.97;2.00;-11.83;-10.61;-9.84;-21.34;-16.37;-18.98
22-12-2016;19:55:00;-4.97;6.36;-24.79;-56.61;-9.34;-8.83;1.86;-12.49;-10.73;-9.76;-21.35;-16.66;-19.07
23-12-2016;03:58:00;-4.66;4.92;-24.69;-56.73;-9.53;-8.94;1.72;-11.92;-10.70;-9.99;-21.31;-16.81;-18.48
23-12-2016;12:00:00;-4.84;5.07;-25.08;-56.45;-9.04;-8.82;2.34;-12.02;-10.73;-9.74;-21.16;-17.36;-18.10
23-12-2016;20:03:00;-4.42;4.70;-24.97;-55.95;-9.05;-8.79;2.50;-12.07;-10.66;-9.99;-21.74;-17.20;-19.03
24-12-2016;04:05:00;-4.85;4.98;-23.68;-57.68;-9.94;-8.72;1.55;-11.91;-10.65;-9.65;-21.90;-16.73;-18.91
24-12-2016;12:00:00;-5.70;5.71;-23.77;-56.92;-10.98;-8.85;1.93;-12.36;-10.45;-9.60;-22.36;-16.89;-19.26
24-12-2016;19:55:00;-4.64;6.17;-23.93;-56.65;-9.54;-8.96;1.88;-12.63;-10.58;-9.72;-21.95;-17.12;-19.55
25-12-2016;03:57:00;-3.40;6.71;-24.00;-56.74;-9.55;-8.96;1.44;-12.25;-10.61;-9.72;-21.81;-17.24;-19.72
25-12-2016;12:00:00;-4.45;6.47;-24.11;-56.36;-9.48;-8.81;1.13;-11.98;-10.46;-9.63;-22.18;-17.35;-20.00
25-12-2016;20:02:00;-5.24;7.95;-24.60;-56.87;-11.11;-8.81;1.20;-12.54;-10.18;-8.65;-22.05;-17.27;-20.09
26-12-2016;03:58:00;-5.96;7.77;-24.85;-56.91;-11.43;-8.57;1.77;-12.81;-10.24;-8.95;-22.18;-17.62;-20.51
26-12-2016;11:59:00;-5.51;9.18;-24.13;-56.73;-10.74;-8.73;1.62;-12.94;-10.27;-9.59;-22.56;-17.80;-20.30
26-12-2016;19:54:00;-5.93;10.68;-23.48;-57.07;-11.32;-8.52;2.02;-11.91;-10.30;-9.11;-22.28;-17.85;-20.47
27-12-2016;03:57:00;-7.87;10.80;-23.55;-56.71;-10.78;-8.31;1.56;-12.32;-10.06;-9.17;-22.31;-17.38;-20.27
27-12-2016;11:59:00;-8.27;10.57;-23.44;-56.34;-10.03;-8.17;1.14;-12.40;-9.93;-9.11;-22.47;-17.25;-20.49
27-12-2016;20:01:00;-8.98;10.87;-23.14;-56.24;-9.97;-8.22;0.52;-12.39;-10.12;-8.97;-22.45;-17.28;-20.36
28-12-2016;04:04:00;-9.32;10.83;-23.41;-56.62;-10.13;-8.59;0.14;-11.93;-10.06;-9.13;-22.09;-17.24;-20.02
28-12-2016;11:59:00;-9.69;10.09;-22.88;-56.40;-9.95;-8.49;-0.19;-12.35;-10.05;-8.81;-22.04;-16.91;-19.83
28-12-2016;19:54:00;-9.45;11.13;-23.04;-57.61;-10.31;-8.44;-0.50;-12.09;-9.95;-8.82;-21.87;-16.82;-19.66
29-12-2016;03:56:00;-9.00;11.84;-23.44;-57.36;-10.03;-8.43;-0.54;-11.94;-9.70;-8.40;-22.33;-16.84;-19.59
29-12-2016;11:58:00;-9.49;11.03;-23.82;-57.88;-9.67;-8.44;-0.34;-11.64;-9.70;-8.61;-21.73;-16.67;-18.95
29-12-2016;20:01:00;-9.86;10.36;-23.63;-58.37;-9.09;-8.49;-0.77;-11.72;-9.82;-8.59;-21.45;-17.06;-18.65
30-12-2016;04:03:00;-8.98;10.28;-23.35;-57.87;-8.79;-8.57;-0.23;-12.09;-9.93;-8.92;-21.45;-17.21;-18.62
30-12-2016;12:05:00;-7.83;11.60;-23.49;-58.45;-8.79;-8.83;-0.56;-12.32;-10.28;-8.19;-21.96;-17.77;-18.99
30-12-2016;20:00:00;-8.37;11.81;-23.72;-58.97;-8.77;-8.80;0.01;-12.61;-10.21;-8.40;-21.97;-18.11;-19.12
31-12-2016;03:55:00;-9.50;11.89;-23.63;-57.61;-7.42;-9.37;-0.33;-13.39;-10.91;-9.62;-22.66;-18.60;-19.64
31-12-2016;11:57:00;-7.96;11.99;-23.89;-58.53;-7.83;-9.31;-0.37;-13.11;-10.64;-9.33;-22.73;-18.52;-19.71
31-12-2016;20:00:00;-7.83;12.36;-23.82;-58.77;-7.51;-9.25;-0.85;-13.05;-10.67;-9.82;-22.52;-18.15;-19.78
01-01-2017;04:02:00;-7.58;12.45;-24.13;-59.38;-7.93;-8.76;-0.30;-12.46;-10.21;-9.63;-22.77;-17.91;-19.88
01-01-2017;12:04:00;-8.07;12.04;-23.90;-59.53;-7.98;-8.74;-0.38;-12.56;-10.32;-10.19;-22.76;-17.83;-19.87
01-01-2017;19:59:00;-7.36;11.80;-24.03;-60.72;-8.04;-8.69;-0.72;-12.39;-10.10;-9.71;-22.64;-17.87;-19.74
02-01-2017;03:54:00;-7.55;12.57;-24.31;-60.84;-7.55;-8.81;-1.32;-12.56;-9.82;-9.77;-22.48;-18.18;-19.48
02-01-2017;11:57:00;-7.43;12.45;-24.24;-61.33;-7.01;-8.78;-0.86;-12.40;-9.86;-10.09;-22.39;-18.25;-19.58
02-01-2017;19:59:00;-7.99;12.20;-24.52;-61.76;-7.06;-9.03;-0.72;-12.62;-10.07;-10.06;-22.73;-18.49;-19.77
03-01-2017;04:02:00;-7.65;12.46;-24.54;-61.75;-7.20;-9.25;-1.44;-12.87;-10.32;-10.03;-22.65;-18.37;-19.95
03-01-2017;12:04:00;-7.61;12.39;-24.48;-61.45;-7.31;-9.16;-0.44;-12.88;-10.31;-9.94;-22.77;-18.58;-19.99
03-01-2017;19:59:00;-8.01;12.15;-24.45;-60.87;-7.52;-9.47;-1.99;-13.39;-10.66;-10.45;-23.30;-18.82;-20.33
04-01-2017;03:54:00;-7.88;12.18;-24.51;-61.86;-7.51;-8.97;-1.00;-12.63;-10.35;-10.16;-23.21;-18.42;-20.15
04-01-2017;11:56:00;-8.15;11.85;-25.18;-62.64;-7.54;-8.45;-0.75;-12.88;-9.93;-9.78;-22.49;-17.55;-19.88
04-01-2017;19:59:00;-8.51;11.84;-25.52;-62.76;-7.44;-8.45;-0.66;-13.08;-9.98;-10.11;-22.48;-17.94;-19.91
05-01-2017;04:01:00;-9.14;11.65;-25.72;-62.67;-7.45;-8.46;-1.15;-13.66;-10.18;-10.39;-22.30;-18.00;-19.95
05-01-2017;12:04:00;-9.88;11.42;-25.63;-63.73;-8.32;-8.62;-1.30;-13.90;-10.45;-10.30;-22.66;-17.93;-19.87
05-01-2017;19:59:00;-10.34;11.48;-25.52;-63.78;-7.85;-8.78;-1.61;-13.88;-10.52;-10.08;-22.74;-17.97;-20.00
06-01-2017;03:54:00;-9.41;11.65;-25.64;-63.67;-7.95;-8.83;-1.47;-13.99;-10.56;-10.26;-22.77;-18.08;-20.14
06-01-2017;11:56:00;-9.83;12.30;-25.59;-64.32;-9.11;-8.92;-1.19;-13.54;-10.49;-10.31;-22.15;-17.27;-18.90
06-01-2017;19:59:00;-7.75;12.69;-25.88;-64.55;-9.81;-8.89;-0.92;-13.57;-10.36;-10.03;-22.23;-17.68;-19.06
07-01-2017;04:01:00;-7.70;12.72;-25.56;-64.34;-10.51;-8.70;-0.80;-13.86;-10.54;-10.45;-22.71;-17.25;-19.27
07-01-2017;12:04:00;-7.38;12.79;-25.86;-65.05;-10.86;-8.45;-0.64;-13.75;-10.08;-10.04;-22.45;-16.80;-19.17
07-01-2017;19:58:00;-7.43;12.68;-25.92;-65.19;-10.55;-8.38;-0.75;-13.35;-9.94;-10.08;-22.25;-17.05;-19.22
08-01-2017;03:53:00;-7.12;12.72;-26.01;-65.54;-10.86;-8.42;-0.68;-13.28;-9.96;-9.75;-22.26;-17.48;-19.30
08-01-2017;11:56:00;-5.70;12.48;-25.74;-66.00;-11.00;-8.44;-0.29;-13.13;-9.87;-9.67;-22.52;-17.44;-19.03
08-01-2017;19:58:00;-6.47;12.50;-24.89;-65.29;-10.05;-8.77;-0.26;-13.12;-10.00;-9.92;-23.01;-17.60;-19.72
09-01-2017;04:01:00;-6.91;11.74;-24.98;-65.33;-10.17;-8.82;-0.61;-12.98;-10.13;-9.92;-22.85;-18.15;-19.64
09-01-2017;12:03:00;-8.25;11.27;-24.83;-64.94;-9.60;-9.13;-0.63;-13.03;-10.46;-10.17;-22.67;-18.32;-19.60
09-01-2017;19:58:00;-7.70;11.23;-24.78;-65.95;-10.36;-8.70;0.04;-12.98;-10.15;-9.66;-22.82;-17.83;-19.78
10-01-2017;03:53:00;-8.51;10.67;-25.07;-65.37;-9.75;-9.22;-0.65;-13.66;-10.66;-10.28;-23.44;-18.22;-20.22
10-01-2017;11:55:00;-8.60;10.98;-25.15;-65.83;-9.88;-9.23;-1.56;-13.86;-10.66;-10.28;-23.71;-18.28;-20.58
10-01-2017;19:58:00;-7.69;11.67;-25.09;-66.82;-10.62;-8.82;-1.47;-13.23;-10.19;-9.57;-23.18;-18.10;-20.04
11-01-2017;04:00:00;-8.05;12.01;-24.73;-66.68;-10.03;-8.90;-1.99;-13.38;-10.37;-9.68;-23.25;-18.42;-20.73
11-01-2017;12:03:00;-7.24;12.82;-24.15;-65.74;-9.79;-9.12;-2.32;-13.60;-10.67;-9.96;-23.52;-18.91;-20.84
11-01-2017;20:05:00;-6.08;13.28;-24.13;-68.30;-10.64;-8.97;-1.76;-13.09;-10.40;-9.44;-23.61;-19.24;-20.94
12-01-2017;04:00:00;-7.39;13.16;-24.09;-67.55;-10.40;-9.42;-1.83;-13.96;-10.86;-10.10;-23.85;-19.01;-21.15
12-01-2017;11:55:00;-7.97;12.70;-23.69;-68.29;-11.06;-9.04;-1.77;-13.84;-10.66;-9.46;-24.43;-18.73;-21.26
12-01-2017;19:57:00;-6.86;12.89;-24.29;-68.13;-11.36;-8.93;-1.18;-13.63;-10.63;-9.57;-23.74;-18.48;-20.05
13-01-2017;04:00:00;-7.42;12.17;-24.36;-67.54;-11.03;-8.84;-1.85;-13.71;-10.51;-10.32;-23.96;-18.22;-19.91
13-01-2017;12:02:00;-8.07;11.77;-24.07;-67.46;-11.02;-9.08;-2.00;-14.15;-10.82;-10.11;-24.38;-18.50;-20.13
13-01-2017;20:05:00;-9.11;11.84;-23.70;-67.25;-10.30;-9.24;-1.75;-14.23;-10.93;-10.15;-23.85;-18.67;-19.71
14-01-2017;03:54:00;-8.90;12.27;-24.12;-67.49;-10.20;-9.12;-1.90;-14.29;-10.95;-10.41;-24.25;-19.11;-19.97
14-01-2017;11:54:00;-7.59;12.79;-24.63;-68.56;-10.19;-8.84;-2.22;-14.02;-10.61;-10.23;-24.17;-18.45;-19.76
14-01-2017;19:57:00;-6.40;12.29;-24.89;-69.53;-10.63;-8.60;-2.33;-13.84;-10.43;-10.11;-24.08;-17.93;-19.88
15-01-2017;03:59:00;-6.54;12.39;-24.83;-69.75;-10.83;-8.66;-3.00;-13.84;-10.55;-10.30;-24.32;-17.86;-20.05
15-01-2017;12:02:00;-6.25;12.85;-25.03;-70.17;-10.59;-8.69;-3.09;-13.62;-10.51;-10.03;-24.21;-17.62;-20.14
15-01-2017;20:06:00;-6.78;13.09;-25.10;-70.38;-10.91;-8.65;-3.34;-13.66;-10.48;-10.14;-24.29;-17.59;-20.36
16-01-2017;03:59:00;-7.94;12.99;-24.78;-70.64;-11.12;-8.73;-3.61;-14.05;-10.52;-10.37;-24.46;-17.45;-20.38
16-01-2017;11:48:00;-9.43;12.23;-24.48;-68.18;-10.61;-9.53;-4.53;-14.97;-11.35;-11.01;-24.90;-17.79;-20.46
16-01-2017;19:57:00;-9.42;12.27;-24.15;-68.27;-10.43;-9.99;-5.02;-15.11;-11.78;-11.19;-25.57;-18.07;-21.12
17-01-2017;03:59:00;-7.76;12.41;-24.53;-69.80;-11.40;-9.22;-4.24;-14.37;-11.02;-10.84;-25.00;-17.66;-20.43
17-01-2017;12:02:00;-7.11;12.68;-24.46;-68.94;-11.66;-9.43;-3.49;-13.84;-10.88;-10.76;-24.71;-17.71;-20.68
17-01-2017;20:04:00;-5.56;13.35;-25.00;-69.06;-11.45;-9.14;-4.30;-13.61;-10.96;-10.22;-24.55;-17.01;-20.12
18-01-2017;03:59:00;-5.27;12.48;-24.73;-68.19;-10.71;-9.56;-5.49;-13.26;-11.01;-10.12;-24.53;-16.94;-20.37
18-01-2017;11:54:00;-5.40;12.92;-24.84;-68.59;-12.03;-9.48;-5.21;-12.83;-10.78;-10.02;-24.56;-17.23;-20.36
18-01-2017;19:56:00;-4.74;13.39;-24.90;-68.88;-11.74;-9.68;-5.38;-13.14;-10.85;-9.90;-24.88;-17.26;-20.65
19-01-2017;03:59:00;-4.56;12.81;-24.81;-69.28;-12.38;-9.46;-5.72;-12.83;-10.76;-9.74;-24.91;-17.34;-20.91
19-01-2017;12:01:00;-4.14;12.82;-24.89;-69.61;-12.28;-9.35;-5.08;-12.60;-10.69;-9.67;-25.36;-17.14;-21.14
19-01-2017;20:04:00;-4.34;12.71;-24.82;-69.66;-12.30;-9.44;-5.25;-12.86;-10.85;-9.87;-25.31;-17.25;-20.99
20-01-2017;03:58:00;-4.19;13.02;-24.91;-69.94;-12.86;-9.37;-5.20;-13.01;-10.86;-9.83;-25.20;-17.28;-20.93
20-01-2017;11:53:00;-4.68;13.07;-24.92;-69.48;-11.66;-9.90;-5.49;-13.62;-11.32;-10.17;-25.66;-17.83;-21.30
20-01-2017;19:55:00;-4.07;13.21;-24.96;-69.73;-11.23;-9.91;-5.28;-13.57;-11.39;-10.26;-25.86;-17.73;-21.32
21-01-2017;03:58:00;-3.69;13.08;-24.82;-69.37;-11.00;-9.75;-4.92;-13.40;-11.34;-10.55;-25.96;-17.99;-21.45
21-01-2017;12:00:00;-3.72;13.01;-24.72;-69.04;-10.74;-10.02;-5.41;-13.65;-11.59;-11.00;-26.39;-18.32;-21.80
21-01-2017;20:03:00;-3.85;13.44;-24.78;-69.42;-11.04;-9.81;-5.49;-13.29;-11.30;-11.11;-25.31;-18.19;-21.50
22-01-2017;04:05:00;-4.02;13.41;-24.76;-69.73;-11.77;-9.74;-5.20;-13.38;-11.22;-10.96;-25.29;-18.26;-21.44
22-01-2017;12:00:00;-3.67;13.65;-25.06;-69.65;-11.51;-10.15;-5.62;-14.12;-11.67;-11.15;-26.43;-18.92;-22.08
22-01-2017;19:54:00;-2.33;13.45;-24.94;-70.86;-12.20;-9.70;-5.15;-13.64;-11.25;-10.63;-25.86;-18.29;-21.12
23-01-2017;03:57:00;-2.34;13.61;-24.96;-71.36;-12.52;-9.48;-5.07;-13.87;-11.06;-10.55;-26.02;-18.35;-21.30
23-01-2017;11:59:00;-2.54;13.45;-24.90;-71.63;-12.37;-9.55;-5.12;-13.83;-11.14;-10.35;-26.25;-18.34;-21.40
23-01-2017;20:02:00;-3.39;13.27;-24.83;-70.88;-11.85;-9.81;-4.87;-13.68;-11.21;-11.02;-26.29;-18.58;-21.51
24-01-2017;04:04:00;-3.45;13.28;-24.79;-70.95;-11.68;-9.75;-4.83;-13.83;-11.27;-11.32;-26.16;-18.29;-21.21
24-01-2017;11:59:00;-2.69;13.28;-24.73;-71.48;-12.34;-9.70;-4.41;-13.88;-11.25;-11.25;-25.91;-18.30;-21.26
24-01-2017;19:54:00;-2.43;13.73;-24.89;-71.36;-12.22;-9.74;-4.35;-13.80;-11.35;-11.25;-26.11;-18.67;-21.43
25-01-2017;03:56:00;-2.34;13.70;-25.03;-70.89;-11.72;-10.16;-4.67;-14.18;-11.43;-11.31;-26.34;-18.68;-21.74
25-01-2017;11:59:00;-1.62;13.69;-25.00;-71.60;-12.25;-9.75;-4.23;-13.48;-11.23;-10.74;-26.22;-18.27;-21.63
25-01-2017;20:01:00;-1.65;13.64;-25.14;-72.26;-12.29;-9.72;-4.23;-13.39;-11.31;-10.62;-26.45;-18.22;-21.40
26-01-2017;04:04:00;-1.80;13.54;-25.15;-71.98;-12.42;-9.88;-4.43;-13.37;-11.39;-10.73;-26.51;-18.44;-21.55
26-01-2017;11:58:00;-2.95;13.05;-25.22;-71.22;-10.92;-10.36;-5.24;-14.38;-11.82;-12.12;-27.11;-18.96;-22.11
26-01-2017;19:53:00;-4.49;12.57;-25.57;-69.90;-10.13;-10.62;-5.64;-15.14;-12.59;-12.92;-27.96;-20.28;-22.68
27-01-2017;03:55:00;-2.61;12.99;-24.94;-71.04;-10.97;-10.79;-5.36;-15.00;-12.75;-12.53;-27.01;-19.06;-21.75
27-01-2017;11:58:00;-3.21;13.07;-24.99;-70.38;-10.63;-10.77;-5.54;-14.87;-12.56;-12.43;-27.23;-19.11;-22.02
27-01-2017;20:00:00;-3.06;12.67;-24.07;-68.02;-12.74;-10.72;-5.28;-14.40;-11.81;-12.01;-25.10;-17.43;-20.06
28-01-2017;04:03:00;-4.16;12.62;-23.51;-67.60;-12.80;-11.09;-5.63;-14.51;-11.85;-12.57;-24.49;-17.04;-19.48
28-01-2017;11:58:00;-5.22;12.30;-23.39;-67.72;-12.54;-11.62;-6.00;-15.24;-12.38;-13.30;-24.91;-17.11;-19.66
28-01-2017;20:00:00;-4.68;12.27;-23.56;-68.24;-12.92;-11.35;-5.44;-14.87;-12.03;-13.02;-24.53;-16.92;-19.46
29-01-2017;04:00:00;-4.83;12.07;-23.48;-68.83;-13.36;-11.31;-5.27;-15.22;-11.98;-12.55;-24.32;-16.64;-19.54
29-01-2017;12:00:00;-5.12;12.10;-23.51;-68.73;-13.23;-11.34;-5.87;-15.06;-11.97;-12.69;-24.50;-16.85;-19.82
29-01-2017;20:03:00;-5.21;12.36;-23.20;-67.60;-13.01;-11.54;-6.35;-15.39;-12.24;-13.16;-24.95;-17.41;-19.98
30-01-2017;03:58:00;-5.53;12.61;-23.24;-67.18;-12.64;-11.61;-6.83;-15.65;-12.19;-13.26;-25.32;-17.61;-20.44
30-01-2017;11:53:00;-5.23;12.66;-23.44;-67.49;-12.66;-11.73;-7.22;-15.77;-12.11;-13.25;-25.33;-17.56;-20.53
30-01-2017;19:55:00;-4.91;12.68;-23.43;-67.84;-12.01;-11.52;-7.39;-15.54;-12.17;-13.02;-25.23;-17.37;-20.81
31-01-2017;03:58:00;-5.46;12.65;-23.63;-67.37;-11.77;-11.56;-7.39;-15.45;-12.27;-13.05;-25.89;-17.51;-20.83
31-01-2017;12:01:00;-5.69;12.56;-23.74;-67.52;-11.20;-11.71;-7.25;-15.73;-12.34;-13.05;-26.39;-17.95;-20.92
31-01-2017;20:03:00;-7.02;12.13;-23.60;-66.46;-10.94;-12.12;-7.69;-16.08;-12.72;-13.85;-26.86;-18.42;-21.00
01-02-2017;03:58:00;-5.80;12.07;-23.40;-67.47;-10.96;-12.27;-7.58;-16.45;-13.05;-13.60;-26.34;-18.26;-20.63
01-02-2017;11:53:00;-4.52;12.24;-23.22;-69.03;-12.57;-12.15;-6.71;-16.22;-12.81;-12.53;-26.18;-18.34;-20.46
01-02-2017;19:55:00;-4.45;12.36;-23.26;-69.56;-12.23;-11.77;-6.70;-16.01;-12.46;-12.85;-26.00;-18.19;-20.60
02-02-2017;03:58:00;-4.31;12.47;-23.38;-69.88;-11.66;-11.37;-6.45;-15.19;-12.09;-12.97;-25.98;-18.29;-20.55
02-02-2017;12:00:00;-3.78;12.54;-23.33;-70.43;-11.68;-11.26;-6.43;-14.99;-11.93;-12.84;-25.52;-17.96;-20.24
02-02-2017;20:03:00;-4.14;12.52;-23.25;-70.26;-11.83;-11.19;-6.47;-14.92;-11.85;-12.88;-25.30;-17.96;-20.07
03-02-2017;04:05:00;-4.35;12.42;-23.27;-69.86;-11.71;-11.38;-6.70;-15.21;-12.04;-12.92;-25.33;-18.08;-20.23
03-02-2017;12:00:00;-4.55;12.68;-23.35;-69.96;-11.71;-11.54;-6.79;-15.22;-12.09;-12.67;-25.24;-18.16;-20.40
03-02-2017;19:55:00;-4.01;13.63;-23.40;-70.06;-11.85;-11.45;-6.52;-15.28;-12.05;-12.62;-25.50;-18.06;-20.74
04-02-2017;03:57:00;-4.92;13.10;-23.43;-69.86;-11.42;-11.59;-6.66;-15.33;-12.21;-13.01;-25.61;-17.89;-20.77
04-02-2017;12:00:00;-4.55;13.23;-23.66;-70.86;-11.79;-11.42;-6.26;-15.04;-11.97;-12.58;-25.71;-18.20;-20.76
04-02-2017;20:02:00;-4.40;13.55;-23.59;-70.92;-11.77;-11.32;-6.04;-15.09;-11.91;-12.46;-25.44;-18.18;-20.26
05-02-2017;04:05:00;-4.40;13.51;-23.56;-70.89;-12.17;-11.22;-6.39;-15.22;-11.91;-12.48;-25.57;-18.01;-20.08
05-02-2017;11:59:00;-4.92;13.23;-23.58;-70.76;-12.45;-11.34;-6.58;-15.21;-12.04;-12.43;-25.73;-18.07;-20.31
05-02-2017;19:54:00;-4.58;13.22;-23.54;-71.55;-12.35;-11.23;-6.88;-15.06;-11.96;-12.44;-25.65;-17.94;-20.19
06-02-2017;03:57:00;-4.65;13.18;-23.66;-71.59;-12.53;-11.24;-6.63;-14.86;-11.98;-12.70;-25.78;-17.97;-20.11
06-02-2017;12:12:00;-4.89;13.10;-23.61;-71.67;-12.95;-11.33;-6.96;-15.19;-12.09;-12.71;-25.77;-18.02;-20.36
06-02-2017;20:02:00;-4.84;13.01;-23.75;-72.06;-13.29;-11.11;-6.79;-15.30;-11.98;-12.42;-25.49;-17.39;-20.30
07-02-2017;04:04:00;-4.85;13.14;-23.74;-72.22;-13.66;-11.02;-6.77;-15.31;-11.88;-12.46;-25.33;-17.48;-20.09
07-02-2017;11:59:00;-4.88;13.05;-23.56;-72.87;-13.38;-10.99;-6.56;-15.28;-11.97;-12.44;-25.49;-17.20;-19.96
07-02-2017;20:00:00;-5.17;13.25;-23.74;-72.14;-12.96;-11.04;-6.39;-15.69;-11.89;-12.61;-25.59;-17.23;-20.27
08-02-2017;03:56:00;-5.40;13.65;-23.62;-72.30;-14.09;-11.06;-6.34;-15.43;-11.87;-12.63;-25.34;-17.50;-19.83
08-02-2017;11:59:00;-5.40;13.51;-23.71;-72.44;-14.50;-11.03;-6.60;-15.43;-11.89;-12.70;-25.33;-17.30;-20.34
08-02-2017;20:02:00;-5.58;13.66;-23.67;-71.76;-14.60;-10.98;-6.12;-15.43;-11.85;-12.58;-25.18;-17.26;-20.03
09-02-2017;04:04:00;-5.79;13.64;-23.57;-72.17;-14.68;-10.89;-6.32;-15.23;-11.82;-12.60;-25.38;-17.39;-19.72
09-02-2017;11:59:00;-6.30;13.74;-23.62;-71.64;-14.05;-11.03;-6.52;-15.73;-11.97;-12.72;-25.56;-17.49;-20.01
09-02-2017;19:54:00;-6.08;13.68;-23.44;-71.57;-13.92;-10.96;-6.65;-15.59;-12.02;-12.63;-25.29;-17.18;-19.94
10-02-2017;03:56:00;-5.60;13.85;-23.64;-71.77;-13.97;-10.80;-6.46;-15.36;-11.61;-12.35;-25.15;-17.11;-19.98
10-02-2017;11:59:00;-5.53;13.71;-23.65;-72.18;-13.97;-10.88;-6.56;-15.28;-11.75;-12.48;-25.17;-17.30;-19.77
10-02-2017;20:02:00;-5.69;13.72;-23.59;-72.91;-13.92;-10.78;-6.53;-15.34;-11.69;-12.47;-25.19;-17.10;-19.71
11-02-2017;04:04:00;-5.76;13.58;-23.63;-73.01;-13.81;-10.84;-6.37;-15.33;-11.70;-12.49;-25.26;-17.21;-19.71
11-02-2017;11:59:00;-6.10;13.63;-23.66;-72.40;-13.80;-10.96;-6.28;-15.35;-11.97;-12.73;-25.29;-17.56;-19.92
11-02-2017;19:54:00;-6.52;13.61;-23.63;-72.55;-14.12;-10.97;-6.34;-15.39;-11.83;-12.60;-25.45;-17.40;-19.78
12-02-2017;03:56:00;-7.36;13.29;-23.51;-71.90;-12.85;-11.22;-6.68;-15.95;-12.15;-13.03;-25.75;-17.44;-20.01
12-02-2017;11:59:00;-7.56;13.38;-23.45;-71.38;-13.44;-11.53;-6.67;-16.03;-12.56;-13.07;-26.13;-17.55;-20.47
12-02-2017;20:01:00;-7.54;13.47;-23.40;-70.49;-13.26;-11.45;-6.88;-16.05;-12.38;-13.29;-26.00;-17.70;-20.40
13-02-2017;04:04:00;-7.70;13.38;-23.23;-70.54;-13.65;-11.51;-6.86;-16.06;-12.42;-13.55;-26.15;-17.82;-20.38
13-02-2017;11:59:00;-8.01;13.28;-23.28;-70.72;-13.34;-11.76;-7.14;-16.25;-12.74;-13.37;-26.35;-17.80;-20.72
13-02-2017;19:53:00;-7.91;13.27;-23.22;-71.44;-13.51;-11.54;-7.18;-16.06;-12.65;-13.25;-26.06;-17.64;-20.18
14-02-2017;03:56:00;-7.94;13.45;-23.37;-71.31;-13.20;-11.60;-7.15;-16.19;-12.53;-13.09;-26.08;-17.77;-20.26
14-02-2017;11:59:00;-8.08;13.39;-23.43;-70.53;-13.17;-11.86;-7.49;-16.68;-12.76;-13.30;-26.46;-18.07;-20.41
14-02-2017;20:01:00;-8.90;13.41;-23.49;-69.84;-13.07;-11.97;-7.79;-16.47;-12.73;-13.97;-26.65;-18.40;-20.63
15-02-2017;04:04:00;-10.15;12.84;-23.45;-68.90;-12.63;-12.26;-7.89;-16.78;-13.11;-14.46;-27.01;-18.54;-20.79
15-02-2017;11:58:00;-9.53;12.92;-23.08;-69.50;-12.87;-12.82;-8.28;-17.05;-13.48;-13.66;-27.18;-18.30;-21.01
15-02-2017;19:53:00;-8.21;11.25;-24.36;-69.40;-11.96;-12.80;-7.45;-16.91;-14.42;-13.73;-24.90;-17.15;-19.71
16-02-2017;03:55:00;-8.13;11.00;-23.84;-67.75;-12.02;-13.30;-7.61;-18.27;-16.36;-14.85;-24.67;-17.37;-19.20
16-02-2017;11:58:00;-8.66;10.45;-23.60;-66.94;-11.39;-13.61;-8.11;-18.78;-16.71;-15.61;-25.19;-17.59;-19.54
16-02-2017;20:01:00;-9.13;10.56;-23.64;-66.69;-10.97;-13.84;-7.91;-18.77;-16.85;-16.18;-25.66;-17.96;-20.08
17-02-2017;04:03:00;-9.50;10.71;-23.55;-66.27;-10.64;-13.93;-8.06;-19.16;-17.04;-16.39;-25.73;-17.79;-20.32
17-02-2017;12:06:00;-10.00;10.64;-23.58;-65.44;-10.57;-14.58;-8.37;-19.36;-17.82;-16.58;-25.99;-17.94;-20.44
17-02-2017;20:00:00;-9.59;11.02;-23.51;-65.43;-10.52;-14.19;-8.49;-18.90;-17.32;-16.74;-25.48;-17.46;-19.86
18-02-2017;03:55:00;-8.72;11.58;-23.89;-66.81;-10.86;-14.08;-7.90;-18.75;-17.21;-16.36;-25.71;-17.37;-19.99
18-02-2017;11:57:00;-8.71;11.43;-24.02;-67.12;-11.24;-14.02;-7.35;-18.75;-17.15;-16.02;-25.52;-17.44;-20.11
18-02-2017;20:00:00;-7.98;11.10;-24.10;-66.24;-11.17;-14.13;-7.95;-19.21;-17.21;-16.53;-25.87;-17.94;-20.71
19-02-2017;04:02:00;-6.62;10.51;-23.96;-65.74;-10.61;-14.05;-8.16;-18.64;-17.28;-16.32;-25.58;-17.67;-20.42
19-02-2017;12:05:00;-5.64;10.80;-23.90;-67.16;-11.08;-13.55;-7.55;-17.79;-16.80;-15.82;-25.51;-17.58;-20.16
19-02-2017;19:59:00;-5.79;10.98;-23.90;-67.28;-11.07;-13.52;-7.27;-17.92;-16.69;-15.80;-25.41;-17.53;-20.05
20-02-2017;03:54:00;-5.94;11.08;-23.72;-67.30;-10.89;-13.74;-7.25;-17.74;-16.75;-15.74;-25.64;-17.67;-20.06
20-02-2017;11:56:00;-7.62;11.07;-23.87;-66.90;-10.88;-13.95;-7.54;-18.35;-17.27;-15.91;-26.25;-18.18;-20.79
20-02-2017;19:59:00;-7.48;10.92;-23.65;-67.49;-11.15;-13.96;-7.98;-18.32;-17.13;-15.90;-26.18;-18.17;-20.84
21-02-2017;04:01:00;-8.01;11.35;-23.54;-66.51;-10.77;-13.98;-7.99;-18.84;-17.26;-16.19;-27.10;-19.50;-21.04
21-02-2017;12:04:00;-9.01;10.12;-22.20;-67.06;-11.93;-14.76;-9.08;-19.09;-16.89;-16.59;-25.68;-17.86;-19.62
21-02-2017;19:58:00;-9.13;10.25;-21.91;-67.20;-11.82;-14.61;-8.18;-19.31;-16.83;-16.57;-25.53;-17.37;-19.80
22-02-2017;03:53:00;-8.73;10.73;-21.39;-67.31;-11.72;-14.89;-8.90;-19.90;-16.83;-16.75;-26.15;-17.38;-20.02
22-02-2017;11:55:00;-7.92;10.22;-21.18;-67.35;-11.66;-15.16;-9.82;-20.00;-17.21;-16.85;-26.19;-17.51;-20.26
22-02-2017;19:58:00;-5.66;11.03;-21.14;-67.70;-11.79;-14.75;-8.85;-20.46;-17.01;-17.23;-25.81;-17.26;-19.43
23-02-2017;04:01:00;-4.63;10.84;-21.62;-68.95;-12.14;-14.62;-8.87;-19.30;-16.93;-16.65;-26.12;-16.49;-19.61
23-02-2017;12:03:00;-4.36;10.91;-21.67;-69.05;-12.08;-14.34;-8.11;-19.05;-16.50;-16.96;-25.90;-16.51;-19.23
23-02-2017;20:05:00;-4.53;10.60;-21.55;-69.01;-12.36;-14.43;-8.72;-19.38;-16.68;-17.10;-25.89;-16.47;-18.99
24-02-2017;04:00:00;-5.39;10.19;-21.53;-68.56;-11.81;-14.40;-8.77;-19.21;-16.70;-17.28;-25.70;-16.15;-19.75
24-02-2017;11:55:00;-5.57;10.43;-21.52;-68.83;-12.06;-14.53;-8.36;-19.19;-16.78;-16.92;-25.68;-16.30;-20.04
24-02-2017;19:58:00;-5.16;10.89;-21.72;-69.30;-12.43;-14.46;-7.90;-19.08;-16.62;-17.03;-25.58;-16.24;-19.89
25-02-2017;04:01:00;-6.65;10.78;-21.82;-68.62;-12.12;-14.45;-8.04;-19.46;-16.76;-17.06;-25.69;-16.55;-20.22
25-02-2017;12:04:00;-6.41;10.34;-21.74;-68.99;-11.94;-14.63;-8.42;-19.18;-16.96;-17.24;-25.77;-16.44;-20.61
25-02-2017;19:58:00;-5.20;10.54;-22.32;-69.85;-11.96;-14.44;-9.03;-19.49;-16.84;-17.15;-25.73;-16.74;-20.92
26-02-2017;03:53:00;-4.92;10.48;-22.56;-71.08;-11.36;-15.07;-9.45;-20.11;-17.22;-17.42;-25.93;-16.95;-21.18
26-02-2017;11:56:00;-5.04;10.65;-22.64;-69.92;-11.42;-15.28;-9.29;-20.85;-17.56;-17.42;-25.18;-17.19;-20.62
26-02-2017;19:58:00;-4.96;11.39;-22.70;-69.58;-11.21;-15.08;-9.92;-20.88;-17.36;-17.65;-25.14;-17.76;-20.81
27-02-2017;04:01:00;-4.35;11.89;-22.84;-69.81;-11.71;-14.91;-9.67;-20.62;-17.30;-17.33;-25.32;-17.04;-20.45
27-02-2017;12:03:00;-3.29;11.63;-22.78;-71.22;-12.46;-14.79;-9.30;-20.00;-17.00;-17.10;-24.35;-16.07;-19.46
27-02-2017;19:58:00;-2.20;11.54;-22.75;-70.73;-12.26;-14.63;-9.38;-19.67;-16.82;-17.09;-24.47;-16.26;-19.41
28-02-2017;03:52:00;-1.73;11.10;-22.78;-71.54;-12.27;-14.76;-9.48;-20.07;-17.02;-17.09;-25.11;-16.68;-19.75
28-02-2017;11:55:00;-3.03;11.23;-22.58;-70.52;-11.67;-15.18;-9.27;-20.59;-17.65;-17.61;-25.43;-17.04;-20.08
28-02-2017;19:58:00;-2.85;11.02;-22.94;-71.88;-12.52;-14.78;-9.00;-19.84;-16.96;-17.15;-24.99;-16.56;-19.75
01-03-2017;04:01:00;-3.31;10.93;-23.10;-72.07;-12.68;-14.53;-8.54;-19.62;-16.78;-17.11;-25.87;-17.03;-19.90
01-03-2017;12:03:00;-2.95;11.24;-23.01;-72.49;-12.31;-14.58;-8.66;-19.60;-16.83;-16.90;-25.01;-16.73;-19.91
01-03-2017;20:02:00;-2.35;11.32;-22.92;-71.95;-11.81;-14.39;-8.92;-19.40;-16.85;-16.84;-25.07;-16.28;-19.86
02-03-2017;04:04:00;-2.27;11.27;-22.73;-72.15;-11.61;-14.20;-9.13;-19.16;-16.70;-17.02;-24.78;-15.79;-19.55
02-03-2017;11:59:00;-2.50;11.58;-22.85;-72.45;-11.50;-14.16;-8.55;-19.46;-16.74;-16.57;-24.99;-16.25;-19.96
02-03-2017;19:53:00;-2.36;11.19;-22.75;-72.18;-10.84;-14.09;-8.85;-19.35;-16.77;-16.87;-25.14;-16.47;-19.71
03-03-2017;03:56:00;-2.54;11.31;-22.78;-71.82;-11.36;-13.95;-8.73;-18.95;-16.45;-16.59;-24.87;-15.88;-19.44
03-03-2017;11:58:00;-2.24;10.93;-22.43;-71.65;-11.22;-14.12;-8.23;-19.51;-16.75;-16.65;-25.16;-16.47;-20.04
03-03-2017;20:01:00;-1.71;10.79;-22.27;-71.45;-11.02;-14.09;-8.13;-19.39;-16.70;-16.70;-25.13;-16.31;-20.00
04-03-2017;04:04:00;-1.12;11.17;-22.45;-72.08;-10.94;-13.83;-7.61;-18.91;-16.33;-16.47;-24.70;-15.76;-19.52
04-03-2017;11:58:00;-1.39;11.02;-22.23;-71.53;-10.18;-14.17;-7.83;-19.43;-16.51;-16.76;-25.31;-16.64;-19.95
04-03-2017;19:53:00;-1.01;10.63;-22.00;-72.37;-11.30;-13.76;-7.38;-18.89;-16.27;-16.20;-24.72;-16.56;-19.82
05-03-2017;03:55:00;-2.40;10.40;-21.36;-73.37;-10.68;-13.66;-7.67;-18.87;-16.17;-16.16;-24.20;-16.41;-19.32
05-03-2017;11:58:00;-3.75;11.45;-21.33;-73.39;-10.72;-13.67;-7.84;-19.08;-16.13;-16.29;-24.52;-16.73;-19.52
05-03-2017;20:01:00;-4.12;11.87;-21.48;-74.06;-10.34;-13.47;-7.91;-19.11;-15.91;-16.13;-24.45;-16.30;-19.29
06-03-2017;04:03:00;-4.37;11.63;-21.64;-74.25;-10.37;-13.43;-7.50;-19.26;-15.93;-16.10;-24.61;-16.09;-19.05
06-03-2017;11:58:00;-4.10;11.58;-21.71;-74.31;-10.14;-13.48;-7.44;-19.16;-15.89;-16.18;-24.65;-16.36;-19.11
06-03-2017;19:53:00;-4.77;11.78;-21.75;-74.31;-10.33;-13.33;-7.68;-19.44;-15.90;-15.83;-24.31;-15.98;-18.79
07-03-2017;03:55:00;-5.38;11.89;-21.93;-74.21;-9.84;-13.33;-7.98;-19.94;-15.98;-16.01;-24.21;-16.20;-18.97
07-03-2017;11:58:00;-5.39;12.06;-22.25;-73.90;-10.10;-13.29;-7.73;-19.80;-15.86;-15.97;-24.10;-16.34;-18.76
07-03-2017;20:00:00;-6.15;11.92;-22.36;-74.55;-10.25;-13.13;-7.62;-19.92;-15.83;-16.22;-24.05;-16.15;-18.49
08-03-2017;04:03:00;-6.66;11.81;-22.31;-74.14;-10.15;-13.24;-7.82;-19.70;-15.83;-16.24;-24.29;-16.15;-18.48
08-03-2017;11:58:00;-6.48;11.71;-22.62;-74.85;-10.40;-13.28;-7.66;-19.60;-16.04;-15.99;-24.53;-16.04;-19.07
08-03-2017;19:53:00;-6.52;11.15;-22.29;-72.81;-10.21;-13.50;-7.71;-20.06;-16.23;-16.64;-24.99;-16.69;-19.88
09-03-2017;03:55:00;-5.19;11.14;-22.93;-73.02;-10.80;-13.61;-7.35;-20.12;-16.15;-16.43;-25.12;-16.83;-20.18
09-03-2017;11:58:00;-3.36;11.56;-23.42;-72.38;-10.73;-13.56;-6.59;-19.93;-16.23;-16.26;-25.57;-16.80;-19.96
09-03-2017;20:00:00;-3.98;11.13;-23.85;-71.98;-10.71;-13.45;-6.68;-19.97;-16.25;-16.51;-25.38;-16.42;-19.85
10-03-2017;04:03:00;-4.37;11.61;-23.86;-72.76;-11.27;-13.33;-6.27;-19.85;-16.02;-16.68;-25.20;-16.12;-20.15
10-03-2017;12:05:00;-3.37;11.90;-23.68;-73.53;-11.86;-13.51;-5.52;-19.85;-16.33;-15.96;-24.87;-15.48;-20.06
10-03-2017;20:00:00;-3.61;11.67;-22.89;-73.25;-10.87;-13.27;-5.41;-20.31;-15.99;-16.66;-25.08;-15.31;-20.08
11-03-2017;03:55:00;-4.10;11.57;-22.99;-73.38;-10.85;-13.12;-5.90;-20.28;-15.66;-16.89;-25.39;-15.06;-19.62
11-03-2017;11:57:00;-2.42;11.58;-22.50;-74.32;-11.40;-13.25;-6.48;-20.46;-16.20;-15.99;-25.15;-15.72;-19.68
11-03-2017;20:00:00;-1.46;11.92;-22.55;-74.41;-11.03;-13.09;-6.07;-20.28;-15.82;-16.35;-25.53;-15.98;-20.09
12-03-2017;04:02:00;-1.25;12.48;-22.34;-73.83;-11.20;-13.22;-6.34;-20.18;-15.79;-16.19;-25.96;-16.06;-20.06
12-03-2017;12:05:00;-0.17;12.24;-21.88;-74.07;-10.71;-13.31;-6.11;-20.69;-16.20;-16.01;-25.80;-15.96;-19.62
12-03-2017;20:00:00;-0.76;11.86;-22.20;-73.07;-9.08;-13.50;-6.32;-20.94;-16.29;-16.58;-25.52;-15.93;-19.14
13-03-2017;03:54:00;0.97;12.22;-22.41;-74.75;-10.48;-12.95;-5.88;-19.81;-15.66;-16.18;-25.24;-14.96;-19.44
13-03-2017;11:57:00;1.01;12.10;-22.35;-75.18;-10.98;-12.81;-5.91;-19.92;-15.46;-15.67;-24.81;-15.13;-18.81
13-03-2017;19:59:00;0.47;12.04;-22.24;-75.14;-11.35;-12.82;-5.93;-19.92;-15.44;-15.86;-25.06;-16.01;-19.03
14-03-2017;04:01:00;-0.50;12.26;-22.27;-74.52;-11.15;-12.94;-6.24;-20.18;-15.49;-15.94;-25.18;-15.91;-19.10
14-03-2017;12:04:00;0.18;12.49;-22.12;-74.02;-11.79;-13.10;-6.08;-19.75;-15.55;-15.62;-24.89;-15.68;-18.48
14-03-2017;19:59:00;-0.82;13.19;-22.10;-73.98;-12.19;-13.05;-6.44;-19.86;-15.46;-15.35;-25.27;-15.24;-19.07
15-03-2017;03:54:00;-1.28;13.43;-21.34;-74.39;-12.09;-13.09;-5.88;-19.92;-15.69;-15.11;-25.46;-15.27;-19.27
15-03-2017;11:56:00;-0.68;13.57;-21.33;-74.31;-11.95;-13.09;-5.24;-20.01;-15.71;-15.65;-25.57;-15.48;-19.17
15-03-2017;19:59:00;0.42;13.48;-21.03;-74.08;-12.06;-13.08;-5.81;-19.95;-15.66;-15.78;-25.91;-16.09;-18.96
16-03-2017;04:01:00;0.29;13.38;-20.76;-74.45;-12.58;-13.05;-5.35;-19.98;-15.46;-15.67;-26.22;-16.05;-19.24
16-03-2017;12:04:00;0.22;12.63;-20.85;-75.07;-11.99;-13.16;-5.93;-20.21;-15.46;-15.36;-26.33;-15.85;-19.32
16-03-2017;19:58:00;-1.12;12.15;-21.75;-75.02;-12.66;-13.44;-6.45;-20.10;-15.44;-14.95;-27.21;-15.97;-19.32
17-03-2017;03:53:00;-0.64;12.18;-21.66;-74.97;-12.47;-13.18;-5.83;-20.56;-15.53;-15.34;-27.59;-15.72;-18.73
17-03-2017;11:56:00;-1.26;12.79;-21.52;-75.28;-11.99;-13.22;-6.31;-20.51;-15.69;-15.38;-28.32;-15.48;-18.67
17-03-2017;19:58:00;-1.34;12.55;-21.54;-75.61;-11.46;-12.95;-5.88;-20.32;-15.34;-15.33;-28.18;-15.17;-18.83
18-03-2017;04:00:00;-2.21;12.00;-21.55;-75.62;-11.77;-12.74;-5.23;-20.47;-15.23;-15.22;-28.22;-14.97;-18.99
18-03-2017;12:03:00;-1.17;11.64;-21.58;-76.10;-11.89;-12.63;-4.84;-20.31;-15.12;-15.07;-27.95;-14.73;-18.55
18-03-2017;19:58:00;-1.99;12.11;-21.52;-75.34;-11.54;-12.76;-5.13;-20.64;-15.03;-15.05;-28.13;-14.58;-19.01
19-03-2017;03:53:00;-3.12;12.39;-21.31;-75.37;-12.50;-12.67;-5.74;-20.97;-14.96;-15.28;-28.10;-14.57;-18.94
19-03-2017;11:55:00;-3.01;12.00;-21.18;-75.00;-11.89;-12.81;-6.10;-21.04;-14.87;-15.11;-28.17;-14.55;-19.06
19-03-2017;19:58:00;-3.80;12.03;-20.42;-74.84;-12.14;-13.03;-6.66;-20.89;-15.11;-15.56;-26.93;-14.82;-18.88
20-03-2017;04:00:00;-3.74;13.06;-19.96;-74.40;-11.01;-13.26;-7.49;-21.45;-15.46;-15.84;-26.49;-15.11;-19.10
20-03-2017;12:02:00;-1.95;13.38;-19.71;-75.68;-10.17;-13.11;-7.06;-20.93;-15.58;-15.50;-25.69;-14.47;-18.57
20-03-2017;20:05:00;-0.89;13.04;-19.80;-76.55;-9.57;-13.05;-6.71;-20.99;-15.35;-15.72;-24.65;-14.29;-18.01
21-03-2017;04:00:00;-0.30;13.24;-20.22;-75.94;-9.79;-13.10;-6.77;-20.78;-15.44;-15.80;-25.08;-14.16;-18.59
21-03-2017;11:54:00;-0.71;12.65;-20.27;-76.33;-9.66;-12.91;-5.60;-20.67;-15.49;-15.70;-24.58;-14.16;-18.21
21-03-2017;19:53:00;-1.01;13.05;-20.36;-75.95;-9.31;-12.76;-6.40;-20.40;-15.25;-15.63;-24.91;-14.19;-18.62
22-03-2017;03:59:00;-0.90;12.73;-20.04;-75.75;-9.88;-12.71;-6.81;-20.60;-14.96;-15.09;-25.23;-14.12;-18.62
22-03-2017;12:02:00;-1.06;12.57;-20.05;-75.99;-9.44;-12.82;-7.27;-21.03;-15.31;-15.17;-25.32;-14.49;-18.45
22-03-2017;20:04:00;-0.41;12.91;-20.27;-75.48;-9.54;-12.68;-6.99;-20.99;-14.87;-14.79;-25.66;-14.18;-18.52
23-03-2017;03:59:00;-0.11;13.09;-20.49;-75.21;-9.17;-12.73;-7.29;-20.99;-14.76;-14.64;-25.82;-14.10;-18.35
23-03-2017;11:54:00;-0.13;14.13;-20.50;-73.77;-8.19;-13.18;-8.05;-21.88;-15.58;-15.15;-25.94;-15.28;-19.70
23-03-2017;19:56:00;1.52;14.33;-20.60;-73.59;-7.84;-13.35;-7.98;-21.82;-15.62;-15.38;-25.41;-15.18;-20.13
24-03-2017;03:59:00;2.32;14.53;-20.82;-75.05;-8.44;-12.83;-6.69;-20.85;-14.86;-14.95;-25.27;-14.87;-20.21
24-03-2017;12:01:00;2.79;14.78;-21.19;-75.15;-8.16;-12.69;-6.35;-20.69;-14.65;-14.81;-25.37;-14.44;-20.30
24-03-2017;20:04:00;4.14;15.20;-22.40;-75.01;-8.02;-12.81;-7.65;-20.99;-14.58;-15.10;-26.30;-14.38;-20.91
25-03-2017;03:58:00;4.82;15.42;-22.55;-74.90;-8.06;-12.76;-7.23;-21.19;-14.47;-14.81;-26.10;-13.97;-20.83
25-03-2017;11:53:00;5.27;15.41;-22.36;-74.60;-7.94;-12.53;-7.22;-21.28;-14.46;-14.85;-25.51;-13.59;-20.52
25-03-2017;19:55:00;5.85;14.54;-22.69;-73.24;-7.37;-12.78;-6.70;-21.04;-14.56;-15.13;-24.86;-13.07;-19.49
26-03-2017;03:58:00;5.81;14.03;-22.68;-73.24;-7.04;-12.92;-6.41;-21.09;-14.82;-15.23;-25.35;-12.99;-20.25
26-03-2017;12:00:00;5.99;13.98;-22.94;-73.18;-7.10;-13.06;-6.09;-21.19;-15.06;-15.19;-25.15;-12.62;-19.96
26-03-2017;20:03:00;4.64;14.69;-23.10;-72.89;-6.93;-12.76;-5.87;-20.56;-14.66;-14.91;-24.74;-12.12;-19.66
27-03-2017;04:05:00;4.56;14.60;-23.07;-73.04;-6.85;-13.05;-6.02;-20.88;-14.91;-15.29;-25.48;-12.75;-20.34
27-03-2017;12:00:00;4.73;14.67;-22.99;-73.35;-6.98;-13.45;-6.40;-21.38;-15.28;-15.16;-25.95;-13.34;-21.01
27-03-2017;19:54:00;4.35;15.05;-23.14;-74.23;-7.28;-12.71;-5.44;-20.68;-14.52;-15.14;-24.71;-12.60;-19.99
28-03-2017;03:57:00;3.91;14.49;-23.17;-74.31;-7.62;-12.72;-5.81;-21.18;-14.55;-15.05;-24.83;-12.53;-20.17
28-03-2017;11:59:00;4.30;14.02;-22.71;-74.52;-7.55;-12.76;-5.09;-20.96;-14.89;-15.25;-24.29;-12.01;-19.62
28-03-2017;20:02:00;5.52;14.03;-23.02;-74.72;-7.24;-12.48;-5.52;-21.17;-14.65;-15.33;-24.32;-11.78;-19.59
29-03-2017;04:04:00;4.49;13.64;-23.07;-74.43;-6.72;-12.74;-6.16;-21.22;-14.77;-15.58;-24.60;-12.41;-20.06
29-03-2017;11:59:00;5.17;13.35;-22.72;-74.97;-7.84;-12.71;-5.83;-20.96;-14.96;-15.40;-24.37;-12.46;-20.01
29-03-2017;19:53:00;4.05;13.95;-23.02;-74.72;-6.90;-12.65;-6.38;-21.41;-14.90;-15.74;-24.86;-12.35;-20.10
30-03-2017;03:56:00;3.84;13.84;-23.12;-74.53;-6.88;-13.03;-6.57;-21.79;-15.03;-15.73;-25.54;-12.56;-20.36
30-03-2017;11:59:00;2.79;13.74;-23.12;-75.80;-7.94;-12.94;-6.75;-21.51;-15.04;-15.61;-25.13;-12.32;-20.36
30-03-2017;20:03:00;1.61;13.88;-23.56;-74.76;-7.65;-13.05;-7.12;-21.77;-15.20;-15.49;-25.26;-12.39;-20.54
31-03-2017;03:58:00;1.21;14.11;-23.75;-74.90;-7.96;-13.00;-6.35;-21.39;-15.02;-15.25;-24.77;-12.44;-20.78
31-03-2017;11:53:00;2.38;13.52;-23.64;-74.87;-8.01;-13.46;-7.30;-21.85;-15.44;-15.24;-25.29;-12.61;-20.83
31-03-2017;19:55:00;2.71;13.97;-23.67;-74.55;-7.26;-13.51;-7.48;-22.10;-15.43;-15.98;-25.56;-12.88;-21.04
01-04-2017;03:58:00;2.90;14.00;-23.95;-75.85;-7.56;-13.56;-7.48;-21.73;-15.31;-15.72;-24.85;-12.65;-20.87
01-04-2017;12:00:00;3.62;14.12;-23.80;-77.15;-8.32;-13.20;-7.03;-21.38;-14.97;-15.06;-24.56;-12.28;-20.44
01-04-2017;20:02:00;4.00;13.95;-23.65;-77.63;-8.35;-13.31;-6.99;-21.36;-15.06;-15.18;-24.62;-12.18;-20.71
02-04-2017;04:05:00;2.82;14.03;-23.85;-77.62;-7.99;-13.59;-7.56;-21.82;-15.43;-15.77;-25.26;-13.02;-21.54
02-04-2017;11:59:00;3.26;13.56;-24.16;-77.23;-7.97;-14.42;-8.92;-22.84;-16.24;-15.58;-25.64;-13.23;-21.87
02-04-2017;19:54:00;3.53;13.37;-24.38;-76.75;-7.51;-14.03;-8.55;-22.35;-15.76;-16.13;-25.44;-12.96;-21.58
03-04-2017;03:56:00;4.07;13.54;-24.14;-77.47;-7.91;-13.62;-8.01;-21.61;-15.38;-15.91;-24.97;-12.14;-21.28
03-04-2017;11:59:00;3.46;13.16;-24.10;-77.31;-8.08;-14.27;-8.79;-22.42;-16.23;-15.63;-25.45;-12.40;-21.36
03-04-2017;20:01:00;4.64;13.69;-24.39;-78.65;-8.45;-13.70;-8.11;-21.76;-15.43;-15.57;-25.48;-12.37;-21.95
04-04-2017;04:04:00;5.81;13.72;-24.40;-79.05;-8.74;-13.43;-8.35;-21.43;-15.23;-15.89;-25.47;-12.22;-22.11
04-04-2017;11:58:00;5.23;13.64;-24.49;-78.83;-8.85;-13.52;-8.39;-21.62;-15.33;-15.89;-25.38;-12.44;-21.87
04-04-2017;19:53:00;5.91;13.75;-24.38;-79.31;-8.96;-13.63;-8.43;-21.88;-15.57;-15.73;-25.31;-12.05;-20.90
05-04-2017;03:55:00;4.95;14.50;-24.31;-79.16;-9.24;-13.79;-7.86;-22.65;-15.88;-15.86;-25.25;-12.38;-20.29
05-04-2017;11:58:00;5.11;13.74;-24.20;-80.00;-9.16;-13.41;-6.43;-21.52;-15.34;-15.61;-25.82;-12.09;-20.70
05-04-2017;20:00:00;3.69;14.37;-24.20;-79.84;-9.15;-13.39;-6.39;-21.24;-15.32;-15.49;-25.50;-12.19;-20.56
06-04-2017;04:03:00;3.63;15.36;-24.20;-80.07;-8.96;-13.43;-6.97;-21.84;-15.37;-15.82;-25.93;-12.63;-21.06
06-04-2017;12:05:00;4.48;15.58;-24.32;-79.99;-8.76;-13.73;-7.70;-22.22;-15.63;-15.73;-26.03;-12.61;-20.85
06-04-2017;20:00:00;4.54;16.45;-24.69;-80.13;-8.70;-13.74;-8.15;-22.50;-15.61;-15.87;-25.75;-12.79;-21.07
07-04-2017;03:54:00;4.70;16.03;-24.45;-80.51;-8.84;-13.49;-7.80;-21.82;-15.29;-15.64;-25.41;-11.94;-20.90
07-04-2017;11:57:00;4.57;15.78;-24.47;-81.26;-9.24;-13.59;-7.66;-21.85;-15.27;-15.58;-25.14;-11.50;-20.66
07-04-2017;19:59:00;5.17;15.79;-24.57;-81.44;-9.21;-13.68;-7.60;-21.89;-15.34;-15.55;-25.15;-11.38;-20.36
08-04-2017;04:02:00;4.80;16.20;-24.68;-81.21;-8.78;-13.83;-7.53;-22.07;-15.43;-15.66;-25.03;-11.22;-20.21
08-04-2017;12:04:00;4.83;15.82;-24.66;-81.71;-9.09;-13.57;-7.81;-22.03;-15.28;-15.86;-25.18;-11.25;-20.37
08-04-2017;19:59:00;4.76;15.80;-24.79;-82.05;-9.08;-13.63;-7.29;-21.90;-15.37;-15.52;-25.07;-11.02;-20.21
09-04-2017;03:53:00;4.94;16.08;-24.85;-82.16;-9.02;-13.62;-7.24;-21.90;-15.35;-15.61;-24.91;-10.96;-20.16
09-04-2017;11:56:00;5.39;16.19;-24.80;-82.69;-8.97;-13.56;-7.40;-21.88;-15.38;-15.83;-24.63;-10.91;-20.13
09-04-2017;19:58:00;6.20;15.96;-24.81;-82.82;-8.96;-13.58;-7.08;-21.98;-15.33;-15.66;-24.57;-10.92;-20.03
10-04-2017;04:00:00;5.91;15.95;-24.85;-82.44;-8.39;-13.76;-6.53;-22.49;-15.75;-15.51;-25.39;-11.23;-20.50
10-04-2017;12:03:00;5.87;15.86;-24.69;-83.26;-8.84;-13.72;-6.24;-22.16;-15.70;-15.64;-25.22;-11.25;-20.49
10-04-2017;20:05:00;5.78;16.16;-24.55;-83.09;-9.13;-13.60;-6.34;-22.18;-15.54;-16.10;-25.79;-10.94;-20.49
11-04-2017;04:00:00;6.27;16.26;-24.35;-83.44;-8.99;-13.46;-6.01;-22.09;-15.50;-16.02;-25.58;-10.67;-20.64
11-04-2017;11:55:00;6.91;16.23;-24.66;-83.94;-9.54;-13.46;-6.14;-21.97;-15.39;-16.09;-25.62;-10.77;-20.69
11-04-2017;19:57:00;5.83;15.78;-24.53;-84.16;-9.32;-13.79;-6.61;-22.45;-15.85;-16.27;-26.12;-10.96;-20.84
12-04-2017;03:59:00;6.71;15.76;-23.99;-84.58;-8.50;-13.94;-6.97;-23.36;-15.94;-16.60;-26.42;-11.27;-20.99
12-04-2017;12:02:00;6.57;14.84;-24.44;-82.88;-7.97;-14.27;-8.09;-23.49;-16.58;-16.31;-26.32;-11.69;-21.29
12-04-2017;20:04:00;6.80;14.99;-24.45;-83.87;-7.89;-13.82;-7.88;-23.01;-16.01;-16.78;-25.86;-11.33;-21.39
13-04-2017;03:59:00;7.58;16.09;-24.68;-84.30;-7.87;-13.54;-7.22;-22.69;-15.76;-16.17;-26.16;-11.21;-21.59
13-04-2017;11:54:00;8.21;15.98;-24.80;-85.30;-8.60;-13.15;-6.87;-22.32;-15.45;-15.88;-25.38;-10.79;-21.16
13-04-2017;19:56:00;7.30;16.44;-24.60;-84.93;-8.12;-13.31;-7.30;-22.76;-15.65;-16.45;-25.72;-11.00;-20.99
14-04-2017;03:59:00;7.31;16.27;-24.58;-84.90;-7.69;-13.14;-7.01;-22.51;-15.80;-16.63;-26.13;-11.32;-21.43
14-04-2017;12:01:00;8.01;16.10;-24.28;-85.75;-8.31;-12.84;-6.79;-22.55;-15.73;-16.15;-25.53;-11.20;-20.95
14-04-2017;20:04:00;7.07;15.96;-24.50;-86.13;-8.06;-12.70;-6.65;-22.22;-15.31;-16.05;-25.29;-10.88;-21.02
15-04-2017;03:58:00;7.49;15.81;-24.46;-86.54;-8.31;-12.70;-6.89;-22.13;-15.33;-15.88;-25.19;-10.85;-21.03
15-04-2017;11:53:00;7.46;16.05;-24.52;-85.93;-8.12;-12.68;-6.51;-22.38;-15.44;-16.02;-25.07;-10.54;-21.04
15-04-2017;19:55:00;7.65;16.13;-24.59;-86.31;-8.11;-12.53;-6.53;-22.16;-15.30;-15.80;-24.97;-9.99;-20.63
16-04-2017;03:58:00;6.49;15.54;-24.31;-85.41;-7.92;-12.79;-6.97;-22.73;-15.78;-16.26;-25.14;-10.67;-21.04
16-04-2017;12:00:00;6.08;15.63;-23.71;-86.89;-7.55;-13.11;-7.03;-23.14;-15.82;-16.29;-25.12;-10.83;-20.98
16-04-2017;20:03:00;6.92;16.13;-23.85;-86.65;-6.96;-13.19;-7.87;-23.24;-15.80;-17.05;-26.02;-10.88;-21.40
17-04-2017;04:05:00;7.47;16.73;-24.04;-88.01;-7.91;-12.72;-7.58;-22.71;-15.31;-16.39;-25.49;-10.48;-20.81
17-04-2017;12:00:00;8.19;16.72;-23.86;-88.75;-8.45;-12.74;-7.50;-23.15;-15.51;-16.05;-24.86;-9.91;-21.02
17-04-2017;19:55:00;8.24;16.54;-23.88;-89.62;-7.94;-12.72;-7.10;-22.87;-15.32;-16.28;-24.61;-10.20;-21.11
18-04-2017;03:57:00;7.60;16.43;-24.01;-89.26;-8.41;-12.69;-7.08;-22.67;-15.31;-16.26;-24.80;-10.09;-20.97
18-04-2017;11:59:00;7.55;16.45;-24.06;-89.75;-8.59;-12.69;-6.81;-23.00;-15.36;-16.50;-24.56;-10.32;-20.92
18-04-2017;20:02:00;7.54;16.87;-24.02;-89.81;-8.34;-12.71;-7.19;-22.60;-15.36;-16.54;-24.39;-10.17;-20.45
19-04-2017;04:04:00;7.59;16.93;-24.29;-90.49;-8.82;-12.74;-7.20;-22.61;-15.41;-16.31;-24.30;-10.12;-20.56
19-04-2017;11:59:00;7.51;17.13;-24.24;-90.04;-8.60;-12.78;-6.74;-22.61;-15.34;-16.42;-24.35;-9.91;-20.52
19-04-2017;19:54:00;7.58;17.60;-24.27;-89.89;-8.59;-12.79;-6.08;-22.91;-15.44;-16.30;-24.84;-10.20;-20.98
20-04-2017;03:56:00;7.44;17.58;-24.31;-89.39;-8.54;-12.78;-5.52;-22.73;-15.35;-16.18;-24.70;-10.15;-20.84
20-04-2017;11:58:00;9.04;17.84;-24.64;-89.09;-8.50;-12.95;-5.56;-22.84;-15.63;-16.13;-24.69;-10.36;-20.96
20-04-2017;20:01:00;9.56;17.59;-24.48;-89.72;-8.70;-12.79;-4.84;-22.61;-15.54;-16.17;-24.84;-9.85;-21.23
21-04-2017;04:03:00;9.48;17.52;-24.34;-90.04;-8.67;-12.86;-4.60;-22.57;-15.67;-16.06;-25.37;-9.89;-21.16
21-04-2017;11:58:00;9.73;17.32;-24.33;-89.31;-8.51;-12.97;-5.02;-22.76;-16.03;-15.83;-25.43;-10.03;-21.64
21-04-2017;19:53:00;10.04;17.84;-24.47;-89.84;-8.38;-12.76;-4.13;-22.34;-15.40;-15.98;-25.32;-9.54;-21.72
22-04-2017;03:55:00;8.70;17.17;-24.45;-89.02;-7.62;-13.20;-4.40;-22.82;-15.82;-16.72;-26.04;-10.41;-22.57
22-04-2017;11:57:00;9.78;17.50;-24.42;-90.12;-8.18;-12.75;-3.49;-22.37;-15.47;-15.93;-24.91;-9.92;-21.70
22-04-2017;20:00:00;9.88;17.65;-24.47;-90.55;-7.86;-12.57;-3.64;-22.69;-15.41;-15.81;-25.09;-9.82;-21.69
23-04-2017;04:02:00;10.49;17.89;-24.84;-89.93;-7.76;-12.57;-3.45;-22.80;-15.45;-15.71;-25.68;-10.04;-21.82
23-04-2017;12:05:00;11.41;17.73;-24.53;-90.65;-8.01;-12.70;-3.79;-22.93;-15.35;-15.94;-25.06;-9.76;-21.15
23-04-2017;19:59:00;11.68;18.01;-24.05;-89.14;-7.25;-12.92;-4.54;-23.57;-15.84;-16.27;-25.43;-10.32;-21.43
24-04-2017;03:54:00;12.44;17.75;-24.03;-88.67;-7.12;-12.95;-4.98;-23.67;-15.83;-16.16;-25.63;-10.97;-21.84
24-04-2017;11:57:00;10.97;17.47;-24.08;-89.19;-8.09;-12.68;-3.92;-23.05;-15.67;-15.36;-25.70;-10.57;-21.69
24-04-2017;19:59:00;10.63;18.12;-24.07;-89.61;-7.92;-12.51;-4.35;-22.69;-15.44;-15.50;-25.28;-10.72;-21.77
25-04-2017;04:01:00;10.16;18.27;-24.07;-89.05;-7.22;-12.63;-4.72;-23.20;-15.38;-15.85;-25.43;-11.08;-22.12
25-04-2017;12:04:00;9.54;17.26;-24.34;-89.41;-7.51;-12.40;-3.98;-23.11;-15.39;-16.28;-25.24;-10.68;-21.40
25-04-2017;19:59:00;8.06;17.24;-24.57;-89.29;-6.46;-12.43;-3.25;-22.84;-15.37;-16.04;-24.96;-11.01;-21.28
26-04-2017;03:53:00;7.87;17.14;-24.38;-89.44;-6.44;-12.40;-3.25;-22.78;-15.36;-15.97;-25.10;-11.12;-21.49
26-04-2017;11:56:00;8.30;16.80;-24.62;-90.24;-7.36;-12.36;-2.71;-22.82;-15.25;-15.95;-24.83;-10.82;-21.22
26-04-2017;19:58:00;8.52;16.61;-24.74;-89.70;-7.21;-12.38;-2.60;-22.72;-15.32;-15.75;-24.62;-10.37;-20.82
27-04-2017;04:01:00;7.84;16.16;-24.75;-89.29;-6.66;-12.57;-3.28;-23.02;-15.65;-16.15;-25.48;-11.67;-20.89
27-04-2017;12:03:00;8.90;16.13;-24.93;-89.85;-6.95;-12.39;-2.37;-22.79;-15.48;-16.19;-25.29;-11.85;-21.08
27-04-2017;19:58:00;9.59;16.15;-24.79;-90.15;-7.10;-12.32;-2.67;-22.52;-15.39;-15.74;-24.99;-11.18;-20.99
28-04-2017;03:52:00;8.88;15.99;-25.09;-90.09;-7.23;-12.28;-2.68;-22.23;-15.28;-15.95;-25.39;-11.32;-21.30
28-04-2017;11:55:00;8.71;16.63;-25.14;-91.00;-6.92;-12.26;-2.42;-22.33;-15.25;-16.06;-25.11;-11.53;-21.39
28-04-2017;19:57:00;8.70;16.38;-25.12;-90.75;-6.83;-12.27;-2.41;-22.36;-15.20;-15.84;-24.94;-11.48;-21.64
29-04-2017;04:00:00;9.23;16.26;-25.03;-90.27;-7.11;-12.30;-2.54;-22.26;-15.22;-16.12;-24.97;-11.17;-21.74
29-04-2017;12:02:00;9.71;16.45;-25.11;-91.08;-7.01;-12.36;-2.34;-22.39;-15.25;-16.21;-25.10;-11.49;-21.65
29-04-2017;20:04:00;9.37;16.48;-25.01;-90.11;-6.90;-12.43;-2.50;-22.59;-15.24;-16.40;-25.05;-11.46;-21.50
30-04-2017;03:59:00;8.64;16.12;-24.98;-89.60;-6.67;-12.64;-2.98;-22.70;-15.36;-16.56;-24.92;-11.14;-22.15
30-04-2017;11:54:00;9.01;16.48;-25.03;-90.09;-6.86;-12.35;-2.69;-22.83;-15.29;-16.36;-24.79;-11.49;-21.69
30-04-2017;19:56:00;8.71;16.45;-24.86;-89.48;-6.64;-12.44;-2.79;-22.88;-15.24;-16.64;-25.09;-11.40;-21.23
01-05-2017;03:59:00;8.33;16.18;-24.84;-88.98;-6.62;-12.48;-3.10;-23.06;-15.34;-16.77;-25.32;-11.55;-21.37
01-05-2017;12:01:00;8.62;16.16;-24.87;-89.60;-6.92;-12.56;-2.95;-23.14;-15.54;-16.80;-25.10;-11.52;-20.68
01-05-2017;20:03:00;8.86;16.07;-24.75;-88.84;-6.23;-12.54;-2.79;-22.84;-15.38;-16.73;-25.13;-10.89;-20.26
02-05-2017;03:58:00;8.16;15.69;-24.57;-89.05;-6.02;-12.72;-2.80;-23.06;-15.51;-16.80;-25.28;-10.98;-20.31
02-05-2017;11:53:00;8.42;15.49;-24.36;-89.21;-6.43;-12.89;-3.07;-23.29;-16.12;-17.34;-25.27;-11.08;-20.42
02-05-2017;19:55:00;8.35;15.82;-24.62;-89.47;-5.81;-12.71;-3.27;-22.94;-15.68;-17.30;-25.36;-11.17;-20.13
03-05-2017;03:57:00;7.90;15.84;-24.55;-89.04;-5.42;-12.96;-3.28;-23.39;-15.87;-17.52;-25.51;-11.44;-20.47
03-05-2017;12:00:00;8.69;16.29;-24.26;-89.36;-5.55;-13.15;-3.42;-22.99;-16.29;-17.42;-25.34;-11.51;-20.15
03-05-2017;20:02:00;8.71;16.40;-24.62;-89.54;-5.57;-12.73;-2.75;-22.52;-15.76;-17.51;-25.30;-11.52;-20.48
04-05-2017;04:04:00;8.10;16.18;-24.47;-88.86;-4.95;-12.87;-3.57;-22.87;-15.69;-17.59;-25.11;-11.48;-20.71
04-05-2017;11:59:00;8.45;16.28;-24.45;-89.95;-5.56;-12.94;-3.39;-22.86;-16.14;-17.99;-25.13;-11.55;-20.85
04-05-2017;19:54:00;7.81;16.21;-24.84;-89.75;-5.21;-12.92;-3.07;-22.64;-15.77;-17.46;-25.45;-11.48;-20.71
05-05-2017;03:56:00;8.28;16.16;-24.82;-89.50;-5.04;-13.19;-3.35;-23.10;-16.03;-17.56;-25.75;-12.03;-21.23
05-05-2017;11:58:00;7.51;16.83;-25.01;-90.48;-5.77;-12.93;-2.76;-22.82;-16.05;-17.06;-25.18;-11.63;-20.91
05-05-2017;20:01:00;6.59;16.66;-25.24;-90.48;-5.44;-12.82;-2.54;-22.59;-15.80;-17.43;-24.86;-11.40;-20.67
06-05-2017;04:03:00;6.10;16.51;-25.16;-90.00;-5.49;-13.18;-2.87;-23.02;-15.98;-17.59;-25.10;-11.63;-20.90
06-05-2017;12:06:00;7.26;16.80;-25.16;-90.85;-5.72;-13.10;-2.44;-22.81;-16.03;-17.24;-24.58;-11.57;-20.92
06-05-2017;20:00:00;7.27;16.68;-25.19;-90.99;-5.31;-12.93;-2.57;-22.57;-15.87;-17.47;-24.55;-11.31;-20.81
07-05-2017;03:54:00;7.77;16.72;-25.29;-90.86;-4.82;-13.16;-2.70;-22.64;-15.93;-17.18;-24.66;-11.86;-21.04
07-05-2017;11:57:00;8.08;16.72;-25.25;-91.66;-5.45;-13.02;-2.35;-22.57;-15.96;-17.24;-24.36;-11.81;-21.03
07-05-2017;19:59:00;8.83;16.69;-25.25;-91.59;-5.48;-12.81;-2.16;-22.52;-15.98;-16.99;-24.38;-11.62;-21.13
08-05-2017;04:02:00;8.87;16.58;-25.20;-91.35;-5.40;-12.84;-2.18;-22.47;-15.90;-17.19;-24.56;-11.64;-21.54
08-05-2017;12:04:00;7.90;16.67;-25.53;-91.47;-5.24;-12.75;-2.40;-22.45;-15.80;-17.39;-24.34;-11.89;-21.47
08-05-2017;19:59:00;7.28;16.65;-25.61;-91.42;-5.30;-12.68;-2.50;-22.39;-15.86;-17.23;-24.17;-11.61;-21.44
09-05-2017;03:53:00;6.67;16.36;-25.35;-91.05;-5.06;-12.97;-2.90;-22.36;-15.81;-17.48;-24.46;-11.67;-21.92
09-05-2017;11:56:00;6.66;16.11;-25.50;-91.27;-5.06;-12.89;-2.84;-22.39;-15.86;-17.61;-24.46;-12.15;-21.99
09-05-2017;19:58:00;5.06;16.28;-24.94;-91.30;-4.75;-13.22;-2.64;-22.66;-15.99;-17.95;-24.97;-12.65;-22.52
10-05-2017;04:00:00;5.34;15.88;-24.92;-90.93;-4.26;-13.36;-3.11;-22.97;-16.30;-18.44;-24.98;-12.57;-22.37
10-05-2017;12:03:00;6.67;16.00;-25.00;-91.14;-5.02;-13.24;-2.95;-22.87;-16.43;-18.02;-24.34;-12.22;-22.17
10-05-2017;20:05:00;6.36;16.52;-25.33;-92.26;-4.81;-12.92;-2.68;-22.43;-15.91;-17.79;-24.57;-12.36;-22.07
11-05-2017;04:00:00;6.15;16.07;-25.02;-91.65;-4.26;-13.45;-3.57;-23.03;-16.37;-17.80;-24.78;-12.69;-22.51
11-05-2017;11:55:00;6.42;16.45;-25.49;-92.46;-4.91;-13.08;-2.63;-22.65;-15.97;-17.29;-24.59;-12.39;-21.90
11-05-2017;19:57:00;5.96;16.89;-25.51;-91.97;-4.69;-12.81;-2.79;-22.55;-15.72;-17.64;-24.57;-12.19;-21.92
12-05-2017;03:59:00;6.50;16.74;-25.54;-92.04;-4.48;-12.81;-2.88;-22.54;-15.70;-17.57;-24.50;-12.23;-21.81
12-05-2017;12:02:00;6.43;16.50;-25.28;-91.75;-4.37;-13.17;-2.88;-22.88;-16.19;-17.79;-24.45;-12.37;-21.76
12-05-2017;20:04:00;6.84;16.96;-25.65;-91.80;-4.54;-12.88;-2.51;-22.42;-15.84;-17.77;-24.78;-12.24;-21.94
13-05-2017;03:59:00;6.78;17.02;-25.52;-91.58;-4.88;-12.84;-3.06;-22.36;-15.78;-17.72;-24.95;-12.06;-21.92
13-05-2017;11:53:00;7.38;16.94;-25.74;-92.15;-4.83;-12.83;-2.89;-22.44;-15.81;-17.51;-24.67;-12.22;-21.93
13-05-2017;19:56:00;7.63;17.14;-25.70;-92.37;-4.78;-12.76;-2.88;-22.38;-15.72;-17.57;-24.89;-12.72;-22.02
14-05-2017;03:58:00;7.05;16.80;-25.40;-91.72;-4.71;-13.00;-3.48;-22.78;-16.17;-17.38;-25.17;-12.61;-22.17
14-05-2017;12:00:00;7.12;16.51;-25.11;-92.46;-4.65;-13.51;-3.42;-23.40;-16.87;-16.59;-25.43;-12.94;-22.55
14-05-2017;20:03:00;6.63;17.05;-25.61;-92.12;-3.84;-13.28;-3.11;-22.85;-16.12;-17.96;-25.51;-13.09;-22.78
15-05-2017;04:05:00;5.75;16.55;-25.57;-91.02;-3.48;-13.79;-4.14;-23.58;-16.99;-18.02;-26.13;-13.22;-23.02
15-05-2017;12:00:00;6.95;16.47;-25.52;-92.69;-4.63;-13.76;-3.53;-23.64;-17.05;-17.52;-25.75;-12.53;-22.50
15-05-2017;19:54:00;7.66;16.79;-25.93;-94.12;-4.77;-13.10;-2.93;-22.58;-16.09;-17.87;-24.56;-11.81;-21.68
16-05-2017;03:57:00;7.58;16.58;-26.07;-93.36;-4.97;-13.10;-3.25;-22.60;-16.04;-17.64;-24.52;-12.02;-21.67
16-05-2017;11:59:00;7.49;16.50;-25.78;-93.73;-4.89;-13.45;-3.63;-22.67;-16.45;-17.59;-24.37;-11.92;-22.02
16-05-2017;20:01:00;6.18;16.24;-25.58;-92.73;-3.21;-13.50;-4.41;-23.18;-16.32;-18.25;-24.04;-12.11;-21.81
17-05-2017;04:04:00;6.11;16.07;-25.70;-92.76;-3.52;-13.35;-4.18;-22.84;-16.10;-18.02;-24.19;-12.20;-22.07
17-05-2017;11:58:00;6.41;15.58;-24.87;-90.85;-4.04;-14.42;-5.22;-24.59;-17.68;-17.33;-25.30;-12.60;-22.74
17-05-2017;19:53:00;7.61;16.47;-25.95;-93.21;-4.44;-13.16;-4.22;-22.72;-15.92;-17.90;-24.22;-11.83;-21.99
18-05-2017;03:55:00;6.63;16.72;-25.72;-93.83;-3.41;-13.38;-4.40;-23.03;-16.05;-18.01;-23.97;-12.24;-22.36
18-05-2017;11:58:00;6.46;16.77;-25.62;-95.01;-3.66;-13.14;-3.81;-22.87;-15.98;-17.36;-23.95;-12.05;-22.45
18-05-2017;20:00:00;5.86;16.81;-25.94;-94.40;-3.83;-13.25;-4.14;-22.98;-16.04;-17.99;-24.14;-12.18;-22.46
19-05-2017;04:02:00;5.88;16.60;-26.02;-93.90;-3.49;-13.55;-4.05;-23.41;-16.32;-18.00;-24.20;-12.04;-22.17
19-05-2017;12:05:00;8.13;16.49;-26.18;-94.94;-4.84;-12.87;-3.49;-22.70;-16.48;-16.97;-24.08;-11.41;-21.94
19-05-2017;19:59:00;8.17;16.37;-26.25;-95.06;-3.95;-13.42;-3.27;-22.93;-16.12;-17.81;-24.12;-10.72;-22.00
20-05-2017;03:54:00;7.73;16.60;-26.50;-95.61;-3.98;-13.30;-3.52;-22.77;-15.95;-17.51;-24.18;-10.99;-21.80
20-05-2017;11:56:00;7.92;16.43;-26.51;-96.02;-4.51;-13.32;-3.27;-22.97;-16.09;-17.49;-24.03;-10.89;-21.77
20-05-2017;19:58:00;7.51;16.66;-26.79;-96.61;-4.15;-13.20;-2.84;-22.93;-15.96;-17.68;-24.10;-11.04;-21.76
21-05-2017;04:01:00;5.02;16.52;-26.24;-95.09;-2.75;-14.34;-4.16;-24.28;-16.98;-18.23;-24.95;-12.10;-23.21
21-05-2017;12:03:00;6.83;16.60;-26.66;-96.64;-4.06;-13.85;-3.60;-23.80;-16.72;-17.25;-24.65;-11.47;-22.60
21-05-2017;20:06:00;7.21;16.75;-26.94;-97.99;-3.85;-13.24;-2.94;-23.03;-16.01;-17.40;-23.94;-10.85;-22.09
22-05-2017;04:00:00;7.30;16.77;-26.89;-98.12;-3.90;-13.38;-2.90;-23.19;-16.04;-17.45;-24.08;-11.21;-22.07
22-05-2017;11:55:00;6.99;16.35;-26.65;-97.73;-4.09;-13.66;-2.85;-23.48;-16.48;-17.65;-24.18;-11.24;-21.76
22-05-2017;19:57:00;6.29;16.20;-26.57;-97.18;-3.48;-13.97;-3.50;-23.95;-16.59;-17.71;-24.35;-11.55;-22.08
23-05-2017;03:59:00;6.82;16.36;-26.82;-98.01;-4.07;-13.81;-2.85;-23.49;-16.14;-17.64;-24.17;-11.36;-22.05
23-05-2017;12:02:00;6.70;15.95;-26.57;-97.52;-4.56;-14.23;-3.44;-24.27;-17.13;-17.38;-24.59;-11.57;-21.85
23-05-2017;20:04:00;7.12;16.45;-27.09;-98.90;-4.24;-13.53;-3.10;-23.56;-16.28;-17.64;-24.29;-11.57;-21.71
24-05-2017;03:59:00;7.01;16.47;-27.09;-98.89;-4.34;-13.58;-3.22;-23.55;-16.29;-17.65;-24.34;-11.60;-21.82
24-05-2017;11:53:00;7.36;16.44;-27.27;-99.19;-4.18;-13.47;-3.18;-23.57;-16.26;-17.67;-24.47;-11.63;-21.89
24-05-2017;19:56:00;6.97;16.48;-27.49;-98.70;-3.84;-13.49;-3.10;-23.63;-16.24;-17.48;-24.81;-11.83;-22.19
25-05-2017;03:58:00;7.08;16.61;-27.44;-98.68;-4.23;-13.56;-2.53;-23.59;-16.30;-17.32;-24.84;-11.78;-22.24
25-05-2017;12:00:00;7.08;16.72;-27.28;-99.02;-4.77;-13.38;-2.19;-23.33;-16.25;-17.28;-24.68;-11.46;-22.36
25-05-2017;20:03:00;5.96;16.73;-27.27;-98.68;-4.14;-13.68;-2.35;-23.60;-16.48;-17.69;-25.16;-11.91;-22.58
26-05-2017;04:05:00;4.70;16.54;-27.06;-97.61;-3.58;-14.14;-3.11;-24.06;-16.93;-17.98;-25.92;-12.64;-23.38
26-05-2017;11:56:00;6.68;16.17;-27.02;-99.07;-4.72;-14.22;-2.83;-24.26;-17.24;-17.30;-25.44;-12.12;-22.62
26-05-2017;19:54:00;7.00;16.44;-27.41;-99.27;-4.11;-13.84;-2.16;-23.84;-16.70;-17.60;-25.17;-12.30;-22.51
27-05-2017;03:57:00;6.56;16.45;-27.36;-98.98;-3.77;-13.87;-1.90;-23.86;-16.67;-17.80;-25.20;-12.13;-22.53
27-05-2017;11:59:00;6.30;16.58;-27.71;-98.98;-4.31;-14.28;-2.09;-24.49;-17.06;-17.17;-25.32;-12.52;-22.50
27-05-2017;20:01:00;7.69;16.61;-28.12;-100.20;-4.66;-13.53;-1.40;-23.49;-16.37;-17.49;-24.18;-11.41;-21.67
28-05-2017;04:04:00;6.73;16.37;-28.00;-99.42;-4.20;-13.92;-1.66;-24.04;-16.78;-17.69;-25.03;-11.87;-22.18
28-05-2017;11:58:00;6.95;16.01;-27.79;-99.96;-4.57;-14.01;-1.12;-24.49;-17.13;-16.79;-24.81;-11.72;-22.19
28-05-2017;19:53:00;6.82;16.23;-28.39;-99.92;-3.95;-13.79;-0.32;-24.17;-16.81;-17.62;-25.16;-12.16;-22.27
29-05-2017;03:55:00;7.09;16.31;-28.38;-100.06;-4.11;-13.68;-0.04;-23.98;-16.57;-17.35;-24.96;-11.92;-22.12
29-05-2017;11:57:00;6.14;15.76;-27.93;-99.85;-4.07;-13.87;-0.34;-24.46;-17.07;-17.26;-24.79;-11.91;-21.94
29-05-2017;19:59:00;6.71;16.34;-28.53;-99.93;-3.84;-13.66;-0.27;-23.83;-16.46;-17.59;-24.62;-11.99;-21.93
30-05-2017;04:02:00;6.45;16.42;-28.30;-100.01;-3.67;-13.78;-0.28;-23.92;-16.72;-17.57;-24.97;-11.81;-21.97
30-05-2017;12:04:00;7.00;16.34;-28.06;-102.65;-5.17;-14.59;-1.23;-24.70;-17.00;-16.95;-25.22;-12.24;-23.22
30-05-2017;19:59:00;6.79;16.40;-28.53;-100.05;-3.61;-14.07;-0.93;-24.50;-16.72;-17.91;-25.36;-11.71;-22.74
31-05-2017;03:53:00;5.28;16.57;-28.31;-100.39;-4.28;-13.95;-0.74;-24.29;-16.54;-17.56;-25.33;-11.73;-22.59
31-05-2017;11:56:00;8.07;16.54;-28.87;-101.46;-5.18;-13.52;0.24;-23.61;-16.29;-16.98;-24.62;-11.57;-22.28
31-05-2017;19:58:00;7.76;16.49;-28.62;-101.25;-4.82;-13.43;0.28;-23.46;-16.49;-17.24;-24.64;-11.81;-22.79
01-06-2017;04:01:00;8.49;16.51;-28.79;-102.03;-5.09;-13.25;0.50;-23.17;-16.19;-16.91;-24.66;-11.40;-22.65
01-06-2017;12:03:00;9.26;16.45;-29.16;-101.70;-5.41;-13.23;0.21;-23.20;-16.38;-17.05;-24.68;-11.36;-22.51
01-06-2017;20:05:00;8.67;16.48;-29.76;-101.87;-4.97;-13.39;0.16;-23.48;-16.34;-17.26;-25.13;-11.52;-22.59
02-06-2017;04:00:00;7.70;16.26;-29.38;-101.50;-4.72;-13.60;-0.20;-23.76;-16.69;-17.28;-25.09;-11.33;-22.64
02-06-2017;11:54:00;9.14;16.38;-29.57;-101.93;-5.57;-13.41;-0.10;-23.60;-16.68;-16.64;-25.09;-11.59;-22.97
02-06-2017;19:57:00;7.36;16.56;-29.68;-100.82;-4.38;-13.80;-0.77;-23.87;-16.74;-17.57;-25.87;-12.11;-24.12
03-06-2017;03:58:00;7.28;16.50;-29.76;-100.47;-4.12;-14.15;-1.47;-24.33;-16.99;-17.50;-26.27;-12.35;-24.48
03-06-2017;12:02:00;8.98;15.91;-29.38;-100.11;-4.84;-13.55;-0.54;-24.26;-17.30;-16.39;-25.51;-11.85;-23.33
03-06-2017;20:04:00;8.19;16.20;-30.10;-102.22;-4.13;-13.66;-0.17;-23.79;-16.57;-17.47;-24.83;-11.22;-23.09
04-06-2017;03:58:00;7.43;16.45;-30.04;-101.46;-4.37;-14.13;-1.32;-24.27;-16.85;-17.60;-26.00;-12.25;-24.20
04-06-2017;11:53:00;7.45;16.27;-30.00;-100.49;-4.93;-14.06;-1.33;-24.34;-17.17;-16.67;-26.39;-12.17;-24.35
04-06-2017;19:55:00;7.47;16.60;-30.60;-100.83;-3.94;-14.01;-0.90;-24.37;-16.78;-17.55;-25.72;-12.08;-23.98
05-06-2017;03:58:00;8.28;16.72;-30.91;-101.53;-4.76;-13.57;-0.58;-23.68;-16.40;-17.24;-25.54;-11.78;-23.90
05-06-2017;12:00:00;9.45;16.42;-30.94;-102.64;-5.26;-13.60;-0.08;-23.65;-16.44;-16.86;-25.55;-11.63;-23.92
05-06-2017;20:02:00;8.41;16.18;-30.63;-101.60;-4.37;-13.85;-0.79;-24.00;-16.71;-17.77;-25.94;-11.79;-23.85
06-06-2017;04:05:00;7.84;16.33;-30.67;-101.59;-3.81;-13.98;-1.15;-24.09;-16.98;-17.89;-26.45;-12.59;-24.57
06-06-2017;11:59:00;8.14;16.42;-30.48;-100.78;-4.34;-14.39;-1.68;-24.71;-17.32;-16.55;-26.64;-12.65;-24.58
06-06-2017;19:54:00;9.14;16.54;-30.89;-101.75;-4.42;-13.53;-0.08;-23.30;-16.05;-17.11;-25.16;-12.01;-23.52
07-06-2017;03:56:00;9.57;16.43;-30.92;-102.19;-4.90;-13.02;0.33;-22.87;-15.91;-16.96;-24.94;-11.85;-23.24
07-06-2017;11:58:00;9.51;16.45;-30.97;-102.29;-5.01;-13.22;-0.02;-23.18;-16.24;-17.06;-24.86;-11.89;-23.22
07-06-2017;20:01:00;9.42;16.68;-31.14;-102.89;-5.09;-13.12;0.44;-22.78;-16.01;-16.92;-25.20;-11.96;-23.44
08-06-2017;04:03:00;9.50;16.52;-31.42;-102.86;-4.92;-13.19;0.48;-22.64;-15.97;-17.03;-25.55;-12.33;-23.68
08-06-2017;11:58:00;9.68;16.50;-31.60;-102.56;-5.36;-13.22;0.29;-22.67;-15.97;-16.85;-25.53;-12.39;-23.78
08-06-2017;19:52:00;9.07;16.54;-31.80;-102.13;-4.86;-13.26;0.07;-22.96;-16.01;-17.32;-25.59;-12.45;-23.86
09-06-2017;03:55:00;7.88;16.13;-31.63;-101.03;-4.20;-14.02;-0.74;-23.86;-16.80;-17.89;-25.90;-13.05;-24.07
09-06-2017;11:57:00;9.06;16.27;-31.66;-101.39;-5.40;-14.01;-0.24;-23.51;-16.79;-16.70;-25.68;-12.50;-23.70
09-06-2017;20:00:00;6.84;16.67;-31.80;-99.99;-4.31;-13.77;-0.42;-23.36;-16.58;-18.02;-25.94;-12.63;-24.30
10-06-2017;04:02:00;6.54;16.81;-31.75;-101.08;-3.68;-13.65;-0.42;-23.54;-16.44;-17.93;-26.10;-12.53;-24.33
10-06-2017;12:04:00;7.87;16.73;-31.87;-101.27;-5.31;-13.80;-0.69;-23.77;-16.67;-15.99;-25.99;-12.58;-24.02
10-06-2017;19:59:00;7.29;16.49;-32.06;-99.42;-3.12;-14.00;-0.99;-23.51;-16.60;-18.19;-25.75;-12.64;-24.22
11-06-2017;03:53:00;7.95;16.48;-31.92;-100.22;-3.59;-13.83;-0.95;-23.40;-16.47;-18.03;-25.51;-12.17;-23.65
11-06-2017;11:56:00;8.35;16.43;-32.00;-99.36;-4.42;-13.99;-1.34;-23.92;-17.20;-16.66;-26.22;-12.73;-24.39
11-06-2017;19:58:00;7.78;17.01;-32.66;-100.03;-4.33;-13.51;-0.41;-23.10;-16.16;-17.37;-25.85;-12.52;-23.98
12-06-2017;04:01:00;7.89;16.62;-32.49;-100.39;-4.43;-13.73;-0.76;-23.22;-16.36;-17.11;-26.01;-12.47;-24.36
12-06-2017;12:03:00;9.04;16.39;-32.49;-101.00;-5.59;-13.79;-1.01;-23.20;-16.65;-15.85;-25.92;-12.58;-24.35
12-06-2017;20:05:00;8.13;16.66;-33.02;-100.06;-4.61;-13.53;-0.76;-22.79;-16.24;-17.52;-25.67;-12.50;-24.17
13-06-2017;04:00:00;8.70;16.97;-33.64;-101.16;-5.34;-13.45;-0.44;-22.52;-15.94;-16.64;-25.78;-12.55;-24.33
13-06-2017;11:54:00;8.96;16.57;-33.50;-101.27;-5.57;-13.68;-0.53;-22.91;-16.42;-16.40;-26.25;-13.01;-24.69
13-06-2017;19:57:00;7.74;16.73;-33.64;-100.95;-4.00;-13.98;-1.10;-23.01;-16.42;-17.48;-26.37;-13.24;-24.69
14-06-2017;03:59:00;7.18;16.45;-33.61;-100.72;-4.05;-13.89;-1.16;-22.94;-16.50;-17.31;-26.30;-13.17;-24.67
14-06-2017;12:01:00;9.56;16.47;-33.54;-101.14;-5.31;-13.87;-0.89;-23.06;-16.59;-16.54;-26.15;-12.69;-24.32
14-06-2017;20:04:00;8.78;16.70;-33.92;-101.65;-4.78;-13.71;-1.00;-22.98;-16.43;-17.32;-26.17;-12.46;-24.50
15-06-2017;03:58:00;8.63;16.67;-33.77;-101.37;-4.45;-13.41;-0.75;-22.64;-16.23;-17.30;-25.90;-12.26;-24.10
15-06-2017;11:53:00;8.54;16.56;-33.54;-101.18;-5.13;-13.28;-0.75;-22.81;-16.85;-16.20;-25.95;-12.37;-23.74
15-06-2017;19:55:00;7.80;16.86;-33.84;-100.73;-4.20;-13.46;-0.97;-22.67;-16.37;-17.45;-26.04;-12.35;-23.74
16-06-2017;03:57:00;6.14;16.47;-33.64;-98.95;-3.04;-14.04;-2.10;-23.51;-16.85;-18.39;-26.78;-12.58;-24.56
16-06-2017;12:00:00;7.99;16.59;-33.65;-99.75;-4.75;-13.62;-1.24;-23.22;-16.89;-16.14;-26.62;-12.39;-24.24
16-06-2017;20:02:00;8.59;16.79;-34.43;-101.62;-4.43;-12.89;-0.17;-22.08;-15.85;-17.11;-26.20;-12.01;-23.56
17-06-2017;04:05:00;7.83;16.72;-34.49;-101.34;-4.31;-13.26;-0.95;-22.39;-15.99;-17.13;-26.62;-12.28;-23.85
17-06-2017;11:59:00;9.11;16.93;-34.64;-102.38;-5.22;-13.05;-0.85;-22.17;-16.16;-16.27;-26.47;-12.09;-23.91
17-06-2017;19:54:00;7.78;16.86;-34.71;-101.42;-4.37;-13.52;-1.45;-22.49;-16.17;-17.01;-26.72;-12.25;-24.34
18-06-2017;03:56:00;9.08;16.73;-34.89;-101.58;-4.79;-13.13;-0.63;-22.05;-15.92;-16.86;-26.18;-11.38;-24.03
18-06-2017;11:59:00;9.83;16.78;-34.96;-101.48;-5.73;-12.86;-0.34;-21.97;-15.63;-16.87;-26.30;-11.36;-24.18
18-06-2017;20:01:00;9.71;16.70;-34.88;-102.13;-6.10;-12.89;-0.21;-21.81;-15.58;-16.63;-25.70;-10.71;-23.89
19-06-2017;04:03:00;9.84;16.79;-35.00;-102.20;-5.92;-12.78;-0.41;-21.84;-15.52;-16.84;-25.96;-10.69;-24.01
19-06-2017;11:58:00;9.43;16.82;-35.08;-102.19;-5.65;-13.12;-1.04;-22.50;-15.80;-16.84;-26.16;-10.53;-24.11
19-06-2017;19:52:00;8.89;16.63;-34.91;-100.82;-4.61;-13.29;-1.63;-22.52;-16.11;-17.13;-26.42;-10.84;-24.11
20-06-2017;03:55:00;9.81;16.77;-35.21;-102.07;-5.24;-12.79;-1.10;-21.66;-15.41;-16.70;-25.60;-9.94;-23.51
20-06-2017;11:57:00;9.62;16.86;-35.10;-102.03;-6.14;-12.82;-1.42;-21.85;-15.59;-16.69;-25.07;-9.76;-22.95
20-06-2017;20:00:00;9.87;16.81;-35.40;-102.03;-6.02;-12.87;-1.17;-21.80;-15.60;-16.83;-25.07;-9.83;-23.25
21-06-2017;04:02:00;9.96;16.80;-35.70;-102.69;-5.76;-12.78;-0.58;-21.72;-15.57;-16.88;-25.06;-9.97;-23.47
21-06-2017;12:04:00;10.69;16.45;-35.33;-101.87;-5.62;-13.07;-1.00;-22.51;-16.21;-16.80;-25.21;-10.17;-23.85
21-06-2017;19:58:00;10.22;16.81;-35.39;-100.71;-5.31;-13.11;-0.76;-22.24;-16.01;-16.81;-25.19;-10.16;-24.01
22-06-2017;03:53:00;9.19;16.56;-34.95;-100.21;-5.12;-13.47;-1.71;-22.78;-16.45;-17.28;-25.59;-9.99;-24.55
22-06-2017;11:56:00;9.44;16.68;-34.76;-100.98;-5.15;-13.85;-2.79;-23.18;-16.95;-16.04;-26.53;-10.54;-25.23
22-06-2017;19:58:00;10.04;16.59;-35.20;-100.84;-4.63;-13.57;-2.44;-22.84;-16.52;-16.94;-25.70;-10.09;-24.59
23-06-2017;04:01:00;9.80;16.70;-35.33;-101.44;-4.36;-13.52;-1.78;-22.78;-16.47;-17.11;-25.68;-9.80;-24.50
23-06-2017;12:03:00;8.95;16.80;-35.04;-100.76;-3.86;-14.06;-2.93;-23.57;-16.63;-17.21;-26.51;-10.19;-25.31
23-06-2017;20:05:00;10.16;17.15;-35.86;-101.08;-4.11;-13.40;-2.24;-22.63;-15.94;-16.91;-26.15;-9.70;-25.18
24-06-2017;04:00:00;11.32;17.01;-35.99;-101.67;-5.65;-12.90;-1.56;-22.02;-15.46;-16.46;-25.72;-9.28;-24.67
24-06-2017;11:54:00;11.66;16.98;-36.20;-102.71;-5.23;-12.85;-1.55;-21.95;-15.60;-16.57;-25.64;-9.42;-24.73
24-06-2017;19:57:00;11.47;16.71;-36.10;-103.01;-5.13;-13.04;-1.86;-22.23;-15.81;-16.93;-25.63;-8.90;-24.75
25-06-2017;03:59:00;11.19;16.67;-35.84;-102.21;-4.64;-13.30;-2.23;-22.49;-15.99;-16.96;-26.03;-9.20;-24.99
25-06-2017;12:02:00;11.80;16.70;-35.92;-103.11;-5.87;-13.24;-2.21;-22.49;-16.07;-15.91;-25.67;-8.99;-24.93
25-06-2017;20:04:00;10.71;16.58;-36.11;-103.38;-4.77;-13.12;-1.66;-22.51;-16.04;-17.25;-25.63;-8.54;-25.13
26-06-2017;03:58:00;10.71;16.68;-36.07;-102.58;-4.66;-13.32;-1.87;-22.78;-16.12;-16.82;-26.07;-8.63;-25.21
26-06-2017;11:53:00;11.57;16.36;-35.86;-102.34;-5.57;-12.99;-1.16;-22.44;-15.98;-16.65;-25.88;-8.68;-25.21
26-06-2017;19:55:00;11.27;16.69;-36.34;-102.97;-5.00;-12.86;-1.38;-22.19;-15.90;-16.74;-25.69;-8.87;-25.70
27-06-2017;03:58:00;10.77;16.86;-36.50;-103.04;-4.60;-12.94;-1.57;-22.37;-15.77;-16.89;-26.08;-9.14;-25.76
27-06-2017;12:00:00;11.34;16.28;-36.14;-102.01;-4.59;-12.91;-1.66;-22.50;-16.22;-16.98;-26.39;-8.90;-25.65
27-06-2017;20:02:00;10.90;16.73;-36.58;-102.82;-4.41;-12.95;-1.60;-22.17;-15.85;-17.17;-26.54;-9.01;-25.86
28-06-2017;04:05:00;9.71;16.56;-36.43;-102.98;-3.82;-13.31;-1.65;-22.87;-16.08;-17.49;-27.16;-9.69;-26.17
28-06-2017;11:59:00;10.10;16.50;-36.44;-102.09;-4.90;-13.96;-2.31;-23.56;-17.15;-16.61;-28.20;-10.12;-26.89
28-06-2017;19:54:00;10.20;16.85;-36.86;-103.59;-4.57;-13.32;-1.36;-22.32;-16.46;-17.12;-27.42;-9.78;-26.26
29-06-2017;03:56:00;9.35;16.99;-36.96;-103.65;-3.88;-13.27;-1.34;-22.31;-16.13;-17.41;-27.65;-9.62;-26.34
29-06-2017;11:59:00;10.23;16.79;-37.12;-103.51;-4.49;-12.87;-1.00;-21.76;-15.90;-16.86;-26.98;-9.15;-25.78
29-06-2017;20:01:00;10.36;16.84;-37.19;-105.21;-3.74;-12.89;-0.85;-21.54;-15.85;-16.89;-27.10;-9.20;-25.97
30-06-2017;04:03:00;10.02;16.64;-37.19;-105.33;-2.96;-13.04;-1.00;-21.62;-15.98;-17.13;-27.19;-9.14;-26.10
30-06-2017;12:05:00;10.95;16.52;-36.92;-105.59;-3.67;-12.77;-1.05;-21.40;-15.95;-17.07;-26.65;-8.69;-25.63
30-06-2017;20:00:00;9.88;16.46;-37.03;-105.44;-3.19;-13.13;-1.22;-22.01;-16.23;-17.40;-26.82;-9.01;-25.79
01-07-2017;03:54:00;9.22;16.54;-37.07;-105.10;-2.66;-13.53;-2.11;-22.37;-16.41;-17.55;-27.21;-9.61;-26.05
01-07-2017;11:57:00;7.90;16.61;-36.00;-105.84;-1.60;-14.73;-3.46;-24.01;-17.97;-16.89;-27.55;-9.54;-26.29
01-07-2017;19:59:00;8.93;16.40;-37.66;-105.24;-2.50;-13.54;-2.11;-22.57;-16.53;-17.67;-27.47;-9.64;-26.48
02-07-2017;04:02:00;9.65;16.45;-37.70;-105.99;-3.21;-13.17;-1.33;-22.17;-15.88;-16.91;-27.20;-9.29;-26.13
02-07-2017;12:04:00;9.21;16.66;-37.82;-105.53;-2.94;-13.41;-1.66;-22.42;-16.08;-17.07;-27.52;-9.55;-26.38
02-07-2017;19:58:00;9.78;16.68;-37.68;-105.33;-2.98;-13.04;-1.88;-22.07;-15.94;-16.91;-27.30;-9.70;-26.12
03-07-2017;03:53:00;10.04;16.54;-37.83;-105.87;-3.07;-12.88;-2.06;-21.94;-15.83;-16.94;-27.32;-9.66;-26.05
03-07-2017;11:55:00;9.35;16.00;-37.32;-105.31;-3.57;-13.02;-1.76;-22.23;-16.18;-16.92;-27.51;-9.33;-26.12
03-07-2017;19:58:00;9.44;16.24;-37.59;-105.08;-3.03;-13.06;-2.10;-22.04;-16.07;-17.08;-27.65;-9.54;-26.47
04-07-2017;04:00:00;8.51;16.13;-37.56;-104.58;-2.65;-13.31;-2.63;-22.50;-16.22;-17.13;-27.65;-9.84;-26.56
04-07-2017;12:02:00;9.23;15.96;-37.33;-104.66;-3.05;-13.23;-2.51;-22.50;-16.44;-17.12;-27.74;-9.69;-26.54
04-07-2017;20:05:00;9.35;16.54;-37.94;-105.36;-3.01;-12.93;-2.16;-21.91;-15.86;-16.93;-27.32;-9.62;-26.36
05-07-2017;03:59:00;8.61;16.48;-38.20;-104.70;-3.00;-13.15;-1.61;-22.27;-15.95;-17.04;-27.83;-9.84;-26.80
05-07-2017;11:54:00;9.73;15.91;-37.94;-103.29;-2.68;-13.40;-2.42;-22.87;-16.89;-17.04;-28.19;-10.09;-26.99
05-07-2017;19:56:00;9.35;16.67;-38.42;-104.27;-2.70;-12.97;-1.92;-22.11;-15.83;-17.47;-27.39;-9.56;-26.15
06-07-2017;03:59:00;8.58;16.48;-38.24;-103.92;-2.55;-13.41;-2.05;-22.57;-16.19;-17.58;-27.57;-9.55;-26.38
06-07-2017;12:01:00;7.09;16.40;-38.11;-102.43;-2.85;-14.66;-3.19;-24.26;-17.41;-16.75;-28.81;-10.61;-27.20
06-07-2017;20:03:00;7.84;16.20;-38.19;-103.49;-2.01;-13.71;-2.26;-23.03;-16.54;-18.16;-28.14;-10.17;-26.77
07-07-2017;04:06:00;8.29;16.31;-38.54;-104.01;-3.45;-13.54;-1.82;-23.02;-16.47;-17.16;-28.08;-9.95;-26.82
07-07-2017;12:00:00;8.73;16.37;-38.29;-104.00;-3.60;-14.29;-2.82;-24.22;-17.54;-16.25;-28.27;-10.34;-27.19
07-07-2017;19:55:00;7.93;16.73;-38.81;-105.41;-3.02;-13.18;-1.47;-22.92;-16.31;-17.15;-27.72;-10.11;-26.77
08-07-2017;03:57:00;6.71;16.65;-38.48;-103.43;-1.31;-13.94;-2.54;-23.78;-16.70;-18.14;-28.25;-10.71;-27.18
08-07-2017;11:59:00;7.81;16.07;-38.24;-105.67;-2.39;-13.39;-1.07;-23.31;-16.66;-17.30;-27.61;-9.93;-26.57
08-07-2017;20:02:00;7.19;16.18;-39.07;-106.25;-2.41;-13.27;-0.43;-22.89;-16.10;-17.27;-27.90;-9.85;-26.80
09-07-2017;04:04:00;7.27;16.11;-39.06;-106.16;-2.30;-13.33;-0.52;-22.90;-16.17;-17.38;-27.89;-9.63;-26.59
09-07-2017;11:59:00;7.35;16.25;-38.68;-106.28;-2.27;-13.48;-0.77;-23.34;-16.66;-17.15;-27.86;-9.69;-26.79
09-07-2017;19:53:00;6.39;16.73;-39.05;-105.95;-1.50;-13.74;-1.40;-23.60;-16.50;-18.11;-28.18;-10.23;-27.34
10-07-2017;03:56:00;5.70;16.64;-38.95;-105.19;-1.07;-14.48;-2.64;-24.56;-17.22;-18.00;-28.60;-10.80;-27.96
10-07-2017;11:58:00;6.76;16.48;-38.38;-105.94;-2.04;-14.52;-2.26;-24.34;-17.38;-17.16;-28.02;-10.60;-27.45
10-07-2017;20:00:00;5.94;16.77;-38.68;-106.40;-1.21;-13.61;-1.33;-23.42;-16.40;-18.09;-27.69;-10.10;-27.06
11-07-2017;04:03:00;6.26;16.55;-38.62;-106.51;-1.60;-13.93;-1.61;-23.54;-16.54;-17.58;-27.69;-10.60;-27.14
11-07-2017;12:05:00;6.75;16.28;-38.59;-106.24;-2.86;-13.68;-0.75;-23.66;-17.13;-16.76;-27.69;-10.51;-27.16
11-07-2017;19:59:00;5.15;16.05;-38.75;-106.87;-0.98;-13.68;-1.44;-23.51;-16.40;-17.87;-28.21;-10.15;-27.30
12-07-2017;03:54:00;5.63;16.43;-39.07;-105.95;-1.05;-13.53;-0.82;-23.18;-16.19;-17.84;-28.92;-10.09;-27.49
12-07-2017;11:47:00;6.98;16.16;-38.53;-105.50;-2.85;-13.44;-0.28;-23.07;-16.27;-16.78;-27.78;-9.97;-26.80
12-07-2017;19:58:00;5.60;16.65;-38.96;-105.31;-2.16;-13.45;-0.42;-23.12;-16.25;-17.97;-27.89;-10.37;-27.01
13-07-2017;03:52:00;5.93;16.48;-39.17;-105.72;-1.86;-13.58;-0.55;-23.60;-16.42;-17.96;-28.06;-10.59;-27.08
13-07-2017;11:55:00;7.00;16.13;-39.09;-107.15;-3.02;-13.24;0.33;-23.12;-16.17;-16.88;-27.41;-9.99;-26.50
13-07-2017;19:57:00;6.31;16.47;-39.21;-106.16;-2.27;-13.34;0.27;-23.25;-16.10;-17.91;-27.84;-10.08;-26.63
14-07-2017;03:59:00;6.17;16.42;-39.23;-106.37;-1.87;-13.40;0.11;-23.46;-16.09;-17.86;-27.73;-10.50;-26.70
14-07-2017;12:02:00;6.52;16.04;-39.38;-106.67;-2.71;-13.90;-0.36;-24.05;-16.87;-16.24;-28.36;-10.67;-27.08
14-07-2017;20:04:00;6.39;16.37;-39.74;-106.12;-1.96;-13.39;0.30;-23.48;-16.22;-17.58;-28.03;-10.16;-26.93
15-07-2017;03:59:00;5.54;16.48;-39.77;-104.94;-2.06;-13.76;-0.37;-23.83;-16.59;-17.57;-28.29;-10.79;-27.16
15-07-2017;11:53:00;6.20;16.59;-39.92;-105.75;-3.02;-13.56;-0.16;-23.81;-16.70;-17.48;-28.46;-10.95;-27.30
15-07-2017;19:56:00;6.18;16.68;-40.01;-106.53;-3.28;-13.20;0.64;-23.24;-16.22;-17.51;-28.00;-10.61;-26.94
16-07-2017;03:58:00;5.45;16.68;-40.07;-105.42;-2.15;-13.66;-0.59;-23.37;-16.35;-17.71;-28.13;-11.37;-27.58
16-07-2017;12:00:00;6.93;16.51;-40.08;-106.93;-3.47;-13.08;-0.24;-22.97;-15.96;-17.00;-27.37;-10.84;-26.90
16-07-2017;20:03:00;6.51;16.38;-40.11;-106.91;-3.18;-13.15;-0.05;-23.01;-15.95;-17.12;-27.49;-10.96;-26.79
17-07-2017;04:05:00;5.88;16.58;-39.99;-106.15;-2.18;-13.37;-0.67;-23.52;-16.13;-17.43;-28.01;-11.31;-27.18
17-07-2017;12:00:00;6.62;16.42;-40.00;-106.69;-2.51;-13.00;-0.13;-23.09;-15.81;-17.03;-27.75;-10.93;-26.91
17-07-2017;19:54:00;6.36;16.45;-40.30;-106.84;-2.38;-12.99;-0.25;-23.33;-15.86;-17.25;-27.95;-11.24;-27.15
18-07-2017;03:57:00;5.50;16.33;-40.10;-105.71;-2.23;-13.50;-0.82;-24.02;-16.31;-17.68;-28.59;-11.99;-27.70
18-07-2017;11:59:00;7.07;15.49;-38.89;-106.02;-2.45;-13.58;-0.50;-24.41;-17.14;-17.58;-28.27;-11.29;-27.29
18-07-2017;20:01:00;6.09;16.32;-39.54;-105.48;-1.90;-13.52;-0.04;-23.62;-15.99;-18.02;-28.07;-11.40;-27.32
19-07-2017;04:04:00;6.58;16.25;-40.05;-105.75;-1.96;-13.23;0.18;-23.65;-15.98;-17.67;-27.98;-11.51;-27.30
19-07-2017;11:58:00;7.13;15.99;-40.00;-104.93;-2.92;-12.54;1.54;-23.47;-16.58;-16.78;-28.48;-11.60;-27.50
19-07-2017;19:53:00;6.43;16.16;-39.96;-105.90;-2.73;-13.47;0.31;-23.87;-16.31;-17.95;-27.88;-11.41;-27.29
20-07-2017;03:55:00;5.91;16.09;-39.90;-105.23;-1.98;-13.80;-0.31;-24.35;-16.61;-18.52;-28.46;-12.06;-27.44
20-07-2017;11:57:00;5.58;15.47;-39.69;-104.25;-1.58;-14.85;-1.21;-25.75;-18.04;-17.90;-29.08;-12.29;-28.15
20-07-2017;20:00:00;6.11;16.11;-40.69;-107.41;-3.30;-13.44;0.80;-24.09;-16.31;-17.67;-28.30;-11.62;-27.80
21-07-2017;04:02:00;6.20;16.23;-40.72;-107.32;-3.34;-13.30;1.31;-24.09;-16.11;-17.56;-28.49;-12.08;-27.73
21-07-2017;12:05:00;6.17;16.23;-40.80;-107.40;-3.31;-13.61;0.57;-24.42;-16.50;-17.37;-28.62;-12.09;-27.81
21-07-2017;19:59:00;6.04;16.35;-40.79;-107.41;-3.07;-13.34;1.23;-24.17;-16.23;-17.70;-28.38;-11.87;-27.52
22-07-2017;03:54:00;5.32;16.04;-40.67;-106.33;-3.02;-13.66;0.86;-24.41;-16.54;-17.98;-28.65;-12.23;-27.76
22-07-2017;11:56:00;6.35;16.27;-40.90;-107.76;-3.74;-13.68;0.82;-24.36;-16.77;-17.00;-28.64;-12.43;-27.81
22-07-2017;19:58:00;6.52;16.42;-41.09;-108.34;-3.44;-13.41;0.76;-23.96;-16.30;-17.69;-28.32;-12.08;-27.50
23-07-2017;04:00:00;6.06;15.95;-40.53;-107.11;-3.12;-13.56;0.24;-24.36;-16.35;-18.07;-28.37;-12.15;-27.53
23-07-2017;12:03:00;6.57;15.59;-40.33;-105.89;-3.60;-14.59;-0.25;-25.26;-17.68;-17.76;-29.09;-12.57;-28.01
23-07-2017;20:05:00;5.78;15.77;-41.10;-106.57;-2.61;-14.51;-0.29;-25.05;-17.18;-18.61;-29.24;-12.63;-28.29
24-07-2017;04:00:00;5.02;15.88;-41.00;-106.55;-2.44;-13.76;0.45;-24.65;-16.30;-18.06;-29.17;-12.29;-28.01
24-07-2017;11:54:00;4.67;15.59;-40.27;-106.77;-2.33;-14.57;-0.23;-25.42;-17.48;-17.98;-29.14;-13.37;-28.21
24-07-2017;19:56:00;4.25;15.82;-40.48;-106.84;-1.60;-14.35;-0.47;-25.45;-17.08;-18.83;-28.85;-14.03;-28.25
25-07-2017;03:59:00;4.59;16.01;-40.48;-105.88;-1.40;-14.38;-0.76;-25.41;-17.08;-18.81;-28.81;-13.81;-28.21
25-07-2017;12:01:00;4.18;15.54;-39.70;-105.25;-3.22;-14.49;-0.60;-26.41;-18.40;-16.98;-29.78;-13.94;-28.57
25-07-2017;20:04:00;5.08;15.88;-41.19;-106.67;-2.94;-14.11;0.13;-25.11;-16.69;-18.54;-29.30;-13.82;-28.54
26-07-2017;03:58:00;4.71;15.73;-40.79;-106.29;-2.84;-14.28;-0.01;-25.44;-16.96;-18.48;-29.61;-14.06;-28.66
26-07-2017;11:53:00;5.82;15.25;-40.94;-104.82;-2.85;-14.68;0.35;-26.28;-18.04;-17.87;-30.56;-14.77;-29.68
26-07-2017;19:55:00;4.20;15.45;-40.77;-105.53;-1.83;-14.74;-0.05;-26.17;-17.46;-19.38;-29.84;-14.10;-29.01
27-07-2017;03:57:00;6.51;15.84;-41.06;-108.10;-2.97;-13.92;0.59;-25.09;-16.70;-18.46;-28.86;-13.16;-28.17
27-07-2017;11:59:00;6.42;15.95;-40.98;-108.37;-3.34;-14.18;0.28;-24.99;-17.00;-18.00;-29.11;-13.27;-28.41
27-07-2017;20:02:00;5.03;15.83;-41.11;-106.52;-2.37;-14.50;-0.21;-25.69;-17.32;-19.13;-29.04;-13.76;-28.51
28-07-2017;04:04:00;6.17;16.25;-40.93;-107.75;-2.69;-14.33;-0.14;-25.16;-16.99;-18.76;-28.41;-13.81;-28.15
28-07-2017;11:59:00;8.38;15.89;-40.60;-108.34;-4.56;-14.42;-0.13;-25.19;-17.19;-17.36;-27.71;-14.85;-27.58
28-07-2017;19:53:00;7.08;16.32;-40.98;-107.69;-2.12;-14.66;-0.28;-25.36;-16.90;-19.08;-28.62;-14.94;-28.47
29-07-2017;03:56:00;7.95;16.14;-40.86;-107.01;-2.29;-14.83;-1.48;-25.58;-17.05;-19.07;-28.02;-15.33;-28.10
29-07-2017;11:58:00;8.79;15.32;-40.92;-106.04;-2.63;-15.15;-1.57;-25.96;-17.66;-18.48;-28.69;-15.54;-28.66
29-07-2017;20:00:00;8.25;16.24;-41.28;-106.26;-2.18;-14.57;-1.06;-25.21;-16.76;-19.43;-27.86;-14.56;-28.28
30-07-2017;04:03:00;7.64;15.98;-41.24;-105.59;-2.06;-14.83;-1.18;-25.93;-17.32;-19.14;-28.56;-15.20;-28.78
30-07-2017;12:05:00;10.37;15.62;-41.05;-106.68;-4.28;-14.24;-1.18;-25.27;-17.55;-17.23;-28.40;-14.58;-28.50
30-07-2017;20:00:00;8.93;15.83;-41.36;-105.60;-2.78;-14.60;-1.96;-25.16;-17.12;-19.30;-28.00;-14.20;-28.17
31-07-2017;03:54:00;9.67;16.64;-41.71;-106.77;-4.02;-14.21;-1.80;-24.95;-16.74;-18.41;-27.79;-13.93;-28.28
31-07-2017;12:00:00;9.67;16.34;-41.37;-106.37;-3.38;-14.63;-2.67;-25.26;-16.88;-18.64;-28.14;-14.46;-28.42
31-07-2017;20:00:00;10.27;15.94;-41.64;-106.82;-3.63;-14.23;-2.53;-24.70;-16.44;-18.40;-27.78;-14.20;-28.13
01-08-2017;04:02:00;8.77;16.44;-41.81;-106.27;-3.53;-14.65;-3.35;-25.38;-17.04;-18.86;-28.50;-14.32;-28.54
01-08-2017;12:04:00;9.35;16.20;-41.55;-106.35;-3.46;-14.81;-3.18;-25.46;-17.18;-18.57;-28.60;-14.51;-28.55
01-08-2017;19:59:00;9.32;16.26;-41.60;-106.13;-2.93;-14.57;-3.12;-25.34;-16.96;-19.24;-28.36;-13.68;-28.28
02-08-2017;03:53:00;8.73;16.08;-41.58;-106.26;-3.30;-14.71;-3.54;-25.56;-17.10;-19.49;-28.81;-14.09;-28.69
02-08-2017;11:56:00;9.88;15.94;-41.77;-106.96;-3.67;-14.67;-2.97;-25.46;-17.07;-18.09;-28.69;-14.37;-28.61
02-08-2017;19:58:00;9.42;15.92;-41.53;-105.91;-3.15;-14.68;-2.56;-25.37;-16.95;-19.07;-28.55;-14.53;-28.45
03-08-2017;04:00:00;8.93;15.56;-41.49;-105.66;-3.08;-14.88;-2.69;-25.69;-17.30;-19.51;-28.96;-14.55;-28.75
03-08-2017;12:03:00;10.51;15.51;-41.75;-108.31;-3.80;-14.75;-1.93;-25.58;-17.46;-18.38;-28.54;-14.15;-28.36
03-08-2017;20:05:00;8.31;16.08;-41.76;-106.90;-2.20;-14.77;-2.11;-25.64;-17.21;-19.30;-28.61;-13.22;-28.67
04-08-2017;04:00:00;8.75;15.94;-41.65;-108.32;-2.87;-14.68;-1.86;-25.82;-17.20;-18.67;-28.48;-13.23;-28.73
04-08-2017;11:54:00;9.61;16.03;-41.51;-108.69;-3.58;-14.65;-2.35;-25.79;-17.29;-17.73;-28.46;-13.23;-28.69
04-08-2017;19:56:00;8.05;16.05;-41.30;-108.34;-3.38;-14.74;-2.23;-25.83;-17.33;-18.71;-28.70;-14.30;-28.76
05-08-2017;03:59:00;8.45;16.25;-41.68;-108.79;-3.08;-14.72;-2.63;-25.60;-17.24;-18.91;-28.78;-14.57;-28.90
05-08-2017;12:01:00;8.63;15.82;-41.15;-107.86;-3.63;-15.06;-2.69;-26.94;-18.18;-17.70;-29.39;-14.93;-29.43
05-08-2017;20:03:00;8.24;16.00;-41.90;-107.50;-2.62;-14.80;-2.46;-26.07;-17.31;-19.39;-29.36;-14.72;-29.47
06-08-2017;03:58:00;9.39;16.08;-42.33;-109.28;-3.27;-14.64;-2.78;-26.03;-17.10;-18.65;-29.06;-14.62;-28.99
06-08-2017;11:52:00;9.63;15.95;-42.13;-109.68;-3.92;-14.57;-3.22;-26.04;-16.97;-18.57;-28.59;-14.61;-28.87
06-08-2017;19:55:00;9.72;16.45;-42.39;-109.73;-4.15;-14.35;-2.87;-25.38;-16.75;-18.34;-28.62;-14.32;-28.88
07-08-2017;03:57:00;10.05;16.38;-42.44;-109.95;-4.76;-14.45;-2.98;-25.33;-16.78;-18.10;-28.66;-14.21;-28.84
07-08-2017;12:00:00;9.99;15.95;-42.09;-109.59;-4.96;-14.84;-3.24;-26.20;-17.70;-17.88;-28.62;-14.40;-28.91
07-08-2017;20:02:00;8.89;16.00;-42.00;-108.56;-3.53;-15.00;-3.19;-26.13;-17.51;-19.16;-28.63;-14.55;-28.95
08-08-2017;04:04:00;8.40;15.73;-41.97;-108.17;-2.87;-15.13;-3.47;-26.36;-17.55;-19.48;-28.86;-14.68;-28.96
08-08-2017;11:59:00;8.59;14.81;-41.33;-107.91;-3.40;-15.64;-3.81;-27.50;-18.84;-18.19;-29.15;-14.74;-29.21
08-08-2017;19:53:00;9.01;15.46;-42.24;-109.63;-3.87;-14.70;-2.44;-26.19;-17.47;-18.70;-28.52;-14.24;-28.82
09-08-2017;03:56:00;8.41;15.53;-42.19;-109.27;-3.77;-14.81;-2.52;-26.16;-17.57;-19.03;-28.82;-14.45;-29.01
09-08-2017;11:58:00;7.90;14.81;-41.82;-108.82;-3.89;-15.37;-3.32;-27.53;-18.71;-18.48;-29.60;-14.93;-29.45
09-08-2017;20:00:00;7.61;15.37;-42.38;-108.43;-3.12;-15.13;-3.16;-26.84;-18.04;-19.86;-29.24;-14.89;-29.11
10-08-2017;04:03:00;8.20;15.40;-42.71;-109.05;-3.05;-15.12;-3.01;-26.88;-17.75;-19.42;-29.30;-14.77;-29.08
10-08-2017;12:05:00;10.20;15.55;-42.85;-111.26;-4.48;-14.51;-1.60;-25.95;-17.17;-18.79;-28.76;-14.39;-28.62
10-08-2017;20:00:00;10.07;15.58;-42.85;-111.21;-4.64;-14.56;-1.93;-26.11;-17.26;-18.60;-28.84;-14.41;-28.65
11-08-2017;03:54:00;9.88;15.56;-42.79;-111.16;-4.77;-14.51;-1.51;-26.01;-17.29;-18.73;-28.99;-14.45;-28.84
11-08-2017;11:57:00;9.84;15.47;-42.69;-111.23;-4.72;-14.68;-1.73;-26.19;-17.37;-18.52;-29.06;-14.21;-28.83
11-08-2017;19:59:00;9.77;15.75;-42.64;-110.89;-4.77;-14.51;-1.54;-26.02;-17.29;-19.03;-28.97;-13.81;-28.85
12-08-2017;04:01:00;8.85;16.03;-42.38;-110.26;-3.50;-15.03;-2.82;-26.89;-17.78;-19.38;-29.40;-13.62;-29.28
12-08-2017;12:04:00;10.32;15.75;-42.35;-110.56;-5.08;-14.79;-2.42;-26.55;-17.62;-18.34;-29.02;-13.15;-28.93
12-08-2017;19:58:00;9.30;15.97;-42.20;-109.98;-4.01;-15.02;-2.75;-26.81;-17.94;-19.31;-29.12;-13.21;-28.94
13-08-2017;03:46:00;9.42;15.85;-42.49;-111.09;-4.67;-14.51;-1.62;-26.08;-17.40;-18.76;-28.73;-12.71;-28.69
13-08-2017;11:55:00;10.03;15.99;-42.26;-111.35;-5.15;-14.42;-1.49;-26.27;-17.32;-18.41;-28.89;-13.00;-28.62
13-08-2017;19:58:00;9.83;16.03;-42.44;-111.45;-5.17;-14.25;-1.52;-25.93;-17.14;-18.60;-28.62;-12.67;-28.37
14-08-2017;04:00:00;8.47;16.01;-42.46;-110.27;-4.42;-14.74;-2.01;-26.51;-17.63;-19.34;-28.97;-12.36;-28.80
14-08-2017;12:02:00;9.08;15.88;-42.15;-110.63;-5.24;-15.59;-2.27;-27.39;-18.35;-18.42;-29.62;-12.66;-29.39
14-08-2017;20:04:00;7.48;15.71;-41.95;-110.00;-3.88;-15.11;-2.56;-27.18;-18.05;-19.65;-29.52;-12.41;-29.18
15-08-2017;03:59:00;7.94;15.68;-42.26;-109.60;-3.76;-15.30;-2.27;-27.24;-18.00;-20.01;-29.55;-12.57;-29.35
15-08-2017;11:54:00;8.76;15.94;-42.43;-110.74;-4.52;-14.70;-1.86;-26.53;-17.58;-19.28;-29.03;-12.55;-29.08
15-08-2017;19:56:00;8.31;16.07;-42.32;-110.46;-3.45;-14.98;-2.46;-26.77;-17.83;-19.87;-29.14;-12.46;-29.02
16-08-2017;03:58:00;7.29;16.15;-42.39;-109.46;-2.82;-15.34;-3.14;-27.13;-18.02;-20.09;-30.08;-13.32;-29.91
16-08-2017;12:01:00;8.82;16.33;-42.43;-110.88;-3.99;-15.31;-3.49;-27.01;-17.89;-18.99;-29.56;-13.18;-29.42
16-08-2017;20:03:00;9.84;16.01;-42.47;-110.36;-4.07;-14.80;-1.93;-26.42;-17.48;-19.44;-29.03;-12.83;-29.00
17-08-2017;04:05:00;10.11;16.01;-42.54;-110.72;-3.70;-14.70;-1.98;-26.29;-17.41;-19.53;-29.12;-12.72;-28.96
17-08-2017;12:00:00;11.13;16.22;-42.57;-111.44;-4.27;-14.60;-1.83;-26.19;-17.50;-18.74;-29.18;-12.72;-29.07
17-08-2017;19:54:00;10.30;16.31;-42.46;-111.96;-3.94;-14.68;-2.22;-26.56;-17.53;-19.14;-29.08;-11.99;-29.05
18-08-2017;03:57:00;8.94;15.92;-41.90;-110.90;-3.71;-15.02;-2.88;-26.86;-17.81;-19.25;-29.13;-12.11;-29.09
18-08-2017;11:59:00;9.27;16.01;-41.90;-112.64;-4.78;-14.75;-2.64;-26.65;-17.85;-17.94;-29.31;-13.51;-29.15
18-08-2017;20:01:00;9.73;16.14;-42.10;-111.23;-2.92;-15.18;-4.21;-27.09;-18.40;-19.64;-29.34;-13.12;-29.47
19-08-2017;04:04:00;8.58;15.80;-41.89;-109.32;-1.22;-15.85;-5.48;-27.38;-18.65;-20.96;-29.57;-14.08;-29.61
19-08-2017;11:58:00;10.26;15.97;-42.49;-112.34;-3.90;-15.14;-3.75;-26.51;-18.03;-19.31;-29.01;-13.70;-29.05
19-08-2017;19:53:00;9.86;16.42;-42.59;-112.59;-3.88;-15.14;-4.06;-26.38;-18.07;-19.38;-29.12;-13.81;-29.09
20-08-2017;03:55:00;9.72;16.05;-42.64;-112.34;-3.76;-15.45;-4.29;-26.53;-18.29;-19.72;-29.45;-14.14;-29.37
20-08-2017;11:58:00;9.89;15.70;-42.47;-111.90;-4.68;-15.85;-4.45;-27.66;-19.08;-18.65;-29.95;-14.24;-29.73
20-08-2017;20:00:00;8.76;16.05;-42.36;-112.64;-3.59;-15.35;-3.96;-26.86;-18.37;-20.20;-29.38;-13.76;-29.51
21-08-2017;04:02:00;8.44;15.98;-42.05;-112.05;-3.19;-15.52;-4.71;-27.12;-18.31;-20.12;-29.40;-13.84;-29.50
21-08-2017;12:05:00;8.77;15.78;-41.89;-113.11;-3.95;-15.70;-4.52;-27.46;-18.97;-19.40;-29.90;-13.91;-29.82
21-08-2017;19:59:00;9.56;16.06;-42.64;-113.29;-3.28;-15.48;-4.22;-26.68;-18.34;-20.25;-29.70;-14.00;-29.51
22-08-2017;03:54:00;9.91;16.05;-42.85;-113.48;-3.77;-15.40;-3.97;-26.56;-18.32;-19.72;-29.52;-14.03;-29.56
22-08-2017;11:56:00;9.49;15.34;-41.93;-112.18;-3.79;-15.79;-4.00;-28.05;-19.50;-19.24;-30.27;-14.38;-29.69
22-08-2017;19:59:00;9.51;15.53;-42.78;-112.42;-3.29;-15.81;-3.33;-27.07;-18.88;-20.63;-29.68;-14.00;-29.51
23-08-2017;04:01:00;9.58;15.63;-42.95;-112.54;-3.27;-15.66;-3.36;-26.87;-18.72;-20.54;-29.45;-13.99;-29.41
23-08-2017;12:03:00;8.92;15.63;-43.11;-112.21;-3.55;-16.54;-4.57;-28.35;-19.57;-19.71;-30.66;-14.62;-30.42
23-08-2017;20:05:00;9.28;15.52;-43.28;-112.22;-3.44;-16.08;-4.30;-27.40;-19.05;-20.90;-30.01;-14.47;-29.72
24-08-2017;04:00:00;8.85;15.83;-43.33;-112.77;-3.66;-15.85;-4.05;-27.03;-18.68;-20.69;-30.06;-14.38;-29.77
24-08-2017;11:55:00;12.52;15.68;-43.59;-111.94;-4.91;-15.42;-2.99;-27.36;-19.49;-18.27;-30.77;-14.23;-30.15
24-08-2017;19:57:00;9.92;15.68;-43.04;-113.66;-3.76;-16.07;-3.81;-27.23;-19.02;-20.97;-30.08;-13.79;-29.59
25-08-2017;03:59:00;9.31;16.06;-43.41;-114.06;-4.12;-15.76;-3.81;-26.91;-18.76;-20.93;-30.18;-13.67;-29.72
25-08-2017;12:02:00;10.82;15.55;-42.95;-114.13;-5.00;-15.24;-3.12;-27.13;-19.26;-19.66;-30.54;-13.63;-29.86
25-08-2017;20:04:00;9.15;15.80;-43.25;-113.35;-4.06;-15.89;-3.68;-27.39;-18.84;-21.23;-30.07;-13.50;-29.67
26-08-2017;03:58:00;10.46;15.84;-43.31;-114.62;-4.90;-15.79;-3.51;-27.09;-18.67;-20.16;-30.00;-13.45;-29.46
26-08-2017;11:53:00;10.62;15.34;-43.16;-114.18;-5.55;-15.35;-2.89;-27.31;-19.17;-19.24;-30.58;-13.78;-29.85
26-08-2017;19:55:00;9.76;15.87;-43.42;-114.34;-5.16;-15.79;-3.39;-27.25;-18.66;-20.10;-30.09;-13.59;-29.56
27-08-2017;03:58:00;10.57;15.64;-43.45;-114.07;-4.75;-15.94;-3.44;-27.22;-18.73;-20.26;-30.14;-13.53;-29.62
27-08-2017;12:00:00;9.89;15.52;-43.11;-113.19;-5.36;-16.11;-3.97;-27.86;-19.52;-19.31;-31.22;-14.33;-30.24
27-08-2017;20:02:00;9.91;15.54;-43.51;-113.77;-4.82;-16.24;-3.76;-27.64;-19.14;-20.41;-30.66;-14.02;-30.11
28-08-2017;04:04:00;9.86;15.43;-43.63;-114.32;-4.40;-16.09;-3.71;-27.54;-19.01;-20.70;-30.51;-13.71;-29.91
28-08-2017;11:59:00;10.67;15.61;-43.69;-115.06;-4.76;-15.90;-3.59;-27.27;-18.89;-20.21;-30.31;-13.56;-29.83
28-08-2017;19:54:00;9.16;16.28;-43.49;-114.81;-4.39;-16.12;-3.39;-27.56;-19.07;-20.59;-30.37;-13.99;-30.12
29-08-2017;03:56:00;9.38;16.40;-43.50;-115.92;-4.77;-15.86;-3.34;-27.43;-18.88;-20.08;-30.27;-13.85;-29.98
29-08-2017;11:58:00;10.11;15.92;-43.49;-116.03;-4.85;-15.78;-3.39;-27.38;-18.81;-19.78;-29.97;-13.71;-29.80
29-08-2017;20:00:00;10.32;15.77;-43.44;-116.32;-5.51;-15.51;-3.16;-26.94;-18.50;-19.73;-29.68;-13.34;-29.62
30-08-2017;04:03:00;10.36;15.70;-43.41;-116.24;-5.16;-15.48;-2.93;-26.98;-18.42;-19.76;-29.76;-13.12;-29.50
30-08-2017;12:05:00;10.36;15.88;-43.51;-116.19;-4.96;-15.63;-2.97;-27.11;-18.51;-20.02;-29.96;-13.41;-29.60
30-08-2017;20:00:00;9.53;15.80;-43.47;-115.26;-4.18;-15.93;-3.24;-27.20;-18.81;-20.42;-29.97;-13.36;-29.65
31-08-2017;03:54:00;8.79;15.62;-43.32;-114.49;-4.18;-16.05;-3.45;-27.08;-18.71;-20.43;-30.09;-13.41;-29.70
31-08-2017;11:57:00;10.45;15.23;-43.31;-113.68;-5.26;-16.32;-3.26;-27.76;-19.92;-19.38;-30.99;-14.15;-30.55
31-08-2017;19:59:00;8.68;15.85;-43.57;-115.01;-4.12;-16.31;-3.80;-27.54;-19.12;-20.57;-30.14;-13.78;-30.10
01-09-2017;04:01:00;6.65;15.82;-43.65;-112.96;-3.21;-16.70;-4.53;-28.14;-19.54;-21.09;-31.03;-14.65;-30.91
01-09-2017;12:04:00;8.04;15.60;-43.20;-112.82;-4.38;-16.34;-3.61;-27.96;-19.95;-19.28;-31.08;-14.98;-30.99
01-09-2017;19:58:00;6.66;15.85;-43.25;-114.38;-3.97;-15.94;-3.73;-27.18;-18.98;-21.11;-30.00;-14.63;-30.22
02-09-2017;03:53:00;7.09;15.92;-43.53;-114.79;-4.40;-15.80;-3.38;-26.83;-18.27;-20.07;-29.97;-14.21;-29.95
02-09-2017;11:55:00;7.26;15.36;-43.19;-114.11;-4.64;-15.86;-3.10;-27.31;-19.33;-19.94;-30.59;-14.69;-30.34
02-09-2017;19:58:00;6.45;15.32;-42.97;-113.95;-3.84;-16.22;-3.32;-27.47;-19.24;-21.12;-30.01;-14.41;-30.18
03-09-2017;04:00:00;4.82;15.43;-43.12;-113.32;-2.79;-16.80;-4.42;-28.34;-19.50;-21.97;-30.79;-14.80;-30.69
03-09-2017;12:02:00;6.60;15.39;-43.61;-114.72;-3.33;-16.97;-3.82;-28.63;-20.23;-20.23;-31.10;-15.30;-30.85
03-09-2017;20:05:00;7.45;15.57;-43.87;-116.02;-4.11;-15.85;-2.22;-27.25;-18.79;-20.32;-30.19;-14.52;-29.87
04-09-2017;03:59:00;6.91;15.49;-43.77;-115.53;-4.08;-15.91;-2.50;-27.30;-18.83;-20.61;-30.19;-14.70;-29.95
04-09-2017;11:54:00;8.13;15.61;-43.69;-116.60;-4.57;-15.74;-2.30;-27.10;-18.77;-20.13;-30.27;-14.61;-29.96
04-09-2017;19:56:00;8.09;15.72;-43.94;-116.74;-4.41;-15.76;-2.18;-27.12;-18.71;-20.21;-30.32;-14.55;-29.97
05-09-2017;03:58:00;7.96;15.70;-43.91;-116.57;-4.40;-15.83;-2.13;-27.12;-18.67;-20.26;-30.30;-14.67;-30.12
05-09-2017;12:01:00;7.45;15.76;-43.60;-115.99;-4.00;-16.08;-2.55;-27.33;-18.94;-20.32;-30.46;-14.71;-30.26
05-09-2017;20:07:00;6.31;16.02;-43.64;-116.30;-3.16;-16.01;-3.01;-26.78;-19.05;-20.52;-30.61;-15.44;-30.43
06-09-2017;04:05:00;6.17;15.91;-43.74;-116.15;-3.41;-15.86;-2.06;-26.08;-18.82;-20.41;-30.70;-15.32;-30.44
06-09-2017;12:00:00;5.25;15.35;-43.35;-115.09;-3.26;-16.51;-2.74;-27.58;-19.96;-20.12;-31.44;-16.31;-31.13
06-09-2017;19:54:00;4.27;15.45;-43.42;-115.67;-2.68;-16.39;-2.59;-27.40;-19.53;-21.27;-31.61;-15.86;-31.44
07-09-2017;03:57:00;5.21;15.43;-43.55;-115.77;-3.02;-16.62;-2.46;-27.15;-19.56;-21.47;-30.84;-15.71;-31.07
07-09-2017;11:59:00;6.45;14.89;-42.85;-116.50;-3.40;-17.28;-3.12;-28.02;-20.63;-20.80;-31.41;-16.25;-30.89
07-09-2017;20:01:00;5.22;15.61;-43.75;-117.96;-2.85;-16.65;-2.34;-26.89;-19.46;-21.85;-31.00;-16.78;-31.14
08-09-2017;04:04:00;7.51;15.58;-44.05;-119.21;-5.24;-16.19;-1.88;-26.41;-18.75;-20.39;-30.56;-16.37;-30.71
08-09-2017;11:58:00;8.55;15.33;-44.00;-120.21;-5.26;-16.06;-1.14;-26.32;-18.79;-20.10;-30.54;-16.23;-30.51
08-09-2017;19:53:00;8.61;15.40;-44.12;-120.15;-4.82;-16.02;-1.10;-26.37;-18.86;-20.47;-30.35;-16.19;-30.53
09-09-2017;03:55:00;7.02;15.35;-43.75;-119.56;-4.44;-16.47;-1.55;-26.73;-19.36;-21.06;-31.09;-16.52;-31.09
09-09-2017;11:58:00;8.41;15.16;-43.22;-120.35;-6.00;-16.37;-1.30;-26.60;-19.36;-19.40;-30.68;-15.67;-30.49
09-09-2017;20:00:00;7.32;15.50;-43.63;-118.77;-4.95;-16.60;-1.28;-27.00;-19.39;-21.45;-30.71;-16.04;-30.93
10-09-2017;04:02:00;7.78;15.34;-43.81;-117.83;-4.30;-17.13;-1.45;-27.69;-19.79;-22.04;-31.36;-16.63;-31.28
10-09-2017;12:05:00;8.79;15.11;-43.91;-117.54;-5.37;-17.59;-1.31;-28.50;-20.77;-20.66;-31.74;-16.84;-31.47
10-09-2017;19:59:00;8.26;15.49;-43.95;-118.71;-5.10;-16.98;-0.16;-27.66;-19.76;-21.53;-31.32;-16.48;-31.24
11-09-2017;03:54:00;10.01;15.56;-44.19;-119.92;-6.35;-16.13;0.90;-26.75;-19.10;-20.57;-30.63;-15.93;-30.55
11-09-2017;11:56:00;9.05;15.46;-43.82;-118.02;-5.18;-16.80;1.04;-27.12;-20.03;-20.80;-31.32;-15.92;-30.99
11-09-2017;19:59:00;7.59;15.70;-43.97;-118.34;-4.68;-16.65;0.98;-27.10;-19.68;-21.77;-31.38;-16.26;-31.23
12-09-2017;04:01:00;8.26;15.29;-43.71;-117.30;-4.78;-17.00;0.61;-27.41;-20.08;-21.95;-31.16;-16.08;-30.98
12-09-2017;12:03:00;8.51;15.12;-43.32;-118.22;-5.08;-17.01;0.11;-27.55;-20.34;-21.28;-31.43;-15.81;-31.23
12-09-2017;19:58:00;7.14;15.75;-44.42;-118.02;-4.87;-17.08;0.73;-27.23;-19.72;-21.79;-31.96;-16.27;-31.62
13-09-2017;03:53:00;8.52;15.67;-44.49;-118.25;-5.54;-16.66;1.44;-26.85;-19.58;-21.25;-31.27;-15.80;-30.97
13-09-2017;11:55:00;9.52;15.13;-43.86;-116.88;-6.13;-16.25;1.01;-27.48;-20.49;-19.52;-31.88;-16.20;-31.19
13-09-2017;19:57:00;9.05;15.83;-44.33;-118.85;-5.93;-15.99;1.60;-26.16;-18.84;-20.68;-31.09;-16.05;-30.79
14-09-2017;04:00:00;9.59;16.15;-44.93;-119.97;-5.26;-15.79;1.90;-26.23;-19.23;-20.45;-31.67;-16.71;-31.35
14-09-2017;12:02:00;10.57;15.90;-45.00;-120.24;-5.81;-15.71;2.26;-26.44;-19.93;-19.87;-32.00;-16.89;-31.67
14-09-2017;20:04:00;9.17;15.72;-44.77;-119.37;-5.74;-15.97;1.61;-26.29;-19.13;-20.62;-31.68;-16.54;-31.37
15-09-2017;03:59:00;8.92;15.40;-44.36;-118.63;-5.61;-16.25;1.13;-26.35;-19.10;-20.67;-31.00;-16.12;-30.67
15-09-2017;11:54:00;8.67;14.95;-44.04;-118.27;-5.90;-16.76;0.59;-27.22;-20.33;-20.60;-31.52;-16.55;-31.28
15-09-2017;19:56:00;8.19;15.41;-44.49;-117.43;-5.07;-17.03;0.31;-26.95;-19.74;-21.56;-31.21;-16.91;-31.51
16-09-2017;03:58:00;9.20;15.78;-44.66;-119.03;-5.91;-16.28;1.23;-26.12;-19.23;-21.19;-31.02;-16.58;-31.22
16-09-2017;12:01:00;8.99;15.57;-44.75;-118.28;-6.39;-16.14;1.69;-26.40;-19.79;-19.47;-31.68;-16.72;-31.47
16-09-2017;20:03:00;8.52;15.71;-45.00;-117.61;-4.85;-16.64;0.78;-26.79;-19.85;-21.31;-32.28;-17.44;-32.18
17-09-2017;04:06:00;7.73;15.20;-44.10;-117.32;-5.33;-16.94;0.51;-27.06;-19.73;-21.60;-31.71;-16.79;-31.61
17-09-2017;12:00:00;9.25;15.13;-44.14;-118.28;-6.35;-17.06;0.94;-27.43;-20.40;-19.59;-31.50;-16.81;-31.53
17-09-2017;19:55:00;7.58;14.95;-44.06;-117.42;-5.06;-17.33;0.22;-27.46;-20.18;-21.76;-31.95;-17.08;-32.05
18-09-2017;03:57:00;7.57;15.09;-44.14;-117.35;-5.17;-17.14;0.23;-27.34;-20.10;-21.95;-31.58;-16.96;-31.89
18-09-2017;11:59:00;8.49;14.78;-43.92;-116.97;-6.35;-17.27;0.27;-27.58;-20.99;-19.82;-31.86;-17.09;-32.07
18-09-2017;20:02:00;7.84;15.37;-44.51;-117.65;-5.57;-16.93;0.76;-26.97;-19.92;-21.46;-31.23;-16.54;-31.77
19-09-2017;04:04:00;8.37;15.32;-44.65;-117.13;-5.57;-16.95;0.81;-26.97;-19.93;-21.57;-31.21;-16.68;-31.87
19-09-2017;11:59:00;7.97;14.82;-43.86;-117.04;-6.09;-16.86;0.48;-27.29;-20.66;-20.84;-31.59;-17.28;-31.94
19-09-2017;19:53:00;6.67;15.35;-44.18;-118.01;-5.05;-17.05;-0.04;-27.10;-20.06;-21.98;-31.80;-17.05;-31.77
20-09-2017;03:56:00;6.45;15.65;-44.68;-117.51;-5.09;-17.29;-0.30;-27.31;-20.10;-21.83;-32.24;-17.40;-32.14
20-09-2017;11:58:00;6.91;15.54;-43.94;-118.35;-5.47;-16.93;-0.15;-27.37;-20.00;-21.23;-32.63;-17.11;-31.87
20-09-2017;20:00:00;7.48;15.46;-44.10;-117.59;-5.17;-16.94;-0.17;-27.19;-19.71;-21.68;-32.48;-17.11;-31.99
21-09-2017;04:02:00;8.46;15.47;-44.40;-118.33;-5.22;-16.75;-0.64;-26.88;-19.52;-21.46;-31.77;-16.64;-31.60
21-09-2017;12:05:00;8.85;15.32;-44.59;-118.25;-5.89;-16.78;-0.84;-26.85;-19.71;-20.49;-31.69;-16.63;-31.41
21-09-2017;20:00:00;8.62;15.40;-44.72;-118.63;-5.89;-16.61;-0.36;-26.62;-19.50;-21.13;-31.46;-16.59;-31.24
22-09-2017;03:54:00;7.86;15.33;-44.61;-118.46;-5.30;-16.74;0.87;-26.80;-19.74;-21.33;-31.63;-16.52;-31.04
22-09-2017;11:56:00;8.14;15.37;-44.62;-118.64;-5.35;-16.82;0.52;-27.07;-19.89;-21.29;-31.97;-16.91;-31.35
22-09-2017;19:59:00;7.57;15.59;-44.66;-118.96;-5.24;-16.65;0.90;-26.80;-19.62;-21.41;-31.89;-16.66;-31.20
23-09-2017;04:01:00;7.45;15.56;-44.73;-118.91;-4.95;-16.74;0.56;-26.96;-19.62;-21.91;-31.92;-16.69;-31.33
23-09-2017;12:04:00;8.25;15.47;-44.65;-119.07;-5.48;-17.17;0.56;-27.27;-20.07;-21.02;-31.80;-16.58;-31.14
23-09-2017;19:58:00;7.25;15.46;-44.65;-119.13;-4.65;-17.10;0.43;-26.98;-19.95;-21.67;-31.98;-16.73;-31.24
24-09-2017;03:53:00;7.46;15.35;-44.87;-119.30;-4.66;-17.10;0.50;-27.14;-20.02;-21.57;-32.12;-16.97;-31.31
24-09-2017;11:55:00;7.43;15.11;-45.08;-118.74;-4.46;-17.53;0.51;-27.55;-20.50;-21.59;-32.21;-17.09;-31.36
24-09-2017;19:57:00;7.40;15.37;-45.12;-119.17;-4.52;-17.09;1.30;-27.02;-20.02;-21.81;-31.97;-16.75;-31.37
25-09-2017;04:00:00;8.06;15.54;-45.41;-120.31;-5.21;-16.83;1.82;-26.60;-19.69;-21.23;-31.88;-16.76;-31.55
25-09-2017;12:02:00;8.70;15.23;-45.51;-120.66;-5.23;-16.79;2.07;-26.72;-19.93;-20.89;-31.85;-16.63;-31.51
25-09-2017;20:05:00;8.33;15.24;-45.55;-120.40;-5.19;-16.86;2.21;-26.81;-19.91;-21.17;-31.86;-16.75;-31.60
26-09-2017;04:01:00;8.18;15.20;-45.65;-120.56;-4.90;-17.03;2.14;-26.99;-20.08;-21.32;-32.14;-16.92;-31.75
26-09-2017;11:56:00;8.23;15.04;-45.69;-120.94;-5.28;-17.25;1.95;-27.31;-20.45;-21.14;-32.38;-17.04;-31.93
26-09-2017;19:58:00;8.38;15.12;-45.84;-121.16;-5.19;-17.09;2.31;-26.97;-20.12;-21.06;-32.42;-17.32;-32.30
27-09-2017;04:00:00;8.08;15.15;-45.85;-120.83;-4.82;-17.33;1.88;-27.36;-20.41;-21.64;-32.56;-17.42;-32.38
27-09-2017;12:03:00;8.37;15.09;-45.91;-121.42;-5.36;-17.19;2.41;-27.23;-20.37;-21.28;-32.65;-17.36;-32.38
27-09-2017;20:05:00;8.75;15.10;-46.08;-121.75;-5.58;-17.09;2.66;-27.09;-20.19;-21.32;-32.47;-17.45;-32.42
28-09-2017;04:00:00;8.72;15.12;-46.10;-121.96;-5.76;-17.05;2.79;-27.01;-20.25;-21.33;-32.61;-17.71;-32.38
28-09-2017;11:54:00;8.75;15.23;-46.14;-122.38;-5.94;-17.03;2.69;-26.93;-20.37;-21.23;-32.61;-17.55;-32.33
28-09-2017;19:57:00;8.25;15.37;-46.04;-122.09;-5.61;-17.24;2.05;-26.98;-20.41;-21.47;-32.67;-17.77;-32.58
29-09-2017;03:59:00;8.74;15.41;-46.15;-122.53;-5.98;-17.20;2.08;-26.90;-20.34;-21.49;-32.64;-17.85;-32.74
29-09-2017;12:01:00;8.77;15.36;-46.28;-123.07;-6.45;-17.23;2.51;-26.81;-20.31;-21.36;-32.66;-18.14;-32.78
29-09-2017;20:04:00;9.01;15.27;-46.25;-122.51;-6.10;-17.19;2.52;-27.09;-20.44;-21.59;-32.45;-18.18;-32.65
30-09-2017;03:58:00;8.81;15.33;-45.80;-123.31;-6.15;-17.33;2.35;-27.51;-20.53;-21.52;-32.34;-18.04;-32.48
30-09-2017;11:50:00;8.55;15.01;-45.39;-122.64;-5.60;-17.56;1.98;-27.73;-20.81;-22.03;-32.55;-17.49;-32.73
30-09-2017;19:50:00;9.04;15.04;-45.55;-123.87;-6.10;-17.26;2.85;-27.15;-20.36;-21.13;-32.50;-17.97;-32.68
01-10-2017;03:57:00;9.20;15.00;-45.65;-124.32;-6.68;-17.19;3.31;-27.04;-20.38;-21.19;-32.35;-18.05;-32.39
01-10-2017;12:00:00;8.69;14.87;-45.81;-123.72;-6.53;-17.43;3.11;-27.32;-20.64;-21.53;-32.69;-18.49;-32.46
01-10-2017;20:02:00;8.19;14.85;-45.77;-124.06;-6.78;-17.47;2.96;-27.56;-20.65;-21.41;-32.75;-18.04;-32.40
02-10-2017;04:05:00;7.16;14.62;-45.91;-122.96;-6.04;-17.76;2.28;-28.21;-20.68;-21.48;-33.03;-17.30;-32.93
02-10-2017;12:03:00;9.00;14.54;-46.10;-123.54;-6.63;-17.23;2.96;-27.39;-20.17;-21.29;-32.55;-17.09;-32.46
02-10-2017;19:54:00;8.46;14.60;-46.11;-122.83;-5.75;-17.32;2.51;-27.59;-20.34;-21.73;-32.76;-16.89;-32.68
03-10-2017;03:56:00;7.88;14.79;-46.01;-122.26;-5.24;-17.60;1.57;-28.20;-20.51;-21.65;-32.78;-17.03;-32.62
03-10-2017;11:58:00;8.02;14.78;-46.20;-122.45;-5.46;-17.77;1.51;-28.49;-20.66;-21.53;-32.84;-16.95;-32.94
03-10-2017;20:01:00;8.95;14.73;-46.12;-124.15;-6.74;-17.23;2.56;-27.65;-20.23;-21.13;-32.64;-17.00;-32.32
04-10-2017;04:03:00;8.68;14.86;-46.19;-123.68;-6.51;-17.42;1.93;-27.85;-20.31;-21.14;-32.78;-16.90;-32.33
04-10-2017;11:58:00;8.75;14.81;-46.26;-124.17;-6.44;-17.33;2.55;-28.09;-20.30;-21.31;-32.72;-16.93;-32.28
04-10-2017;19:53:00;8.05;15.04;-46.33;-124.48;-6.31;-17.22;3.12;-27.98;-20.28;-21.41;-33.01;-17.01;-32.49
05-10-2017;03:55:00;8.70;15.02;-46.42;-124.95;-6.25;-17.21;3.40;-27.88;-20.35;-21.54;-32.84;-16.59;-32.43
05-10-2017;11:57:00;8.97;14.76;-46.40;-124.97;-6.49;-17.66;2.88;-28.31;-20.79;-21.38;-32.99;-16.96;-32.50
05-10-2017;20:00:00;7.46;14.82;-46.34;-124.92;-6.13;-17.33;2.96;-28.06;-20.55;-22.23;-33.16;-17.44;-32.60
06-10-2017;04:02:00;7.34;14.83;-46.40;-124.41;-5.53;-17.98;2.36;-28.59;-20.96;-22.60;-33.52;-17.28;-33.02
06-10-2017;12:04:00;7.93;14.85;-46.47;-124.86;-5.48;-18.23;2.31;-28.92;-21.38;-21.62;-33.68;-17.27;-33.11
06-10-2017;19:59:00;9.19;15.03;-46.71;-126.16;-6.25;-17.40;3.54;-27.62;-20.33;-21.58;-33.13;-17.37;-32.37
07-10-2017;03:54:00;9.12;15.04;-46.92;-126.33;-6.27;-17.51;3.52;-27.79;-20.32;-21.28;-33.16;-17.74;-32.37
07-10-2017;11:56:00;8.82;14.58;-46.41;-126.50;-6.54;-17.82;3.64;-28.20;-20.86;-21.36;-33.32;-17.77;-32.30
07-10-2017;19:58:00;8.47;15.08;-47.02;-126.69;-5.24;-17.85;3.44;-27.89;-20.60;-21.88;-33.43;-17.94;-32.37
08-10-2017;04:01:00;8.06;15.27;-47.11;-127.07;-5.33;-17.60;3.47;-27.90;-20.30;-21.85;-33.55;-18.22;-32.57
08-10-2017;12:03:00;7.88;14.87;-47.06;-126.51;-5.06;-18.12;3.04;-28.64;-21.09;-21.57;-33.77;-18.45;-32.65
08-10-2017;20:06:00;8.04;15.14;-47.09;-126.83;-4.84;-18.21;3.12;-28.54;-20.92;-22.43;-33.84;-18.47;-32.62
09-10-2017;04:00:00;7.91;15.01;-46.87;-126.46;-4.96;-18.36;3.03;-28.75;-20.97;-22.36;-34.25;-18.98;-32.92
09-10-2017;11:55:00;7.52;14.67;-46.81;-125.82;-4.83;-18.81;2.04;-29.42;-21.84;-22.00;-34.54;-19.44;-33.29
09-10-2017;19:57:00;7.41;14.92;-46.96;-126.69;-4.55;-18.66;2.53;-29.04;-21.41;-22.99;-34.36;-19.22;-33.13
10-10-2017;04:00:00;7.50;14.69;-46.88;-125.53;-4.02;-19.15;2.19;-29.65;-21.93;-23.20;-34.69;-19.54;-33.40
10-10-2017;12:02:00;8.83;14.90;-47.48;-126.68;-5.30;-18.64;2.49;-29.20;-21.73;-22.67;-34.15;-18.66;-32.97
10-10-2017;19:57:00;7.90;14.81;-47.65;-126.04;-4.94;-18.82;2.08;-29.72;-21.86;-22.86;-34.79;-18.73;-33.67
11-10-2017;03:59:00;8.66;15.18;-47.85;-126.83;-5.42;-18.40;3.03;-28.88;-21.24;-22.61;-34.47;-18.54;-33.23
11-10-2017;11:54:00;8.45;14.88;-47.68;-126.39;-5.15;-18.72;2.10;-29.70;-21.79;-22.58;-34.48;-18.51;-33.31
11-10-2017;19:56:00;8.23;14.85;-48.03;-126.17;-5.07;-18.10;3.01;-29.30;-21.13;-22.44;-34.12;-18.68;-32.96
12-10-2017;03:58:00;7.46;14.87;-48.06;-124.98;-4.72;-18.30;2.90;-29.64;-21.21;-22.79;-34.36;-18.92;-33.10
12-10-2017;12:01:00;7.31;15.03;-47.88;-125.46;-4.72;-19.10;2.34;-30.48;-22.00;-22.28;-35.15;-19.22;-33.65
12-10-2017;20:03:00;9.08;15.15;-48.26;-128.19;-5.35;-18.07;3.57;-28.95;-21.10;-22.06;-34.41;-18.47;-33.08
13-10-2017;04:06:00;8.77;14.96;-48.19;-128.35;-4.73;-17.95;3.59;-28.95;-20.99;-22.54;-34.25;-18.59;-32.95
13-10-2017;12:00:00;8.48;14.65;-48.10;-126.98;-4.71;-18.16;2.76;-29.84;-21.61;-22.33;-34.33;-18.61;-32.97
13-10-2017;19:55:00;8.06;14.55;-48.53;-126.83;-4.93;-17.75;2.91;-29.73;-21.14;-22.45;-34.56;-18.58;-33.30
14-10-2017;03:57:00;9.60;14.68;-48.66;-127.44;-5.74;-17.46;3.74;-29.02;-20.82;-21.85;-34.36;-18.46;-33.22
14-10-2017;11:59:00;9.86;14.30;-48.76;-128.14;-5.77;-17.40;4.41;-28.65;-20.70;-22.26;-34.24;-18.38;-33.06
14-10-2017;20:02:00;9.83;14.32;-48.85;-128.01;-5.78;-17.49;4.86;-28.58;-20.76;-22.09;-34.37;-18.45;-33.21
15-10-2017;04:04:00;9.43;14.25;-48.90;-128.14;-5.46;-17.56;4.31;-28.75;-20.88;-22.10;-34.48;-18.58;-33.34
15-10-2017;11:59:00;8.66;14.21;-48.88;-127.12;-5.24;-17.91;3.44;-29.58;-21.36;-22.23;-35.00;-18.70;-33.73
15-10-2017;19:53:00;9.52;14.27;-49.13;-128.17;-5.66;-17.42;4.72;-28.73;-20.77;-22.02;-34.63;-18.39;-33.47
16-10-2017;03:56:00;9.72;14.03;-49.23;-128.51;-5.59;-17.55;5.04;-28.62;-20.82;-21.94;-34.57;-18.63;-33.36
16-10-2017;11:58:00;9.83;14.35;-49.36;-128.86;-5.52;-17.40;4.85;-28.61;-20.70;-22.06;-34.71;-18.74;-33.56
16-10-2017;20:00:00;8.08;14.23;-49.16;-126.97;-3.87;-17.96;3.67;-29.32;-21.19;-23.00;-35.10;-19.17;-33.98
17-10-2017;04:03:00;8.00;13.99;-49.40;-127.21;-4.78;-17.84;2.93;-29.59;-21.26;-22.54;-35.12;-18.96;-33.82
17-10-2017;12:05:00;7.92;14.05;-49.38;-127.48;-4.59;-17.78;2.69;-29.60;-21.10;-22.29;-35.28;-18.62;-34.01
17-10-2017;20:00:00;7.25;14.06;-49.56;-127.39;-4.14;-17.88;2.67;-29.87;-21.11;-22.87;-35.63;-19.11;-34.26
18-10-2017;03:54:00;7.40;14.35;-49.84;-127.66;-4.06;-18.01;3.31;-29.57;-20.77;-22.88;-35.94;-19.27;-33.98
18-10-2017;11:57:00;7.50;14.23;-49.94;-128.13;-4.30;-18.18;3.80;-29.61;-21.34;-22.38;-36.01;-19.77;-34.33
18-10-2017;19:59:00;8.02;14.53;-49.86;-127.89;-4.34;-18.18;3.54;-29.73;-21.12;-23.17;-35.75;-20.00;-34.16
19-10-2017;04:01:00;5.13;13.94;-50.00;-126.39;-3.29;-18.90;2.27;-30.97;-21.82;-23.80;-36.31;-20.84;-35.27
19-10-2017;12:04:00;6.51;13.69;-49.90;-126.32;-2.57;-19.27;2.01;-30.80;-22.71;-23.90;-35.89;-20.18;-34.93
19-10-2017;19:59:00;7.68;14.16;-50.16;-128.27;-3.15;-18.31;3.26;-29.44;-21.66;-22.87;-35.35;-19.35;-34.26
20-10-2017;03:53:00;8.43;14.40;-50.47;-128.25;-3.47;-17.99;4.01;-28.90;-21.27;-22.40;-35.27;-19.13;-34.10
20-10-2017;11:56:00;9.01;14.64;-50.64;-128.73;-3.81;-17.75;4.39;-28.57;-21.03;-22.16;-35.11;-18.72;-34.10
20-10-2017;19:58:00;9.01;14.71;-50.96;-128.72;-3.55;-17.83;4.32;-28.65;-21.00;-22.40;-35.21;-18.85;-34.50
21-10-2017;04:00:00;8.90;14.64;-50.98;-129.00;-4.02;-17.81;4.65;-28.66;-21.09;-22.27;-35.21;-18.79;-34.30
21-10-2017;12:03:00;8.92;14.43;-51.15;-129.60;-4.35;-17.81;4.91;-28.38;-21.10;-22.12;-35.26;-19.08;-34.07
21-10-2017;20:05:00;9.13;14.34;-51.27;-129.53;-4.30;-17.78;5.09;-28.54;-21.04;-22.13;-35.31;-19.22;-34.10
22-10-2017;04:00:00;9.48;14.28;-51.49;-130.22;-4.19;-17.77;5.11;-28.50;-21.10;-22.15;-35.55;-19.39;-34.24
22-10-2017;11:54:00;9.54;14.21;-51.66;-130.43;-4.32;-17.83;4.87;-28.52;-21.24;-22.10;-35.84;-19.43;-34.41
22-10-2017;20:04:00;9.24;14.43;-51.84;-130.24;-4.30;-17.93;4.65;-28.59;-21.12;-22.09;-35.87;-19.49;-34.47
23-10-2017;03:59:00;9.07;14.42;-51.94;-130.30;-4.11;-17.87;4.49;-28.60;-21.12;-22.29;-36.12;-19.66;-34.62
23-10-2017;12:02:00;9.18;14.34;-52.13;-130.31;-4.37;-18.03;4.55;-28.58;-21.24;-22.34;-36.19;-19.64;-34.81
23-10-2017;20:04:00;9.08;14.61;-52.25;-130.69;-4.22;-18.01;4.79;-28.53;-21.05;-22.07;-36.27;-19.62;-34.75
24-10-2017;03:59:00;8.27;14.52;-52.32;-130.16;-4.27;-18.19;4.54;-28.93;-21.28;-22.25;-36.25;-20.14;-34.72
24-10-2017;11:53:00;8.43;14.77;-51.86;-130.29;-4.09;-18.07;4.83;-28.89;-21.34;-22.30;-35.64;-20.29;-34.86
24-10-2017;19:56:00;7.64;14.50;-52.05;-129.99;-4.15;-18.03;5.47;-28.89;-21.28;-22.65;-35.56;-20.21;-35.00
25-10-2017;03:58:00;6.74;15.17;-52.25;-129.91;-3.97;-18.33;5.10;-28.59;-21.42;-22.86;-35.87;-20.19;-35.40
25-10-2017;12:00:00;6.35;14.63;-52.53;-129.00;-3.78;-19.08;3.87;-29.41;-22.15;-22.79;-36.55;-20.42;-36.10
25-10-2017;20:03:00;5.88;14.58;-52.86;-128.10;-3.04;-19.29;4.33;-29.71;-22.36;-23.57;-37.20;-20.36;-36.57
26-10-2017;04:05:00;6.36;14.58;-53.01;-128.90;-3.27;-19.15;4.89;-29.34;-22.08;-23.33;-36.98;-20.21;-36.29
26-10-2017;12:00:00;7.27;14.43;-53.01;-129.06;-3.71;-18.93;5.27;-28.95;-21.85;-23.07;-36.80;-19.75;-36.08
26-10-2017;19:55:00;6.74;14.63;-53.48;-128.57;-3.43;-18.92;5.60;-28.60;-21.67;-23.39;-36.78;-19.56;-36.09
27-10-2017;03:57:00;6.65;14.08;-53.74;-128.71;-3.34;-19.14;5.19;-28.89;-21.96;-23.06;-37.07;-19.61;-36.27
27-10-2017;11:59:00;7.90;14.36;-54.07;-130.22;-4.14;-18.92;5.81;-28.49;-21.81;-22.68;-36.72;-19.63;-35.98
27-10-2017;20:02:00;8.33;14.24;-54.13;-130.83;-4.55;-18.89;5.77;-28.35;-21.65;-22.40;-36.54;-19.13;-35.86
28-10-2017;04:01:00;8.58;14.57;-54.46;-130.98;-4.48;-18.65;5.89;-28.32;-21.55;-22.45;-36.71;-19.34;-35.98
28-10-2017;11:59:00;8.73;14.43;-54.76;-131.40;-4.41;-18.78;5.28;-28.44;-21.54;-22.70;-36.89;-19.71;-36.16
28-10-2017;19:54:00;8.80;14.44;-54.52;-130.77;-4.33;-18.68;5.54;-28.69;-21.67;-22.28;-37.35;-20.10;-36.67
29-10-2017;03:56:00;9.10;15.10;-54.80;-131.80;-4.70;-18.43;5.53;-28.64;-21.45;-22.18;-37.15;-20.12;-36.30
29-10-2017;11:59:00;8.05;15.12;-55.35;-132.07;-4.12;-18.37;5.11;-28.74;-21.66;-22.54;-37.39;-20.76;-36.60
29-10-2017;20:01:00;8.09;14.67;-55.17;-132.55;-4.64;-18.39;5.12;-28.54;-21.53;-22.39;-37.71;-20.21;-36.64
30-10-2017;04:04:00;7.22;14.53;-55.23;-132.54;-4.28;-18.38;4.85;-28.03;-21.52;-22.63;-37.72;-20.35;-36.80
30-10-2017;11:58:00;6.62;14.68;-55.46;-133.14;-3.81;-18.42;5.02;-28.51;-21.34;-22.00;-38.36;-20.90;-37.40
30-10-2017;19:53:00;5.28;14.59;-55.85;-132.80;-3.27;-19.13;4.03;-29.49;-21.81;-22.65;-39.15;-21.59;-38.14
31-10-2017;03:55:00;5.33;14.48;-55.92;-132.88;-2.85;-19.16;3.70;-29.19;-21.82;-22.68;-39.49;-21.15;-37.96
31-10-2017;11:58:00;5.73;14.19;-56.22;-133.31;-3.17;-18.92;3.50;-28.91;-21.79;-22.81;-39.50;-21.54;-38.22
31-10-2017;20:00:00;5.70;14.24;-56.28;-133.00;-2.79;-18.93;3.71;-28.45;-21.79;-22.83;-38.82;-21.14;-37.88
01-11-2017;04:02:00;6.05;14.30;-56.06;-133.46;-3.35;-18.74;3.90;-28.17;-21.64;-22.60;-38.31;-20.89;-37.98
01-11-2017;12:05:00;5.46;14.47;-56.30;-134.01;-3.10;-18.74;3.68;-28.18;-21.71;-23.06;-38.33;-21.10;-38.34
01-11-2017;20:00:00;5.63;14.22;-56.56;-134.20;-3.09;-19.09;3.98;-28.63;-21.82;-22.88;-38.63;-21.32;-38.44
02-11-2017;03:54:00;4.19;14.28;-56.56;-133.65;-2.63;-19.18;3.80;-29.05;-22.10;-23.48;-39.20;-21.27;-38.83
02-11-2017;11:57:00;3.53;13.94;-56.81;-132.65;-2.20;-19.72;3.63;-29.61;-22.54;-23.92;-39.40;-21.88;-39.28
02-11-2017;19:59:00;4.63;14.76;-57.20;-134.86;-2.83;-18.90;4.02;-28.48;-21.53;-23.17;-38.92;-21.47;-38.59
03-11-2017;04:01:00;4.66;14.22;-57.48;-133.85;-2.76;-19.32;3.94;-28.90;-22.10;-23.19;-39.15;-21.65;-39.02
03-11-2017;12:04:00;5.55;14.57;-57.83;-135.25;-3.51;-18.90;4.93;-28.40;-21.74;-22.65;-38.80;-21.42;-38.69
03-11-2017;19:58:00;5.51;14.47;-58.08;-134.86;-3.58;-19.08;5.04;-28.41;-21.75;-22.83;-38.62;-21.53;-38.63
04-11-2017;03:53:00;6.13;14.76;-58.30;-135.70;-3.89;-18.72;5.58;-28.08;-21.52;-22.36;-38.73;-21.42;-38.47
04-11-2017;11:55:00;6.23;14.82;-58.56;-136.33;-3.98;-18.66;5.35;-28.17;-21.59;-22.58;-38.86;-21.48;-38.48
04-11-2017;19:58:00;4.41;14.23;-58.54;-133.82;-2.38;-19.24;4.44;-29.25;-22.42;-23.66;-39.57;-22.16;-39.04
05-11-2017;04:00:00;4.06;14.01;-58.52;-134.62;-3.22;-19.03;5.06;-28.58;-22.12;-23.34;-39.49;-22.10;-39.10
05-11-2017;12:03:00;3.26;13.71;-58.81;-135.03;-3.17;-19.11;5.54;-28.86;-22.25;-23.07;-39.44;-22.17;-39.14
05-11-2017;20:05:00;4.10;14.72;-59.58;-135.08;-3.69;-18.88;5.37;-28.42;-21.81;-23.42;-39.57;-22.15;-39.22
06-11-2017;04:00:00;4.01;14.31;-59.54;-135.14;-3.33;-19.05;4.85;-28.61;-21.95;-23.83;-39.26;-22.16;-39.18
06-11-2017;11:54:00;4.98;14.62;-59.81;-135.94;-3.71;-18.97;5.33;-28.20;-21.83;-22.92;-39.14;-22.24;-39.22
06-11-2017;19:57:00;5.43;14.46;-60.01;-136.28;-4.23;-18.72;6.42;-27.92;-21.80;-22.74;-38.85;-22.33;-39.18
07-11-2017;03:59:00;5.02;14.28;-60.49;-135.93;-3.95;-18.89;5.98;-28.33;-22.00;-23.13;-38.65;-22.23;-39.04
07-11-2017;12:01:00;6.01;14.31;-60.58;-136.96;-4.58;-18.56;6.92;-28.04;-21.74;-22.77;-38.22;-21.96;-38.70
07-11-2017;20:04:00;6.23;14.24;-60.50;-136.88;-4.28;-18.55;7.02;-27.77;-21.64;-22.80;-38.18;-21.80;-38.78
08-11-2017;03:59:00;5.97;14.42;-60.79;-136.85;-4.21;-18.59;7.53;-27.98;-21.81;-22.89;-38.39;-21.87;-39.05
08-11-2017;11:53:00;5.51;14.80;-61.05;-136.08;-4.03;-18.81;7.82;-28.18;-21.87;-22.92;-39.10;-22.02;-39.30
08-11-2017;19:56:00;5.85;14.85;-61.29;-136.17;-4.26;-18.82;7.54;-28.22;-21.94;-22.93;-39.05;-21.96;-39.29
09-11-2017;03:58:00;5.93;14.76;-61.51;-136.29;-4.50;-18.83;7.83;-28.05;-21.74;-22.52;-38.76;-22.01;-39.28
09-11-2017;12:00:00;4.86;14.71;-61.48;-136.86;-4.63;-18.74;6.96;-28.22;-21.89;-22.35;-38.69;-21.99;-39.40
09-11-2017;20:03:00;4.79;14.79;-61.70;-138.04;-4.54;-18.59;7.30;-28.32;-21.86;-22.61;-38.79;-21.47;-39.71
10-11-2017;04:05:00;3.55;15.74;-62.32;-137.78;-4.17;-19.01;6.70;-28.48;-22.03;-23.04;-38.23;-21.12;-39.47
10-11-2017;12:00:00;3.08;15.90;-62.22;-137.66;-3.63;-19.18;6.60;-28.74;-22.25;-23.26;-38.07;-21.75;-39.64
10-11-2017;19:54:00;3.19;15.91;-63.34;-137.60;-4.13;-19.10;6.86;-28.54;-22.07;-22.98;-38.59;-22.37;-40.45
11-11-2017;03:57:00;3.06;15.38;-63.72;-138.15;-4.73;-19.04;6.88;-27.99;-22.11;-22.97;-38.16;-21.96;-40.11
11-11-2017;11:59:00;3.19;15.97;-64.89;-137.74;-4.51;-19.13;6.45;-27.87;-22.42;-23.41;-38.58;-22.29;-40.17
11-11-2017;19:56:00;3.44;15.81;-65.92;-138.10;-3.92;-19.08;7.09;-27.93;-22.32;-23.60;-38.60;-22.39;-40.15
12-11-2017;03:53:00;2.54;15.54;-65.93;-137.82;-3.92;-18.94;7.55;-27.69;-22.35;-23.47;-38.54;-22.47;-40.16
12-11-2017;11:56:00;2.32;15.91;-66.35;-138.13;-3.86;-18.80;8.31;-27.68;-22.28;-23.05;-38.39;-22.30;-39.79
12-11-2017;19:58:00;2.24;15.91;-66.38;-138.90;-4.13;-18.62;9.13;-27.51;-22.08;-22.87;-38.59;-22.28;-39.83
13-11-2017;04:01:00;2.04;15.28;-66.42;-139.43;-4.58;-18.40;9.35;-27.45;-21.91;-22.74;-38.74;-22.82;-40.02
13-11-2017;12:03:00;2.72;15.36;-66.17;-139.84;-5.08;-18.49;9.50;-27.66;-21.97;-22.74;-38.68;-22.77;-40.19
13-11-2017;20:05:00;2.67;15.52;-66.07;-140.33;-4.29;-18.43;9.49;-27.64;-21.96;-22.54;-39.10;-23.41;-40.37
14-11-2017;04:00:00;1.58;15.39;-65.84;-139.48;-4.67;-18.65;8.72;-28.08;-22.34;-22.84;-38.98;-22.82;-40.36
14-11-2017;11:55:00;0.93;14.74;-65.90;-138.36;-4.37;-18.92;7.76;-27.89;-22.46;-22.19;-39.29;-22.98;-40.14
14-11-2017;19:57:00;1.07;15.17;-66.19;-139.00;-4.33;-18.70;8.08;-27.69;-22.28;-22.51;-38.71;-23.39;-40.07
15-11-2017;03:59:00;1.22;14.88;-65.93;-139.55;-3.93;-18.59;7.97;-27.39;-22.20;-22.14;-39.29;-23.93;-40.58
15-11-2017;12:02:00;1.26;15.05;-66.07;-140.00;-3.09;-18.50;7.61;-27.85;-22.36;-22.53;-38.83;-24.04;-40.62
15-11-2017;20:04:00;2.86;15.35;-66.18;-140.52;-3.34;-18.21;8.66;-27.91;-21.95;-22.35;-38.13;-23.98;-39.74
16-11-2017;03:59:00;1.86;15.22;-66.34;-140.56;-2.94;-18.26;8.30;-28.50;-21.90;-22.40;-38.15;-24.20;-39.50
16-11-2017;11:54:00;1.46;15.38;-66.53;-140.34;-3.96;-18.06;8.29;-28.42;-21.98;-22.36;-38.79;-24.22;-39.84
16-11-2017;19:56:00;2.26;14.65;-67.06;-140.49;-4.53;-18.00;8.39;-28.96;-22.21;-22.51;-39.15;-23.95;-39.74
17-11-2017;03:58:00;1.68;14.44;-66.90;-140.53;-5.24;-18.15;7.94;-28.81;-22.23;-22.43;-39.44;-24.72;-39.74
17-11-2017;12:01:00;2.38;15.00;-66.30;-140.72;-4.85;-18.28;8.05;-29.05;-22.25;-22.40;-39.28;-24.76;-39.39
17-11-2017;20:03:00;3.50;15.61;-65.51;-140.34;-4.99;-18.19;8.62;-28.66;-22.06;-22.47;-39.11;-25.03;-39.40
18-11-2017;04:06:00;2.19;15.35;-66.29;-139.52;-5.16;-18.19;7.93;-28.28;-22.06;-22.75;-38.98;-24.70;-39.57
18-11-2017;12:00:00;1.21;16.25;-65.85;-138.42;-4.07;-18.77;6.44;-29.04;-22.58;-23.12;-39.84;-25.27;-40.52
18-11-2017;19:55:00;0.72;15.90;-64.73;-139.04;-3.78;-18.42;6.89;-28.95;-22.44;-22.77;-39.79;-24.91;-40.23
19-11-2017;03:57:00;0.09;15.08;-65.19;-139.45;-4.38;-18.21;7.10;-29.21;-21.88;-23.16;-40.36;-25.08;-40.63
19-11-2017;12:00:00;-0.09;14.66;-65.28;-139.22;-5.57;-18.23;6.16;-29.52;-21.82;-22.98;-40.13;-23.81;-40.19
19-11-2017;20:02:00;0.84;14.00;-65.41;-138.71;-5.78;-18.32;5.71;-29.66;-21.85;-23.13;-39.81;-23.53;-39.68
20-11-2017;04:04:00;0.16;14.28;-65.30;-138.77;-5.41;-18.22;6.07;-29.37;-21.84;-23.19;-39.90;-23.83;-39.80
20-11-2017;11:59:00;-1.60;14.27;-65.18;-138.78;-4.79;-18.30;5.73;-29.22;-22.04;-22.92;-40.22;-24.27;-39.87
20-11-2017;19:54:00;-1.03;14.22;-65.45;-139.31;-5.52;-17.92;5.70;-28.72;-21.64;-22.92;-40.21;-24.07;-39.88
21-11-2017;03:56:00;-1.35;14.42;-65.45;-138.52;-5.54;-18.11;4.58;-28.81;-21.86;-22.82;-40.25;-24.27;-40.05
21-11-2017;11:59:00;-0.41;14.41;-64.97;-138.80;-5.64;-17.70;4.70;-28.43;-21.38;-22.56;-39.99;-23.93;-40.39
21-11-2017;20:01:00;-0.90;13.86;-64.93;-139.08;-5.85;-17.82;4.67;-29.07;-21.50;-22.58;-40.54;-24.26;-41.19
22-11-2017;04:04:00;-0.53;14.20;-64.98;-139.61;-5.54;-17.83;4.44;-29.33;-21.69;-22.79;-40.49;-23.90;-40.80
22-11-2017;11:58:00;-1.13;14.60;-65.03;-140.82;-5.17;-17.94;4.47;-29.68;-21.42;-22.66;-40.55;-24.11;-40.33
22-11-2017;19:53:00;-0.08;14.42;-64.90;-139.86;-4.55;-18.47;3.33;-30.18;-21.81;-23.31;-41.35;-23.74;-41.37
23-11-2017;03:55:00;-0.18;14.99;-64.62;-138.96;-3.77;-18.53;2.56;-29.61;-21.75;-23.16;-40.43;-23.37;-40.64
23-11-2017;11:58:00;-1.48;14.85;-64.00;-139.75;-4.61;-18.45;0.96;-29.75;-22.00;-22.98;-39.67;-23.49;-39.61
23-11-2017;20:00:00;-1.44;14.37;-64.06;-140.29;-4.97;-18.18;1.38;-29.63;-21.64;-22.52;-39.23;-23.40;-39.41
24-11-2017;04:03:00;-1.71;14.83;-64.77;-140.48;-4.63;-18.42;1.86;-30.01;-21.82;-22.70;-39.63;-23.47;-39.70
24-11-2017;12:05:00;-0.77;14.12;-63.92;-138.90;-3.89;-18.42;1.83;-29.76;-21.94;-22.75;-39.27;-23.14;-40.18
24-11-2017;20:00:00;-3.06;14.91;-64.07;-139.50;-3.07;-18.61;2.15;-30.49;-22.05;-22.78;-39.74;-22.92;-39.92
25-11-2017;03:54:00;-3.53;15.15;-63.62;-139.13;-2.83;-18.51;2.19;-30.35;-21.88;-22.88;-39.87;-23.13;-40.05
25-11-2017;11:57:00;-3.00;15.02;-63.30;-137.97;-2.65;-18.90;1.94;-30.07;-22.03;-22.82;-39.35;-22.83;-40.47
25-11-2017;19:59:00;-3.15;14.87;-63.21;-138.87;-3.32;-18.71;1.26;-29.73;-21.82;-22.72;-38.82;-22.32;-40.07
26-11-2017;04:02:00;-2.99;14.82;-63.03;-138.97;-3.00;-18.83;2.42;-29.70;-21.74;-23.08;-38.78;-22.45;-39.90
26-11-2017;12:04:00;-3.48;14.37;-62.40;-139.09;-2.91;-18.85;1.80;-29.44;-21.87;-23.38;-39.02;-22.08;-39.95
26-11-2017;19:59:00;-4.18;14.35;-62.81;-139.63;-3.46;-18.49;1.88;-29.18;-21.62;-23.06;-39.09;-21.87;-40.50
27-11-2017;03:53:00;-3.79;14.12;-62.02;-139.77;-4.64;-18.24;1.54;-29.31;-21.87;-22.57;-39.29;-21.77;-40.58
27-11-2017;11:56:00;-5.08;15.03;-62.59;-139.78;-3.54;-18.09;1.18;-29.12;-21.81;-22.90;-39.85;-22.07;-41.23
27-11-2017;19:58:00;-5.88;15.36;-62.44;-140.22;-2.66;-18.10;0.57;-29.35;-21.74;-23.08;-40.31;-23.23;-42.58
28-11-2017;04:01:00;-7.44;15.17;-62.13;-139.67;-2.07;-18.12;0.22;-29.22;-21.91;-23.26;-40.10;-23.44;-42.26
28-11-2017;12:03:00;-7.63;15.36;-62.54;-140.17;-1.96;-17.69;-0.23;-28.37;-21.52;-22.67;-39.97;-23.56;-42.02
28-11-2017;20:05:00;-9.10;14.97;-62.83;-138.86;-1.00;-17.79;-1.36;-28.66;-21.62;-23.31;-40.65;-24.31;-42.91
29-11-2017;04:00:00;-7.84;14.62;-62.93;-138.93;-1.32;-17.76;-2.49;-28.91;-21.47;-22.65;-40.26;-24.12;-42.60
29-11-2017;11:55:00;-8.06;14.67;-62.77;-139.33;-1.63;-17.59;-2.75;-29.15;-21.40;-22.47;-39.72;-23.77;-42.10
29-11-2017;19:57:00;-8.23;15.29;-62.90;-140.60;-1.34;-17.09;-2.94;-28.99;-21.19;-22.56;-39.65;-23.58;-41.94
30-11-2017;04:00:00;-9.19;14.39;-60.99;-140.43;-1.99;-18.11;-2.63;-29.36;-20.87;-22.84;-38.20;-22.31;-40.36
30-11-2017;12:02:00;-9.16;14.10;-61.20;-140.06;-2.13;-18.01;-3.97;-29.36;-20.95;-22.64;-37.95;-22.06;-40.02
30-11-2017;20:05:00;-9.39;14.40;-61.39;-139.97;-2.13;-17.85;-3.54;-29.47;-20.80;-22.67;-37.81;-21.89;-39.63
01-12-2017;03:59:00;-9.67;14.47;-61.56;-139.80;-2.16;-17.85;-3.51;-29.65;-20.73;-22.48;-37.96;-21.62;-39.32
01-12-2017;11:54:00;-10.48;14.45;-61.63;-139.48;-2.03;-17.95;-3.83;-29.66;-20.81;-22.24;-37.74;-21.72;-39.23
01-12-2017;19:57:00;-9.92;14.74;-62.14;-140.27;-2.48;-17.93;-3.23;-29.65;-20.84;-21.97;-37.86;-21.27;-39.71
02-12-2017;03:59:00;-8.80;14.91;-62.41;-140.62;-2.87;-17.38;-2.66;-28.80;-20.23;-21.38;-37.49;-20.79;-39.71
02-12-2017;12:01:00;-10.22;14.57;-62.45;-139.83;-1.95;-17.82;-3.06;-28.83;-20.45;-22.10;-37.46;-20.78;-39.91
02-12-2017;20:04:00;-9.76;14.01;-62.38;-139.87;-1.26;-18.13;-2.85;-28.66;-20.27;-22.18;-37.54;-20.75;-40.42
03-12-2017;03:58:00;-9.72;14.52;-62.12;-140.41;-0.89;-17.83;-3.01;-28.99;-20.14;-21.78;-37.94;-20.60;-40.69
03-12-2017;11:53:00;-9.79;14.93;-61.82;-140.33;-0.65;-17.57;-2.87;-29.59;-20.11;-21.75;-37.80;-20.86;-40.72
03-12-2017;19:55:00;-10.77;14.55;-61.72;-140.39;0.19;-17.39;-3.08;-29.60;-19.92;-21.70;-37.53;-19.98;-40.57
04-12-2017;03:58:00;-11.53;14.18;-61.79;-139.52;0.99;-17.57;-3.88;-29.92;-20.14;-21.99;-37.77;-19.96;-40.93
04-12-2017;12:00:00;-11.59;14.20;-61.78;-140.31;0.78;-17.40;-3.33;-29.49;-19.74;-21.32;-37.58;-20.06;-40.99
04-12-2017;20:02:00;-12.07;13.93;-61.71;-140.10;1.59;-17.39;-3.87;-29.55;-19.87;-21.74;-37.64;-20.34;-41.14
05-12-2017;04:05:00;-12.23;13.68;-62.29;-140.47;1.09;-17.37;-3.64;-29.22;-19.84;-21.65;-37.50;-19.63;-40.82
05-12-2017;11:59:00;-11.75;12.88;-62.56;-139.72;2.84;-17.70;-3.97;-30.08;-20.37;-21.95;-37.19;-20.01;-40.61
05-12-2017;19:54:00;-12.61;13.03;-62.62;-139.38;3.39;-18.06;-4.35;-30.17;-20.47;-22.37;-37.91;-20.75;-40.86
06-12-2017;03:57:00;-11.40;13.21;-62.65;-139.52;3.53;-17.60;-3.00;-29.32;-20.06;-22.23;-37.52;-19.99;-40.71
06-12-2017;11:59:00;-11.60;13.16;-62.23;-138.97;3.45;-17.60;-3.36;-29.27;-20.06;-21.68;-37.63;-20.06;-40.72
06-12-2017;20:01:00;-11.64;13.29;-62.44;-139.26;3.58;-17.85;-4.07;-29.69;-20.27;-21.84;-38.33;-20.96;-41.35
07-12-2017;04:04:00;-12.71;13.83;-61.87;-138.77;4.21;-17.87;-3.43;-29.88;-20.31;-22.22;-38.28;-21.14;-40.90
07-12-2017;11:58:00;-11.52;13.91;-62.19;-139.27;4.23;-17.86;-2.38;-29.63;-20.25;-21.80;-37.61;-21.14;-40.86
07-12-2017;19:53:00;-11.98;13.65;-62.58;-140.13;4.85;-17.90;-2.53;-30.36;-20.38;-21.54;-38.33;-21.08;-41.33
08-12-2017;03:55:00;-10.04;14.01;-63.19;-140.55;4.67;-17.78;-2.86;-30.00;-20.10;-21.85;-38.88;-20.97;-41.84
08-12-2017;11:58:00;-9.78;13.04;-63.84;-141.62;4.20;-17.53;-2.32;-29.32;-19.95;-21.87;-38.25;-20.34;-41.56
08-12-2017;20:00:00;-9.90;12.75;-63.48;-142.08;4.20;-17.52;-3.16;-29.05;-19.70;-21.67;-38.06;-19.39;-41.78
09-12-2017;04:02:00;-10.49;13.16;-63.12;-142.49;3.62;-17.54;-3.47;-29.70;-19.64;-21.96;-38.32;-19.81;-42.13
09-12-2017;12:05:00;-10.79;12.84;-63.26;-142.37;3.76;-17.44;-3.50;-29.35;-19.63;-22.09;-38.40;-20.00;-42.36
09-12-2017;19:59:00;-10.02;12.61;-62.77;-143.72;3.56;-17.52;-3.43;-29.65;-19.50;-21.95;-37.98;-19.28;-41.90
10-12-2017;03:54:00;-9.53;12.01;-62.62;-143.56;3.03;-17.47;-3.59;-30.13;-19.46;-21.85;-38.33;-19.05;-42.37
10-12-2017;11:56:00;-10.09;11.77;-62.62;-143.77;3.19;-17.44;-4.03;-29.94;-19.49;-21.43;-38.06;-18.80;-42.50
10-12-2017;19:59:00;-9.63;11.93;-62.59;-144.72;3.21;-17.49;-4.35;-29.80;-19.65;-21.48;-38.14;-18.87;-42.72
11-12-2017;04:01:00;-10.03;11.63;-62.64;-144.14;3.46;-17.48;-4.12;-29.99;-19.54;-21.62;-37.71;-19.02;-42.38
11-12-2017;12:03:00;-10.12;11.16;-62.57;-144.61;4.11;-17.55;-4.19;-30.15;-19.52;-21.46;-37.55;-19.38;-41.95
11-12-2017;19:58:00;-10.98;11.50;-62.22;-143.95;4.06;-17.94;-4.77;-30.63;-19.98;-21.64;-37.63;-19.48;-42.20
12-12-2017;03:53:00;-10.79;11.57;-62.18;-144.81;3.41;-17.86;-4.27;-30.26;-19.82;-21.48;-37.35;-20.01;-42.09
12-12-2017;11:55:00;-10.38;11.76;-62.18;-145.12;2.96;-17.62;-3.56;-29.77;-19.43;-21.43;-37.41;-20.07;-42.04
12-12-2017;19:58:00;-11.13;11.79;-62.01;-145.40;2.73;-17.56;-3.91;-29.98;-19.42;-21.65;-37.98;-20.23;-42.46
13-12-2017;04:00:00;-11.34;11.41;-61.64;-145.21;3.46;-17.89;-4.28;-30.29;-19.84;-21.72;-37.86;-20.38;-42.64
13-12-2017;12:03:00;-11.40;11.48;-61.92;-145.39;3.37;-17.92;-4.14;-30.03;-19.78;-21.86;-37.74;-20.28;-42.43
13-12-2017;20:05:00;-11.52;11.19;-61.71;-145.01;3.51;-18.21;-4.36;-30.29;-19.84;-22.04;-37.56;-20.48;-42.38
14-12-2017;03:59:00;-12.23;10.91;-61.73;-143.80;3.82;-18.65;-5.11;-30.88;-20.27;-22.57;-37.78;-21.18;-42.55
14-12-2017;11:54:00;-12.46;10.61;-61.71;-144.34;4.73;-18.52;-5.02;-31.07;-20.24;-22.43;-37.78;-21.17;-42.65
14-12-2017;19:57:00;-11.90;10.88;-61.60;-144.58;4.43;-18.27;-5.01;-31.25;-20.08;-22.39;-37.45;-20.88;-42.30
15-12-2017;03:59:00;-10.83;11.15;-61.57;-145.88;2.75;-17.60;-4.57;-30.73;-19.49;-21.57;-36.85;-20.60;-41.41
15-12-2017;12:01:00;-11.05;11.20;-61.59;-145.52;2.53;-17.64;-4.96;-30.90;-19.47;-21.57;-36.91;-20.27;-41.32
15-12-2017;20:04:00;-11.05;10.88;-61.53;-146.59;2.33;-17.46;-4.86;-30.42;-19.37;-21.37;-36.86;-20.25;-41.05
16-12-2017;03:59:00;-11.16;10.73;-61.45;-146.41;2.02;-17.49;-4.88;-30.43;-19.59;-21.50;-36.84;-20.27;-41.10
16-12-2017;11:53:00;-11.42;10.54;-61.43;-146.46;2.27;-17.59;-5.13;-30.52;-19.78;-21.94;-37.04;-20.18;-41.16
16-12-2017;19:56:00;-11.36;10.33;-61.37;-147.16;2.59;-17.61;-5.22;-30.43;-19.81;-21.78;-37.20;-20.39;-41.27
17-12-2017;03:59:00;-11.01;10.07;-61.43;-147.35;1.70;-17.57;-5.13;-30.18;-19.77;-21.69;-37.08;-20.29;-41.14
17-12-2017;12:01:00;-10.48;9.95;-61.55;-147.39;1.10;-17.72;-4.71;-30.07;-19.58;-21.43;-36.89;-20.08;-41.13
17-12-2017;20:03:00;-11.34;9.72;-61.65;-146.66;1.96;-17.92;-4.80;-30.04;-19.67;-21.89;-37.13;-20.35;-41.25
18-12-2017;03:58:00;-12.53;9.99;-62.17;-147.05;2.01;-18.32;-4.70;-30.56;-20.03;-22.26;-37.80;-20.33;-41.99
18-12-2017;11:53:00;-12.65;9.95;-61.99;-147.82;2.15;-18.34;-4.66;-30.42;-20.06;-22.30;-38.04;-20.02;-42.14
18-12-2017;19:55:00;-12.30;10.05;-62.00;-148.28;2.53;-18.08;-4.28;-30.23;-19.72;-22.01;-37.88;-19.57;-41.97
19-12-2017;03:57:00;-12.54;10.13;-62.06;-148.31;1.59;-18.23;-4.51;-30.08;-20.02;-21.92;-37.98;-19.66;-41.88
19-12-2017;12:00:00;-12.48;10.88;-62.42;-148.81;1.08;-17.90;-3.90;-29.59;-19.71;-21.80;-38.12;-19.42;-41.75
19-12-2017;20:02:00;-11.99;11.72;-62.84;-149.59;0.69;-17.67;-2.68;-29.02;-19.58;-21.45;-37.96;-19.47;-41.41
20-12-2017;04:05:00;-12.37;11.74;-62.83;-148.51;1.72;-18.19;-3.16;-29.58;-20.05;-22.09;-38.96;-20.01;-41.68
20-12-2017;11:59:00;-12.57;11.67;-63.08;-148.44;1.89;-18.48;-3.03;-30.18;-20.39;-22.34;-39.26;-20.74;-41.96
20-12-2017;19:54:00;-11.85;10.75;-63.18;-148.58;1.79;-18.66;-3.43;-30.77;-20.42;-22.72;-40.07;-20.72;-41.86
21-12-2017;03:56:00;-12.39;10.53;-63.17;-148.30;0.84;-18.34;-2.40;-29.91;-19.96;-22.08;-39.99;-20.33;-41.39
21-12-2017;11:59:00;-12.29;10.43;-63.12;-149.06;0.35;-18.33;-2.64;-29.89;-19.71;-22.22;-40.01;-20.07;-41.69
21-12-2017;20:01:00;-12.38;10.11;-63.13;-148.60;0.07;-18.29;-3.00;-29.83;-19.82;-22.17;-40.38;-20.09;-41.93
22-12-2017;04:03:00;-12.51;10.38;-62.93;-148.53;0.20;-18.21;-2.52;-29.91;-19.82;-22.19;-40.65;-19.92;-42.02
22-12-2017;11:58:00;-13.15;10.90;-62.86;-147.97;0.85;-18.77;-2.79;-30.62;-20.27;-22.66;-40.65;-19.57;-41.79
22-12-2017;19:52:00;-12.31;11.86;-62.88;-148.50;1.30;-18.94;-2.29;-30.77;-20.27;-22.79;-41.59;-20.07;-41.92
23-12-2017;03:55:00;-11.85;11.26;-63.12;-148.91;0.92;-18.72;-1.16;-30.69;-20.01;-21.52;-41.21;-19.62;-41.05
23-12-2017;11:57:00;-12.51;11.07;-63.23;-148.15;0.78;-19.08;-0.84;-31.15;-20.30;-22.22;-41.40;-19.97;-41.28
23-12-2017;20:00:00;-11.77;11.26;-63.18;-148.09;0.70;-18.87;-1.01;-31.28;-20.38;-22.33;-41.77;-19.62;-41.15
24-12-2017;04:02:00;-12.05;11.75;-63.21;-149.60;0.08;-18.49;-0.80;-30.39;-19.74;-21.86;-42.31;-19.24;-41.03
24-12-2017;12:04:00;-14.72;11.01;-63.54;-148.59;1.20;-19.41;-1.80;-31.57;-20.54;-23.07;-42.71;-19.63;-41.82
24-12-2017;19:59:00;-13.78;10.84;-63.35;-149.46;0.51;-19.38;-1.58;-31.16;-20.23;-22.81;-42.28;-19.30;-41.78
25-12-2017;03:54:00;-12.92;12.15;-63.70;-150.26;0.77;-19.20;-1.53;-30.82;-20.00;-22.64;-41.81;-19.07;-41.67
25-12-2017;11:56:00;-13.67;11.96;-63.88;-149.73;1.53;-19.62;-1.22;-30.94;-20.32;-23.15;-42.21;-18.43;-41.95
25-12-2017;19:59:00;-14.29;12.06;-63.89;-149.04;1.50;-19.62;-0.74;-30.88;-20.26;-23.77;-43.02;-18.18;-42.20
26-12-2017;04:01:00;-12.48;12.58;-63.63;-150.62;1.51;-19.56;-0.69;-31.34;-20.37;-22.82;-42.43;-17.98;-41.75
26-12-2017;12:03:00;-12.29;11.99;-63.50;-150.32;1.93;-19.73;-1.42;-31.51;-20.34;-22.83;-42.32;-18.34;-41.94
26-12-2017;20:06:00;-11.99;11.74;-63.52;-150.76;3.55;-19.74;-1.94;-32.07;-20.43;-23.64;-42.07;-18.09;-41.52
27-12-2017;04:00:00;-11.55;12.16;-63.17;-150.46;3.26;-19.78;-0.85;-31.81;-20.94;-23.20;-43.00;-18.93;-42.19
27-12-2017;11:55:00;-13.08;12.86;-62.58;-150.43;2.66;-19.56;0.29;-31.70;-20.82;-23.76;-42.72;-18.68;-41.55
27-12-2017;19:57:00;-12.12;12.41;-62.17;-149.18;2.84;-19.54;0.47;-31.85;-20.94;-24.69;-42.82;-18.82;-41.64
28-12-2017;04:00:00;-12.35;12.80;-62.82;-149.93;3.37;-19.22;1.09;-31.45;-20.66;-23.66;-41.65;-17.90;-41.07
28-12-2017;12:02:00;-12.95;13.32;-62.96;-150.04;3.60;-19.46;1.12;-31.67;-20.71;-23.88;-41.72;-17.94;-41.46
28-12-2017;20:04:00;-12.78;13.31;-63.16;-149.17;4.58;-19.81;0.73;-32.00;-21.04;-23.77;-41.04;-17.83;-41.43
29-12-2017;03:59:00;-13.26;13.47;-63.36;-149.82;3.62;-19.90;0.77;-31.78;-21.03;-23.95;-40.58;-17.57;-41.19
29-12-2017;11:54:00;-14.27;14.38;-63.09;-151.08;3.87;-20.17;1.29;-31.90;-21.10;-24.05;-40.59;-17.91;-41.74
29-12-2017;19:56:00;-14.18;14.10;-63.73;-150.38;4.13;-19.98;0.79;-31.67;-21.22;-24.10;-40.38;-18.07;-41.58
30-12-2017;03:59:00;-13.20;14.07;-63.92;-150.44;4.64;-19.66;1.02;-31.28;-20.84;-24.03;-39.58;-17.57;-40.77
30-12-2017;12:01:00;-13.46;14.09;-63.99;-150.49;4.98;-19.96;0.09;-31.65;-21.09;-23.85;-39.80;-17.54;-41.06
30-12-2017;20:03:00;-12.51;14.28;-63.92;-150.84;4.64;-19.56;0.77;-31.42;-20.74;-23.44;-39.65;-16.98;-40.92
31-12-2017;03:58:00;-12.61;14.17;-63.93;-150.55;4.61;-19.82;0.30;-31.84;-20.93;-23.21;-39.98;-17.15;-41.27
31-12-2017;11:52:00;-13.29;14.07;-64.18;-150.45;4.76;-20.25;0.02;-32.33;-21.36;-23.49;-39.85;-17.01;-41.34
31-12-2017;19:55:00;-13.94;13.83;-63.63;-149.90;4.83;-20.25;0.60;-32.44;-21.37;-23.64;-40.33;-17.06;-41.39
01-01-2018;03:57:00;-13.86;13.59;-63.75;-150.25;5.66;-20.37;1.41;-32.42;-21.45;-23.96;-41.40;-17.42;-42.10
01-01-2018;12:00:00;-14.21;13.75;-64.48;-148.81;5.54;-20.40;0.21;-32.46;-21.35;-24.14;-41.86;-17.91;-42.25
01-01-2018;20:02:00;-13.72;13.70;-65.14;-148.55;5.28;-20.69;0.17;-32.30;-21.60;-24.00;-42.00;-18.49;-42.26
02-01-2018;04:05:00;-13.24;13.34;-65.46;-149.26;5.94;-20.75;0.38;-32.25;-21.73;-24.27;-42.62;-18.34;-42.65
02-01-2018;11:59:00;-12.39;12.93;-65.60;-150.70;6.99;-20.85;0.70;-32.40;-21.69;-24.35;-42.51;-18.12;-42.68
02-01-2018;19:54:00;-12.52;12.88;-65.27;-150.55;6.35;-20.90;0.40;-32.45;-21.71;-24.65;-42.98;-18.34;-42.87
03-01-2018;03:56:00;-12.09;12.51;-65.01;-151.94;5.48;-20.78;0.50;-32.04;-21.63;-24.15;-42.59;-17.78;-42.54
03-01-2018;11:59:00;-13.70;11.76;-64.81;-151.97;5.62;-20.87;0.14;-32.80;-21.73;-24.45;-42.18;-17.58;-42.40
03-01-2018;20:01:00;-13.93;11.07;-64.97;-151.71;5.76;-20.85;0.08;-33.01;-21.68;-24.45;-42.30;-17.63;-42.53
04-01-2018;04:03:00;-13.88;10.97;-65.25;-151.87;6.59;-20.59;0.15;-32.93;-21.47;-24.29;-42.08;-17.48;-42.42
04-01-2018;11:58:00;-14.42;10.77;-65.36;-152.48;6.20;-20.52;0.41;-32.87;-21.50;-24.00;-41.95;-17.61;-42.30
04-01-2018;19:53:00;-14.88;10.60;-65.90;-151.82;6.83;-20.59;0.65;-32.60;-21.44;-24.12;-42.23;-17.40;-42.75
05-01-2018;03:55:00;-14.66;10.65;-65.98;-151.75;6.56;-20.65;1.05;-32.45;-21.40;-24.35;-41.81;-17.46;-42.80
05-01-2018;11:58:00;-14.64;10.54;-65.95;-151.84;5.83;-20.64;1.06;-32.54;-21.28;-24.02;-41.39;-17.61;-42.56
05-01-2018;20:00:00;-13.62;10.47;-65.78;-151.16;4.93;-20.47;1.26;-32.70;-21.05;-23.61;-40.94;-17.00;-41.99
06-01-2018;04:02:00;-13.76;10.60;-65.90;-150.46;5.29;-20.56;1.00;-32.88;-21.16;-23.94;-40.98;-16.73;-42.12
06-01-2018;12:05:00;-13.16;10.95;-65.95;-151.38;5.26;-20.53;0.54;-32.96;-21.18;-23.76;-40.77;-16.39;-41.98
06-01-2018;20:00:00;-13.05;10.89;-65.75;-151.08;5.25;-20.39;0.44;-33.00;-21.19;-23.73;-40.90;-16.41;-41.97
07-01-2018;03:54:00;-12.80;10.86;-65.59;-151.72;4.79;-20.25;0.55;-32.75;-21.10;-23.49;-40.94;-16.40;-42.01
07-01-2018;11:57:00;-14.50;11.13;-66.16;-152.64;5.02;-20.44;0.73;-32.59;-21.04;-23.42;-40.94;-16.80;-42.46
07-01-2018;19:59:00;-13.50;10.65;-66.82;-153.86;5.04;-20.32;1.22;-32.13;-21.04;-23.64;-40.86;-16.60;-41.97
08-01-2018;04:02:00;-12.72;10.40;-66.75;-153.61;5.20;-20.28;1.69;-32.11;-20.92;-23.59;-40.59;-16.61;-41.66
08-01-2018;12:04:00;-12.35;10.74;-66.73;-153.95;4.93;-20.04;1.42;-32.09;-20.65;-23.58;-40.37;-16.54;-41.16
08-01-2018;19:59:00;-13.84;10.19;-66.86;-154.57;4.96;-20.01;1.45;-32.47;-20.62;-24.01;-40.53;-17.01;-41.36
09-01-2018;03:53:00;-15.68;9.91;-66.22;-153.83;5.52;-20.65;0.53;-33.17;-21.16;-24.16;-41.21;-17.56;-41.88
09-01-2018;11:56:00;-13.27;9.95;-66.42;-153.30;6.34;-20.83;0.94;-33.71;-21.60;-24.21;-40.82;-17.54;-41.84
09-01-2018;19:58:00;-13.04;10.00;-66.47;-154.59;6.39;-20.43;1.39;-33.16;-21.08;-23.68;-39.81;-17.09;-40.99
10-01-2018;04:01:00;-12.73;10.42;-65.99;-154.79;5.67;-19.97;2.17;-32.61;-20.52;-23.33;-39.28;-16.69;-40.47
10-01-2018;12:03:00;-12.07;10.44;-65.75;-154.84;5.91;-19.87;3.17;-32.52;-20.33;-22.71;-39.75;-16.20;-40.67
10-01-2018;19:58:00;-12.74;10.42;-65.61;-155.14;5.66;-19.62;3.40;-32.50;-20.11;-22.63;-39.80;-16.44;-40.57
11-01-2018;03:52:00;-13.10;10.47;-65.38;-154.99;5.70;-19.71;3.56;-32.74;-20.13;-22.60;-39.83;-16.31;-40.49
11-01-2018;11:55:00;-13.37;10.46;-65.62;-155.12;5.81;-19.85;3.48;-32.92;-20.33;-22.73;-39.95;-16.41;-40.72
11-01-2018;19:57:00;-13.60;10.51;-65.73;-154.81;6.14;-20.12;3.44;-32.85;-20.52;-22.95;-40.30;-16.50;-40.94
12-01-2018;04:00:00;-13.49;10.44;-65.69;-154.90;6.45;-19.92;3.71;-32.73;-20.32;-22.88;-40.46;-16.46;-40.81
12-01-2018;12:02:00;-14.44;10.35;-65.61;-154.84;6.48;-20.23;3.21;-32.97;-20.65;-22.99;-40.58;-16.42;-40.88
12-01-2018;20:04:00;-15.78;10.54;-65.51;-154.78;6.24;-20.32;2.86;-33.36;-20.73;-23.33;-41.09;-16.72;-41.15
13-01-2018;03:59:00;-14.85;10.50;-65.21;-155.14;6.75;-20.10;3.01;-33.05;-20.59;-23.20;-40.79;-16.37;-41.15
13-01-2018;11:54:00;-13.56;10.78;-65.08;-156.18;5.07;-19.51;3.54;-32.41;-20.04;-22.34;-40.32;-15.96;-40.74
13-01-2018;19:56:00;-13.49;10.82;-64.70;-156.12;5.29;-19.36;3.16;-32.20;-19.93;-22.18;-40.47;-16.02;-40.34
14-01-2018;03:59:00;-14.04;10.61;-64.96;-155.73;5.59;-19.72;2.55;-32.46;-20.33;-22.62;-40.61;-16.03;-40.57
14-01-2018;12:01:00;-13.14;10.93;-64.98;-156.41;4.89;-19.31;2.83;-31.76;-19.84;-22.04;-40.38;-15.71;-40.23
14-01-2018;20:03:00;-12.88;10.90;-64.98;-156.44;4.48;-19.30;2.71;-31.78;-19.88;-21.92;-40.62;-15.76;-40.41
15-01-2018;03:58:00;-11.85;10.75;-64.47;-156.07;3.74;-19.23;2.22;-31.46;-19.75;-21.88;-40.84;-15.58;-41.26
15-01-2018;11:53:00;-12.19;11.05;-64.40;-155.63;3.70;-19.47;1.78;-32.00;-20.02;-22.19;-40.94;-15.49;-41.53
15-01-2018;19:55:00;-11.15;11.70;-64.54;-156.50;2.89;-19.45;1.84;-31.93;-19.84;-22.00;-40.96;-15.40;-41.41
16-01-2018;03:58:00;-11.47;10.16;-64.26;-156.07;3.84;-19.74;1.74;-32.04;-20.12;-22.58;-41.40;-15.46;-41.47
16-01-2018;12:00:00;-11.75;9.79;-63.95;-156.64;4.27;-19.91;1.77;-31.52;-20.28;-22.29;-40.68;-15.13;-41.32
16-01-2018;20:02:00;-11.74;10.62;-63.99;-156.66;4.31;-19.66;2.03;-31.32;-20.06;-22.41;-40.36;-14.86;-41.08
17-01-2018;04:05:00;-11.09;10.58;-64.47;-157.54;4.04;-19.45;2.42;-30.99;-19.74;-22.28;-40.10;-14.19;-40.69
17-01-2018;11:59:00;-11.25;10.55;-65.20;-157.36;4.67;-19.25;2.10;-31.04;-19.70;-22.09;-40.20;-14.01;-40.56
17-01-2018;19:54:00;-11.41;10.59;-65.30;-158.21;4.73;-19.19;2.20;-30.84;-19.60;-21.96;-40.21;-13.35;-40.69
18-01-2018;03:56:00;-11.39;10.67;-65.72;-158.39;4.80;-19.19;2.45;-30.85;-19.72;-22.09;-40.33;-13.53;-40.78
18-01-2018;11:59:00;-11.13;11.01;-65.81;-157.87;4.83;-19.26;2.74;-30.74;-19.75;-22.04;-40.36;-13.40;-40.98
18-01-2018;20:01:00;-11.18;11.30;-66.11;-156.96;4.75;-19.27;2.62;-30.43;-19.61;-22.13;-40.09;-13.03;-41.03
19-01-2018;04:04:00;-11.04;11.50;-66.34;-157.16;4.09;-19.27;2.55;-30.41;-19.75;-22.04;-39.89;-13.10;-40.87
19-01-2018;11:58:00;-12.50;10.68;-66.56;-156.26;5.06;-19.86;1.97;-31.09;-20.41;-22.79;-40.71;-13.50;-41.56
19-01-2018;19:53:00;-12.32;10.47;-66.79;-156.31;5.66;-19.95;2.14;-31.04;-20.53;-23.08;-40.81;-13.68;-41.71
20-01-2018;03:55:00;-11.05;10.69;-66.88;-157.65;4.83;-19.57;2.87;-30.61;-20.13;-22.52;-40.30;-13.52;-41.39
20-01-2018;11:58:00;-10.80;10.50;-66.62;-158.31;4.99;-19.60;2.85;-30.64;-20.13;-22.32;-40.20;-13.71;-41.37
20-01-2018;20:00:00;-10.67;10.99;-66.53;-158.05;4.64;-19.46;2.50;-30.17;-19.95;-22.28;-40.01;-13.35;-41.04
21-01-2018;04:03:00;-10.82;11.01;-66.54;-158.05;4.18;-19.50;1.84;-30.04;-19.98;-22.26;-40.29;-13.40;-41.26
21-01-2018;12:05:00;-10.89;10.76;-66.25;-156.78;3.98;-19.63;1.79;-30.29;-20.04;-22.06;-40.04;-13.34;-40.98
21-01-2018;20:00:00;-10.88;10.65;-66.58;-157.32;4.21;-19.57;1.75;-30.23;-19.93;-22.34;-40.21;-13.31;-41.11
22-01-2018;03:54:00;-11.19;10.29;-66.62;-157.91;4.46;-19.70;1.49;-30.63;-20.13;-22.54;-40.47;-13.44;-41.25
22-01-2018;11:57:00;-10.77;10.18;-66.77;-157.96;4.24;-19.80;1.88;-30.74;-20.17;-22.30;-40.36;-13.14;-41.12
22-01-2018;19:59:00;-9.87;10.40;-66.75;-159.16;4.08;-19.35;2.51;-30.18;-19.82;-22.06;-40.01;-12.74;-41.11
23-01-2018;04:02:00;-10.27;11.01;-66.63;-157.85;5.04;-19.91;1.26;-29.40;-20.35;-22.77;-39.81;-12.85;-41.09
23-01-2018;12:04:00;-10.81;11.15;-67.09;-157.85;4.61;-20.06;1.87;-28.93;-20.62;-22.61;-40.19;-13.03;-41.51
23-01-2018;19:59:00;-10.41;11.72;-67.69;-158.97;4.27;-20.02;2.50;-29.37;-20.60;-22.49;-40.51;-12.64;-41.51
24-01-2018;03:53:00;-9.76;11.95;-67.53;-159.40;3.53;-20.00;2.90;-29.29;-20.24;-22.26;-40.70;-12.25;-42.31
24-01-2018;11:56:00;-9.67;12.66;-67.21;-159.94;3.43;-19.96;3.12;-28.56;-20.14;-22.42;-40.73;-12.46;-41.88
24-01-2018;19:58:00;-9.21;11.92;-66.91;-160.04;3.98;-20.21;3.55;-27.26;-20.31;-22.38;-40.06;-11.20;-41.49
25-01-2018;04:01:00;-9.19;11.38;-66.93;-159.81;4.22;-19.96;4.24;-26.43;-20.42;-22.28;-39.92;-10.65;-41.10
25-01-2018;12:03:00;-9.43;11.73;-67.96;-160.42;4.26;-19.84;3.02;-25.69;-20.45;-22.83;-39.20;-11.37;-41.53
25-01-2018;20:05:00;-9.85;10.92;-68.56;-158.68;5.14;-20.22;3.43;-25.92;-20.66;-23.10;-39.67;-12.25;-41.90
26-01-2018;04:00:00;-10.23;10.40;-69.31;-158.93;5.68;-20.43;4.04;-25.69;-20.90;-23.35;-40.02;-12.99;-42.54
26-01-2018;11:54:00;-8.49;10.85;-69.84;-160.26;4.45;-20.60;4.18;-24.72;-20.33;-22.42;-40.08;-12.65;-41.90
26-01-2018;19:57:00;-7.89;11.40;-69.75;-160.71;5.11;-20.71;4.19;-24.71;-20.32;-22.50;-40.47;-12.79;-42.06
27-01-2018;04:00:00;-7.95;11.39;-69.33;-160.68;5.03;-20.68;4.24;-24.64;-20.08;-22.58;-40.21;-12.88;-41.76
27-01-2018;12:02:00;-7.27;11.27;-69.20;-159.88;5.07;-20.64;3.84;-24.56;-20.01;-22.37;-39.85;-12.63;-41.34
27-01-2018;20:04:00;-7.22;11.77;-68.79;-158.88;6.23;-20.90;4.20;-24.16;-20.22;-22.47;-39.57;-12.87;-41.64
28-01-2018;03:59:00;-7.11;12.31;-68.40;-158.46;6.27;-20.95;3.72;-24.57;-20.49;-22.86;-39.73;-13.44;-43.02
28-01-2018;11:53:00;-7.19;12.27;-68.88;-158.59;5.64;-20.95;4.20;-24.69;-20.71;-22.98;-39.77;-13.71;-42.96
28-01-2018;19:56:00;-7.44;12.00;-69.03;-158.99;5.35;-20.69;5.06;-23.43;-20.74;-22.55;-38.72;-12.97;-42.24
29-01-2018;03:59:00;-6.51;11.94;-68.83;-159.39;6.03;-20.75;5.00;-23.17;-20.38;-22.61;-38.55;-12.56;-42.20
29-01-2018;12:01:00;-7.44;12.91;-66.90;-157.15;6.62;-21.22;5.79;-22.25;-20.64;-22.55;-38.45;-13.37;-41.51
29-01-2018;20:03:00;-7.04;13.57;-65.78;-156.65;6.12;-21.63;5.93;-23.11;-20.84;-22.67;-37.28;-12.66;-40.09
30-01-2018;03:58:00;-6.54;13.75;-66.00;-156.64;5.23;-21.50;5.46;-23.05;-20.68;-23.07;-38.29;-12.27;-39.97
30-01-2018;11:53:00;-5.37;13.71;-66.75;-158.17;3.99;-20.84;5.61;-22.60;-20.09;-22.49;-37.40;-11.67;-39.73
30-01-2018;19:55:00;-5.89;14.76;-65.41;-157.68;4.28;-21.00;5.70;-22.88;-20.16;-22.70;-36.89;-11.90;-39.15
31-01-2018;03:57:00;-5.50;16.72;-65.33;-157.84;3.95;-20.99;5.63;-22.46;-20.34;-22.77;-37.38;-12.18;-39.11
31-01-2018;12:00:00;-5.67;17.13;-64.45;-156.88;4.18;-20.89;6.85;-22.63;-20.08;-22.54;-37.07;-12.38;-38.23
31-01-2018;20:02:00;-7.02;17.15;-63.84;-155.91;4.67;-21.02;7.46;-22.92;-20.13;-23.13;-37.06;-12.49;-38.72
01-02-2018;04:04:00;-6.21;17.04;-63.88;-156.64;5.72;-20.92;7.85;-22.85;-19.98;-23.33;-37.38;-11.92;-38.68
01-02-2018;11:59:00;-5.52;17.17;-63.54;-157.70;4.78;-20.86;8.42;-21.79;-19.98;-22.86;-37.12;-12.32;-38.81
01-02-2018;20:00:00;-5.84;17.19;-63.00;-157.67;4.80;-20.73;8.91;-22.06;-19.87;-22.88;-37.12;-12.05;-38.68
02-02-2018;03:59:00;-5.37;17.83;-62.94;-158.06;4.65;-20.39;9.44;-21.84;-19.51;-22.50;-37.41;-11.46;-38.35
02-02-2018;11:53:00;-4.79;18.03;-63.24;-158.57;3.47;-20.03;9.54;-21.44;-19.04;-21.18;-37.66;-11.22;-38.42
02-02-2018;19:56:00;-5.10;18.06;-63.19;-158.35;3.87;-20.04;9.61;-21.34;-18.92;-21.12;-37.11;-11.60;-37.84
03-02-2018;03:58:00;-4.95;18.01;-63.61;-157.85;4.24;-19.86;10.15;-20.97;-18.76;-21.25;-36.94;-11.61;-36.82
03-02-2018;12:07:00;-4.85;18.19;-63.95;-158.05;4.37;-19.65;10.62;-20.68;-18.56;-20.83;-36.55;-11.51;-36.31
03-02-2018;20:03:00;-5.00;18.38;-63.97;-158.49;4.53;-19.41;10.10;-20.23;-18.35;-20.90;-36.73;-11.32;-35.90
04-02-2018;03:58:00;-4.90;18.91;-63.85;-158.96;4.42;-19.40;10.05;-20.26;-18.19;-20.65;-36.50;-11.14;-35.99
04-02-2018;11:53:00;-5.52;18.84;-63.95;-158.55;4.89;-19.39;9.83;-20.35;-18.33;-20.41;-36.11;-10.79;-36.66
04-02-2018;19:55:00;-5.27;18.80;-64.16;-158.42;4.95;-19.43;9.66;-20.46;-18.28;-20.39;-35.78;-11.02;-36.58
05-02-2018;03:58:00;-3.88;19.50;-64.38;-158.95;4.45;-19.13;10.34;-20.14;-18.05;-20.10;-35.08;-11.14;-35.57
05-02-2018;12:00:00;-4.54;19.06;-64.30;-158.02;4.87;-19.05;11.00;-20.24;-18.15;-20.23;-34.53;-11.22;-35.32
05-02-2018;20:03:00;-4.91;19.21;-64.32;-157.87;5.41;-18.78;10.64;-20.20;-17.80;-20.45;-34.05;-11.32;-35.18
06-02-2018;04:05:00;-5.85;19.27;-63.95;-158.12;5.20;-18.63;10.47;-20.27;-17.64;-20.19;-34.65;-10.98;-35.65
06-02-2018;12:00:00;-6.51;18.95;-63.79;-157.05;5.36;-19.22;9.08;-20.93;-18.24;-20.14;-35.61;-11.13;-36.36
06-02-2018;19:55:00;-5.70;19.55;-64.10;-158.05;4.77;-18.53;8.90;-19.91;-17.16;-20.00;-35.50;-10.06;-35.79
07-02-2018;03:57:00;-5.34;19.34;-64.14;-159.00;4.24;-18.25;8.96;-19.09;-16.86;-19.27;-35.93;-9.38;-35.84
07-02-2018;11:59:00;-5.56;19.50;-64.14;-159.50;4.27;-18.08;8.85;-19.17;-16.77;-18.92;-36.31;-9.39;-36.00
07-02-2018;20:02:00;-5.81;19.49;-64.45;-158.41;4.63;-18.20;8.41;-19.01;-16.95;-19.26;-36.36;-9.22;-36.24
08-02-2018;04:04:00;-4.27;19.13;-64.50;-158.73;4.68;-17.90;8.91;-19.03;-16.71;-18.81;-36.02;-8.82;-35.91
08-02-2018;11:59:00;-5.03;19.35;-64.59;-157.82;5.10;-18.38;8.82;-18.87;-17.07;-19.35;-36.03;-8.94;-36.03
08-02-2018;19:54:00;-5.12;19.42;-63.60;-157.02;5.22;-18.92;9.45;-19.39;-17.60;-20.13;-36.29;-8.86;-36.10
09-02-2018;03:56:00;-3.88;19.46;-63.28;-158.95;3.59;-18.27;10.88;-18.59;-17.11;-18.96;-35.53;-8.28;-35.24
09-02-2018;11:58:00;-3.43;19.17;-63.08;-158.92;3.26;-18.06;10.61;-18.19;-16.85;-18.62;-35.26;-8.46;-34.78
09-02-2018;20:01:00;-3.23;19.83;-63.14;-158.73;3.29;-17.93;10.28;-17.78;-16.74;-18.71;-35.19;-8.08;-34.43
10-02-2018;04:03:00;-2.54;19.56;-62.67;-158.35;3.51;-18.22;9.88;-17.98;-16.70;-18.72;-35.24;-7.68;-34.78
10-02-2018;11:58:00;-1.72;19.14;-63.02;-158.63;2.89;-18.19;9.28;-17.69;-16.54;-18.53;-34.58;-7.37;-34.31
10-02-2018;19:53:00;-1.33;18.95;-63.34;-157.97;3.09;-18.41;8.52;-17.93;-16.62;-18.72;-35.21;-7.57;-35.08
11-02-2018;03:55:00;-0.74;19.91;-63.26;-158.26;3.21;-18.33;9.37;-17.44;-16.45;-18.49;-34.97;-7.72;-35.12
11-02-2018;12:04:00;-0.05;19.77;-63.21;-158.52;3.35;-18.18;10.18;-17.06;-16.20;-18.50;-34.80;-7.42;-34.70
11-02-2018;20:00:00;0.26;19.20;-63.17;-159.08;3.14;-18.07;10.00;-16.96;-16.05;-18.09;-34.71;-7.40;-34.42
12-02-2018;04:02:00;0.19;19.22;-63.30;-158.75;3.60;-18.19;9.58;-17.39;-16.10;-18.51;-34.92;-7.54;-34.33
12-02-2018;12:05:00;0.65;19.22;-63.43;-159.34;3.57;-17.80;10.07;-16.81;-15.78;-18.26;-34.27;-6.87;-34.26
12-02-2018;19:59:00;0.04;19.20;-63.74;-158.69;4.01;-17.81;9.92;-16.80;-15.74;-18.19;-34.36;-6.87;-34.45
13-02-2018;03:54:00;-0.74;19.11;-63.79;-157.80;4.52;-17.97;9.44;-17.17;-15.88;-18.42;-34.46;-7.13;-34.80
13-02-2018;11:56:00;-0.43;19.20;-63.78;-158.17;3.26;-18.00;9.32;-17.24;-15.89;-18.11;-34.40;-7.31;-35.47
13-02-2018;19:59:00;-0.45;19.13;-63.90;-158.65;2.98;-17.45;9.73;-16.74;-15.36;-17.92;-34.07;-6.80;-34.61
14-02-2018;04:01:00;-0.28;18.79;-64.66;-158.23;3.17;-17.47;10.03;-16.24;-15.14;-17.53;-34.28;-7.44;-34.59
14-02-2018;12:03:00;0.03;18.82;-64.49;-158.12;3.33;-17.03;10.04;-15.79;-14.81;-17.05;-33.85;-7.55;-34.30
14-02-2018;19:58:00;-1.13;17.21;-65.00;-158.05;3.14;-16.70;9.52;-15.47;-14.56;-16.52;-33.86;-6.51;-34.25
15-02-2018;03:53:00;-2.23;16.75;-65.38;-157.93;3.17;-16.46;9.64;-15.95;-14.26;-16.41;-33.57;-5.72;-33.56
15-02-2018;11:55:00;-3.94;17.80;-65.60;-157.86;2.86;-16.10;9.55;-16.43;-14.05;-16.00;-33.77;-6.18;-32.96
15-02-2018;19:58:00;-3.80;17.85;-65.41;-157.52;2.43;-15.79;8.98;-16.55;-13.88;-16.29;-33.41;-5.58;-32.69
16-02-2018;04:00:00;-4.08;17.76;-65.61;-157.71;2.84;-15.40;9.14;-16.44;-13.61;-16.15;-33.30;-6.00;-32.62
16-02-2018;12:03:00;-5.04;17.47;-65.66;-157.33;2.90;-15.75;8.79;-16.97;-14.09;-16.37;-33.79;-6.18;-33.00
16-02-2018;20:05:00;-6.20;17.07;-65.73;-156.49;3.34;-15.72;8.83;-16.87;-14.01;-16.73;-34.00;-5.97;-33.34
17-02-2018;04:00:00;-6.38;16.95;-66.06;-156.08;3.26;-15.85;8.82;-16.88;-14.18;-16.91;-34.11;-5.93;-33.28
17-02-2018;11:54:00;-5.95;17.09;-66.21;-155.44;3.82;-16.00;8.80;-17.18;-14.61;-16.97;-33.88;-6.04;-33.53
17-02-2018;19:57:00;-5.41;17.35;-66.34;-155.00;3.74;-15.44;9.10;-16.45;-14.04;-16.61;-33.35;-5.75;-33.29
18-02-2018;03:59:00;-5.46;16.97;-66.33;-155.41;3.94;-15.62;8.74;-16.41;-14.18;-16.59;-33.69;-5.77;-33.19
18-02-2018;12:02:00;-5.93;16.60;-66.17;-154.69;3.74;-16.15;8.32;-16.66;-14.63;-16.71;-34.29;-6.20;-33.90
18-02-2018;20:04:00;-5.93;16.88;-66.40;-154.32;3.94;-15.87;8.00;-16.44;-14.26;-17.11;-34.41;-6.31;-33.84
19-02-2018;03:59:00;-5.10;17.34;-66.58;-154.82;3.28;-15.24;8.36;-15.68;-13.46;-16.16;-33.94;-6.00;-33.18
19-02-2018;11:53:00;-4.63;17.24;-66.66;-155.48;2.94;-15.24;8.71;-15.76;-13.41;-16.08;-33.95;-5.91;-33.12
19-02-2018;19:56:00;-3.43;17.30;-66.59;-155.71;2.90;-14.88;8.98;-15.34;-13.10;-15.84;-33.34;-5.76;-32.70
20-02-2018;03:58:00;-3.32;17.12;-66.68;-155.75;2.48;-14.65;8.86;-15.32;-12.86;-15.63;-33.09;-5.88;-32.57
20-02-2018;12:01:00;-3.41;17.01;-66.81;-156.09;2.27;-14.60;8.52;-15.46;-12.97;-15.50;-33.13;-5.95;-32.39
20-02-2018;20:03:00;-3.14;17.15;-66.83;-155.14;2.57;-14.56;8.52;-15.43;-12.78;-15.53;-33.03;-5.76;-32.23
21-02-2018;03:58:00;-4.12;17.46;-66.77;-154.53;3.32;-15.03;8.70;-15.26;-13.14;-15.82;-32.96;-5.88;-32.12
21-02-2018;11:52:00;-4.93;17.59;-66.64;-154.79;3.12;-15.09;8.64;-15.38;-13.30;-15.74;-32.92;-5.44;-31.93
21-02-2018;19:55:00;-4.04;17.95;-66.87;-155.34;2.66;-14.69;9.18;-14.98;-12.77;-15.35;-32.66;-4.96;-31.55
22-02-2018;03:57:00;-3.59;17.94;-67.23;-155.74;2.97;-14.49;8.90;-15.31;-12.55;-15.25;-32.54;-4.36;-31.05
22-02-2018;12:00:00;-3.83;17.70;-67.24;-155.10;3.22;-14.62;8.28;-15.61;-12.82;-15.14;-32.81;-5.01;-31.04
22-02-2018;20:02:00;-3.92;17.83;-67.43;-154.17;3.78;-14.54;8.35;-15.62;-12.60;-15.24;-32.90;-4.90;-30.96
23-02-2018;04:05:00;-4.08;17.95;-67.68;-153.73;3.85;-14.27;7.80;-15.55;-12.44;-15.25;-32.59;-5.21;-31.06
23-02-2018;11:59:00;-4.31;18.07;-67.78;-153.41;3.48;-14.44;7.56;-15.82;-12.71;-14.88;-32.69;-4.99;-30.97
23-02-2018;19:54:00;-4.30;18.26;-68.12;-153.88;3.52;-14.13;8.37;-15.25;-12.37;-14.87;-32.45;-4.57;-30.79
24-02-2018;03:57:00;-4.22;18.28;-67.81;-153.55;3.83;-13.95;8.37;-15.56;-12.28;-15.07;-32.26;-4.49;-30.75
24-02-2018;11:59:00;-3.95;18.05;-67.56;-154.20;3.84;-14.03;7.91;-16.03;-12.45;-14.60;-32.24;-4.42;-30.60
24-02-2018;20:02:00;-4.04;18.25;-67.31;-154.52;3.51;-13.50;8.08;-15.37;-11.75;-14.34;-32.10;-4.30;-30.34
25-02-2018;04:04:00;-4.17;18.25;-67.22;-154.86;4.05;-13.43;7.96;-15.39;-11.80;-14.43;-31.77;-3.97;-30.12
25-02-2018;11:59:00;-4.32;18.21;-66.97;-154.33;3.67;-13.63;7.43;-15.62;-11.97;-14.23;-32.12;-4.22;-30.30
25-02-2018;19:53:00;-4.97;18.64;-67.24;-153.80;3.53;-13.81;7.44;-15.26;-12.05;-14.58;-31.96;-4.75;-30.64
26-02-2018;03:56:00;-5.19;18.69;-67.14;-153.40;3.18;-13.81;7.88;-14.90;-12.16;-14.75;-32.10;-4.88;-31.12
26-02-2018;11:58:00;-4.77;18.80;-67.20;-153.75;3.16;-13.82;8.00;-14.75;-12.17;-14.50;-32.03;-4.62;-31.19
26-02-2018;20:01:00;-4.75;19.01;-67.40;-154.75;3.48;-13.42;8.86;-14.75;-11.81;-14.67;-31.60;-4.03;-30.70
27-02-2018;04:03:00;-5.59;18.95;-67.55;-154.90;3.17;-13.33;8.67;-14.56;-11.82;-14.22;-31.62;-4.00;-30.40
27-02-2018;11:58:00;-5.84;20.00;-67.77;-155.45;2.77;-13.04;8.34;-14.34;-11.42;-14.00;-31.33;-3.08;-30.31
27-02-2018;19:53:00;-6.60;19.45;-68.15;-155.01;2.14;-12.82;7.99;-14.57;-11.27;-13.89;-31.32;-2.88;-30.14
28-02-2018;03:56:00;-6.87;19.50;-68.25;-155.06;2.50;-12.89;7.85;-14.74;-11.33;-13.60;-31.19;-2.88;-30.01
28-02-2018;11:58:00;-6.07;19.73;-68.38;-155.15;2.60;-12.76;7.90;-14.77;-11.12;-13.59;-31.21;-2.48;-29.89
28-02-2018;20:01:00;-5.76;19.59;-67.61;-155.18;2.71;-12.64;8.15;-14.79;-11.10;-13.37;-30.96;-2.23;-29.84
01-03-2018;04:03:00;-5.64;19.56;-67.81;-154.84;2.64;-12.63;7.95;-14.93;-11.18;-13.51;-30.97;-2.47;-29.99
01-03-2018;11:58:00;-6.17;19.76;-68.36;-154.43;2.69;-12.81;7.91;-15.03;-11.29;-13.66;-31.23;-2.18;-29.87
01-03-2018;19:53:00;-6.05;19.68;-68.71;-154.55;2.17;-12.53;8.50;-14.84;-10.99;-13.34;-31.03;-1.75;-29.59
02-03-2018;03:56:00;-6.15;19.80;-68.97;-154.74;2.07;-12.56;8.62;-14.52;-10.86;-13.25;-31.27;-1.73;-29.83
02-03-2018;11:58:00;-6.54;19.85;-69.13;-154.85;2.53;-12.65;8.47;-14.79;-10.93;-13.24;-31.31;-1.46;-29.70
02-03-2018;20:01:00;-6.26;19.83;-69.27;-156.23;2.01;-12.23;8.64;-14.36;-10.62;-12.95;-31.02;-1.29;-29.75
03-03-2018;04:03:00;-6.38;20.00;-69.22;-155.75;1.91;-12.04;8.84;-14.18;-10.46;-12.79;-31.14;-1.06;-29.79
03-03-2018;12:06:00;-6.76;19.63;-69.09;-156.86;2.12;-12.40;8.41;-14.39;-10.93;-13.18;-31.35;-1.32;-29.87
03-03-2018;20:00:00;-6.97;19.96;-69.62;-156.24;2.80;-12.48;7.68;-14.42;-11.04;-13.78;-31.45;-1.58;-30.74
04-03-2018;03:55:00;-7.13;19.75;-69.92;-156.58;2.72;-12.56;7.79;-14.15;-10.98;-14.10;-31.99;-2.27;-31.24
04-03-2018;11:57:00;-6.23;19.45;-69.59;-157.30;2.34;-12.70;7.87;-14.13;-11.18;-13.74;-31.80;-1.65;-30.65
04-03-2018;20:00:00;-5.93;20.05;-69.78;-157.18;3.34;-12.43;8.13;-13.85;-10.78;-14.04;-31.84;-1.69;-30.84
05-03-2018;04:02:00;-5.44;20.33;-69.81;-157.66;2.80;-12.51;8.36;-13.66;-10.69;-13.53;-31.81;-1.63;-30.84
05-03-2018;12:05:00;-5.12;20.40;-69.62;-158.33;2.32;-12.28;8.52;-13.46;-10.53;-13.39;-31.79;-1.75;-30.38
05-03-2018;19:59:00;-5.16;20.59;-69.46;-158.01;2.21;-12.05;8.55;-13.66;-10.45;-13.27;-31.62;-1.80;-30.16
06-03-2018;03:54:00;-5.39;20.75;-69.59;-157.90;2.30;-11.95;8.48;-13.94;-10.30;-13.24;-31.15;-1.87;-30.00
06-03-2018;11:57:00;-5.67;20.29;-69.34;-158.31;2.22;-12.16;8.37;-14.32;-10.42;-13.29;-31.40;-1.76;-30.00
06-03-2018;19:59:00;-5.44;20.54;-69.32;-158.10;2.25;-11.81;8.39;-14.22;-10.18;-13.19;-30.98;-1.68;-29.86
07-03-2018;04:02:00;-5.90;20.37;-69.31;-158.02;2.44;-11.98;8.36;-14.48;-10.28;-13.17;-31.11;-1.84;-29.81
07-03-2018;12:04:00;-7.32;20.02;-69.26;-157.92;2.61;-12.21;7.89;-15.30;-10.64;-13.31;-31.65;-2.03;-30.24
07-03-2018;19:59:00;-7.60;20.41;-69.34;-157.15;4.02;-12.85;7.12;-15.99;-11.27;-14.09;-32.03;-2.30;-30.17
08-03-2018;03:53:00;-7.01;20.46;-69.58;-157.39;3.74;-12.56;7.25;-15.88;-11.14;-13.85;-31.52;-1.90;-29.95
08-03-2018;11:56:00;-5.74;20.54;-69.82;-158.08;3.05;-12.11;8.20;-14.92;-10.52;-13.22;-30.70;-1.44;-30.18
08-03-2018;19:58:00;-5.10;20.84;-69.89;-158.79;3.10;-11.97;9.09;-14.16;-10.19;-12.69;-30.67;-1.33;-29.75
09-03-2018;04:01:00;-5.14;21.07;-70.20;-158.54;2.57;-11.78;9.21;-14.31;-9.90;-12.72;-30.78;-1.68;-29.08
09-03-2018;12:03:00;-5.04;20.97;-70.16;-158.60;3.03;-11.60;9.50;-14.25;-10.04;-12.46;-31.02;-1.55;-29.77
09-03-2018;20:05:00;-5.27;20.98;-70.05;-158.62;2.49;-11.50;9.38;-14.31;-9.79;-12.66;-31.11;-1.55;-30.06
10-03-2018;04:00:00;-5.41;21.27;-70.08;-158.52;2.29;-11.32;9.64;-14.16;-9.59;-12.34;-31.15;-1.77;-30.12
10-03-2018;11:55:00;-4.35;21.30;-69.59;-158.63;2.23;-11.33;9.62;-14.31;-9.83;-12.48;-31.23;-1.54;-29.78
10-03-2018;19:57:00;-4.60;21.40;-68.97;-158.21;1.91;-11.25;9.39;-14.16;-9.53;-12.34;-31.19;-1.52;-29.77
11-03-2018;04:00:00;-4.62;21.13;-68.75;-158.20;2.52;-11.32;9.11;-14.21;-9.81;-12.56;-31.25;-1.73;-29.84
11-03-2018;12:02:00;-4.81;21.39;-68.73;-158.48;1.49;-11.03;8.90;-13.93;-9.59;-12.23;-31.59;-1.34;-29.80
11-03-2018;18:00:00;-5.30;20.86;-68.85;-158.53;0.85;-10.80;9.03;-13.82;-9.36;-12.05;-31.69;-0.91;-29.78
25-04-2018;13:59:00;-4.95;21.28;-68.95;-158.65;1.03;-11.78;9.77;-14.93;-10.18;-12.45;-32.76;-1.34;-29.94
25-04-2018;20:04:00;-6.24;21.52;-68.84;-157.82;1.71;-12.30;7.67;-15.81;-10.89;-12.84;-33.21;-1.30;-30.08
26-04-2018;03:59:00;-6.29;21.21;-69.00;-158.44;1.55;-12.10;8.38;-15.47;-10.73;-12.83;-33.31;-1.24;-30.12
26-04-2018;11:54:00;-4.90;21.32;-68.78;-158.51;0.91;-12.08;9.32;-15.34;-10.74;-12.70;-33.03;-0.97;-29.93
26-04-2018;19:48:00;-5.02;21.46;-68.87;-158.95;0.95;-11.88;9.64;-14.96;-10.20;-12.45;-33.23;-0.87;-30.08
27-04-2018;03:59:00;-5.30;21.29;-68.78;-158.69;0.94;-11.94;9.26;-14.67;-10.27;-12.42;-33.11;-0.73;-29.95
27-04-2018;12:01:00;-5.62;21.31;-68.86;-159.65;0.86;-11.88;9.78;-14.78;-10.33;-12.51;-33.20;-0.65;-29.85
27-04-2018;20:04:00;-5.63;21.58;-68.79;-159.91;1.53;-11.72;10.25;-14.35;-10.09;-12.72;-33.58;-0.77;-29.57
28-04-2018;03:58:00;-5.80;21.44;-68.51;-159.99;1.21;-11.93;10.04;-14.47;-10.46;-12.56;-33.58;-0.75;-29.20
28-04-2018;11:53:00;-5.15;21.28;-68.73;-160.34;1.42;-12.02;8.90;-14.92;-10.63;-12.66;-33.15;-0.80;-28.81
28-04-2018;19:56:00;-5.62;21.38;-68.83;-160.40;1.29;-11.74;9.54;-14.71;-10.23;-12.28;-33.46;-0.84;-29.03
29-04-2018;03:58:00;-4.82;21.43;-68.72;-160.52;1.42;-11.67;9.50;-14.80;-10.23;-12.54;-33.32;-0.61;-29.03
29-04-2018;12:00:00;-5.34;21.19;-68.72;-161.22;1.30;-11.78;9.15;-15.18;-10.49;-12.75;-33.81;-0.87;-28.83
29-04-2018;20:00:00;-6.20;21.69;-68.93;-161.40;1.16;-11.72;8.84;-15.07;-10.27;-12.56;-33.95;-0.47;-28.99
30-04-2018;03:58:00;-6.87;21.14;-68.93;-161.11;1.64;-11.74;9.28;-14.99;-10.27;-12.74;-33.85;-0.50;-29.19
30-04-2018;11:52:00;-6.84;21.07;-68.86;-161.33;1.39;-11.73;9.27;-15.34;-10.36;-12.84;-33.82;-0.29;-28.99
30-04-2018;19:55:00;-6.93;20.89;-68.96;-161.38;0.93;-11.70;9.14;-14.61;-10.31;-12.42;-33.72;-0.07;-28.93
01-05-2018;03:57:00;-6.94;20.74;-68.95;-161.93;0.94;-11.75;9.38;-14.77;-10.42;-12.45;-33.81;-0.39;-28.81
01-05-2018;12:00:00;-6.96;20.77;-68.98;-162.28;1.11;-11.88;9.45;-14.99;-10.51;-12.37;-33.87;-0.22;-28.83
01-05-2018;20:02:00;-8.46;20.51;-68.80;-161.01;2.27;-12.29;8.78;-15.60;-11.04;-13.33;-34.39;-0.70;-29.45
02-05-2018;04:05:00;-8.89;20.45;-69.03;-160.54;2.84;-12.84;8.67;-16.18;-11.45;-13.68;-35.04;-1.29;-30.04
02-05-2018;12:00:00;-7.84;20.78;-69.30;-161.83;1.24;-12.08;10.50;-15.22;-10.69;-12.85;-34.08;-0.39;-29.05
02-05-2018;19:54:00;-7.79;20.77;-69.35;-161.81;1.24;-12.15;10.42;-15.15;-10.56;-12.72;-34.34;-0.54;-28.88
03-05-2018;03:58:00;-8.20;20.85;-69.45;-161.81;1.40;-12.22;10.41;-15.35;-10.79;-13.04;-34.29;-0.74;-29.06
03-05-2018;11:59:00;-8.02;20.94;-69.34;-162.67;1.15;-12.07;10.42;-15.08;-10.66;-12.91;-34.50;-0.67;-29.08
03-05-2018;20:02:00;-8.48;20.73;-69.31;-162.82;1.30;-12.13;10.23;-15.06;-10.69;-12.97;-34.23;-0.54;-28.86
04-05-2018;04:04:00;-8.41;20.58;-69.20;-162.94;1.27;-12.16;10.42;-15.16;-10.78;-12.96;-34.25;-0.66;-28.95
04-05-2018;11:59:00;-8.86;20.39;-68.94;-162.06;1.73;-12.86;9.64;-15.93;-11.64;-12.98;-34.49;-1.14;-29.21
04-05-2018;19:54:00;-9.58;20.79;-69.36;-161.69;2.16;-12.81;9.72;-16.03;-11.33;-13.68;-34.76;-1.56;-29.57
05-05-2018;03:56:00;-9.27;20.79;-69.16;-162.26;2.25;-12.76;9.93;-15.77;-11.24;-13.61;-34.82;-1.79;-29.43
05-05-2018;11:59:00;-9.13;20.60;-69.08;-161.45;2.15;-13.17;9.60;-16.29;-11.86;-13.49;-34.90;-2.05;-29.58
05-05-2018;20:01:00;-7.88;20.99;-69.36;-162.97;1.63;-12.43;11.26;-15.66;-10.86;-12.99;-34.37;-1.31;-29.21
06-05-2018;04:03:00;-7.97;21.03;-69.44;-163.68;1.48;-12.32;11.65;-15.34;-10.89;-12.81;-34.61;-1.39;-29.28
06-05-2018;11:58:00;-8.24;21.07;-69.49;-162.74;1.81;-12.46;11.58;-15.58;-10.95;-13.08;-34.65;-1.45;-29.66
06-05-2018;19:53:00;-7.64;20.93;-69.72;-162.47;1.60;-12.39;12.09;-15.59;-10.91;-13.39;-34.78;-1.26;-29.25
07-05-2018;03:55:00;-7.76;21.00;-69.61;-163.44;1.83;-12.56;12.10;-15.86;-11.11;-13.06;-34.63;-1.27;-29.44
07-05-2018;11:58:00;-7.10;20.64;-69.29;-163.37;1.04;-12.84;11.19;-16.09;-11.81;-12.50;-34.76;-0.90;-29.19
07-05-2018;20:00:00;-8.87;20.68;-69.54;-162.77;1.10;-12.76;10.94;-16.30;-11.16;-13.47;-35.11;-1.40;-29.40
08-05-2018;04:03:00;-8.82;20.49;-69.54;-162.04;1.68;-13.06;10.67;-16.87;-11.60;-14.12;-35.61;-1.74;-29.80
08-05-2018;12:05:00;-7.76;20.47;-69.69;-162.82;1.06;-12.83;11.03;-16.71;-11.50;-13.41;-35.21;-1.72;-29.90
08-05-2018;20:00:00;-7.02;20.45;-69.93;-163.52;0.30;-12.22;11.77;-16.08;-10.73;-13.16;-34.36;-0.98;-29.21
09-05-2018;03:54:00;-7.05;20.07;-69.75;-163.44;0.25;-12.29;11.99;-16.51;-10.79;-13.16;-34.03;-1.22;-29.16
09-05-2018;11:57:00;-7.29;20.37;-69.88;-164.23;0.12;-12.32;12.27;-16.55;-10.84;-13.28;-33.70;-1.04;-28.97
09-05-2018;20:07:00;-6.48;20.36;-70.07;-164.72;0.39;-12.41;12.69;-16.61;-10.83;-13.04;-33.60;-0.81;-29.03
10-05-2018;04:01:00;-6.30;20.51;-70.03;-164.41;0.50;-12.41;12.45;-16.57;-10.93;-13.15;-33.66;-0.94;-29.00
10-05-2018;12:04:00;-6.09;20.68;-70.09;-165.37;0.14;-12.44;12.47;-16.61;-10.94;-13.22;-33.45;-0.63;-29.03
10-05-2018;19:59:00;-6.76;20.82;-69.86;-164.07;1.36;-13.17;12.19;-17.46;-11.50;-13.19;-34.15;-0.99;-29.62
11-05-2018;03:53:00;-7.75;20.39;-69.63;-164.11;1.60;-13.23;12.32;-17.51;-11.42;-13.73;-34.08;-1.11;-29.58
11-05-2018;11:56:00;-6.05;20.24;-69.78;-164.30;0.65;-12.65;12.94;-17.22;-11.58;-12.98;-33.95;-0.81;-29.05
11-05-2018;19:58:00;-5.33;20.28;-69.97;-165.75;1.34;-12.80;12.66;-17.23;-11.17;-13.55;-33.65;-0.76;-29.05
12-05-2018;04:00:00;-5.58;20.13;-69.93;-165.29;1.53;-13.05;12.51;-17.73;-11.45;-13.71;-34.07;-0.78;-29.53
12-05-2018;12:03:00;-5.55;20.58;-70.02;-165.75;0.59;-14.24;11.61;-19.10;-12.66;-12.23;-34.85;-1.75;-30.10
12-05-2018;20:05:00;-5.49;20.34;-69.88;-165.92;1.40;-13.69;12.36;-18.48;-12.00;-13.59;-33.64;-0.76;-29.12
13-05-2018;04:00:00;-4.50;20.38;-69.94;-166.24;1.07;-13.19;12.94;-17.73;-11.57;-13.60;-33.59;-0.57;-28.99
13-05-2018;11:55:00;-2.92;20.80;-70.18;-166.97;0.55;-13.49;12.93;-17.96;-12.03;-12.94;-33.48;-0.75;-28.95
13-05-2018;19:57:00;-2.20;21.15;-70.24;-167.07;0.43;-12.91;13.60;-17.39;-11.18;-13.24;-32.91;-0.43;-28.49
14-05-2018;04:00:00;-2.79;20.67;-70.03;-166.84;0.83;-13.08;13.15;-17.83;-11.35;-13.47;-33.24;-0.49;-28.36
14-05-2018;12:02:00;-3.07;20.70;-70.16;-167.40;0.39;-13.06;13.45;-17.97;-11.53;-13.18;-33.51;-0.93;-28.47
14-05-2018;20:04:00;-2.94;20.36;-70.35;-167.45;0.47;-12.84;13.14;-18.00;-11.40;-13.73;-33.19;-0.47;-28.06
15-05-2018;03:59:00;-3.84;20.19;-70.09;-166.86;0.98;-13.48;12.37;-18.39;-11.83;-14.00;-33.84;-0.64;-28.55
15-05-2018;11:54:00;-3.86;20.22;-70.03;-166.22;0.65;-14.26;11.81;-19.80;-12.92;-13.52;-34.77;-1.22;-29.25
15-05-2018;19:56:00;-3.06;20.60;-70.37;-167.26;0.09;-13.13;13.51;-18.33;-11.50;-13.47;-33.46;-0.20;-27.85
16-05-2018;03:58:00;-3.80;20.17;-70.30;-166.72;0.36;-13.56;12.89;-18.74;-11.68;-13.74;-33.78;-0.39;-27.93
16-05-2018;12:01:00;-2.57;20.53;-70.46;-166.20;-0.59;-13.06;13.74;-18.19;-11.40;-13.60;-33.77;-0.36;-27.78
16-05-2018;20:03:00;-2.54;20.69;-70.63;-166.53;-0.40;-13.07;13.55;-18.14;-11.40;-13.33;-33.39;0.15;-28.09
17-05-2018;03:58:00;-3.91;20.62;-70.35;-167.26;-0.73;-13.36;13.20;-18.17;-11.43;-13.82;-33.84;0.40;-28.12
17-05-2018;11:53:00;-2.69;20.58;-70.21;-166.78;-1.50;-13.19;13.47;-18.20;-11.41;-13.44;-33.81;0.64;-27.94
17-05-2018;19:55:00;-2.09;20.95;-70.63;-168.12;-0.52;-12.93;14.05;-18.03;-11.13;-13.42;-33.42;0.39;-28.02
18-05-2018;03:57:00;-2.53;20.74;-70.34;-168.74;-0.59;-13.42;13.07;-18.44;-11.40;-13.94;-33.77;0.37;-28.18
18-05-2018;12:00:00;-1.07;20.40;-70.39;-168.37;-1.65;-13.43;13.04;-18.51;-11.67;-13.22;-33.56;0.58;-28.22
18-05-2018;20:02:00;-1.46;20.34;-70.54;-167.68;-1.73;-12.95;13.53;-18.00;-11.23;-13.32;-33.47;0.68;-27.79
19-05-2018;04:05:00;-1.76;20.11;-70.36;-166.45;-0.93;-13.39;13.14;-18.50;-11.49;-13.87;-33.90;0.49;-28.12
19-05-2018;11:59:00;-1.55;19.66;-70.13;-166.63;-2.05;-14.33;11.60;-20.11;-13.01;-12.82;-34.32;0.21;-28.44
19-05-2018;19:54:00;-0.96;20.16;-70.74;-167.33;-1.78;-13.30;12.91;-18.49;-11.60;-13.86;-33.52;0.43;-27.97
20-05-2018;03:56:00;-1.17;20.16;-70.70;-166.70;-1.86;-13.33;13.00;-18.69;-11.55;-13.92;-33.57;0.85;-27.73
20-05-2018;11:59:00;-0.54;20.03;-70.77;-167.24;-2.66;-13.07;13.17;-18.29;-11.38;-13.43;-33.32;1.02;-27.62
20-05-2018;20:01:00;-0.23;20.15;-70.81;-167.47;-2.72;-12.94;13.72;-18.17;-11.22;-13.26;-33.31;1.00;-27.74
21-05-2018;04:03:00;-0.66;20.25;-70.70;-167.82;-2.29;-13.04;13.66;-18.36;-11.33;-13.51;-33.51;0.81;-27.86
21-05-2018;11:58:00;-0.74;20.33;-70.62;-167.35;-2.68;-12.94;13.82;-18.33;-11.52;-13.51;-33.59;0.60;-27.80
21-05-2018;19:53:00;-0.56;20.27;-70.69;-166.81;-2.22;-13.09;13.46;-18.31;-11.57;-13.62;-33.54;0.13;-27.67
22-05-2018;03:55:00;-0.76;20.17;-70.50;-167.28;-2.73;-12.82;13.70;-18.17;-11.33;-13.27;-33.22;0.09;-27.35
22-05-2018;11:58:00;-0.72;20.26;-70.62;-166.08;-3.27;-12.42;14.42;-18.66;-12.16;-13.09;-33.86;-0.23;-28.04
22-05-2018;20:00:00;-1.43;20.51;-70.80;-166.81;-2.86;-12.91;13.91;-18.46;-11.69;-13.77;-33.61;-0.30;-27.72
23-05-2018;04:02:00;-1.71;20.31;-70.74;-166.77;-2.86;-13.28;13.51;-18.25;-11.67;-13.75;-33.48;-0.20;-27.61
23-05-2018;12:05:00;-2.34;20.18;-70.63;-167.77;-3.15;-13.95;12.74;-19.60;-12.62;-13.47;-34.64;-0.98;-28.79
23-05-2018;19:59:00;-1.19;20.46;-70.68;-168.29;-2.61;-13.30;13.70;-18.74;-11.81;-14.12;-33.30;-0.45;-27.57
24-05-2018;03:54:00;-4.04;20.07;-70.69;-167.68;-1.65;-13.79;12.74;-19.10;-12.29;-15.20;-34.03;-1.17;-28.30
24-05-2018;11:56:00;-2.70;19.85;-70.12;-168.49;-2.05;-14.79;12.04;-20.83;-13.66;-13.74;-34.86;-1.18;-28.76
24-05-2018;19:59:00;-1.39;20.12;-70.73;-167.78;-2.86;-13.54;13.77;-19.08;-12.11;-14.26;-33.64;-0.41;-28.15
25-05-2018;04:01:00;-2.45;20.20;-70.97;-166.25;-2.86;-13.64;13.79;-19.10;-12.11;-14.49;-33.52;-0.41;-28.22
25-05-2018;12:04:00;-1.07;19.42;-70.49;-165.89;-3.50;-14.23;12.85;-19.94;-13.13;-13.49;-34.59;-0.25;-28.50
25-05-2018;19:58:00;-0.83;20.07;-70.96;-165.82;-3.08;-13.19;14.62;-18.56;-11.86;-14.15;-33.68;-0.11;-27.95
26-05-2018;03:53:00;-1.48;20.54;-71.05;-165.25;-2.59;-13.42;14.17;-18.84;-11.95;-14.08;-33.55;0.05;-27.99
26-05-2018;11:55:00;-0.55;20.07;-70.72;-164.92;-3.72;-13.37;14.15;-19.24;-12.65;-13.25;-33.93;-0.41;-28.09
26-05-2018;19:58:00;-1.04;20.73;-70.98;-165.87;-3.77;-13.23;14.30;-18.68;-11.96;-14.08;-33.67;-0.44;-28.04
27-05-2018;04:00:00;-2.33;20.88;-70.87;-165.15;-3.34;-13.68;13.88;-19.27;-12.21;-14.48;-34.08;-0.57;-28.21
27-05-2018;12:03:00;-1.20;20.77;-71.11;-165.61;-4.25;-14.33;12.91;-19.97;-13.26;-13.84;-34.82;-1.56;-28.96
27-05-2018;20:05:00;-0.81;20.99;-71.23;-165.57;-3.96;-13.58;13.96;-18.79;-12.26;-14.00;-34.06;-0.90;-28.15
28-05-2018;04:00:00;-1.51;20.93;-71.14;-165.70;-3.71;-13.56;13.83;-18.95;-12.19;-14.23;-34.09;-0.78;-28.08
28-05-2018;11:54:00;-1.26;20.63;-71.38;-165.81;-4.31;-14.35;12.96;-19.65;-13.13;-13.34;-35.22;-1.85;-29.08
28-05-2018;19:56:00;-0.90;20.45;-71.08;-166.79;-4.12;-13.76;13.94;-19.05;-12.78;-14.17;-34.15;-0.80;-28.10
29-05-2018;03:59:00;-0.91;20.36;-71.25;-166.60;-4.09;-13.48;14.38;-18.85;-12.14;-14.02;-34.12;-0.70;-28.13
29-05-2018;12:01:00;-0.31;20.06;-71.09;-166.26;-4.88;-13.83;13.63;-19.21;-12.69;-13.62;-34.53;-1.02;-28.38
29-05-2018;20:04:00;-0.31;20.26;-71.40;-167.04;-4.86;-13.40;14.66;-18.44;-12.19;-14.16;-33.98;-0.90;-28.18
30-05-2018;03:58:00;-0.94;20.27;-71.77;-167.00;-4.51;-13.44;14.21;-18.62;-12.07;-14.34;-34.38;-1.14;-28.43
30-05-2018;11:53:00;-0.38;19.89;-71.73;-166.73;-4.91;-13.71;13.57;-19.03;-12.91;-13.81;-34.71;-1.62;-28.76
30-05-2018;19:55:00;-0.84;20.08;-71.68;-166.74;-4.75;-13.48;14.30;-18.83;-12.38;-14.35;-34.15;-1.10;-28.38
31-05-2018;03:58:00;-0.91;20.17;-71.81;-167.21;-4.63;-13.44;14.31;-18.98;-12.11;-14.32;-34.30;-1.06;-28.44
31-05-2018;12:00:00;-0.57;20.20;-71.74;-167.29;-5.29;-14.16;13.26;-19.57;-12.89;-13.84;-34.83;-1.64;-28.94
31-05-2018;20:02:00;-0.06;19.74;-71.54;-167.65;-5.55;-13.57;14.56;-18.73;-12.49;-14.17;-33.97;-0.96;-28.23
01-06-2018;04:05:00;-0.18;19.99;-71.90;-167.53;-5.58;-13.41;14.86;-18.58;-12.03;-14.24;-34.20;-0.87;-28.51
01-06-2018;11:59:00;-0.36;19.35;-71.53;-167.68;-6.09;-13.87;14.17;-19.28;-12.83;-13.31;-34.56;-1.35;-28.68
01-06-2018;19:54:00;-0.17;19.55;-71.90;-168.34;-5.66;-13.37;15.24;-18.40;-12.10;-14.28;-33.90;-0.74;-28.21
02-06-2018;03:56:00;-0.17;19.82;-71.99;-168.26;-5.48;-13.48;15.04;-18.59;-11.98;-14.17;-34.19;-0.77;-28.21
02-06-2018;11:59:00;-0.40;19.47;-71.48;-167.28;-5.98;-13.84;14.23;-19.51;-13.21;-13.96;-34.87;-1.49;-28.51
02-06-2018;20:01:00;0.28;19.82;-71.68;-168.65;-5.88;-13.44;14.82;-18.49;-12.18;-14.35;-33.56;-0.44;-27.72
03-06-2018;04:03:00;0.10;20.42;-72.25;-168.58;-5.36;-13.45;14.62;-18.72;-12.08;-14.38;-34.04;-0.78;-28.21
03-06-2018;11:58:00;0.33;20.44;-72.13;-168.70;-5.83;-13.98;14.25;-19.47;-12.81;-13.76;-34.58;-1.47;-28.33
03-06-2018;19:53:00;0.74;20.48;-72.40;-169.59;-5.99;-13.28;15.20;-18.46;-11.88;-13.98;-33.76;-0.84;-27.95
04-06-2018;03:55:00;0.02;20.49;-72.56;-169.61;-6.16;-13.35;14.81;-18.42;-11.74;-13.97;-34.07;-1.02;-28.25
04-06-2018;11:57:00;0.25;20.23;-72.32;-169.41;-6.06;-13.43;14.96;-18.82;-12.02;-14.35;-33.85;-0.87;-27.93
04-06-2018;20:00:00;1.75;21.20;-73.16;-168.67;-6.01;-12.90;15.83;-17.93;-11.99;-13.47;-33.97;-1.10;-28.40
05-06-2018;04:02:00;-0.74;21.00;-72.39;-169.95;-5.79;-13.55;15.04;-18.86;-12.16;-14.06;-34.11;-0.91;-28.42
05-06-2018;12:04:00;-0.65;20.24;-71.96;-169.78;-5.82;-13.49;15.13;-19.15;-12.34;-14.57;-33.87;-0.78;-28.37
05-06-2018;19:59:00;0.08;20.65;-72.63;-170.74;-5.89;-13.34;14.89;-18.45;-12.01;-14.27;-33.72;-0.89;-28.48
06-06-2018;03:54:00;-0.80;20.34;-72.70;-170.33;-5.41;-13.56;15.00;-18.77;-12.05;-14.40;-34.26;-1.32;-29.09
06-06-2018;11:56:00;0.21;20.60;-72.62;-170.66;-6.29;-13.47;15.39;-18.42;-12.24;-13.92;-34.10;-1.47;-28.93
06-06-2018;19:58:00;-0.21;20.62;-72.99;-171.07;-6.19;-13.28;15.28;-18.38;-11.87;-14.13;-33.81;-1.35;-28.70
07-06-2018;04:01:00;-1.52;20.61;-72.76;-170.32;-5.83;-13.45;14.73;-18.97;-11.84;-14.59;-34.44;-1.87;-29.45
07-06-2018;10:06:00;-1.03;19.94;-72.63;-169.93;-6.71;-14.15;14.17;-19.60;-12.58;-13.56;-34.47;-1.81;-29.43
14-06-2018;14:24:00;-0.80;21.10;-73.59;-170.24;-5.06;-14.18;15.03;-20.09;-12.36;-14.49;-34.35;-1.58;-29.07
14-06-2018;19:59:00;-0.04;21.40;-74.34;-171.47;-6.27;-13.21;16.53;-19.09;-11.56;-13.19;-34.07;-1.31;-29.00
15-06-2018;03:53:00;0.36;21.55;-74.48;-171.62;-6.30;-12.93;16.92;-18.72;-11.33;-13.28;-34.01;-1.15;-28.66
15-06-2018;11:56:00;0.28;21.46;-74.51;-171.88;-6.01;-12.87;16.78;-18.53;-11.32;-13.60;-34.29;-1.06;-28.68
15-06-2018;19:58:00;-0.44;21.47;-74.72;-171.55;-6.06;-13.00;16.49;-18.92;-11.62;-13.62;-34.51;-1.61;-29.07
16-06-2018;04:01:00;0.04;21.79;-74.70;-171.45;-6.38;-12.96;16.46;-18.33;-11.54;-13.73;-34.64;-1.45;-28.83
16-06-2018;12:03:00;0.70;21.62;-74.44;-172.61;-6.65;-13.06;16.35;-19.00;-11.86;-13.48;-34.85;-1.34;-28.97
16-06-2018;19:58:00;0.30;22.02;-74.44;-173.06;-6.18;-13.21;16.61;-19.00;-11.81;-13.61;-34.77;-1.59;-28.89
17-06-2018;03:48:00;0.32;21.86;-74.77;-173.26;-6.29;-13.02;16.07;-18.82;-11.64;-13.93;-34.90;-1.79;-29.09
17-06-2018;11:55:00;-0.25;21.28;-74.38;-173.89;-6.68;-13.35;16.19;-19.06;-12.24;-13.39;-35.47;-2.14;-29.59
17-06-2018;19:54:00;-0.25;21.56;-74.74;-174.23;-6.01;-13.64;16.32;-19.35;-12.24;-14.09;-35.49;-2.44;-29.76
18-06-2018;03:58:00;1.91;21.96;-75.21;-173.38;-6.17;-13.21;16.48;-18.84;-11.76;-13.92;-35.16;-2.14;-29.40
18-06-2018;11:57:00;2.41;21.71;-75.24;-173.65;-6.35;-13.03;16.64;-19.02;-11.82;-13.28;-35.26;-1.98;-29.47
18-06-2018;20:07:00;2.37;21.90;-75.63;-174.58;-6.65;-12.85;16.49;-18.68;-11.31;-13.63;-34.90;-1.53;-29.38
19-06-2018;03:59:00;2.00;21.82;-75.59;-173.65;-6.73;-13.12;16.19;-19.09;-11.53;-13.27;-34.95;-1.56;-29.33
19-06-2018;11:54:00;2.00;22.00;-75.77;-173.75;-6.92;-13.02;16.64;-18.91;-11.51;-13.17;-34.70;-1.40;-29.53
19-06-2018;19:56:00;2.51;22.37;-75.88;-174.33;-6.89;-12.91;16.45;-18.92;-11.50;-13.22;-34.93;-1.37;-29.35
20-06-2018;03:59:00;2.42;22.30;-76.21;-174.66;-6.57;-12.65;16.65;-18.37;-11.24;-13.51;-34.90;-1.33;-29.37
20-06-2018;12:01:00;2.39;22.35;-76.34;-174.33;-6.76;-12.78;16.47;-18.68;-11.45;-13.61;-34.77;-1.56;-29.38
20-06-2018;20:04:00;2.82;22.22;-76.12;-174.34;-6.36;-12.78;16.79;-18.79;-11.57;-13.67;-34.80;-1.48;-29.29
21-06-2018;03:59:00;3.00;22.33;-76.17;-174.09;-6.55;-12.74;17.15;-18.57;-11.46;-13.46;-34.72;-1.37;-29.41
21-06-2018;11:53:00;2.37;22.33;-76.25;-173.84;-6.88;-12.74;17.35;-18.60;-11.52;-13.84;-34.92;-1.37;-29.40
21-06-2018;19:55:00;3.00;21.91;-76.48;-174.58;-6.79;-12.71;17.88;-18.24;-11.44;-13.39;-34.86;-1.46;-29.70
22-06-2018;03:58:00;2.44;22.04;-76.58;-175.51;-6.43;-12.81;17.72;-18.35;-11.41;-13.53;-35.10;-1.72;-29.72
22-06-2018;12:00:00;2.51;21.83;-76.69;-174.59;-6.77;-12.75;17.42;-18.58;-11.60;-13.74;-35.13;-1.52;-29.83
22-06-2018;20:03:00;2.58;21.83;-76.64;-175.11;-6.43;-12.70;17.45;-18.46;-11.38;-13.48;-35.00;-1.25;-29.43
23-06-2018;04:05:00;1.93;21.71;-76.79;-175.76;-6.64;-12.74;17.17;-18.47;-11.31;-13.57;-35.36;-1.58;-29.63
23-06-2018;11:54:00;1.27;21.52;-76.73;-174.56;-6.34;-13.12;16.76;-19.02;-11.74;-13.75;-35.67;-2.10;-30.08
23-06-2018;19:54:00;1.33;21.77;-77.04;-174.42;-5.51;-12.94;16.94;-18.75;-11.52;-14.15;-35.48;-2.57;-30.00
24-06-2018;03:57:00;-0.79;21.77;-76.96;-174.38;-5.11;-13.66;16.00;-19.52;-11.97;-14.09;-36.43;-2.97;-30.49
24-06-2018;11:59:00;1.79;21.20;-76.68;-173.59;-6.72;-13.04;16.87;-19.20;-11.99;-13.43;-35.49;-1.63;-30.07
24-06-2018;20:01:00;-0.15;22.07;-77.12;-173.06;-5.53;-13.52;16.32;-19.55;-11.84;-14.00;-36.44;-2.67;-31.17
25-06-2018;04:04:00;1.80;22.91;-78.32;-171.67;-5.57;-12.21;17.72;-19.09;-12.09;-13.86;-37.04;-3.50;-32.11
25-06-2018;11:59:00;3.87;22.92;-78.86;-171.80;-5.93;-11.91;18.40;-18.47;-11.78;-13.34;-36.67;-3.19;-31.75
25-06-2018;19:47:00;3.87;22.67;-79.74;-170.94;-5.67;-11.93;18.90;-18.18;-11.75;-13.67;-37.08;-3.68;-32.12
26-06-2018;03:56:00;2.78;22.47;-79.57;-169.72;-4.96;-12.61;18.48;-18.87;-12.27;-14.13;-37.53;-4.35;-32.35
26-06-2018;11:58:00;3.87;22.41;-79.60;-170.09;-5.77;-11.66;19.44;-18.40;-12.44;-13.10;-37.64;-4.22;-32.50
26-06-2018;20:00:00;3.60;22.34;-79.71;-169.59;-5.28;-12.22;18.56;-18.67;-12.11;-13.82;-37.06;-3.73;-32.65
27-06-2018;04:03:00;0.80;22.12;-79.69;-169.19;-4.17;-12.86;17.70;-19.53;-12.64;-14.35;-38.47;-4.94;-33.35
27-06-2018;12:05:00;4.03;22.51;-80.08;-170.10;-6.19;-12.18;18.64;-18.91;-12.93;-11.16;-38.29;-4.99;-33.04
27-06-2018;20:00:00;2.67;22.60;-80.27;-170.96;-4.75;-12.67;17.94;-18.92;-12.44;-13.96;-37.38;-4.61;-32.79
28-06-2018;03:54:00;1.89;22.75;-80.39;-169.54;-3.67;-13.17;17.07;-19.39;-12.95;-14.78;-37.81;-4.83;-32.98
28-06-2018;11:56:00;4.30;22.62;-80.71;-171.04;-5.83;-11.93;18.57;-17.87;-11.76;-13.44;-36.59;-4.27;-32.09
28-06-2018;19:59:00;4.22;22.35;-80.69;-170.79;-5.84;-12.00;18.87;-18.02;-11.94;-13.32;-36.25;-3.97;-32.06
29-06-2018;03:57:00;2.76;22.78;-81.18;-170.43;-5.59;-11.99;18.49;-18.10;-11.63;-14.07;-36.99;-4.62;-32.65
29-06-2018;12:04:00;2.96;21.81;-80.39;-170.65;-6.12;-12.64;17.82;-18.66;-12.74;-13.73;-37.91;-5.05;-33.13
29-06-2018;19:59:00;2.95;22.07;-80.76;-170.95;-5.38;-12.45;18.69;-17.72;-12.13;-14.17;-36.90;-4.55;-32.64
30-06-2018;03:53:00;2.72;22.30;-80.87;-170.62;-5.27;-12.53;19.08;-18.03;-12.19;-14.24;-37.03;-4.83;-32.63
30-06-2018;11:56:00;4.18;21.85;-80.95;-169.87;-6.14;-12.05;18.84;-18.16;-12.72;-13.15;-37.31;-4.85;-33.16
30-06-2018;19:58:00;3.34;22.12;-80.93;-170.48;-5.27;-12.22;18.94;-17.57;-12.05;-14.40;-36.87;-4.66;-32.94
01-07-2018;04:00:00;2.64;22.44;-80.96;-169.20;-4.98;-12.66;18.94;-17.93;-12.24;-14.45;-37.43;-5.04;-33.16
01-07-2018;12:01:00;3.37;21.64;-80.62;-170.38;-6.13;-12.83;18.39;-18.43;-12.84;-13.03;-37.19;-5.01;-33.11
01-07-2018;20:05:00;3.51;22.17;-81.14;-170.86;-5.58;-12.26;18.94;-17.50;-12.07;-14.16;-36.79;-4.79;-33.06
02-07-2018;04:00:00;2.31;22.61;-81.30;-169.51;-5.15;-12.56;18.61;-18.15;-12.18;-14.36;-37.55;-5.30;-33.53
02-07-2018;11:54:00;2.48;22.16;-80.95;-170.28;-6.09;-12.75;18.13;-18.68;-12.90;-13.38;-37.41;-5.21;-33.39
02-07-2018;19:56:00;3.10;21.97;-81.55;-171.44;-5.69;-12.27;18.57;-17.28;-11.85;-13.80;-37.07;-4.95;-33.34
03-07-2018;03:59:00;2.19;22.29;-81.72;-171.72;-5.21;-12.25;18.52;-17.57;-11.78;-14.18;-37.34;-5.03;-33.31
03-07-2018;12:01:00;2.56;21.50;-81.07;-170.31;-5.79;-12.34;18.43;-18.13;-12.44;-14.07;-37.42;-5.22;-33.48
03-07-2018;20:03:00;2.98;22.18;-81.65;-170.82;-5.92;-12.17;18.66;-16.96;-11.81;-13.94;-36.94;-4.89;-33.17
04-07-2018;03:58:00;2.60;22.05;-81.58;-170.03;-5.12;-12.62;18.22;-17.58;-12.32;-14.22;-37.62;-5.45;-33.49
04-07-2018;11:53:00;3.11;21.48;-81.45;-170.57;-6.75;-12.72;18.32;-18.01;-12.83;-12.11;-37.70;-5.35;-33.43
04-07-2018;19:55:00;2.28;21.95;-81.83;-170.30;-4.75;-12.98;18.18;-17.53;-12.65;-14.31;-38.06;-5.81;-33.85
05-07-2018;03:57:00;1.15;21.96;-81.97;-170.95;-4.64;-12.86;18.10;-17.36;-12.23;-14.49;-38.17;-6.10;-33.81
05-07-2018;08:22:00;1.31;21.63;-81.21;-170.91;-5.69;-13.29;17.59;-18.03;-12.66;-12.05;-38.02;-5.98;-33.71
24-07-2018;15:24:00;2.46;21.93;-78.69;-169.60;-4.68;-15.42;16.41;-20.64;-15.51;-8.92;-40.42;-8.37;-35.62
24-07-2018;19:53:00;0.69;21.74;-78.23;-168.47;-3.03;-16.00;16.65;-20.98;-15.90;-9.80;-40.86;-8.54;-35.85
25-07-2018;03:56:00;0.26;22.07;-77.87;-168.00;-1.76;-16.12;16.46;-21.18;-15.93;-10.16;-41.74;-8.40;-35.94
25-07-2018;11:58:00;0.91;21.51;-77.59;-168.80;-1.88;-16.63;15.93;-21.63;-16.78;-8.90;-42.04;-9.20;-36.20
25-07-2018;20:01:00;1.12;21.66;-78.12;-169.30;-2.86;-15.52;16.96;-20.06;-15.24;-9.46;-41.00;-8.22;-35.30
26-07-2018;04:03:00;2.52;22.05;-78.43;-169.34;-3.22;-15.27;17.00;-19.68;-14.87;-9.24;-40.93;-8.09;-35.25
26-07-2018;12:05:00;3.44;21.84;-78.16;-169.15;-4.34;-15.47;17.05;-19.99;-15.80;-7.73;-41.05;-7.98;-35.05
26-07-2018;20:00:00;1.50;21.54;-78.41;-168.62;-2.42;-15.90;16.57;-20.31;-15.86;-9.41;-41.69;-8.41;-35.60
27-07-2018;03:55:00;0.96;21.58;-78.29;-168.38;-2.29;-15.79;16.94;-20.56;-15.70;-9.84;-41.47;-8.41;-35.37
27-07-2018;11:57:00;0.67;21.47;-78.24;-166.85;-2.13;-17.03;15.52;-22.02;-17.35;-8.04;-42.44;-9.31;-35.93
27-07-2018;20:00:00;3.15;20.94;-79.05;-165.99;-3.72;-15.64;17.27;-20.20;-15.76;-7.98;-41.13;-8.20;-35.16
28-07-2018;04:02:00;2.55;20.95;-79.07;-165.61;-3.06;-15.54;17.55;-20.03;-15.51;-9.09;-41.21;-8.30;-35.17
28-07-2018;12:04:00;2.66;20.52;-78.88;-167.27;-3.47;-15.45;17.61;-20.20;-15.67;-8.79;-41.22;-8.32;-35.38
28-07-2018;19:58:00;2.77;20.58;-79.00;-166.40;-3.34;-15.41;17.45;-20.49;-15.48;-9.11;-41.51;-8.64;-35.72
29-07-2018;03:54:00;2.93;21.25;-79.69;-166.95;-4.96;-15.23;16.74;-20.81;-15.64;-8.96;-42.71;-9.45;-36.59
29-07-2018;11:56:00;3.64;21.27;-80.81;-164.09;-3.81;-14.76;17.53;-20.29;-15.75;-8.06;-42.36;-9.88;-36.91
29-07-2018;19:59:00;2.68;20.95;-80.90;-165.72;-4.12;-15.33;17.27;-20.54;-14.89;-8.65;-42.82;-9.72;-37.56
30-07-2018;04:01:00;2.18;20.92;-82.17;-165.95;-4.25;-15.52;17.30;-20.48;-14.33;-8.76;-44.82;-9.20;-40.71
30-07-2018;12:04:00;1.78;20.85;-82.31;-165.66;-4.42;-15.83;17.07;-20.68;-14.65;-8.83;-44.82;-9.36;-40.85
30-07-2018;19:58:00;0.85;20.99;-82.26;-164.86;-3.75;-16.03;16.91;-21.00;-15.00;-8.92;-45.42;-9.83;-41.30
31-07-2018;03:53:00;1.05;21.21;-82.30;-165.86;-4.16;-15.81;17.31;-20.68;-14.69;-8.93;-44.92;-9.62;-40.83
31-07-2018;11:56:00;1.27;21.33;-81.30;-165.26;-3.47;-16.28;16.55;-21.60;-15.52;-9.29;-45.41;-9.61;-41.30
31-07-2018;19:58:00;0.48;21.64;-81.64;-163.94;-1.66;-15.85;15.84;-21.08;-14.84;-9.96;-46.03;-9.88;-41.19
01-08-2018;04:00:00;2.64;21.63;-81.64;-164.38;-3.34;-15.73;16.22;-20.65;-14.50;-9.35;-45.41;-9.76;-40.78
01-08-2018;12:03:00;2.79;21.66;-81.71;-165.26;-4.19;-15.62;16.59;-20.51;-14.34;-8.95;-44.79;-10.03;-40.63
01-08-2018;20:05:00;2.29;21.95;-81.96;-165.68;-3.29;-15.65;16.61;-20.51;-14.36;-9.36;-44.86;-10.16;-40.86
02-08-2018;04:00:00;1.81;21.93;-81.69;-165.26;-2.72;-15.88;16.36;-21.01;-14.76;-9.64;-45.12;-10.28;-41.10
02-08-2018;11:49:00;0.97;21.56;-81.53;-164.73;-3.16;-16.59;15.67;-22.18;-15.97;-8.97;-45.72;-10.84;-41.63
02-08-2018;19:58:00;2.00;21.91;-81.98;-165.56;-3.27;-16.00;16.67;-20.98;-14.71;-9.60;-45.25;-10.33;-41.09
03-08-2018;04:00:00;1.09;21.80;-81.84;-164.81;-2.36;-16.33;16.36;-21.48;-15.12;-9.76;-45.40;-10.30;-41.24
03-08-2018;12:03:00;1.77;20.82;-81.20;-164.18;-3.33;-16.50;15.80;-21.75;-15.71;-8.74;-45.39;-10.44;-41.06
03-08-2018;20:05:00;0.30;21.46;-81.66;-164.04;-1.61;-16.53;15.39;-21.52;-15.51;-10.27;-45.69;-10.46;-41.58
04-08-2018;04:00:00;-0.61;21.62;-81.83;-163.63;-2.02;-16.40;16.28;-21.26;-15.45;-9.86;-46.31;-10.97;-41.80
04-08-2018;11:55:00;1.28;21.97;-81.48;-164.36;-3.59;-16.74;15.33;-21.49;-15.43;-8.65;-46.08;-11.06;-41.86
04-08-2018;19:57:00;2.94;22.23;-82.14;-164.22;-4.03;-16.10;15.73;-20.88;-14.72;-8.78;-45.13;-10.39;-41.47
05-08-2018;04:00:00;4.09;22.55;-82.45;-165.15;-4.10;-15.74;16.73;-20.42;-14.42;-8.96;-44.93;-10.12;-41.49
05-08-2018;12:02:00;3.87;22.29;-82.23;-164.79;-3.84;-15.70;16.48;-20.51;-14.53;-9.05;-44.95;-9.98;-41.51
05-08-2018;20:05:00;3.84;22.10;-82.18;-164.97;-4.01;-15.84;16.48;-20.53;-14.63;-9.09;-44.97;-10.09;-41.49
06-08-2018;03:59:00;2.76;22.20;-82.12;-164.57;-3.11;-16.33;16.05;-20.96;-15.06;-9.25;-45.33;-10.55;-41.75
06-08-2018;11:54:00;2.47;22.00;-82.14;-162.71;-3.06;-15.83;17.33;-21.00;-15.72;-7.73;-45.13;-10.29;-41.63
06-08-2018;19:57:00;-0.77;22.03;-82.01;-163.22;-2.67;-16.09;16.96;-21.13;-15.00;-9.06;-45.37;-10.39;-41.85
07-08-2018;03:59:00;-2.07;22.22;-81.88;-160.94;-1.56;-16.91;16.06;-21.80;-15.72;-10.21;-46.15;-11.18;-42.61
07-08-2018;12:02:00;-3.04;22.19;-81.11;-161.10;-1.31;-17.50;15.81;-22.67;-16.67;-9.99;-46.53;-11.89;-42.79
07-08-2018;20:04:00;-2.39;22.21;-82.05;-161.30;-1.89;-16.85;16.87;-21.56;-15.63;-10.57;-45.40;-11.09;-41.92
08-08-2018;03:59:00;-1.54;22.27;-82.45;-164.64;-3.51;-16.03;17.62;-20.82;-15.10;-9.65;-44.82;-10.40;-41.42
08-08-2018;11:54:00;-1.31;21.86;-82.11;-163.84;-3.12;-16.29;17.07;-21.05;-15.61;-9.43;-45.49;-10.58;-41.81
08-08-2018;19:57:00;-2.40;21.77;-82.36;-162.57;-2.20;-16.34;17.41;-20.89;-15.54;-9.68;-46.07;-10.69;-42.07
09-08-2018;03:59:00;0.00;22.23;-82.86;-164.49;-3.71;-15.87;18.32;-20.40;-14.57;-9.09;-45.59;-10.35;-41.51
09-08-2018;12:02:00;-0.17;22.02;-82.51;-164.48;-3.33;-16.49;17.15;-21.37;-15.36;-9.34;-45.66;-10.74;-41.78
09-08-2018;20:04:00;-0.50;22.08;-82.82;-164.07;-3.14;-16.20;17.66;-20.96;-14.96;-9.80;-45.53;-10.62;-41.98
10-08-2018;03:59:00;-2.35;21.82;-82.29;-162.78;-2.48;-16.20;16.90;-21.10;-15.21;-9.78;-46.25;-10.81;-42.08
10-08-2018;11:53:00;-2.24;21.91;-82.45;-163.91;-2.98;-16.38;16.96;-21.59;-15.30;-9.21;-46.81;-10.73;-42.09
10-08-2018;19:56:00;-0.80;21.99;-83.00;-165.12;-3.48;-16.17;17.45;-20.82;-14.99;-9.12;-46.39;-10.53;-41.92
11-08-2018;04:02:00;-0.61;21.90;-82.89;-164.46;-3.46;-16.55;17.13;-21.00;-15.26;-9.25;-46.25;-10.72;-42.03
11-08-2018;12:01:00;0.63;21.42;-82.43;-165.05;-3.98;-16.17;17.48;-21.13;-15.23;-8.61;-45.96;-10.28;-41.39
11-08-2018;20:04:00;-0.07;21.94;-82.70;-163.99;-3.02;-16.01;17.72;-20.81;-14.86;-9.58;-46.22;-10.62;-41.66
12-08-2018;03:58:00;-1.10;22.08;-82.82;-164.07;-3.35;-15.86;17.94;-20.72;-14.73;-9.37;-46.37;-10.92;-41.84
12-08-2018;11:53:00;0.19;20.91;-82.39;-163.51;-3.61;-15.98;17.98;-20.91;-15.91;-8.91;-46.78;-11.07;-42.20
12-08-2018;19:55:00;-1.20;22.01;-82.95;-163.45;-3.41;-15.89;18.31;-20.68;-14.70;-9.18;-46.32;-10.48;-42.25
13-08-2018;04:05:00;-1.49;21.86;-82.82;-162.54;-2.56;-16.30;17.73;-21.34;-15.14;-10.10;-46.46;-10.63;-42.64
13-08-2018;12:01:00;0.26;21.54;-82.61;-161.41;-3.42;-16.20;18.34;-21.18;-15.89;-8.17;-47.16;-10.97;-43.24
13-08-2018;20:03:00;-2.49;21.25;-83.02;-163.37;-2.80;-15.91;18.52;-20.63;-15.02;-9.31;-46.55;-10.74;-42.80
14-08-2018;03:58:00;-3.44;21.06;-82.67;-162.54;-2.36;-16.64;17.72;-21.74;-15.57;-10.02;-46.75;-10.96;-42.99
14-08-2018;11:53:00;-1.78;20.63;-82.44;-161.68;-3.22;-17.12;17.68;-22.07;-16.40;-7.74;-47.68;-11.60;-43.89
14-08-2018;19:55:00;-1.66;21.28;-83.07;-163.44;-2.62;-16.49;18.38;-20.91;-15.25;-9.37;-46.72;-10.90;-43.08
15-08-2018;03:58:00;-1.41;21.04;-82.82;-163.07;-2.54;-16.53;18.15;-21.18;-15.37;-9.55;-46.59;-10.77;-42.70
15-08-2018;12:01:00;-2.93;20.75;-82.81;-162.04;-3.03;-17.14;17.48;-21.98;-15.93;-9.08;-47.34;-11.36;-43.43
15-08-2018;20:03:00;-2.66;21.04;-83.09;-161.00;-1.73;-17.02;17.24;-21.85;-15.91;-10.52;-47.15;-11.18;-43.62
16-08-2018;04:05:00;-2.32;21.34;-83.39;-162.22;-2.35;-16.53;17.74;-21.50;-15.44;-9.88;-47.12;-11.13;-43.24
16-08-2018;12:00:00;-2.55;21.69;-82.85;-162.20;-2.69;-16.72;17.08;-21.66;-15.59;-9.33;-47.96;-11.42;-43.17
16-08-2018;19:55:00;-2.07;21.46;-83.24;-162.93;-2.96;-16.65;17.61;-21.73;-15.18;-9.91;-47.71;-11.20;-43.58
17-08-2018;03:57:00;-1.06;21.94;-83.52;-162.44;-3.83;-16.18;18.79;-20.97;-14.89;-9.22;-47.52;-10.75;-43.43
17-08-2018;12:00:00;-0.73;22.06;-83.51;-162.99;-3.35;-16.48;18.02;-21.31;-15.17;-8.57;-47.73;-10.98;-43.71
17-08-2018;20:02:00;-0.88;21.86;-83.62;-162.22;-3.15;-16.19;18.19;-20.86;-14.89;-9.23;-47.56;-10.70;-43.32
18-08-2018;04:05:00;-0.62;22.01;-83.58;-163.33;-3.34;-16.00;18.53;-20.73;-14.77;-9.47;-47.21;-10.44;-43.07
18-08-2018;12:00:00;-0.76;22.03;-83.67;-163.60;-3.61;-16.11;19.03;-20.67;-14.78;-8.74;-47.64;-10.88;-43.13
18-08-2018;19:54:00;-0.03;21.70;-83.62;-164.60;-3.89;-15.87;19.34;-20.46;-14.51;-8.56;-47.30;-10.26;-42.71
19-08-2018;03:57:00;-0.08;21.77;-83.87;-163.89;-3.62;-15.85;19.50;-20.48;-14.46;-8.81;-47.16;-10.55;-42.83
19-08-2018;11:59:00;-0.61;21.28;-83.80;-163.45;-3.44;-16.27;19.66;-21.42;-15.00;-8.73;-47.57;-11.07;-43.23
19-08-2018;20:02:00;-1.20;21.46;-83.84;-163.57;-2.18;-16.04;19.82;-20.85;-14.80;-9.55;-47.23;-10.93;-43.04
20-08-2018;03:58:00;-1.30;21.59;-83.62;-163.25;-2.53;-16.22;19.55;-21.15;-14.95;-9.52;-47.36;-11.06;-43.09
20-08-2018;11:59:00;-0.34;21.22;-83.47;-164.33;-3.58;-16.22;19.64;-21.32;-15.26;-8.88;-47.43;-10.96;-43.20
20-08-2018;19:54:00;-1.26;21.74;-83.91;-164.04;-2.91;-16.28;19.67;-20.98;-14.99;-9.43;-47.45;-11.16;-43.38
21-08-2018;03:49:00;-2.16;21.33;-83.85;-163.23;-2.77;-16.48;19.54;-21.29;-15.18;-9.82;-48.04;-11.79;-43.78
10-10-2018;12:21:00;-1.57;20.53;-82.18;-162.26;-2.14;-16.66;20.36;-22.19;-15.79;-9.33;-50.79;-11.59;-45.65
10-10-2018;20:01:00;-2.67;20.74;-82.42;-161.58;-1.50;-16.97;19.87;-22.70;-15.96;-10.56;-51.24;-12.13;-45.87
11-10-2018;04:03:00;-3.28;20.27;-82.54;-160.85;-0.96;-17.07;19.57;-23.29;-16.40;-10.78;-51.76;-12.45;-46.10
11-10-2018;12:05:00;-1.10;20.77;-83.13;-162.90;-2.07;-16.68;20.37;-22.40;-15.91;-9.56;-51.20;-12.21;-45.89
11-10-2018;20:00:00;0.03;20.70;-83.78;-163.78;-3.47;-15.96;21.42;-21.19;-15.02;-8.93;-50.89;-11.94;-45.81
12-10-2018;04:00:00;0.06;20.58;-84.09;-163.47;-3.45;-15.91;21.38;-21.33;-15.04;-9.03;-51.10;-12.02;-46.01
12-10-2018;11:59:00;0.27;20.45;-84.38;-163.91;-3.45;-15.97;21.51;-21.25;-14.99;-8.69;-51.20;-11.97;-46.29
12-10-2018;19:59:00;0.23;20.14;-84.61;-163.23;-3.59;-16.13;21.41;-21.55;-15.17;-8.94;-51.40;-11.94;-46.89
13-10-2018;04:02:00;-1.57;20.82;-84.91;-161.86;-2.43;-16.52;21.08;-22.33;-15.70;-9.66;-52.40;-12.44;-47.40
13-10-2018;12:04:00;-1.88;20.78;-84.84;-162.56;-2.21;-16.78;20.72;-22.79;-15.88;-9.62;-52.59;-12.34;-47.45
13-10-2018;19:59:00;-1.21;20.88;-85.03;-163.16;-2.48;-16.65;20.82;-22.49;-15.69;-9.06;-52.63;-12.70;-47.76
14-10-2018;03:54:00;-1.89;20.79;-85.26;-163.21;-2.13;-16.83;20.23;-22.85;-16.12;-9.80;-53.05;-12.96;-48.15
14-10-2018;11:56:00;-2.31;20.99;-85.19;-163.32;-2.05;-17.07;20.12;-23.10;-16.42;-9.79;-53.47;-13.17;-48.21
14-10-2018;19:58:00;-1.54;20.48;-85.28;-164.86;-2.55;-16.30;20.84;-22.50;-16.07;-9.02;-53.02;-12.47;-47.96
15-10-2018;04:01:00;-0.60;20.41;-85.57;-166.18;-3.06;-16.10;21.39;-22.19;-15.89;-8.84;-52.73;-12.51;-47.86
15-10-2018;12:03:00;-0.16;20.30;-85.75;-166.82;-3.27;-16.12;21.69;-22.24;-16.14;-8.60;-52.89;-12.46;-48.10
15-10-2018;20:06:00;-1.89;20.61;-86.37;-167.24;-3.09;-16.10;21.65;-22.16;-15.74;-9.33;-53.57;-12.92;-48.91
16-10-2018;04:00:00;-2.82;20.33;-86.23;-167.50;-3.13;-16.35;21.22;-22.94;-16.05;-10.06;-54.36;-13.28;-49.37
16-10-2018;11:55:00;-3.18;20.12;-86.06;-166.63;-1.21;-17.43;19.97;-24.47;-17.68;-10.51;-55.74;-14.84;-50.42
16-10-2018;19:57:00;0.17;20.20;-87.11;-168.03;-3.92;-16.76;20.87;-23.14;-16.69;-9.95;-54.33;-13.74;-49.78
17-10-2018;04:00:00;-0.52;20.32;-87.99;-168.32;-3.41;-16.82;21.11;-23.19;-16.52;-9.89;-54.38;-13.94;-49.93
17-10-2018;12:02:00;0.27;20.36;-88.05;-169.54;-4.37;-16.66;21.37;-22.62;-16.23;-9.33;-54.32;-13.76;-49.95
17-10-2018;20:04:00;0.51;20.21;-87.88;-169.82;-4.62;-16.61;21.60;-22.20;-16.02;-9.11;-54.41;-13.49;-50.01
18-10-2018;04:07:00;0.55;20.04;-88.19;-170.32;-4.64;-16.65;21.72;-22.25;-16.05;-9.23;-54.57;-13.42;-50.01
18-10-2018;11:54:00;0.67;20.09;-88.42;-170.77;-4.77;-16.66;21.35;-22.24;-16.00;-9.38;-54.67;-13.70;-49.82
18-10-2018;19:56:00;0.19;20.26;-88.52;-170.89;-4.63;-16.71;21.36;-22.47;-16.24;-9.40;-54.98;-14.11;-49.95
19-10-2018;03:59:00;-0.00;20.28;-88.77;-171.15;-4.37;-16.80;21.45;-22.72;-16.46;-9.79;-55.43;-14.36;-50.29
19-10-2018;12:01:00;-0.42;19.98;-88.94;-170.47;-4.30;-17.43;20.76;-23.32;-17.17;-9.97;-56.22;-14.80;-50.90
19-10-2018;20:03:00;-1.13;20.05;-89.75;-170.41;-4.21;-17.21;20.70;-23.04;-16.79;-10.12;-55.97;-14.80;-50.77
20-10-2018;03:58:00;-2.19;20.06;-90.01;-169.79;-3.46;-17.68;20.12;-23.61;-17.20;-10.81;-56.75;-15.48;-51.52
20-10-2018;11:53:00;-0.44;19.90;-90.30;-170.90;-4.40;-17.48;20.76;-23.31;-17.17;-10.06;-56.43;-15.54;-51.55
20-10-2018;19:55:00;0.49;20.02;-90.34;-172.43;-5.08;-16.83;21.52;-22.54;-16.45;-9.68;-56.11;-15.29;-51.17
21-10-2018;04:00:00;-0.70;20.18;-90.82;-171.80;-4.60;-17.16;21.10;-23.01;-16.72;-9.67;-56.48;-15.26;-51.66
21-10-2018;12:00:00;-1.08;20.12;-91.20;-171.12;-4.32;-17.23;20.57;-23.09;-16.91;-9.61;-57.02;-15.39;-51.49
21-10-2018;20:02:00;0.18;20.26;-91.11;-172.26;-4.83;-16.76;20.87;-22.70;-16.40;-9.29;-56.64;-15.20;-51.19
22-10-2018;04:05:00;0.47;20.80;-91.34;-172.35;-4.75;-16.69;20.28;-22.62;-16.47;-9.29;-56.89;-16.15;-51.27
22-10-2018;12:00:00;1.68;21.42;-91.88;-172.45;-4.58;-16.57;20.04;-22.55;-16.35;-9.61;-57.57;-16.13;-51.16
22-10-2018;19:54:00;0.65;22.00;-92.74;-172.16;-4.08;-16.82;19.29;-22.77;-16.71;-10.00;-58.01;-16.52;-51.78
23-10-2018;03:57:00;0.44;21.06;-91.98;-171.72;-3.86;-16.93;19.28;-22.92;-16.97;-10.23;-58.04;-16.79;-52.32
23-10-2018;11:59:00;0.69;21.14;-92.17;-173.27;-4.72;-16.63;20.00;-22.64;-16.45;-9.54;-57.48;-15.85;-51.67
23-10-2018;20:02:00;0.02;21.40;-92.13;-173.27;-4.20;-17.12;20.17;-22.59;-16.57;-9.74;-57.57;-15.59;-52.01
24-10-2018;04:04:00;-0.81;21.34;-92.83;-173.68;-4.32;-17.25;19.64;-22.83;-16.56;-9.89;-57.59;-15.66;-52.24
24-10-2018;11:59:00;-0.66;21.27;-93.32;-174.28;-4.87;-17.05;19.82;-22.93;-16.38;-10.03;-57.53;-15.40;-52.15
24-10-2018;19:53:00;-0.37;20.75;-93.47;-173.93;-4.44;-17.79;19.33;-23.47;-16.87;-10.20;-58.44;-16.23;-52.64
25-10-2018;03:56:00;-0.24;20.72;-93.51;-174.07;-4.39;-17.83;19.27;-22.74;-16.90;-10.43;-58.78;-16.40;-52.79
25-10-2018;11:58:00;0.56;20.90;-93.81;-174.93;-5.13;-17.50;19.43;-22.45;-16.66;-9.95;-58.51;-16.11;-52.53
25-10-2018;20:01:00;0.58;20.88;-94.13;-175.34;-5.38;-17.29;19.46;-22.38;-16.46;-10.05;-58.44;-16.05;-52.36
26-10-2018;04:08:00;-0.87;20.52;-94.44;-175.29;-4.66;-17.48;19.48;-22.72;-16.63;-10.91;-58.82;-16.39;-52.53
26-10-2018;11:58:00;-2.13;19.92;-94.56;-174.76;-4.94;-18.06;18.90;-23.23;-17.38;-10.87;-59.28;-16.55;-52.79
26-10-2018;19:53:00;-1.14;20.14;-95.10;-175.75;-4.69;-17.72;18.33;-23.21;-17.14;-10.86;-59.56;-16.85;-53.13
27-10-2018;03:58:00;-0.89;20.63;-96.01;-175.86;-4.74;-17.66;18.55;-22.63;-16.82;-10.45;-59.78;-17.34;-53.50
27-10-2018;11:58:00;0.03;20.14;-95.88;-176.71;-6.10;-17.68;18.67;-22.51;-16.71;-10.09;-59.82;-17.55;-53.59
27-10-2018;20:01:00;-0.31;20.38;-95.79;-177.22;-6.37;-17.53;19.27;-22.36;-16.34;-9.90;-59.97;-17.23;-53.24
28-10-2018;04:03:00;-0.20;20.40;-95.99;-177.48;-6.34;-17.71;19.15;-22.19;-16.55;-10.16;-60.30;-16.87;-53.32
28-10-2018;12:05:00;0.08;20.04;-96.06;-177.89;-6.21;-17.86;18.74;-22.22;-16.77;-10.26;-60.65;-17.27;-53.34
28-10-2018;20:00:00;-0.01;19.95;-96.15;-178.99;-6.43;-17.69;18.62;-22.03;-16.54;-10.35;-60.78;-17.08;-53.41
29-10-2018;03:55:00;0.51;19.98;-96.16;-179.94;-6.16;-17.57;18.65;-22.08;-16.48;-10.24;-60.54;-17.04;-53.35
29-10-2018;11:57:00;0.98;20.01;-96.15;-179.27;-5.79;-17.69;18.30;-22.47;-16.63;-9.82;-60.84;-17.24;-53.59
29-10-2018;19:51:00;0.95;20.11;-96.18;-179.72;-6.07;-17.42;18.18;-22.27;-16.43;-9.60;-60.60;-17.32;-53.12
30-10-2018;04:02:00;-0.04;20.14;-96.33;-179.94;-6.13;-17.60;18.28;-22.49;-16.53;-9.69;-60.91;-17.75;-53.48
30-10-2018;12:05:00;-0.46;20.51;-96.29;-179.35;-7.28;-17.63;18.32;-22.36;-16.62;-9.83;-60.92;-18.00;-54.16
30-10-2018;19:59:00;-0.92;20.43;-96.19;-178.70;-8.19;-17.53;18.45;-22.12;-16.58;-9.36;-60.84;-17.66;-54.07
31-10-2018;03:54:00;-0.61;20.77;-96.16;-178.19;-8.26;-17.79;18.86;-22.30;-16.65;-9.86;-60.98;-17.83;-54.00
31-10-2018;11:56:00;-0.21;20.98;-96.24;-178.06;-7.09;-17.80;18.83;-22.53;-16.66;-9.86;-61.56;-18.24;-54.22
31-10-2018;19:59:00;0.35;21.15;-96.09;-178.56;-6.78;-17.63;18.88;-22.58;-16.65;-10.18;-61.55;-18.42;-54.17
01-11-2018;04:01:00;-0.12;20.98;-96.08;-178.99;-6.79;-17.67;18.78;-22.66;-16.73;-10.63;-61.71;-18.56;-54.21
01-11-2018;12:04:00;-0.30;21.05;-96.17;-178.98;-6.88;-17.75;18.98;-22.47;-16.61;-10.23;-61.65;-18.47;-54.30
01-11-2018;19:58:00;-0.01;20.91;-96.48;-179.06;-7.68;-17.71;19.18;-22.54;-16.62;-10.28;-61.46;-18.48;-54.19
02-11-2018;03:53:00;-0.94;20.71;-96.91;-178.53;-7.25;-17.88;19.12;-22.93;-16.81;-10.91;-61.90;-19.20;-54.87
02-11-2018;11:56:00;-1.21;20.34;-96.68;-179.44;-7.91;-17.94;19.14;-23.35;-17.20;-10.40;-62.27;-19.56;-54.82
02-11-2018;19:58:00;-1.52;20.56;-97.13;-178.62;-6.90;-18.27;19.36;-23.16;-17.25;-10.98;-62.86;-19.96;-55.11
03-11-2018;04:00:00;-0.11;20.66;-97.14;-178.96;-7.80;-17.85;20.29;-23.09;-16.87;-10.45;-62.46;-19.36;-54.39
03-11-2018;12:03:00;0.62;21.01;-97.55;-179.16;-7.88;-17.93;20.93;-23.26;-17.01;-10.20;-62.34;-19.43;-54.64
03-11-2018;20:05:00;0.18;20.68;-97.68;-178.80;-7.55;-18.08;21.05;-23.40;-17.14;-10.52;-62.40;-19.43;-54.76
04-11-2018;04:00:00;0.33;20.82;-98.09;-179.88;-8.14;-17.97;21.66;-22.98;-17.02;-10.23;-62.33;-19.28;-54.60
04-11-2018;11:55:00;0.98;20.56;-98.47;-180.48;-8.43;-17.88;22.18;-22.73;-16.96;-10.15;-62.43;-19.29;-54.90
04-11-2018;19:57:00;1.23;20.88;-98.58;-180.46;-8.43;-17.73;22.25;-22.61;-16.85;-10.40;-62.45;-19.06;-54.91
05-11-2018;04:00:00;0.89;20.94;-98.74;-180.32;-7.91;-17.82;21.80;-22.68;-16.98;-10.57;-62.61;-19.15;-55.11
05-11-2018;12:02:00;1.14;20.95;-98.91;-180.05;-7.91;-17.97;21.72;-22.96;-17.19;-10.59;-62.81;-19.31;-55.27
05-11-2018;20:04:00;0.62;21.07;-99.09;-180.55;-7.56;-17.80;21.85;-22.77;-17.03;-10.67;-62.91;-19.62;-55.42
06-11-2018;03:59:00;-0.45;21.00;-99.50;-179.68;-7.21;-18.21;21.28;-23.48;-17.37;-10.96;-63.53;-20.18;-56.25
06-11-2018;11:54:00;0.24;20.96;-99.74;-180.33;-7.56;-18.21;21.56;-23.47;-17.47;-10.91;-63.36;-19.94;-56.07
06-11-2018;19:56:00;0.22;21.02;-99.96;-180.87;-7.50;-18.15;21.38;-23.35;-17.26;-10.80;-63.42;-20.05;-56.09
07-11-2018;03:59:00;-0.34;20.85;-100.26;-180.66;-7.37;-18.30;21.42;-23.43;-17.50;-11.08;-63.88;-20.40;-56.59
07-11-2018;12:01:00;-0.62;20.73;-100.42;-180.57;-7.33;-18.61;21.04;-24.05;-17.95;-11.22;-64.17;-20.56;-56.81
07-11-2018;20:03:00;0.53;21.08;-100.87;-181.64;-7.72;-18.30;21.41;-23.27;-17.43;-11.06;-63.98;-20.29;-56.71
08-11-2018;03:58:00;1.13;21.20;-101.36;-182.46;-8.27;-18.01;21.88;-22.97;-17.19;-10.65;-63.80;-20.15;-56.75
08-11-2018;11:53:00;1.16;21.17;-101.59;-182.05;-7.98;-18.14;21.80;-23.22;-17.28;-10.79;-64.05;-20.62;-57.07
08-11-2018;19:55:00;0.97;20.92;-101.87;-181.76;-7.43;-18.19;21.43;-23.29;-17.34;-11.12;-64.35;-20.69;-57.26
09-11-2018;03:58:00;-0.64;20.69;-102.16;-180.01;-6.18;-18.98;20.29;-24.21;-18.01;-12.36;-65.39;-21.34;-58.06
09-11-2018;12:00:00;0.65;20.88;-102.53;-181.69;-7.16;-18.34;21.06;-23.56;-17.48;-11.36;-64.79;-20.72;-57.59
09-11-2018;20:03:00;1.41;20.90;-102.58;-182.34;-7.73;-18.24;21.41;-23.38;-17.46;-10.82;-64.66;-20.79;-57.71
10-11-2018;04:05:00;1.56;20.98;-103.01;-183.27;-8.00;-18.06;21.56;-22.96;-17.30;-10.76;-64.59;-20.89;-57.66
10-11-2018;12:00:00;1.93;21.01;-103.37;-183.57;-8.32;-17.86;21.77;-22.57;-17.16;-10.44;-64.66;-20.73;-57.60
10-11-2018;19:54:00;2.04;21.34;-103.38;-183.46;-8.22;-17.89;21.76;-22.63;-17.17;-10.32;-64.88;-20.96;-57.90
11-11-2018;03:57:00;1.08;21.13;-103.47;-182.72;-7.55;-18.17;21.51;-22.92;-17.51;-10.77;-65.17;-21.09;-58.10
11-11-2018;11:59:00;1.41;21.18;-103.75;-183.05;-7.60;-18.11;21.71;-22.89;-17.45;-10.77;-65.09;-21.14;-58.01
11-11-2018;20:02:00;1.64;21.14;-103.90;-183.38;-7.69;-18.07;21.56;-22.85;-17.48;-10.78;-65.18;-21.04;-58.04
12-11-2018;04:04:00;0.37;20.79;-104.01;-182.24;-6.53;-18.59;20.41;-23.49;-17.81;-11.74;-66.15;-21.40;-58.79
12-11-2018;11:59:00;0.70;20.75;-104.12;-182.78;-7.08;-18.52;20.74;-23.73;-17.73;-11.26;-66.02;-21.52;-58.98
12-11-2018;19:53:00;1.33;20.98;-104.76;-183.32;-7.30;-18.22;21.15;-23.61;-17.56;-11.17;-65.71;-21.38;-58.81
13-11-2018;03:56:00;1.12;20.95;-105.11;-183.62;-7.34;-18.41;20.87;-23.79;-17.80;-11.21;-65.83;-21.46;-58.96
13-11-2018;11:57:00;0.36;20.87;-104.99;-182.96;-7.06;-18.69;20.28;-24.09;-18.04;-11.43;-66.24;-21.76;-59.40
13-11-2018;20:01:00;-0.29;20.76;-105.50;-182.54;-6.99;-19.10;19.75;-24.63;-18.34;-11.85;-66.59;-21.99;-59.54
14-11-2018;04:03:00;1.01;20.97;-105.73;-183.97;-7.75;-18.47;20.52;-23.77;-17.77;-11.02;-66.27;-21.76;-59.37
14-11-2018;11:58:00;1.48;21.02;-106.19;-184.61;-8.05;-18.43;21.06;-23.58;-17.70;-11.09;-66.28;-21.67;-59.44
14-11-2018;19:53:00;1.64;20.94;-106.26;-184.76;-8.01;-18.40;21.19;-23.59;-17.79;-11.03;-66.28;-21.59;-59.39
15-11-2018;03:55:00;1.30;21.16;-106.21;-184.77;-7.85;-18.43;20.78;-23.63;-17.71;-10.82;-66.49;-21.82;-59.59
15-11-2018;11:57:00;1.22;21.38;-106.47;-185.10;-8.02;-18.39;21.04;-23.72;-17.64;-11.01;-66.53;-21.99;-59.69
15-11-2018;20:01:00;0.92;21.28;-106.71;-184.96;-8.02;-18.44;20.66;-23.90;-17.62;-11.27;-66.84;-22.07;-59.81
16-11-2018;04:02:00;1.49;21.13;-107.04;-185.50;-8.37;-18.20;21.27;-23.35;-17.49;-10.98;-66.55;-21.91;-59.58
16-11-2018;12:05:00;1.58;21.24;-107.29;-185.54;-8.49;-18.24;21.19;-23.42;-17.49;-10.92;-66.74;-22.01;-59.73
16-11-2018;19:59:00;1.19;21.26;-107.29;-185.16;-8.04;-18.47;21.17;-23.76;-17.72;-11.15;-66.93;-22.26;-59.95
17-11-2018;03:54:00;0.22;21.35;-107.38;-184.73;-7.62;-18.68;20.71;-24.08;-17.81;-11.42;-67.35;-22.64;-60.27
17-11-2018;11:56:00;0.92;21.48;-107.58;-185.26;-8.26;-18.29;21.34;-23.57;-17.44;-10.94;-67.29;-22.55;-60.31
17-11-2018;19:59:00;0.85;21.40;-107.65;-185.20;-8.01;-18.51;21.07;-23.76;-17.57;-11.04;-67.51;-22.58;-60.54
18-11-2018;04:01:00;0.44;21.20;-107.75;-184.83;-7.71;-18.68;20.79;-24.00;-17.83;-11.38;-67.76;-22.69;-60.87
18-11-2018;12:04:00;0.68;21.29;-107.83;-184.97;-7.61;-18.66;20.59;-23.83;-17.85;-11.24;-67.68;-22.58;-60.71
18-11-2018;19:52:00;0.13;21.23;-107.85;-185.46;-7.67;-18.78;20.20;-23.94;-17.87;-11.27;-67.99;-22.82;-61.14
19-11-2018;03:53:00;-0.91;21.11;-108.20;-184.46;-7.54;-19.40;19.13;-24.56;-18.48;-12.02;-68.55;-23.29;-61.91
19-11-2018;11:56:00;-1.94;21.04;-108.52;-183.89;-7.26;-19.77;18.74;-24.86;-18.99;-12.39;-68.85;-23.47;-62.33
19-11-2018;19:52:00;-2.56;20.87;-108.65;-183.71;-6.87;-19.88;18.21;-25.31;-19.16;-12.99;-69.33;-23.69;-62.47
20-11-2018;04:01:00;-2.59;20.52;-108.83;-183.94;-7.11;-19.84;18.29;-25.91;-19.30;-13.05;-69.44;-23.36;-62.67
20-11-2018;12:03:00;-3.37;20.28;-108.97;-183.43;-7.07;-20.24;17.87;-26.12;-19.64;-13.39;-69.74;-24.17;-63.16
20-11-2018;20:06:00;-1.63;20.67;-109.49;-184.75;-7.21;-19.80;19.08;-25.08;-19.25;-13.09;-69.10;-24.29;-63.00
21-11-2018;04:00:00;0.17;20.97;-109.66;-187.91;-8.85;-18.95;20.48;-23.14;-18.22;-11.70;-68.31;-23.60;-62.27
21-11-2018;11:55:00;-0.42;21.10;-109.74;-187.54;-8.77;-18.93;20.28;-23.23;-18.22;-11.79;-68.43;-23.38;-62.51
21-11-2018;19:57:00;-1.86;20.77;-109.91;-186.37;-8.24;-19.35;19.53;-23.25;-18.73;-12.24;-68.80;-23.77;-63.00
22-11-2018;04:00:00;-2.43;20.44;-109.86;-185.92;-7.89;-19.88;19.18;-23.38;-19.30;-13.01;-69.35;-24.04;-63.38
22-11-2018;12:02:00;-1.95;20.39;-110.20;-186.32;-7.92;-20.01;19.47;-23.67;-19.37;-12.77;-69.67;-24.46;-63.69
22-11-2018;20:05:00;-2.23;20.51;-110.23;-186.48;-7.99;-19.83;19.77;-23.82;-19.07;-12.63;-69.34;-24.27;-63.55
23-11-2018;04:01:00;-3.21;20.31;-110.14;-185.66;-7.83;-20.19;19.08;-24.54;-19.53;-13.20;-69.50;-24.61;-63.80
23-11-2018;11:54:00;-3.22;20.26;-110.17;-185.78;-7.99;-20.21;19.13;-24.83;-19.69;-13.33;-69.63;-24.89;-64.00
23-11-2018;19:57:00;-3.81;20.23;-110.38;-185.88;-8.12;-19.87;18.31;-24.52;-19.36;-13.43;-69.38;-24.38;-64.19
24-11-2018;03:59:00;-3.19;20.23;-110.21;-186.58;-8.89;-19.70;18.63;-24.41;-19.31;-13.08;-69.21;-24.56;-64.03
24-11-2018;12:02:00;-2.27;20.33;-110.38;-187.84;-8.97;-19.47;19.25;-24.14;-19.09;-12.74;-69.19;-24.88;-64.08
24-11-2018;20:04:00;-0.84;20.52;-110.57;-189.34;-10.44;-18.79;20.69;-23.41;-18.30;-12.20;-68.57;-24.12;-63.25
25-11-2018;03:59:00;-2.12;20.34;-110.78;-189.55;-9.90;-19.06;21.00;-23.91;-18.53;-12.31;-68.96;-24.45;-63.41
25-11-2018;11:53:00;-4.04;20.01;-110.68;-188.94;-9.30;-19.79;20.14;-24.72;-19.25;-13.00;-69.67;-24.20;-63.95
25-11-2018;20:02:00;-4.23;19.46;-110.74;-189.24;-8.76;-20.01;19.29;-24.93;-19.38;-13.46;-69.84;-24.89;-64.25
26-11-2018;03:53:00;-4.21;19.39;-111.00;-189.92;-8.54;-20.10;18.82;-25.05;-19.35;-13.59;-69.86;-24.91;-64.45
26-11-2018;11:57:00;-4.50;19.60;-111.08;-189.99;-8.19;-19.97;18.47;-25.04;-19.32;-13.51;-69.81;-25.21;-64.71
26-11-2018;19:58:00;-2.95;20.19;-111.38;-191.10;-8.94;-19.68;19.08;-24.48;-18.99;-13.06;-69.44;-24.75;-64.27
27-11-2018;04:01:00;-2.49;20.18;-111.52;-191.13;-8.85;-19.54;18.97;-24.18;-18.90;-12.78;-69.31;-24.52;-64.07
27-11-2018;12:03:00;-2.36;20.40;-111.77;-191.12;-8.94;-19.40;18.78;-24.13;-18.78;-12.77;-69.44;-24.57;-63.96
27-11-2018;19:52:00;-2.15;20.39;-111.83;-191.26;-9.33;-19.25;19.13;-23.86;-18.62;-12.80;-69.54;-24.58;-63.91
28-11-2018;03:53:00;-1.92;20.64;-111.93;-192.32;-10.07;-18.92;19.51;-23.44;-18.33;-12.24;-69.43;-24.56;-63.89
28-11-2018;11:55:00;-1.67;20.61;-111.58;-192.87;-10.08;-18.63;19.72;-23.24;-18.20;-11.90;-69.18;-23.86;-63.12
28-11-2018;19:58:00;-1.27;20.89;-111.82;-193.27;-10.33;-18.53;19.48;-23.46;-18.04;-11.66;-69.16;-23.84;-63.54
29-11-2018;04:00:00;-0.89;20.90;-111.77;-193.18;-10.17;-18.43;20.20;-23.76;-18.09;-11.45;-68.68;-24.03;-63.47
29-11-2018;12:02:00;-0.62;20.86;-111.75;-193.23;-10.10;-18.37;20.09;-23.52;-18.03;-11.43;-68.54;-24.06;-63.23
29-11-2018;20:05:00;-0.29;20.98;-111.95;-193.57;-10.79;-18.55;19.68;-23.29;-18.09;-11.15;-68.88;-24.06;-63.25
30-11-2018;04:00:00;-0.91;21.17;-112.31;-193.33;-10.86;-18.69;20.04;-23.57;-18.16;-11.17;-68.90;-24.19;-63.42
30-11-2018;11:54:00;-0.97;21.20;-112.27;-193.37;-10.73;-18.75;19.77;-23.56;-18.18;-11.35;-68.90;-23.99;-63.43
30-11-2018;19:57:00;-0.91;20.89;-112.15;-193.79;-10.88;-18.63;20.00;-23.45;-18.07;-11.09;-68.71;-23.86;-63.35
01-12-2018;03:59:00;-1.43;20.87;-112.04;-193.52;-10.75;-18.62;19.87;-23.44;-18.17;-11.30;-68.76;-23.98;-63.42
01-12-2018;12:01:00;-1.26;21.37;-111.84;-193.52;-10.02;-18.94;20.05;-23.96;-18.51;-11.45;-68.94;-24.43;-63.69
01-12-2018;20:04:00;0.35;21.65;-111.61;-193.72;-10.38;-18.47;20.09;-23.67;-18.19;-11.36;-68.67;-24.12;-63.36
02-12-2018;03:59:00;0.90;21.84;-111.29;-194.40;-10.42;-18.23;20.94;-23.53;-18.12;-11.28;-68.56;-23.66;-63.36
02-12-2018;11:53:00;0.90;22.21;-111.14;-194.84;-10.65;-18.11;21.25;-23.58;-18.12;-11.26;-68.56;-24.06;-63.59
02-12-2018;19:56:00;0.09;21.07;-111.03;-194.17;-9.73;-18.47;20.26;-24.49;-18.41;-11.62;-69.23;-24.88;-64.56
03-12-2018;03:58:00;-0.78;20.30;-110.98;-193.78;-9.55;-18.81;19.71;-24.70;-18.71;-12.11;-69.41;-25.06;-64.98
03-12-2018;12:07:00;-0.28;20.44;-110.48;-195.02;-9.65;-18.52;20.84;-24.39;-18.49;-12.02;-69.76;-25.10;-64.96
03-12-2018;20:03:00;0.57;20.18;-110.82;-195.47;-9.66;-18.50;20.98;-23.65;-18.37;-12.05;-69.86;-24.82;-64.60
04-12-2018;04:05:00;0.22;20.27;-110.45;-195.28;-9.64;-18.46;20.27;-23.98;-18.38;-11.59;-69.70;-25.20;-64.42
04-12-2018;12:00:00;0.21;19.95;-110.57;-195.70;-10.21;-18.33;21.04;-24.18;-18.16;-11.34;-69.85;-25.68;-64.52
04-12-2018;19:55:00;-0.40;19.77;-110.96;-196.00;-10.04;-18.25;20.76;-24.29;-18.07;-11.30;-70.29;-25.85;-64.68
05-12-2018;03:57:00;-0.10;19.23;-111.15;-195.87;-9.77;-18.21;20.66;-24.37;-17.92;-11.36;-70.51;-26.18;-64.98
05-12-2018;12:00:00;0.11;19.41;-111.42;-195.73;-10.23;-18.16;20.25;-24.63;-17.97;-11.35;-70.42;-26.08;-64.44
05-12-2018;20:02:00;-0.76;19.55;-111.39;-195.83;-10.14;-18.17;20.26;-25.03;-18.09;-11.33;-70.60;-26.25;-64.34
06-12-2018;04:04:00;-1.93;19.34;-111.34;-194.96;-9.79;-18.38;19.75;-25.55;-18.23;-11.81;-70.59;-26.30;-64.35
06-12-2018;11:59:00;-2.19;18.99;-110.92;-194.75;-10.12;-18.44;19.55;-25.89;-18.33;-11.74;-70.91;-26.35;-64.49
06-12-2018;19:54:00;-2.22;19.23;-110.68;-194.77;-10.00;-18.54;18.98;-25.96;-18.42;-11.99;-71.35;-26.90;-65.11
07-12-2018;03:56:00;-1.65;19.79;-110.91;-196.40;-10.67;-18.74;17.86;-25.48;-18.35;-11.87;-71.18;-26.86;-65.06
07-12-2018;11:59:00;-1.91;20.06;-111.04;-196.29;-10.51;-18.60;18.96;-25.28;-18.31;-11.63;-70.89;-26.33;-64.40
07-12-2018;20:04:00;-1.66;20.47;-110.91;-196.28;-11.09;-18.56;19.11;-25.36;-18.28;-11.64;-71.27;-26.27;-64.37
08-12-2018;04:09:00;-0.93;20.83;-111.48;-195.78;-11.28;-18.58;17.96;-25.34;-18.31;-11.87;-71.23;-25.95;-63.71
08-12-2018;11:58:00;-1.25;20.84;-111.17;-195.54;-11.46;-18.59;17.93;-25.25;-18.17;-11.45;-71.12;-26.11;-63.46
08-12-2018;19:53:00;-0.59;21.03;-111.08;-195.65;-12.42;-18.51;18.45;-25.19;-18.15;-11.30;-71.18;-25.58;-63.41
09-12-2018;03:55:00;-0.96;21.10;-111.38;-195.34;-12.13;-18.74;18.11;-25.00;-18.45;-12.04;-71.70;-25.18;-63.72
09-12-2018;11:58:00;-1.24;20.75;-111.66;-195.71;-12.05;-18.76;18.09;-25.03;-18.40;-11.55;-71.89;-25.11;-63.96
09-12-2018;20:00:00;-0.64;21.11;-111.09;-195.62;-12.58;-18.46;17.92;-24.57;-18.01;-11.15;-71.20;-24.88;-63.76
10-12-2018;04:03:00;-1.20;20.82;-111.11;-195.02;-12.31;-18.28;17.48;-24.63;-17.97;-10.85;-71.04;-24.61;-63.57
10-12-2018;12:05:00;-1.50;20.69;-110.86;-194.49;-12.20;-18.23;17.90;-24.75;-17.90;-10.87;-70.94;-24.72;-63.34
10-12-2018;20:00:00;-1.72;20.65;-110.52;-194.53;-12.40;-18.00;17.79;-25.09;-17.66;-10.64;-70.66;-24.56;-63.32
11-12-2018;03:54:00;-1.41;20.66;-110.86;-194.01;-12.39;-17.83;17.81;-25.29;-17.59;-11.13;-71.16;-24.74;-63.79
11-12-2018;11:57:00;-1.54;21.21;-110.77;-194.64;-12.55;-17.90;17.75;-25.22;-17.53;-11.24;-71.58;-24.50;-63.19
11-12-2018;19:59:00;-1.59;21.36;-110.60;-195.15;-12.70;-17.73;17.83;-25.33;-17.54;-11.10;-71.51;-24.71;-63.21
12-12-2018;04:02:00;-2.13;21.48;-110.63;-195.11;-12.59;-17.66;18.21;-25.00;-17.36;-11.16;-71.83;-24.71;-63.59
12-12-2018;12:04:00;-2.73;21.48;-110.30;-195.48;-13.13;-17.72;18.70;-25.17;-17.45;-11.02;-71.81;-24.78;-63.73
12-12-2018;19:59:00;-2.18;21.61;-110.08;-195.27;-12.32;-17.62;18.78;-25.28;-17.46;-11.10;-71.92;-24.80;-63.73
13-12-2018;03:54:00;-2.19;21.43;-110.07;-195.20;-12.43;-17.84;18.58;-25.40;-17.59;-11.13;-71.92;-24.98;-63.74
13-12-2018;11:56:00;-2.50;21.63;-109.93;-194.85;-12.17;-18.05;18.54;-25.62;-17.71;-11.27;-72.08;-25.14;-63.94
13-12-2018;19:59:00;-2.59;21.74;-109.71;-194.55;-11.93;-18.11;18.47;-25.64;-17.64;-11.32;-71.90;-25.06;-63.76
14-12-2018;04:01:00;-3.61;21.40;-109.68;-194.25;-11.44;-18.19;18.38;-25.84;-17.75;-11.48;-72.15;-25.20;-63.98
14-12-2018;12:05:00;-4.38;21.33;-110.02;-194.28;-11.35;-18.30;18.45;-26.04;-17.95;-11.72;-72.25;-25.18;-64.01
14-12-2018;20:01:00;-3.14;21.97;-110.19;-196.22;-12.18;-17.27;19.83;-24.88;-17.07;-10.53;-71.35;-24.45;-63.10
15-12-2018;04:04:00;-2.77;22.51;-110.30;-196.66;-12.23;-17.09;20.00;-24.63;-16.90;-10.43;-71.29;-24.58;-63.08
15-12-2018;11:59:00;-3.70;22.42;-110.37;-195.15;-11.15;-17.83;19.50;-25.33;-17.65;-11.17;-71.67;-25.11;-63.43
15-12-2018;19:53:00;-2.14;22.87;-110.74;-196.46;-11.76;-16.94;20.60;-24.46;-16.85;-10.24;-71.43;-24.59;-63.03
16-12-2018;03:56:00;-1.87;22.64;-110.33;-196.71;-12.00;-16.72;21.09;-24.47;-16.74;-9.92;-71.56;-24.48;-63.18
16-12-2018;11:58:00;-1.92;22.43;-110.18;-196.00;-11.78;-16.73;21.13;-24.79;-16.68;-9.74;-71.69;-24.47;-63.54
16-12-2018;20:01:00;-2.13;22.52;-109.99;-196.89;-11.82;-16.59;21.02;-24.97;-16.51;-10.04;-71.37;-24.24;-63.46
17-12-2018;03:48:00;-3.02;22.51;-109.19;-197.05;-12.54;-16.49;20.64;-24.91;-16.48;-10.03;-71.08;-23.98;-63.08
17-12-2018;12:21:00;-3.34;22.61;-109.18;-197.20;-12.11;-16.45;20.48;-24.89;-16.40;-9.85;-70.77;-23.89;-63.11
17-12-2018;19:58:00;-3.90;22.64;-109.15;-196.61;-11.72;-16.53;20.31;-24.78;-16.50;-9.81;-70.80;-23.83;-63.08
18-12-2018;04:01:00;-4.23;22.62;-109.47;-195.51;-11.77;-16.47;20.18;-24.87;-16.50;-9.81;-70.87;-23.81;-63.09
18-12-2018;12:04:00;-5.46;21.78;-109.74;-194.73;-10.32;-17.22;18.96;-25.73;-17.26;-10.56;-71.41;-24.32;-63.45
18-12-2018;19:59:00;-4.23;21.92;-110.40;-195.52;-9.82;-16.84;18.52;-25.13;-17.03;-10.21;-71.12;-24.09;-63.32
19-12-2018;03:54:00;-3.24;21.85;-110.69;-196.48;-11.39;-16.29;19.11;-24.92;-16.44;-9.74;-71.16;-24.06;-63.16
19-12-2018;11:57:00;-3.32;21.83;-110.73;-196.76;-11.27;-16.25;19.88;-24.79;-16.40;-9.67;-71.05;-24.12;-63.07
19-12-2018;20:01:00;-3.10;22.08;-110.65;-196.86;-11.54;-16.26;19.84;-24.82;-16.40;-9.62;-70.96;-24.03;-63.04
20-12-2018;04:04:00;-3.37;22.16;-110.36;-197.16;-11.66;-16.17;19.99;-24.96;-16.36;-9.67;-70.89;-24.05;-62.93
20-12-2018;11:59:00;-3.56;22.14;-110.22;-197.14;-11.39;-16.27;20.12;-25.12;-16.39;-9.82;-70.86;-24.11;-63.11
20-12-2018;19:54:00;-3.26;22.16;-110.06;-197.51;-11.59;-16.06;20.26;-25.06;-16.13;-9.31;-70.29;-23.68;-62.85
21-12-2018;03:58:00;-3.82;22.43;-109.88;-197.58;-11.21;-16.02;20.05;-25.20;-16.09;-9.33;-70.07;-23.44;-62.57
21-12-2018;12:01:00;-3.41;22.67;-109.63;-197.37;-11.61;-15.92;19.80;-25.51;-16.10;-9.07;-70.03;-23.64;-62.56
21-12-2018;20:04:00;-3.19;22.72;-109.43;-197.34;-11.61;-15.85;19.68;-26.07;-16.17;-9.52;-69.56;-23.55;-62.19
22-12-2018;03:59:00;-3.13;22.62;-109.25;-197.76;-11.65;-15.69;19.38;-26.16;-16.01;-9.32;-69.92;-23.38;-62.09
22-12-2018;11:55:00;-3.38;22.52;-109.26;-198.07;-11.88;-15.88;19.41;-25.99;-16.22;-9.26;-70.26;-23.71;-62.12
22-12-2018;19:58:00;-3.31;22.51;-109.20;-198.44;-12.15;-15.77;19.40;-26.01;-16.00;-9.14;-70.16;-23.85;-62.05
23-12-2018;04:01:00;-3.71;22.22;-109.41;-197.50;-12.05;-16.13;19.40;-26.20;-16.32;-9.59;-70.63;-23.68;-62.41
23-12-2018;12:04:00;-3.61;22.12;-109.60;-198.01;-12.27;-15.97;19.83;-26.16;-16.26;-9.48;-70.42;-23.37;-62.18
23-12-2018;19:59:00;-3.54;21.87;-109.49;-197.52;-11.95;-16.07;19.19;-26.31;-16.41;-9.80;-70.49;-23.43;-62.31
24-12-2018;03:55:00;-2.46;22.00;-109.61;-198.50;-12.77;-15.88;19.28;-26.04;-16.18;-9.21;-70.03;-23.13;-61.88
24-12-2018;11:58:00;-2.51;22.03;-110.13;-197.96;-12.48;-15.88;19.84;-25.94;-16.09;-9.40;-70.20;-23.19;-61.91
24-12-2018;20:01:00;-2.40;21.57;-109.84;-197.97;-12.70;-15.94;20.13;-25.55;-16.16;-9.13;-70.40;-23.42;-62.21
25-12-2018;04:04:00;-2.57;22.26;-110.15;-198.56;-12.69;-15.83;20.02;-25.61;-16.14;-9.35;-70.34;-23.52;-62.16
25-12-2018;12:00:00;-2.11;22.21;-109.97;-198.64;-13.12;-15.87;19.95;-24.98;-16.03;-9.23;-70.60;-23.53;-62.05
25-12-2018;19:55:00;-2.32;22.17;-109.98;-198.53;-13.13;-15.84;20.46;-24.93;-16.04;-9.08;-71.13;-23.61;-62.33
26-12-2018;03:58:00;-2.30;21.98;-109.81;-198.72;-12.71;-15.64;20.35;-25.18;-16.02;-9.32;-70.99;-23.54;-61.92
26-12-2018;12:01:00;-2.48;21.40;-110.22;-198.61;-12.60;-16.08;19.54;-24.99;-16.27;-9.35;-70.78;-23.62;-61.74
26-12-2018;20:04:00;-3.39;21.77;-109.92;-197.03;-10.98;-16.91;18.08;-25.82;-17.14;-10.34;-71.57;-23.71;-62.36
27-12-2018;04:00:00;-3.11;20.92;-109.78;-198.08;-11.37;-16.85;18.66;-25.80;-16.95;-10.37;-71.43;-23.79;-62.13
27-12-2018;11:55:00;-3.34;21.72;-110.10;-197.80;-11.67;-16.79;18.58;-25.65;-16.96;-10.04;-71.39;-23.99;-62.04
27-12-2018;19:58:00;-3.87;21.97;-109.86;-197.70;-11.82;-16.66;18.58;-25.41;-16.84;-10.22;-71.26;-23.96;-62.53
28-12-2018;04:01:00;-4.72;21.58;-109.96;-198.26;-11.93;-16.42;18.56;-25.16;-16.61;-10.14;-71.11;-23.86;-62.63
28-12-2018;12:04:00;-4.72;20.72;-110.85;-198.60;-12.15;-16.58;19.02;-25.26;-16.69;-9.97;-70.91;-23.72;-62.52
28-12-2018;20:00:00;-4.56;20.71;-110.64;-199.06;-12.48;-16.22;19.63;-24.91;-16.41;-9.57;-70.88;-23.31;-62.29
29-12-2018;03:55:00;-5.86;20.63;-110.79;-198.17;-11.52;-16.67;18.62;-25.47;-16.81;-10.20;-71.53;-23.79;-62.53
29-12-2018;11:58:00;-5.00;20.14;-110.39;-198.34;-11.82;-16.37;18.87;-25.65;-16.78;-10.30;-70.70;-23.19;-61.93
29-12-2018;20:02:00;-5.87;20.25;-110.39;-197.91;-11.83;-16.75;18.13;-26.05;-17.03;-10.49;-70.89;-23.81;-62.41
30-12-2018;04:05:00;-4.95;20.35;-109.84;-197.45;-12.12;-16.73;18.68;-25.96;-17.12;-10.00;-70.68;-23.64;-62.03
30-12-2018;12:00:00;-4.84;20.49;-110.10;-198.71;-12.22;-16.24;19.06;-25.71;-16.67;-10.06;-70.35;-23.69;-61.96
30-12-2018;19:55:00;-5.57;20.34;-109.98;-198.52;-12.04;-16.41;18.82;-26.15;-16.96;-10.14;-70.85;-24.05;-62.68
31-12-2018;03:59:00;-4.19;20.97;-109.90;-198.49;-12.54;-16.43;19.06;-26.07;-16.67;-9.96;-71.15;-23.91;-62.66
31-12-2018;12:02:00;-3.42;21.79;-111.01;-199.29;-13.05;-16.33;18.87;-25.73;-16.52;-9.45;-71.63;-23.60;-63.01
31-12-2018;20:05:00;-2.52;21.34;-110.52;-199.50;-13.46;-16.29;18.58;-26.12;-16.78;-9.22;-71.59;-23.37;-62.69
01-01-2019;04:00:00;-2.18;21.72;-110.96;-199.56;-13.39;-16.14;18.39;-26.10;-16.46;-9.29;-71.09;-23.94;-62.95
01-01-2019;11:56:00;-1.88;20.98;-110.70;-200.12;-13.45;-15.84;19.07;-26.25;-16.42;-9.50;-71.33;-24.25;-63.21
01-01-2019;19:59:00;-2.78;20.76;-110.93;-200.24;-13.14;-15.80;18.92;-26.43;-16.33;-9.35;-71.24;-24.35;-63.31
02-01-2019;04:02:00;-3.67;20.61;-110.98;-200.55;-12.99;-15.89;18.87;-26.47;-16.33;-9.27;-71.15;-24.72;-63.05
02-01-2019;12:05:00;-4.51;20.62;-110.95;-200.02;-13.20;-15.91;18.75;-26.34;-16.29;-9.98;-71.09;-24.25;-63.00
02-01-2019;20:00:00;-4.68;20.75;-110.99;-200.09;-13.61;-15.76;18.15;-26.43;-16.15;-9.64;-70.96;-24.22;-63.00
03-01-2019;03:56:00;-4.60;20.64;-110.81;-199.70;-13.92;-15.97;17.74;-26.66;-16.31;-9.55;-70.80;-23.93;-62.43
03-01-2019;11:59:00;-4.98;20.71;-110.85;-200.05;-13.70;-16.04;18.05;-26.74;-16.34;-9.48;-71.33;-23.93;-62.68
03-01-2019;20:02:00;-5.24;20.65;-110.85;-200.38;-13.87;-16.20;17.69;-26.48;-16.41;-9.48;-71.63;-24.03;-62.73
04-01-2019;04:05:00;-5.18;20.66;-110.71;-200.41;-13.63;-16.35;17.65;-26.76;-16.49;-9.72;-71.70;-24.20;-63.05
04-01-2019;12:00:00;-5.11;22.46;-111.06;-200.20;-13.69;-16.52;17.89;-26.58;-16.40;-9.35;-71.55;-24.33;-63.09
04-01-2019;19:56:00;-6.11;22.30;-110.62;-200.27;-13.23;-16.33;17.37;-26.22;-16.39;-9.28;-71.12;-24.01;-62.90
05-01-2019;03:59:00;-5.50;22.03;-110.53;-201.08;-13.33;-16.20;17.45;-26.01;-16.25;-9.20;-71.06;-23.92;-62.73
05-01-2019;12:02:00;-6.73;22.38;-110.22;-200.76;-13.22;-16.25;17.16;-26.07;-16.22;-8.98;-71.07;-24.21;-62.75
05-01-2019;19:57:00;-6.29;22.62;-110.42;-200.70;-13.27;-16.34;17.21;-26.12;-16.41;-9.18;-71.05;-24.26;-62.71
06-01-2019;03:53:00;-6.85;22.97;-110.46;-200.98;-13.21;-16.53;17.39;-26.26;-16.63;-9.44;-71.38;-24.28;-62.86
06-01-2019;11:56:00;-7.65;22.84;-110.89;-200.26;-13.15;-17.18;16.82;-26.87;-17.15;-9.79;-72.06;-24.91;-63.67
06-01-2019;19:59:00;-7.50;22.87;-110.93;-200.75;-12.87;-17.35;16.87;-26.89;-17.07;-9.94;-72.32;-24.88;-63.76
07-01-2019;04:02:00;-5.39;22.70;-110.39;-201.44;-13.63;-16.65;17.12;-27.05;-16.69;-9.46;-71.50;-24.37;-63.49
07-01-2019;11:58:00;-5.13;22.69;-110.54;-201.77;-14.01;-16.31;17.53;-27.53;-16.57;-9.25;-71.93;-24.42;-63.43
07-01-2019;19:53:00;-3.53;22.56;-110.93;-200.90;-13.30;-16.23;17.28;-27.36;-16.67;-9.42;-71.73;-25.35;-63.26
08-01-2019;03:56:00;-2.48;22.34;-110.99;-201.08;-13.62;-16.27;16.51;-27.56;-16.80;-9.18;-71.69;-25.88;-63.60
08-01-2019;11:59:00;-2.39;22.60;-111.41;-202.14;-14.53;-15.79;16.15;-26.85;-16.51;-8.73;-72.00;-25.29;-63.77
08-01-2019;20:03:00;-3.06;22.49;-111.61;-202.00;-14.69;-15.68;16.24;-26.86;-16.45;-9.12;-72.60;-25.12;-64.15
09-01-2019;03:58:00;-3.91;22.29;-111.91;-202.66;-13.93;-15.72;16.77;-26.87;-16.35;-9.64;-72.50;-25.72;-64.60
09-01-2019;11:53:00;-3.79;22.10;-112.13;-202.35;-14.77;-15.76;16.83;-27.14;-16.36;-9.81;-72.84;-25.99;-64.89
09-01-2019;19:56:00;-3.62;22.58;-111.89;-202.85;-14.31;-15.78;17.07;-27.33;-16.32;-9.78;-72.86;-26.11;-64.79
10-01-2019;04:00:00;-3.69;22.69;-112.01;-203.14;-14.58;-15.90;16.89;-27.41;-16.39;-9.76;-72.68;-26.01;-64.93
10-01-2019;12:03:00;-3.17;22.34;-112.51;-203.51;-15.07;-15.82;16.22;-27.01;-16.38;-9.43;-72.86;-26.19;-65.15
10-01-2019;19:58:00;-3.25;22.26;-112.79;-201.89;-15.46;-16.28;14.95;-26.79;-16.59;-9.23;-73.31;-26.30;-65.81
11-01-2019;03:53:00;-2.88;22.12;-112.32;-202.61;-15.69;-16.00;15.78;-26.68;-16.17;-9.22;-72.95;-26.05;-65.47
11-01-2019;11:56:00;-2.50;22.16;-112.25;-203.01;-15.53;-15.73;16.30;-26.90;-16.16;-9.19;-72.71;-26.18;-65.42
11-01-2019;19:59:00;-2.83;22.54;-112.18;-202.32;-15.79;-15.64;16.14;-26.74;-16.16;-9.50;-72.24;-26.01;-65.08
12-01-2019;04:02:00;-3.21;22.54;-112.26;-202.38;-16.35;-15.74;15.79;-26.55;-16.21;-9.35;-72.46;-26.06;-65.26
12-01-2019;11:58:00;-2.78;21.69;-111.91;-201.73;-15.88;-16.14;15.92;-26.80;-16.58;-9.26;-72.38;-26.17;-65.49
12-01-2019;19:53:00;-2.71;21.41;-111.84;-201.27;-15.30;-16.25;15.95;-26.85;-16.66;-9.60;-72.70;-26.21;-65.70
13-01-2019;03:56:00;-1.87;21.82;-112.05;-201.11;-15.80;-16.23;16.21;-27.21;-16.75;-9.38;-73.63;-25.97;-66.08
13-01-2019;11:59:00;-1.92;21.99;-111.61;-201.49;-16.20;-16.13;16.27;-27.10;-16.70;-9.40;-73.38;-26.03;-66.03
13-01-2019;20:02:00;-1.67;21.76;-111.86;-201.95;-16.28;-15.71;16.93;-27.00;-16.21;-9.39;-71.96;-25.70;-65.89
14-01-2019;03:58:00;-2.32;22.34;-111.94;-201.86;-16.60;-15.57;17.23;-27.00;-16.08;-9.40;-72.38;-26.03;-65.93
14-01-2019;11:53:00;-2.12;21.59;-112.71;-201.90;-16.42;-15.62;17.38;-27.06;-16.09;-9.34;-72.30;-26.15;-65.71
14-01-2019;19:56:00;-2.45;21.55;-112.73;-201.75;-16.20;-15.60;17.16;-27.08;-16.09;-9.35;-72.50;-26.29;-65.79
15-01-2019;03:59:00;-2.37;21.89;-112.52;-201.29;-16.09;-15.84;17.08;-27.21;-16.25;-9.26;-72.74;-26.85;-66.21
15-01-2019;12:02:00;-1.56;22.07;-112.18;-200.56;-16.17;-16.07;16.41;-27.84;-16.76;-9.80;-72.81;-26.98;-66.87
15-01-2019;20:05:00;-0.58;22.09;-112.15;-201.79;-15.84;-15.96;16.38;-27.53;-16.49;-9.39;-72.49;-26.18;-66.65
16-01-2019;04:00:00;-1.79;22.44;-111.72;-200.71;-15.36;-16.18;15.78;-27.59;-16.66;-9.78;-73.02;-26.40;-67.12
16-01-2019;11:56:00;-2.18;22.46;-111.03;-200.41;-16.26;-16.16;14.76;-27.57;-16.58;-9.83;-73.08;-26.72;-67.10
16-01-2019;19:59:00;-2.43;22.71;-111.34;-201.22;-15.52;-15.82;14.85;-27.47;-16.60;-10.06;-72.82;-26.78;-66.55
17-01-2019;03:59:00;-1.30;23.09;-111.73;-201.95;-15.90;-15.63;15.28;-27.20;-16.37;-9.94;-73.28;-26.56;-66.37
17-01-2019;11:59:00;-1.09;23.06;-111.82;-201.84;-16.33;-15.64;15.51;-27.01;-16.33;-9.59;-73.43;-26.67;-66.38
17-01-2019;20:02:00;-0.89;22.81;-111.40;-201.66;-16.61;-15.62;15.41;-26.98;-16.38;-9.47;-73.73;-26.27;-66.48
18-01-2019;04:04:00;-0.41;23.10;-111.59;-202.29;-16.56;-15.93;15.65;-27.14;-16.44;-9.28;-73.70;-26.12;-66.71
18-01-2019;11:59:00;-0.01;23.33;-112.10;-202.28;-15.62;-16.25;15.45;-26.93;-16.58;-9.53;-74.07;-26.65;-66.96
18-01-2019;19:54:00;0.53;23.41;-111.94;-201.88;-15.80;-16.29;15.50;-26.99;-16.54;-9.81;-73.55;-27.02;-66.46
19-01-2019;03:56:00;2.02;22.92;-111.43;-203.22;-16.50;-15.68;15.72;-26.73;-16.20;-9.22;-73.21;-25.61;-66.47
19-01-2019;11:59:00;1.24;23.14;-111.67;-203.11;-16.41;-15.73;15.65;-27.20;-16.21;-9.30;-73.22;-25.67;-66.80
19-01-2019;20:01:00;2.13;22.74;-111.91;-202.61;-16.27;-15.62;15.87;-26.86;-16.10;-9.24;-73.11;-25.33;-66.46
20-01-2019;04:03:00;1.73;22.49;-112.09;-202.96;-16.16;-15.64;15.15;-26.94;-15.92;-9.22;-73.59;-25.44;-66.81
20-01-2019;11:58:00;1.80;22.43;-111.86;-203.21;-15.97;-15.69;16.06;-27.20;-16.17;-9.27;-73.94;-25.38;-67.06
20-01-2019;19:53:00;1.77;22.77;-111.61;-202.04;-16.69;-15.93;16.05;-27.83;-16.45;-9.69;-73.89;-25.68;-67.14
21-01-2019;03:55:00;2.05;23.00;-111.59;-201.87;-16.00;-16.01;16.23;-28.22;-16.71;-10.02;-73.01;-25.23;-66.90
21-01-2019;11:58:00;1.65;22.50;-111.71;-201.02;-15.39;-16.30;16.21;-28.15;-16.86;-10.53;-73.57;-25.21;-67.41
21-01-2019;20:00:00;2.68;22.55;-111.93;-201.99;-16.54;-15.68;16.54;-27.29;-16.34;-9.65;-73.26;-25.33;-67.10
22-01-2019;04:03:00;1.34;22.14;-112.22;-201.10;-16.32;-16.06;16.23;-27.52;-16.71;-9.62;-73.75;-25.72;-67.31
22-01-2019;12:02:00;1.92;21.84;-112.78;-200.43;-15.57;-16.35;16.41;-27.83;-16.89;-9.78;-73.54;-25.34;-67.39
22-01-2019;19:58:00;2.38;22.15;-112.91;-201.03;-16.22;-15.85;16.65;-26.74;-16.38;-9.70;-73.37;-24.95;-67.25
23-01-2019;04:00:00;2.97;22.39;-112.98;-201.80;-16.86;-15.39;16.69;-26.37;-16.08;-9.63;-73.41;-24.89;-67.27
23-01-2019;12:03:00;3.43;22.56;-113.04;-201.82;-17.18;-15.32;16.97;-26.57;-16.02;-9.49;-73.43;-24.77;-66.95
23-01-2019;20:05:00;3.88;22.41;-113.10;-202.06;-17.78;-15.34;17.40;-26.59;-15.92;-9.41;-73.49;-24.74;-67.09
24-01-2019;04:00:00;3.21;22.26;-113.33;-201.63;-17.63;-15.63;17.06;-26.88;-16.15;-9.84;-73.75;-24.90;-67.46
24-01-2019;11:54:00;2.75;21.92;-113.22;-200.61;-17.47;-16.22;16.63;-27.28;-16.64;-10.20;-73.79;-24.77;-67.75
24-01-2019;19:57:00;2.61;21.98;-114.04;-200.66;-16.82;-15.92;16.38;-27.10;-16.35;-10.41;-73.75;-24.84;-67.83
25-01-2019;03:59:00;3.39;21.76;-114.04;-202.41;-17.61;-15.53;16.67;-26.83;-15.99;-9.65;-73.18;-24.68;-67.52
25-01-2019;12:02:00;4.32;21.97;-113.99;-203.03;-17.94;-15.47;16.69;-26.72;-15.94;-9.46;-73.52;-24.35;-67.33
25-01-2019;20:04:00;3.79;21.89;-114.02;-202.49;-17.48;-15.49;15.52;-27.00;-16.12;-9.61;-73.49;-24.32;-67.15
26-01-2019;03:59:00;4.07;21.90;-113.98;-203.32;-17.88;-15.36;15.58;-26.72;-15.99;-9.57;-73.40;-24.07;-67.02
26-01-2019;11:54:00;4.49;21.84;-114.01;-202.90;-18.21;-15.42;15.59;-26.53;-15.93;-9.36;-73.57;-24.02;-67.18
26-01-2019;19:56:00;3.93;21.75;-114.16;-203.38;-17.93;-15.37;15.19;-26.63;-15.96;-9.37;-73.54;-24.69;-66.98
27-01-2019;03:59:00;4.83;21.71;-113.97;-203.93;-17.77;-15.35;15.35;-26.77;-16.01;-9.21;-73.37;-24.85;-66.92
27-01-2019;12:01:00;6.20;22.03;-114.06;-203.84;-17.82;-15.44;15.42;-26.70;-15.94;-9.10;-73.38;-24.86;-66.93
27-01-2019;20:03:00;6.37;22.07;-113.88;-204.05;-17.74;-15.42;15.51;-26.90;-15.86;-9.10;-73.61;-24.83;-67.08
28-01-2019;03:58:00;6.06;22.27;-113.76;-203.81;-17.47;-15.44;15.41;-26.81;-15.99;-9.32;-74.00;-25.31;-67.26
28-01-2019;11:53:00;6.04;22.38;-113.71;-203.70;-17.86;-15.19;15.75;-26.67;-15.88;-9.34;-73.67;-25.46;-67.48
28-01-2019;19:55:00;6.28;22.46;-113.84;-203.95;-18.37;-15.27;15.54;-26.75;-15.98;-9.08;-74.00;-25.54;-67.41
29-01-2019;03:58:00;6.19;22.49;-114.09;-204.09;-18.41;-15.25;15.76;-26.47;-15.98;-9.25;-73.91;-25.28;-67.02
29-01-2019;12:00:00;6.35;22.30;-113.96;-204.83;-18.18;-15.58;16.00;-26.60;-16.17;-9.51;-74.02;-24.75;-67.56
29-01-2019;20:03:00;6.75;22.31;-113.92;-204.54;-18.38;-15.67;16.03;-26.61;-16.21;-9.61;-74.08;-24.72;-67.73
30-01-2019;04:05:00;7.05;22.58;-114.17;-205.04;-18.68;-15.49;16.31;-26.25;-15.96;-9.31;-73.85;-24.64;-67.42
30-01-2019;12:00:00;7.79;22.46;-114.08;-204.70;-18.72;-15.37;16.45;-26.20;-15.96;-9.12;-73.18;-25.21;-67.08
30-01-2019;19:54:00;9.07;22.72;-113.75;-204.87;-18.84;-15.31;16.42;-26.21;-15.90;-9.12;-73.46;-25.06;-67.11
31-01-2019;03:57:00;8.92;22.85;-113.72;-205.47;-18.84;-15.23;16.23;-26.14;-15.74;-9.01;-73.76;-25.16;-67.25
31-01-2019;11:59:00;8.71;22.80;-113.56;-205.50;-19.59;-15.15;16.38;-26.22;-15.61;-8.64;-73.76;-25.04;-67.18
31-01-2019;20:02:00;7.97;22.69;-113.61;-205.31;-20.20;-15.06;15.83;-26.36;-15.63;-8.73;-74.00;-25.44;-66.83
01-02-2019;04:04:00;8.05;22.81;-113.58;-205.42;-20.78;-14.92;16.61;-26.16;-15.55;-8.56;-74.09;-25.66;-66.76
01-02-2019;11:59:00;6.32;22.46;-113.59;-205.34;-20.75;-14.90;16.11;-26.13;-15.62;-8.67;-73.77;-25.48;-66.59
01-02-2019;19:54:00;5.68;23.01;-113.68;-205.60;-20.39;-14.84;15.82;-26.31;-15.57;-8.54;-73.59;-25.46;-66.48
02-02-2019;03:56:00;4.73;23.00;-113.46;-205.46;-20.62;-14.86;15.55;-26.27;-15.56;-8.55;-73.61;-25.62;-66.38
02-02-2019;11:59:00;4.29;23.02;-113.61;-205.44;-20.37;-14.84;15.09;-26.57;-15.62;-8.75;-73.86;-25.70;-66.33
02-02-2019;20:01:00;3.82;22.69;-113.50;-205.25;-20.41;-14.69;15.52;-26.33;-15.61;-8.71;-73.61;-25.90;-66.36
03-02-2019;04:04:00;3.78;22.75;-113.44;-204.91;-20.27;-14.77;15.41;-26.45;-15.70;-8.78;-73.58;-25.77;-66.24
03-02-2019;11:58:00;4.68;22.60;-113.64;-205.02;-21.29;-14.94;15.39;-26.28;-15.75;-8.71;-73.62;-25.72;-66.24
03-02-2019;19:53:00;4.31;22.71;-113.47;-205.08;-20.55;-14.82;15.83;-26.61;-15.57;-8.86;-73.57;-25.84;-66.21
04-02-2019;03:55:00;3.72;22.44;-113.58;-204.77;-20.80;-15.04;16.02;-26.42;-15.76;-9.00;-73.71;-25.94;-66.37
04-02-2019;11:58:00;6.00;22.59;-113.38;-205.01;-20.71;-15.56;16.55;-26.79;-16.07;-9.20;-73.16;-25.30;-66.57
04-02-2019;20:00:00;7.20;22.61;-112.99;-205.06;-20.60;-15.63;15.92;-26.67;-16.03;-9.29;-73.44;-25.55;-67.11
05-02-2019;04:03:00;7.38;22.86;-113.24;-204.68;-20.33;-15.52;15.91;-26.60;-15.94;-9.53;-73.90;-25.91;-66.94
05-02-2019;12:05:00;7.62;22.84;-113.25;-205.39;-20.15;-15.69;15.56;-26.68;-16.17;-9.48;-74.54;-25.98;-67.23
05-02-2019;20:00:00;7.90;23.30;-112.92;-205.93;-20.87;-15.34;15.44;-26.52;-15.85;-9.11;-74.87;-26.20;-66.91
06-02-2019;03:55:00;6.82;23.14;-112.66;-204.44;-20.26;-15.69;14.56;-26.65;-16.10;-9.43;-75.05;-26.44;-67.06
06-02-2019;11:57:00;7.84;23.70;-112.77;-204.74;-20.44;-15.46;15.08;-27.11;-16.28;-9.43;-75.00;-26.94;-67.98
06-02-2019;20:00:00;8.19;24.12;-112.78;-203.96;-19.93;-15.37;14.92;-27.09;-16.25;-9.52;-75.27;-27.89;-68.55
07-02-2019;04:02:00;7.22;24.37;-112.48;-203.49;-19.54;-15.49;14.78;-27.56;-16.53;-9.94;-75.80;-28.70;-68.88
07-02-2019;12:05:00;6.97;24.43;-112.73;-203.16;-19.76;-15.39;15.23;-27.41;-16.60;-9.95;-76.17;-29.45;-68.80
07-02-2019;19:59:00;7.62;24.25;-112.32;-202.91;-19.46;-15.33;15.13;-27.59;-16.54;-9.95;-76.29;-29.02;-69.06
08-02-2019;03:54:00;9.00;24.71;-112.00;-203.43;-19.59;-15.46;14.34;-27.77;-16.61;-9.96;-76.03;-29.36;-68.88
08-02-2019;11:56:00;9.49;24.82;-112.40;-203.48;-19.96;-15.53;14.44;-27.67;-16.76;-9.83;-75.81;-28.97;-68.37
08-02-2019;19:59:00;11.18;25.11;-112.25;-204.18;-20.41;-15.25;15.10;-27.46;-16.35;-9.69;-74.71;-28.34;-67.18
09-02-2019;04:01:00;11.53;25.74;-112.12;-204.27;-20.57;-15.42;15.47;-27.28;-16.46;-9.74;-74.68;-28.42;-66.94
09-02-2019;12:04:00;11.02;25.51;-112.11;-203.84;-20.22;-15.58;14.96;-27.95;-16.72;-9.96;-75.06;-28.13;-66.74
09-02-2019;19:58:00;11.96;25.66;-111.95;-204.73;-20.71;-14.96;15.63;-27.33;-16.16;-9.65;-74.36;-28.03;-66.27
10-02-2019;03:53:00;11.92;25.37;-111.71;-204.91;-21.00;-15.11;15.51;-27.99;-16.16;-9.50;-74.14;-28.18;-66.53
10-02-2019;11:55:00;12.15;25.21;-110.99;-204.23;-20.51;-15.50;15.86;-27.99;-16.40;-9.79;-73.90;-29.07;-67.46
10-02-2019;19:58:00;11.55;25.04;-111.20;-202.44;-19.85;-15.58;15.72;-28.51;-16.36;-10.47;-74.20;-29.00;-67.68
11-02-2019;04:00:00;12.24;24.94;-111.22;-204.16;-21.06;-15.05;16.22;-27.93;-15.90;-9.48;-73.80;-28.75;-67.00
11-02-2019;12:03:00;12.07;25.38;-111.58;-204.80;-21.36;-14.80;15.62;-27.71;-15.82;-9.00;-73.55;-28.43;-66.28
11-02-2019;20:05:00;12.51;25.63;-111.79;-205.46;-21.44;-14.58;15.93;-28.18;-15.78;-8.86;-73.49;-28.16;-65.89
12-02-2019;04:00:00;12.73;25.62;-111.86;-205.54;-21.90;-14.56;15.85;-28.21;-15.69;-8.89;-73.76;-28.06;-66.07
12-02-2019;11:54:00;12.53;25.66;-111.70;-204.13;-20.80;-15.30;15.85;-28.52;-16.34;-9.33;-74.13;-29.11;-67.51
12-02-2019;19:57:00;14.16;25.55;-111.86;-205.84;-21.12;-15.21;15.40;-28.13;-16.23;-9.28;-73.54;-28.96;-66.94
13-02-2019;03:59:00;14.45;25.26;-111.72;-206.40;-21.77;-15.12;16.41;-27.84;-16.00;-8.57;-72.74;-29.34;-66.72
13-02-2019;12:02:00;14.15;26.17;-111.44;-206.32;-21.53;-15.31;16.57;-28.20;-15.79;-9.16;-72.91;-28.89;-66.63
13-02-2019;20:04:00;14.35;25.67;-111.18;-206.13;-21.42;-15.26;16.62;-28.30;-15.79;-9.18;-73.09;-29.05;-67.07
14-02-2019;03:59:00;14.68;25.81;-111.60;-206.41;-21.63;-15.27;17.02;-27.57;-15.70;-9.03;-72.50;-29.20;-66.75
14-02-2019;11:53:00;14.72;26.21;-111.79;-206.92;-21.54;-15.25;18.14;-27.59;-15.75;-8.80;-72.72;-29.26;-67.05
14-02-2019;19:56:00;14.38;25.83;-112.01;-205.64;-21.24;-15.69;17.71;-28.39;-16.14;-9.53;-73.16;-29.48;-67.50
15-02-2019;03:58:00;15.03;26.02;-112.49;-206.56;-21.96;-15.22;18.29;-27.62;-15.74;-9.19;-72.77;-29.04;-67.31
15-02-2019;12:01:00;14.62;25.50;-112.52;-206.08;-21.27;-15.62;17.84;-28.09;-16.18;-9.70;-73.56;-29.33;-68.34
15-02-2019;20:03:00;15.00;25.89;-112.79;-206.73;-21.56;-15.60;17.94;-27.85;-16.03;-9.26;-72.88;-29.49;-68.28
16-02-2019;04:06:00;15.18;25.95;-112.67;-207.69;-21.48;-15.38;17.89;-27.88;-15.75;-9.13;-72.84;-29.30;-68.23
16-02-2019;12:00:00;15.22;25.86;-113.06;-207.39;-21.65;-15.36;18.29;-27.49;-15.78;-8.90;-72.91;-29.22;-68.30
16-02-2019;19:55:00;14.66;25.51;-113.30;-205.82;-20.49;-15.98;17.46;-28.34;-16.54;-10.20;-73.30;-30.22;-68.80
17-02-2019;03:57:00;14.68;25.28;-113.40;-205.62;-20.63;-16.08;17.74;-28.57;-16.69;-10.51;-73.17;-30.32;-68.74
17-02-2019;12:00:00;14.75;25.40;-113.75;-205.95;-20.89;-16.25;17.35;-28.74;-16.84;-10.23;-73.35;-30.24;-69.05
17-02-2019;20:02:00;14.40;25.55;-114.09;-205.82;-20.76;-16.45;17.13;-28.85;-16.94;-10.59;-73.71;-30.31;-69.14
18-02-2019;04:05:00;16.13;25.30;-114.04;-207.95;-22.09;-15.45;18.34;-27.90;-16.07;-9.52;-73.02;-29.69;-68.51
18-02-2019;11:59:00;16.45;25.41;-114.26;-208.36;-21.67;-15.41;18.61;-27.91;-16.11;-9.30;-73.06;-29.36;-68.41
18-02-2019;19:54:00;17.66;25.56;-114.42;-208.27;-21.57;-15.36;19.02;-28.03;-16.06;-9.46;-73.02;-29.13;-68.20
19-02-2019;03:56:00;17.05;26.37;-114.64;-208.47;-21.40;-15.59;18.44;-28.46;-16.13;-9.65;-73.31;-29.55;-68.70
19-02-2019;11:59:00;15.71;26.37;-114.63;-208.73;-21.79;-15.31;18.01;-28.37;-15.98;-9.10;-73.33;-29.23;-68.44
19-02-2019;20:01:00;15.28;26.78;-114.46;-208.63;-21.64;-15.40;18.18;-28.37;-16.07;-9.70;-73.45;-29.73;-68.61
20-02-2019;04:04:00;15.01;26.10;-114.01;-208.11;-21.39;-15.48;18.14;-29.03;-16.28;-10.38;-73.71;-29.81;-68.61
20-02-2019;11:58:00;16.24;26.57;-113.57;-209.05;-22.41;-15.28;18.94;-28.72;-16.12;-9.81;-73.31;-29.42;-68.37
20-02-2019;19:53:00;14.50;26.61;-114.14;-209.06;-21.88;-15.55;18.53;-29.31;-16.28;-10.18;-73.65;-29.67;-68.59
21-02-2019;03:55:00;15.33;26.89;-114.33;-209.64;-21.74;-15.45;18.30;-29.07;-16.28;-10.06;-74.05;-29.66;-68.65
21-02-2019;11:58:00;14.72;26.82;-114.91;-209.57;-22.01;-15.93;17.93;-28.78;-16.55;-9.20;-74.47;-29.95;-68.77
21-02-2019;20:00:00;14.59;27.51;-114.65;-208.66;-21.30;-15.87;18.16;-28.03;-16.74;-10.02;-74.32;-30.73;-68.46
22-02-2019;04:03:00;15.34;27.59;-114.33;-209.46;-21.96;-15.31;18.26;-27.74;-16.11;-9.58;-74.13;-30.14;-68.12
22-02-2019;12:05:00;15.81;27.55;-114.91;-209.57;-21.82;-15.73;18.08;-28.51;-16.54;-9.84;-74.60;-30.67;-68.94
22-02-2019;20:00:00;16.47;27.45;-114.98;-209.88;-21.90;-15.65;18.36;-28.33;-16.51;-10.05;-74.01;-30.69;-68.31
23-02-2019;03:47:00;15.51;27.29;-115.47;-209.31;-21.66;-15.83;18.41;-28.50;-16.65;-10.32;-74.17;-30.72;-68.33
23-02-2019;11:59:00;14.16;27.02;-115.32;-207.66;-20.74;-17.12;17.28;-29.71;-17.78;-11.38;-75.09;-31.59;-69.32
23-02-2019;20:03:00;16.34;27.71;-115.64;-210.16;-22.63;-16.13;18.45;-28.67;-16.62;-10.14;-74.39;-30.76;-68.51
24-02-2019;04:05:00;16.79;27.75;-115.74;-211.22;-23.36;-15.77;18.91;-28.24;-16.13;-9.46;-74.14;-30.11;-67.93
24-02-2019;12:00:00;15.87;27.21;-115.86;-211.72;-23.22;-15.72;18.94;-28.24;-16.12;-9.55;-74.10;-30.18;-67.96
24-02-2019;19:54:00;14.99;27.30;-115.69;-211.46;-23.12;-15.88;19.40;-28.85;-16.18;-9.62;-73.75;-30.12;-67.97
25-02-2019;03:57:00;14.58;27.20;-115.49;-211.14;-22.35;-16.07;19.14;-29.33;-16.47;-10.05;-73.63;-30.25;-67.92
25-02-2019;11:59:00;14.77;27.30;-115.40;-211.70;-22.66;-16.17;18.94;-28.86;-16.30;-9.73;-73.84;-30.13;-67.90
25-02-2019;20:02:00;13.94;27.31;-115.27;-210.96;-22.61;-16.47;18.57;-28.86;-16.35;-10.17;-74.42;-30.74;-68.50
26-02-2019;04:04:00;12.51;26.79;-115.48;-209.81;-21.65;-17.01;18.24;-29.60;-17.24;-11.14;-75.28;-31.29;-69.34
26-02-2019;11:59:00;14.68;26.79;-115.60;-209.34;-21.80;-17.89;17.51;-30.16;-18.19;-11.14;-75.32;-30.83;-69.30
26-02-2019;19:53:00;13.78;27.04;-115.67;-210.24;-21.77;-17.36;17.92;-29.95;-17.52;-11.19;-75.28;-30.74;-68.97
27-02-2019;03:56:00;13.05;27.28;-116.26;-211.20;-22.28;-17.26;18.18;-29.99;-17.27;-10.77;-75.54;-31.22;-69.17
27-02-2019;11:58:00;13.83;27.24;-116.23;-211.92;-22.62;-16.93;18.44;-29.70;-16.99;-10.46;-75.12;-30.65;-68.89
27-02-2019;20:01:00;14.27;27.33;-116.12;-212.05;-23.07;-16.57;18.81;-29.50;-16.86;-10.14;-75.06;-30.46;-68.92
28-02-2019;04:03:00;15.70;26.56;-115.94;-212.32;-22.81;-15.95;19.28;-29.14;-16.32;-10.14;-74.49;-30.10;-68.81
28-02-2019;12:05:00;16.18;26.47;-115.84;-212.55;-23.43;-15.91;19.40;-29.66;-16.39;-9.85;-74.68;-30.55;-68.94
28-02-2019;20:00:00;16.48;26.14;-115.81;-212.14;-23.34;-15.90;19.22;-29.58;-16.38;-10.01;-74.47;-30.97;-68.74
01-03-2019;03:55:00;15.85;25.94;-115.78;-211.67;-22.84;-15.99;18.73;-29.89;-16.32;-9.94;-74.78;-31.19;-68.99
01-03-2019;11:57:00;15.91;25.75;-115.60;-211.83;-23.16;-16.27;18.21;-29.92;-16.68;-10.11;-74.87;-31.46;-69.00
01-03-2019;20:00:00;16.07;25.81;-115.53;-211.72;-23.17;-16.37;17.84;-29.91;-16.52;-10.23;-75.12;-31.81;-69.43
02-03-2019;04:02:00;16.06;25.66;-115.53;-212.60;-23.36;-16.22;17.87;-29.91;-16.47;-10.17;-75.20;-31.72;-69.36
02-03-2019;12:04:00;16.18;25.79;-115.57;-213.59;-23.31;-16.19;18.42;-29.57;-16.45;-10.18;-74.67;-31.49;-69.08
02-03-2019;19:59:00;15.57;25.75;-116.07;-213.31;-23.11;-16.49;18.03;-29.80;-16.62;-10.45;-75.03;-31.93;-69.64
03-03-2019;03:54:00;15.05;26.03;-116.37;-213.74;-22.57;-16.39;17.97;-29.85;-16.52;-10.26;-75.00;-31.69;-69.76
03-03-2019;11:56:00;14.67;26.41;-116.50;-213.45;-22.18;-16.80;17.62;-30.29;-16.92;-10.51;-75.89;-31.87;-70.24
03-03-2019;19:59:00;15.27;26.58;-116.32;-213.85;-22.63;-16.43;17.92;-29.48;-16.38;-10.43;-75.92;-31.73;-69.84
04-03-2019;04:01:00;15.06;25.89;-115.77;-212.71;-22.70;-16.47;17.75;-29.58;-16.32;-10.39;-76.20;-32.49;-70.01
04-03-2019;12:04:00;14.48;25.69;-115.69;-212.52;-21.66;-17.08;16.80;-30.10;-17.10;-10.70;-76.36;-31.70;-69.83
04-03-2019;19:58:00;15.50;26.52;-116.14;-212.56;-21.00;-16.29;18.10;-29.56;-16.47;-10.29;-75.84;-31.40;-69.17
05-03-2019;03:53:00;15.32;26.05;-115.95;-213.73;-21.41;-15.90;18.19;-29.37;-16.08;-10.52;-76.08;-31.73;-69.46
05-03-2019;11:55:00;16.47;25.56;-115.63;-214.17;-21.47;-15.94;18.99;-29.56;-16.41;-9.59;-75.80;-31.87;-69.72
05-03-2019;19:58:00;15.00;25.65;-115.34;-213.37;-21.27;-16.10;18.33;-29.93;-16.63;-10.05;-76.03;-31.77;-69.11
06-03-2019;04:00:00;15.06;26.13;-115.52;-214.44;-21.98;-16.11;18.23;-30.07;-16.61;-9.76;-75.79;-31.72;-68.96
06-03-2019;12:03:00;14.96;25.83;-115.49;-213.48;-21.03;-16.67;18.16;-30.17;-17.33;-10.19;-76.01;-31.30;-69.32
06-03-2019;20:05:00;15.56;25.61;-115.92;-213.12;-20.84;-16.46;18.06;-29.89;-16.95;-10.23;-75.90;-31.40;-69.40
07-03-2019;04:00:00;17.00;26.01;-115.47;-213.84;-21.12;-15.95;18.56;-29.35;-16.45;-9.93;-75.47;-30.89;-69.06
07-03-2019;11:54:00;18.71;26.29;-114.74;-212.87;-20.23;-16.14;18.66;-29.66;-16.63;-9.72;-75.32;-30.15;-69.37
07-03-2019;19:57:00;19.06;27.01;-115.27;-214.07;-20.51;-16.06;18.59;-29.26;-16.40;-9.62;-75.60;-30.41;-68.86
08-03-2019;03:59:00;18.73;27.31;-115.19;-214.08;-20.57;-16.02;18.69;-28.83;-16.46;-9.31;-75.79;-30.51;-68.92
08-03-2019;12:01:00;18.71;27.50;-115.07;-213.11;-20.96;-15.55;19.43;-28.75;-16.06;-9.21;-76.01;-30.30;-69.11
08-03-2019;20:04:00;17.09;27.58;-114.70;-212.93;-21.72;-15.62;19.59;-29.18;-15.98;-9.48;-75.37;-29.70;-69.28
09-03-2019;03:58:00;16.76;27.34;-114.70;-212.02;-21.40;-16.10;19.32;-29.52;-16.20;-9.80;-75.04;-29.62;-69.35
09-03-2019;11:53:00;16.46;27.28;-114.44;-212.03;-21.78;-16.03;18.88;-29.66;-16.25;-9.62;-75.22;-29.73;-69.13
09-03-2019;19:56:00;17.20;27.58;-114.80;-212.80;-21.81;-15.96;18.26;-30.00;-16.27;-9.84;-74.98;-29.50;-69.10
10-03-2019;03:58:00;17.23;27.60;-115.05;-213.22;-22.33;-15.67;18.47;-29.72;-15.94;-9.57;-74.66;-28.97;-68.83
10-03-2019;12:00:00;16.92;27.57;-114.73;-213.64;-23.24;-15.69;18.67;-29.66;-16.18;-9.55;-74.34;-28.91;-68.54
10-03-2019;20:03:00;16.64;27.45;-114.96;-214.58;-23.08;-15.82;18.84;-29.69;-16.03;-9.64;-74.23;-28.71;-68.38
11-03-2019;04:05:00;16.37;27.34;-115.42;-213.87;-22.25;-15.76;19.49;-29.67;-15.93;-9.76;-74.45;-29.10;-68.48
11-03-2019;12:00:00;16.47;27.38;-115.94;-213.50;-22.84;-15.81;19.73;-29.60;-16.01;-9.73;-74.49;-29.17;-68.43
11-03-2019;19:55:00;16.43;27.15;-116.63;-212.88;-23.12;-15.72;20.37;-29.66;-15.94;-9.74;-74.77;-29.53;-69.18
12-03-2019;03:57:00;16.10;27.15;-117.05;-212.42;-23.14;-15.94;20.64;-29.80;-16.09;-9.84;-74.86;-29.56;-69.07
12-03-2019;12:00:00;15.79;27.91;-117.28;-212.74;-23.42;-15.55;20.92;-29.40;-15.79;-9.51;-75.05;-29.07;-68.69
12-03-2019;20:02:00;14.52;27.88;-116.51;-212.62;-23.00;-15.52;21.31;-29.27;-15.97;-9.84;-74.38;-29.01;-68.75
13-03-2019;04:04:00;13.98;28.20;-115.84;-213.82;-22.70;-15.45;22.26;-29.46;-15.93;-9.98;-73.89;-29.06;-68.53
13-03-2019;11:59:00;14.77;28.57;-115.76;-214.16;-23.79;-15.40;22.78;-29.38;-15.93;-9.47;-74.18;-28.74;-68.77
13-03-2019;19:54:00;14.61;28.38;-116.04;-213.44;-23.49;-15.38;22.81;-29.24;-16.02;-9.80;-74.35;-28.83;-68.64
14-03-2019;03:56:00;13.67;28.85;-115.77;-213.01;-23.28;-15.64;22.47;-29.52;-16.13;-9.94;-74.65;-28.75;-69.09
14-03-2019;11:59:00;14.34;29.06;-115.96;-212.25;-23.41;-15.96;23.38;-29.28;-16.32;-10.21;-74.36;-28.77;-68.23
14-03-2019;20:01:00;14.12;29.13;-116.08;-213.03;-23.49;-15.89;23.77;-29.31;-16.18;-10.43;-74.38;-28.47;-68.07
15-03-2019;04:03:00;14.18;29.04;-116.12;-212.33;-23.36;-15.72;23.81;-29.33;-16.05;-10.39;-74.29;-28.26;-67.91
15-03-2019;11:58:00;13.92;29.04;-115.84;-212.97;-23.71;-15.64;23.37;-29.64;-16.36;-9.85;-74.16;-28.35;-68.20
15-03-2019;19:53:00;13.88;30.04;-116.70;-212.27;-23.72;-15.62;22.82;-29.57;-16.11;-10.51;-74.09;-29.01;-67.77
16-03-2019;03:55:00;14.03;30.55;-116.72;-211.83;-23.73;-15.83;22.73;-29.48;-15.96;-10.69;-74.66;-29.25;-67.77
16-03-2019;11:57:00;13.56;30.51;-116.57;-211.78;-23.33;-16.14;21.42;-30.17;-16.68;-10.32;-73.85;-29.13;-67.55
16-03-2019;20:00:00;12.47;30.28;-116.61;-211.40;-22.68;-15.98;22.64;-30.39;-16.70;-10.92;-74.00;-29.60;-67.73
17-03-2019;04:02:00;13.91;29.80;-116.93;-212.44;-22.48;-15.30;23.28;-29.19;-16.34;-9.87;-73.36;-29.78;-67.01
17-03-2019;12:05:00;14.92;28.86;-116.59;-212.73;-23.49;-15.30;23.91;-28.74;-16.37;-9.55;-73.51;-29.89;-66.47
17-03-2019;19:59:00;14.45;28.30;-116.60;-212.68;-23.22;-15.03;23.04;-28.89;-16.11;-9.48;-73.75;-30.01;-66.83
18-03-2019;03:54:00;13.75;28.33;-116.60;-212.23;-23.78;-14.63;22.54;-28.78;-15.89;-9.42;-74.29;-29.92;-66.84
18-03-2019;11:56:00;13.44;27.75;-116.78;-212.54;-24.58;-14.52;22.42;-28.95;-15.74;-9.39;-73.67;-29.84;-66.57
18-03-2019;19:59:00;12.78;27.64;-116.85;-212.46;-24.56;-14.62;20.80;-28.60;-15.48;-9.37;-73.19;-29.60;-66.62
19-03-2019;04:01:00;12.45;27.92;-116.62;-211.30;-24.19;-14.82;20.22;-28.83;-15.52;-9.26;-72.79;-29.75;-66.24
19-03-2019;12:04:00;12.61;27.81;-116.74;-211.05;-24.24;-14.98;20.13;-29.33;-15.64;-9.02;-73.00;-29.90;-66.52
19-03-2019;19:58:00;13.16;27.70;-116.95;-211.34;-24.60;-14.66;20.95;-28.90;-15.31;-8.71;-72.78;-29.85;-66.34
20-03-2019;03:53:00;14.30;28.01;-116.38;-211.50;-23.68;-15.05;21.19;-30.24;-15.65;-9.16;-72.97;-30.15;-65.84
20-03-2019;11:55:00;12.68;28.01;-116.30;-212.00;-24.13;-14.91;21.97;-29.01;-15.29;-9.36;-72.62;-30.10;-65.12
20-03-2019;19:58:00;13.56;28.26;-116.27;-211.44;-24.60;-15.20;22.01;-28.99;-15.31;-9.38;-72.98;-30.54;-65.41
21-03-2019;04:00:00;12.91;27.65;-116.45;-210.27;-23.64;-15.43;21.06;-28.86;-15.91;-9.31;-73.10;-30.39;-65.81
21-03-2019;12:03:00;13.22;28.24;-116.45;-211.37;-24.35;-14.93;20.82;-28.29;-15.54;-8.82;-72.48;-30.42;-65.60
21-03-2019;20:05:00;12.33;29.47;-117.60;-211.87;-24.27;-14.73;20.52;-27.88;-15.21;-8.91;-72.32;-30.07;-65.43
22-03-2019;04:00:00;10.59;29.50;-117.81;-210.02;-24.32;-15.35;19.50;-28.11;-15.80;-9.62;-72.97;-30.09;-65.75
22-03-2019;11:54:00;12.18;29.38;-117.33;-211.32;-24.10;-15.47;19.81;-28.31;-15.63;-9.18;-72.26;-29.68;-65.39
22-03-2019;19:57:00;11.44;29.02;-117.07;-211.01;-24.60;-15.25;19.30;-28.06;-15.53;-8.83;-72.76;-29.89;-65.88
23-03-2019;03:59:00;10.82;28.54;-116.17;-211.52;-25.03;-14.80;19.78;-28.12;-15.48;-8.72;-72.62;-29.93;-65.79
23-03-2019;12:02:00;11.28;28.50;-116.24;-211.88;-24.50;-14.88;19.98;-28.29;-15.48;-8.81;-72.80;-29.75;-65.72
23-03-2019;20:04:00;10.66;28.29;-117.35;-211.68;-24.72;-14.85;20.52;-28.39;-15.56;-8.87;-73.01;-30.20;-65.91
24-03-2019;03:59:00;11.53;28.07;-117.58;-211.40;-24.37;-15.12;20.17;-28.69;-15.78;-9.15;-73.17;-30.14;-66.03
24-03-2019;11:53:00;11.77;28.41;-117.18;-210.94;-25.12;-15.01;19.46;-28.64;-15.51;-9.99;-72.90;-30.19;-65.99
24-03-2019;19:56:00;11.31;28.23;-116.30;-210.43;-25.14;-15.33;19.87;-28.32;-15.47;-9.80;-72.68;-31.02;-65.79
25-03-2019;03:58:00;11.76;28.17;-116.45;-210.13;-24.79;-15.27;19.78;-28.90;-15.35;-10.14;-72.35;-30.79;-65.39
25-03-2019;12:01:00;12.46;28.26;-116.44;-209.79;-25.13;-15.44;19.82;-28.95;-15.47;-9.76;-72.53;-30.69;-65.66
25-03-2019;19:56:00;13.20;28.37;-116.31;-209.68;-25.51;-14.90;20.64;-28.55;-15.28;-9.49;-72.28;-30.47;-65.61
26-03-2019;04:00:00;14.24;27.86;-115.97;-209.68;-25.20;-14.85;20.88;-28.43;-15.25;-9.77;-72.58;-30.66;-65.79
26-03-2019;11:55:00;13.57;28.02;-116.11;-209.08;-24.85;-15.20;20.59;-28.55;-15.39;-10.05;-72.73;-30.66;-65.77
26-03-2019;19:57:00;14.88;28.31;-116.52;-208.38;-23.87;-15.52;20.75;-28.70;-15.82;-10.31;-73.14;-31.13;-66.65
27-03-2019;03:59:00;14.41;27.72;-116.12;-208.63;-24.21;-15.68;21.46;-28.67;-15.93;-10.66;-73.25;-30.62;-66.78
27-03-2019;12:02:00;15.68;27.85;-115.81;-209.06;-24.77;-15.60;21.17;-28.62;-15.99;-9.66;-72.84;-30.25;-66.40
27-03-2019;20:04:00;16.69;28.12;-115.58;-210.28;-25.44;-14.65;22.21;-27.50;-15.12;-9.48;-72.23;-29.53;-66.00
28-03-2019;03:59:00;16.95;28.22;-114.88;-210.57;-25.59;-14.72;22.37;-27.37;-15.09;-9.31;-72.31;-30.49;-66.19
28-03-2019;11:53:00;17.62;28.07;-114.79;-211.35;-25.68;-14.79;21.97;-27.60;-15.12;-9.18;-72.45;-30.40;-66.21
28-03-2019;19:56:00;17.57;28.04;-114.98;-211.86;-25.81;-14.82;22.31;-27.66;-15.22;-9.15;-72.17;-30.32;-66.08
29-03-2019;03:58:00;17.92;27.80;-114.96;-212.10;-25.58;-14.90;22.87;-27.53;-15.29;-9.28;-72.30;-30.16;-66.30
29-03-2019;12:01:00;18.60;27.73;-114.88;-212.48;-25.82;-14.97;22.80;-27.78;-15.40;-9.48;-72.11;-30.11;-66.23
29-03-2019;20:03:00;18.55;28.06;-114.87;-212.02;-25.72;-15.12;21.96;-27.96;-15.47;-9.13;-72.34;-30.43;-66.32
30-03-2019;04:05:00;18.66;28.05;-115.10;-211.88;-25.46;-15.13;22.07;-28.11;-15.32;-9.40;-71.95;-30.53;-66.45
30-03-2019;12:00:00;19.04;28.12;-115.07;-212.37;-25.47;-15.08;21.95;-28.39;-15.24;-9.64;-72.06;-30.49;-66.64
30-03-2019;19:55:00;18.54;27.71;-114.94;-212.16;-25.70;-14.81;21.02;-28.65;-15.42;-9.73;-72.52;-30.74;-66.65
31-03-2019;03:57:00;17.05;28.76;-114.31;-212.19;-25.51;-14.76;20.92;-28.24;-15.29;-9.78;-72.55;-30.72;-66.49
31-03-2019;12:00:00;17.55;28.50;-114.14;-212.55;-24.54;-14.76;21.00;-28.30;-15.15;-9.73;-72.50;-30.30;-66.40
31-03-2019;20:02:00;16.99;28.41;-114.05;-212.94;-24.95;-14.65;20.45;-28.94;-15.23;-9.51;-72.64;-30.40;-66.45
01-04-2019;04:04:00;17.32;28.42;-114.17;-212.73;-24.91;-14.54;20.57;-28.82;-15.29;-9.65;-72.52;-30.58;-66.44
01-04-2019;11:59:00;17.27;28.33;-114.35;-213.07;-25.27;-14.68;21.49;-28.33;-15.25;-9.84;-71.98;-30.77;-66.58
01-04-2019;19:54:00;17.29;28.27;-114.47;-213.31;-25.79;-14.57;21.10;-28.59;-15.17;-9.75;-72.07;-30.92;-66.75
02-04-2019;03:56:00;17.36;28.38;-114.52;-213.30;-26.61;-14.33;20.87;-28.60;-15.12;-9.80;-72.23;-31.00;-66.62
02-04-2019;11:58:00;17.24;28.32;-114.47;-214.17;-26.78;-14.49;21.53;-28.47;-15.19;-9.89;-72.10;-30.66;-66.60
02-04-2019;20:01:00;17.18;28.20;-114.47;-214.12;-26.49;-14.39;21.39;-28.46;-15.08;-9.84;-72.19;-30.61;-66.65
03-04-2019;04:03:00;16.73;28.26;-114.42;-213.73;-25.18;-14.45;20.58;-28.50;-15.09;-9.70;-71.78;-30.68;-66.40
03-04-2019;12:05:00;17.01;28.25;-114.21;-214.65;-24.22;-14.52;20.68;-28.13;-15.13;-9.84;-71.88;-30.39;-66.22
03-04-2019;20:00:00;17.10;28.23;-113.87;-214.62;-24.29;-14.43;20.85;-28.39;-15.20;-9.80;-71.86;-30.26;-66.22
04-04-2019;03:55:00;16.91;28.11;-113.95;-214.70;-24.18;-14.47;20.85;-28.76;-15.33;-9.95;-72.25;-30.49;-66.57
04-04-2019;11:57:00;16.91;28.26;-113.80;-214.36;-24.68;-14.37;21.24;-28.17;-15.19;-9.81;-71.66;-30.26;-66.19
04-04-2019;19:59:00;16.59;28.23;-113.79;-214.44;-24.24;-14.32;21.15;-28.03;-15.12;-9.83;-71.87;-30.48;-66.14
05-04-2019;04:02:00;15.95;28.42;-114.09;-214.28;-23.90;-14.51;20.72;-28.52;-15.31;-10.20;-72.17;-30.84;-66.34
05-04-2019;12:04:00;16.17;27.99;-114.13;-214.60;-24.52;-14.54;20.67;-28.54;-15.40;-9.73;-72.01;-30.68;-66.22
05-04-2019;19:59:00;15.70;27.71;-114.17;-214.65;-24.25;-14.43;21.06;-28.59;-15.18;-9.72;-72.45;-30.48;-66.10
06-04-2019;03:53:00;15.21;27.44;-114.20;-214.29;-23.75;-14.73;20.91;-28.88;-15.47;-10.06;-72.72;-30.94;-66.50
06-04-2019;11:56:00;16.25;27.34;-114.13;-214.29;-24.27;-15.01;20.62;-28.97;-15.89;-9.59;-72.75;-30.86;-66.60
06-04-2019;19:58:00;16.52;27.19;-114.03;-215.19;-23.91;-14.67;21.27;-28.40;-15.45;-9.75;-72.79;-30.53;-66.53
07-04-2019;04:00:00;15.80;26.83;-114.32;-215.08;-23.61;-14.48;21.27;-28.59;-15.21;-10.04;-72.62;-30.50;-66.56
07-04-2019;12:02:00;16.52;26.83;-113.99;-215.29;-24.41;-14.54;21.31;-28.76;-15.36;-9.63;-72.53;-30.24;-66.45
07-04-2019;20:04:00;16.60;26.63;-113.92;-215.91;-24.29;-14.51;21.07;-28.84;-15.24;-9.61;-72.40;-30.26;-66.24
08-04-2019;03:58:00;16.40;26.35;-114.35;-215.15;-23.59;-14.46;20.98;-28.39;-15.29;-9.95;-72.80;-30.76;-66.44
08-04-2019;11:53:00;16.94;26.46;-114.12;-215.26;-24.34;-14.39;21.21;-28.12;-15.32;-9.69;-72.85;-30.29;-66.27
08-04-2019;19:55:00;16.57;26.49;-114.31;-215.43;-23.80;-14.34;20.76;-28.44;-15.23;-9.90;-73.06;-30.65;-66.33
09-04-2019;03:58:00;16.30;26.44;-114.49;-214.38;-23.48;-14.38;20.91;-28.70;-15.25;-9.85;-72.98;-30.84;-66.30
09-04-2019;12:00:00;16.60;26.56;-114.27;-215.20;-23.86;-14.13;21.02;-28.72;-15.29;-10.15;-72.98;-30.26;-66.34
09-04-2019;20:03:00;16.58;26.85;-114.43;-215.42;-23.97;-14.13;20.81;-28.57;-15.12;-10.10;-73.00;-30.70;-66.54
10-04-2019;04:05:00;16.39;26.72;-114.45;-214.53;-24.62;-14.14;20.65;-28.80;-15.21;-9.73;-72.94;-30.90;-66.57
10-04-2019;12:00:00;16.86;26.68;-114.31;-215.11;-25.39;-13.99;20.40;-28.72;-15.22;-9.89;-72.66;-30.26;-66.66
10-04-2019;19:54:00;16.71;26.88;-114.43;-215.24;-24.86;-14.24;20.21;-28.74;-15.18;-9.76;-72.75;-30.44;-67.01
11-04-2019;03:57:00;16.83;26.74;-114.37;-215.25;-26.23;-14.29;20.51;-28.67;-15.33;-9.89;-72.49;-30.51;-67.09
11-04-2019;11:59:00;16.80;26.81;-114.04;-215.34;-25.09;-14.36;20.12;-28.99;-15.34;-10.14;-72.94;-29.99;-66.85
11-04-2019;20:01:00;16.62;27.02;-114.35;-216.18;-25.39;-14.35;20.29;-28.83;-15.11;-9.67;-73.06;-30.10;-66.94
12-04-2019;04:04:00;16.49;26.96;-114.10;-216.32;-26.00;-14.48;19.94;-29.04;-15.39;-9.68;-72.78;-30.27;-66.80
12-04-2019;11:59:00;16.94;27.14;-113.96;-216.10;-25.65;-14.48;20.09;-29.44;-15.50;-10.02;-72.61;-29.83;-66.72
12-04-2019;19:53:00;16.70;27.66;-114.25;-216.36;-25.75;-14.32;20.08;-29.14;-15.17;-9.64;-73.09;-29.77;-66.76
13-04-2019;03:56:00;16.27;27.44;-114.31;-217.07;-25.73;-14.38;20.04;-29.33;-15.23;-9.82;-72.98;-30.19;-66.65
13-04-2019;11:58:00;16.96;27.41;-114.08;-216.05;-26.07;-14.35;19.77;-29.67;-15.56;-9.76;-72.82;-29.82;-66.76
13-04-2019;20:00:00;16.54;27.62;-114.01;-216.63;-26.23;-14.24;20.00;-29.64;-15.22;-9.80;-72.89;-29.90;-66.54
14-04-2019;04:03:00;16.17;27.58;-114.01;-216.55;-25.16;-14.18;19.88;-29.73;-15.22;-9.70;-73.23;-30.34;-66.77
14-04-2019;12:05:00;17.00;27.64;-113.63;-216.28;-25.58;-14.37;19.61;-29.69;-15.62;-10.08;-72.70;-29.60;-66.38
14-04-2019;20:00:00;16.58;27.63;-113.73;-216.92;-25.85;-14.04;19.93;-29.24;-15.23;-9.65;-72.66;-29.71;-66.37
15-04-2019;03:54:00;15.96;27.56;-113.74;-216.71;-25.86;-14.30;19.40;-29.88;-15.36;-9.72;-73.29;-30.53;-66.70
15-04-2019;11:57:00;16.35;26.98;-113.31;-216.95;-26.51;-14.35;19.35;-29.91;-15.54;-9.50;-72.71;-29.53;-66.36
15-04-2019;19:59:00;15.86;26.98;-113.64;-217.22;-26.04;-14.14;19.41;-29.49;-15.26;-9.60;-72.77;-29.70;-66.28
16-04-2019;04:02:00;14.52;27.49;-113.41;-216.43;-26.19;-14.37;18.87;-29.79;-15.56;-10.16;-72.79;-29.92;-66.62
16-04-2019;12:04:00;14.18;27.19;-113.56;-217.25;-26.23;-14.09;19.35;-29.31;-15.14;-9.22;-72.73;-29.61;-66.63
16-04-2019;19:59:00;14.07;26.68;-113.52;-217.49;-26.68;-13.87;19.71;-28.73;-15.07;-9.23;-72.53;-29.53;-66.39
17-04-2019;03:53:00;13.52;26.54;-113.58;-216.80;-26.36;-14.07;19.36;-28.96;-15.14;-9.43;-72.60;-29.85;-66.42
17-04-2019;11:56:00;13.84;26.42;-113.58;-217.42;-26.49;-14.02;19.70;-28.97;-15.07;-9.65;-72.57;-29.52;-66.36
17-04-2019;19:58:00;13.32;26.57;-113.55;-217.23;-26.60;-14.03;19.35;-28.57;-15.16;-9.67;-72.63;-29.43;-66.39
18-04-2019;04:01:00;12.39;26.46;-113.64;-216.49;-26.16;-14.44;19.25;-29.16;-15.59;-10.24;-72.97;-29.65;-66.57
18-04-2019;12:03:00;12.60;26.18;-113.23;-216.65;-26.65;-14.71;19.06;-29.68;-16.14;-10.04;-72.85;-29.92;-66.70
18-04-2019;20:05:00;12.51;26.87;-113.63;-216.95;-26.26;-14.40;19.12;-29.04;-15.56;-9.93;-72.63;-29.90;-66.65
19-04-2019;04:00:00;11.91;27.08;-113.52;-217.30;-26.33;-14.47;19.11;-29.42;-15.84;-10.00;-72.63;-30.06;-66.72
19-04-2019;11:55:00;13.42;27.57;-113.80;-218.12;-26.68;-14.32;20.26;-29.10;-15.58;-10.04;-72.65;-29.91;-66.60
19-04-2019;19:57:00;12.87;27.25;-113.69;-218.19;-25.98;-14.19;20.18;-28.55;-15.38;-10.20;-72.71;-29.36;-66.64
20-04-2019;03:59:00;13.09;27.09;-113.73;-218.11;-26.13;-14.49;19.91;-28.66;-15.74;-10.16;-72.86;-29.41;-66.66
20-04-2019;12:02:00;12.56;27.58;-113.92;-218.86;-26.46;-14.73;20.06;-29.05;-15.99;-10.04;-72.80;-29.62;-66.70
20-04-2019;20:04:00;13.72;27.60;-114.00;-219.29;-26.83;-14.23;20.67;-28.57;-15.45;-9.47;-72.67;-29.34;-66.43
21-04-2019;03:59:00;13.12;27.71;-114.05;-218.97;-26.45;-14.35;20.16;-28.54;-15.72;-9.72;-72.79;-29.81;-66.59
21-04-2019;11:53:00;10.96;26.73;-114.06;-217.69;-24.78;-15.43;19.36;-29.59;-16.77;-10.49;-73.64;-30.64;-67.48
21-04-2019;19:56:00;10.66;26.73;-114.02;-217.17;-23.87;-15.36;19.25;-29.52;-16.61;-11.10;-73.83;-30.84;-67.69
22-04-2019;03:58:00;10.91;26.74;-113.91;-218.45;-24.27;-15.04;19.56;-29.02;-16.12;-10.88;-73.12;-30.24;-67.15
22-04-2019;12:00:00;11.73;26.65;-114.26;-218.67;-25.10;-15.34;19.56;-29.04;-16.27;-9.71;-72.97;-29.83;-67.11
22-04-2019;20:03:00;12.44;26.86;-114.39;-218.73;-26.51;-14.56;20.42;-28.48;-15.67;-9.87;-72.23;-28.82;-66.55
23-04-2019;04:05:00;13.15;26.87;-114.45;-218.83;-26.59;-14.63;20.57;-28.55;-15.72;-9.71;-71.94;-28.69;-66.37
23-04-2019;12:00:00;12.75;27.15;-114.79;-219.24;-26.69;-14.56;21.17;-28.71;-15.52;-9.67;-72.22;-28.48;-66.50
23-04-2019;19:54:00;12.55;26.90;-114.64;-219.18;-26.59;-14.48;20.97;-28.37;-15.56;-9.47;-72.54;-28.60;-66.69
24-04-2019;03:56:00;12.06;26.81;-114.46;-218.81;-26.70;-14.63;20.78;-28.55;-15.76;-9.22;-72.29;-28.82;-66.58
24-04-2019;11:59:00;12.35;26.73;-114.68;-220.04;-26.94;-14.37;20.94;-28.37;-15.46;-9.30;-72.12;-28.52;-66.55
24-04-2019;20:01:00;11.88;26.70;-114.57;-219.56;-26.96;-14.30;21.31;-28.18;-15.40;-9.13;-72.27;-28.36;-66.67
25-04-2019;04:04:00;12.01;26.76;-114.35;-219.45;-26.40;-14.40;21.10;-28.43;-15.60;-9.38;-72.31;-28.37;-66.64
25-04-2019;11:58:00;12.50;26.59;-114.30;-219.80;-26.61;-14.30;21.18;-28.28;-15.58;-9.44;-72.09;-28.38;-66.60
25-04-2019;19:54:00;13.33;26.73;-114.26;-220.05;-26.50;-14.43;21.17;-28.20;-15.50;-9.11;-72.06;-28.52;-66.87
26-04-2019;03:55:00;13.45;26.89;-114.10;-220.03;-26.07;-14.55;20.57;-28.39;-15.47;-9.15;-72.01;-28.30;-66.68
26-04-2019;11:57:00;13.47;27.00;-114.31;-220.27;-26.38;-14.55;20.27;-28.48;-15.54;-8.96;-71.98;-28.37;-66.70
26-04-2019;20:00:00;13.43;27.16;-114.22;-220.75;-26.02;-14.42;20.50;-28.35;-15.36;-9.10;-71.90;-28.33;-66.70
27-04-2019;04:02:00;13.56;26.95;-114.35;-220.24;-26.05;-14.47;20.29;-28.45;-15.45;-9.04;-72.09;-28.19;-66.78
27-04-2019;12:05:00;13.59;26.99;-114.39;-220.15;-26.38;-14.42;20.49;-28.55;-15.51;-9.24;-72.12;-28.31;-66.70
27-04-2019;19:59:00;13.56;27.08;-114.40;-220.17;-25.94;-14.44;20.80;-28.51;-15.50;-9.36;-71.96;-28.29;-66.71
28-04-2019;03:54:00;13.54;27.15;-114.30;-220.37;-26.26;-14.50;20.65;-28.63;-15.62;-9.03;-72.02;-28.25;-66.69
28-04-2019;11:56:00;14.00;27.05;-114.38;-220.60;-26.34;-14.57;20.26;-28.73;-15.69;-9.19;-71.97;-28.37;-66.65
28-04-2019;19:58:00;13.77;26.86;-114.20;-220.32;-25.83;-14.63;20.42;-28.93;-15.56;-9.28;-72.02;-28.72;-66.77
29-04-2019;04:01:00;13.33;26.82;-113.97;-219.61;-25.77;-14.75;20.40;-29.19;-15.68;-9.37;-72.18;-28.69;-66.90
29-04-2019;12:03:00;13.33;26.38;-113.80;-220.19;-26.31;-15.27;20.21;-29.66;-16.30;-8.85;-72.16;-28.72;-66.79
29-04-2019;20:05:00;13.52;26.56;-114.29;-220.41;-26.19;-14.79;20.49;-29.11;-15.67;-9.29;-72.02;-28.68;-66.71
30-04-2019;04:00:00;13.38;26.43;-114.16;-221.34;-26.10;-14.93;20.23;-29.16;-15.77;-9.05;-72.17;-28.73;-66.90
30-04-2019;11:55:00;13.81;26.32;-114.18;-220.88;-26.64;-15.48;19.76;-30.07;-16.63;-8.37;-72.41;-28.81;-66.95
30-04-2019;19:57:00;13.45;26.37;-114.44;-220.38;-25.48;-15.18;19.90;-29.66;-15.98;-9.50;-72.65;-29.08;-67.18
01-05-2019;03:59:00;11.98;26.38;-114.53;-220.47;-26.01;-15.05;20.10;-29.31;-15.79;-9.12;-72.84;-29.09;-67.39
01-05-2019;12:02:00;13.70;26.38;-114.68;-221.61;-26.50;-14.95;20.30;-29.41;-15.86;-8.95;-72.35;-28.65;-67.18
01-05-2019;20:04:00;14.74;26.72;-115.10;-222.04;-26.99;-14.86;20.01;-29.37;-15.74;-8.77;-72.42;-28.91;-67.17
02-05-2019;03:59:00;14.40;26.45;-114.83;-222.19;-26.74;-15.10;19.95;-29.75;-16.13;-8.80;-72.36;-28.99;-67.05
02-05-2019;11:53:00;15.07;26.71;-114.93;-222.38;-26.84;-14.73;20.43;-29.18;-15.64;-8.91;-72.17;-28.78;-66.78
02-05-2019;19:56:00;14.89;27.22;-114.93;-222.16;-27.04;-14.61;20.52;-29.22;-15.65;-8.35;-72.11;-28.63;-66.69
03-05-2019;03:53:00;14.08;27.42;-115.36;-222.18;-26.95;-14.88;19.96;-29.48;-15.83;-8.67;-72.77;-29.32;-67.19
03-05-2019;12:00:00;14.04;27.76;-115.02;-222.39;-27.28;-15.07;20.33;-29.63;-16.22;-8.98;-72.98;-29.19;-66.94
03-05-2019;20:03:00;13.89;27.28;-115.46;-222.41;-27.51;-14.75;20.55;-29.24;-16.02;-8.64;-73.15;-29.01;-66.68
04-05-2019;04:05:00;13.98;26.89;-116.24;-222.77;-27.08;-14.73;20.39;-28.70;-15.78;-8.75;-73.31;-29.29;-66.69
04-05-2019;12:00:00;13.75;27.33;-116.11;-222.52;-27.53;-14.61;20.53;-28.51;-15.61;-8.68;-73.51;-29.02;-66.59
04-05-2019;19:54:00;14.21;27.06;-116.07;-223.00;-27.90;-14.70;20.57;-28.44;-15.79;-8.73;-73.18;-28.85;-66.48
05-05-2019;03:57:00;14.22;27.00;-116.50;-223.10;-28.00;-14.70;20.33;-28.59;-15.69;-9.00;-73.19;-29.08;-66.37
05-05-2019;11:59:00;13.99;26.41;-115.72;-223.49;-27.98;-15.01;20.33;-28.66;-15.83;-8.79;-73.46;-29.34;-66.79
05-05-2019;20:02:00;12.86;26.52;-115.39;-223.94;-27.50;-15.02;20.13;-28.98;-16.03;-8.98;-73.54;-29.34;-67.06
06-05-2019;04:04:00;13.76;26.35;-115.91;-224.73;-27.44;-14.85;20.06;-29.00;-15.90;-8.88;-73.36;-29.49;-66.67
06-05-2019;11:59:00;13.93;26.53;-116.22;-225.29;-27.34;-14.43;20.48;-28.44;-15.69;-8.71;-72.99;-29.08;-66.14
06-05-2019;19:53:00;13.89;26.86;-115.59;-225.93;-27.21;-14.45;21.01;-28.45;-15.75;-8.87;-73.16;-29.16;-66.17
07-05-2019;03:56:00;13.73;26.40;-115.85;-226.24;-27.45;-14.32;21.14;-28.25;-15.64;-8.62;-73.07;-29.11;-66.10
07-05-2019;11:58:00;13.69;26.28;-116.22;-226.60;-26.93;-14.35;20.86;-28.18;-15.73;-8.75;-73.36;-29.18;-66.29
07-05-2019;20:01:00;13.76;26.78;-115.69;-226.52;-27.65;-14.46;20.73;-28.65;-15.73;-8.50;-73.48;-29.46;-66.60
08-05-2019;04:03:00;13.58;26.83;-115.94;-226.38;-27.70;-14.36;20.31;-28.65;-15.65;-8.71;-73.19;-29.49;-66.43
08-05-2019;12:05:00;14.00;26.64;-116.14;-226.43;-27.92;-14.38;20.63;-28.44;-15.61;-8.84;-73.33;-29.34;-66.42
08-05-2019;20:00:00;13.75;26.53;-116.00;-226.15;-27.50;-14.39;20.87;-28.34;-15.68;-8.78;-73.36;-29.33;-66.63
09-05-2019;03:55:00;13.49;26.51;-115.87;-225.96;-27.40;-14.50;20.76;-28.73;-15.88;-8.79;-73.62;-29.54;-66.64
09-05-2019;11:57:00;14.33;26.37;-115.68;-226.07;-27.75;-14.66;20.65;-28.88;-15.86;-8.61;-73.43;-29.75;-66.75
09-05-2019;19:59:00;12.81;26.57;-115.52;-226.56;-26.63;-15.24;19.52;-29.56;-16.12;-8.95;-73.75;-30.15;-67.38
10-05-2019;04:02:00;12.06;26.40;-115.60;-225.91;-26.25;-15.47;18.74;-29.86;-16.39;-9.23;-74.11;-30.43;-67.57
10-05-2019;12:04:00;12.40;26.53;-115.24;-226.97;-27.53;-15.04;19.38;-29.06;-16.02;-8.73;-74.06;-30.20;-67.50
10-05-2019;19:59:00;12.73;27.00;-115.18;-227.26;-27.20;-14.94;19.48;-28.79;-15.87;-8.84;-74.32;-30.18;-67.69
11-05-2019;03:53:00;12.80;27.29;-115.03;-226.95;-26.70;-14.97;19.27;-29.14;-15.96;-9.26;-74.97;-30.58;-68.07
11-05-2019;11:56:00;14.30;26.88;-115.06;-227.29;-28.01;-14.70;19.78;-29.07;-15.92;-8.45;-74.05;-29.99;-67.43
11-05-2019;19:58:00;13.53;26.99;-115.57;-226.80;-27.44;-14.84;19.70;-29.61;-15.94;-8.62;-74.64;-30.06;-67.90
12-05-2019;04:01:00;14.19;26.61;-115.90;-227.60;-27.61;-14.54;20.10;-29.76;-15.57;-8.29;-74.09;-29.76;-67.46
12-05-2019;12:03:00;15.05;26.72;-115.86;-227.43;-27.73;-14.37;20.40;-29.72;-15.50;-8.51;-74.11;-29.64;-67.75
12-05-2019;20:05:00;14.34;27.21;-115.78;-227.81;-27.77;-14.31;20.10;-29.78;-15.51;-8.40;-74.08;-30.08;-68.18
13-05-2019;04:00:00;14.20;26.99;-116.23;-227.32;-27.41;-14.42;20.23;-29.80;-15.45;-8.33;-74.03;-29.91;-68.10
13-05-2019;08:40:00;14.42;26.81;-115.78;-226.56;-27.47;-14.27;20.23;-29.63;-15.63;-8.67;-73.98;-29.77;-68.38
21-05-2019;14:27:00;14.38;26.34;-115.67;-227.17;-28.29;-15.10;20.34;-30.91;-16.03;-7.58;-74.08;-30.85;-68.12
21-05-2019;20:01:00;13.02;26.49;-116.32;-227.32;-26.97;-14.59;20.52;-30.11;-15.70;-8.52;-74.04;-31.07;-68.19
22-05-2019;04:02:00;11.50;26.57;-115.94;-227.54;-27.40;-14.63;20.45;-30.11;-15.74;-8.75;-74.64;-30.76;-68.67
22-05-2019;12:04:00;11.11;26.12;-115.49;-227.06;-27.37;-15.07;19.83;-30.64;-16.26;-8.21;-75.14;-30.52;-68.92
22-05-2019;20:01:00;10.64;26.49;-115.84;-226.46;-26.51;-15.16;19.92;-30.55;-16.06;-8.87;-75.33;-30.91;-69.27
23-05-2019;03:59:00;12.07;26.99;-116.37;-227.45;-27.09;-14.60;20.82;-30.06;-15.65;-8.04;-75.04;-30.83;-68.93
23-05-2019;11:52:00;13.30;26.95;-116.28;-227.42;-27.44;-14.05;20.77;-29.47;-15.14;-7.49;-74.50;-30.07;-68.11
23-05-2019;19:54:00;12.79;26.79;-116.30;-227.23;-26.92;-14.13;20.78;-29.39;-15.31;-7.86;-74.19;-29.96;-68.32
24-05-2019;03:55:00;11.15;26.59;-115.98;-226.02;-25.89;-14.48;19.92;-29.77;-15.67;-8.40;-74.76;-30.66;-68.49
24-05-2019;12:01:00;11.82;26.18;-115.39;-225.04;-26.31;-15.11;19.65;-30.76;-16.43;-7.85;-74.94;-30.74;-68.81
24-05-2019;19:58:00;12.50;26.78;-116.24;-227.08;-26.07;-13.98;20.69;-29.74;-15.46;-8.20;-74.32;-30.10;-68.34
25-05-2019;03:59:00;12.36;27.07;-116.57;-227.32;-26.76;-14.19;20.01;-29.96;-15.35;-7.75;-74.41;-30.21;-68.49
25-05-2019;12:01:00;13.12;27.09;-116.87;-227.46;-27.08;-13.72;20.79;-29.65;-15.06;-7.53;-74.29;-30.23;-68.25
25-05-2019;20:02:00;12.63;27.18;-116.94;-228.24;-26.84;-13.99;20.70;-30.19;-15.35;-7.72;-74.57;-30.18;-68.47
26-05-2019;04:03:00;13.09;27.18;-117.10;-228.30;-26.83;-13.77;21.05;-29.76;-15.14;-7.47;-74.53;-30.19;-68.24
26-05-2019;12:05:00;13.56;26.65;-116.92;-228.19;-26.66;-14.05;20.86;-30.49;-15.80;-7.66;-74.91;-30.06;-68.48
26-05-2019;19:59:00;12.68;27.07;-117.41;-227.82;-26.11;-13.99;21.11;-30.33;-15.30;-7.95;-75.01;-30.42;-68.64
27-05-2019;03:52:00;12.86;27.11;-117.40;-228.40;-26.43;-13.68;21.27;-30.09;-15.04;-7.80;-74.75;-30.19;-68.47
27-05-2019;11:54:00;13.62;26.77;-117.48;-228.69;-26.99;-14.00;21.15;-30.17;-15.36;-7.64;-74.82;-30.66;-68.67
27-05-2019;19:55:00;13.60;27.16;-117.60;-228.66;-26.91;-13.76;21.87;-29.83;-15.09;-7.56;-74.63;-30.85;-68.72
28-05-2019;03:57:00;13.65;27.26;-117.73;-229.76;-27.15;-13.59;22.30;-29.62;-14.93;-7.63;-74.62;-30.51;-68.72
28-05-2019;11:58:00;13.59;27.04;-117.74;-229.17;-26.90;-13.90;21.64;-29.86;-15.26;-7.78;-74.79;-30.63;-68.88
28-05-2019;20:00:00;12.81;27.20;-117.47;-229.57;-26.89;-14.05;21.23;-29.89;-15.34;-7.64;-75.21;-30.49;-69.05
29-05-2019;04:01:00;13.25;27.25;-117.72;-229.37;-27.10;-13.71;21.60;-29.46;-15.05;-7.86;-75.08;-30.27;-68.90
29-05-2019;12:03:00;13.00;27.30;-117.67;-229.16;-26.91;-13.99;21.28;-30.09;-15.25;-7.84;-75.50;-30.57;-69.27
29-05-2019;20:04:00;12.44;27.46;-117.53;-229.70;-27.02;-14.03;21.68;-30.23;-15.39;-8.04;-75.77;-30.68;-69.29
30-05-2019;04:06:00;12.35;27.43;-117.56;-229.54;-26.56;-14.23;21.44;-30.06;-15.57;-8.44;-75.76;-30.75;-68.97
30-05-2019;11:59:00;12.89;27.56;-117.77;-230.10;-27.16;-14.32;21.44;-30.13;-15.52;-7.70;-75.72;-30.40;-69.05
30-05-2019;19:53:00;13.01;27.92;-117.62;-230.41;-27.11;-13.70;21.34;-29.69;-15.20;-7.84;-75.98;-30.50;-68.89
31-05-2019;03:54:00;12.91;28.20;-117.99;-231.28;-27.17;-13.76;21.43;-29.64;-15.12;-7.93;-75.67;-30.51;-69.10
31-05-2019;11:56:00;12.83;28.28;-118.20;-231.82;-27.20;-13.73;21.30;-29.61;-15.10;-8.07;-75.90;-30.76;-69.42
31-05-2019;19:57:00;12.22;28.00;-118.05;-231.91;-26.33;-13.98;21.18;-29.91;-15.43;-8.59;-76.17;-31.03;-69.49
01-06-2019;03:59:00;12.43;28.04;-118.12;-232.41;-26.34;-14.08;20.94;-30.25;-15.75;-8.58;-75.87;-30.40;-69.03
01-06-2019;12:00:00;12.99;27.88;-118.10;-232.88;-27.18;-14.52;20.49;-30.12;-15.78;-7.76;-75.91;-30.50;-69.26
01-06-2019;20:02:00;12.84;28.29;-118.55;-232.42;-26.89;-14.42;20.12;-30.24;-15.58;-8.11;-76.43;-30.66;-69.15
02-06-2019;04:03:00;13.40;28.11;-118.46;-231.95;-26.86;-14.33;20.30;-30.16;-15.55;-8.08;-76.33;-30.39;-68.81
02-06-2019;12:05:00;11.94;27.64;-118.12;-231.51;-26.67;-14.88;19.94;-31.01;-16.27;-8.03;-76.81;-30.79;-69.22
02-06-2019;19:58:00;12.08;27.88;-118.86;-231.84;-26.12;-14.63;20.56;-30.52;-15.97;-8.78;-76.64;-30.68;-69.57
03-06-2019;03:52:00;12.99;27.99;-119.27;-232.53;-26.97;-14.14;20.33;-30.18;-15.60;-8.07;-76.65;-31.06;-69.38
03-06-2019;11:54:00;13.37;28.00;-119.64;-233.30;-27.28;-14.22;20.55;-30.13;-15.53;-7.87;-76.58;-30.81;-69.19
03-06-2019;19:55:00;13.65;28.03;-119.74;-234.10;-27.30;-13.99;21.00;-29.58;-15.23;-7.98;-76.23;-30.88;-68.95
04-06-2019;03:56:00;12.52;28.11;-119.72;-232.57;-26.54;-14.70;20.03;-30.61;-15.79;-8.59;-76.90;-31.19;-69.76
04-06-2019;11:58:00;13.58;27.95;-119.88;-234.24;-27.47;-14.48;20.36;-30.29;-15.49;-7.77;-76.78;-30.74;-69.46
04-06-2019;19:59:00;12.73;27.77;-119.93;-233.51;-26.78;-14.50;20.02;-30.35;-15.65;-8.52;-76.69;-31.27;-69.60
05-06-2019;04:01:00;12.62;27.78;-120.13;-233.64;-26.38;-14.55;19.90;-30.42;-15.72;-8.77;-76.89;-31.42;-69.65
05-06-2019;12:02:00;13.56;28.01;-120.28;-234.90;-27.21;-14.04;20.55;-29.91;-15.30;-8.17;-76.63;-30.99;-69.50
05-06-2019;19:56:00;12.55;27.90;-120.44;-234.87;-26.88;-14.45;20.30;-30.37;-15.59;-8.17;-76.81;-31.37;-69.58
06-06-2019;04:05:00;10.95;27.77;-120.34;-233.28;-26.22;-15.11;19.62;-30.93;-16.05;-9.35;-77.29;-31.80;-70.05
06-06-2019;11:59:00;12.83;27.88;-120.76;-234.51;-27.57;-14.65;20.54;-30.43;-15.91;-7.56;-77.01;-31.67;-69.75
06-06-2019;19:52:00;11.78;28.11;-120.50;-233.80;-26.25;-14.62;20.40;-30.51;-15.77;-8.71;-77.23;-31.59;-69.95
07-06-2019;03:54:00;12.10;28.27;-120.99;-235.33;-27.06;-14.33;21.13;-30.24;-15.37;-7.74;-77.04;-31.54;-69.69
07-06-2019;11:55:00;12.81;27.50;-120.14;-236.43;-27.42;-14.31;20.86;-30.82;-16.19;-7.27;-77.86;-31.60;-70.05
07-06-2019;19:57:00;11.69;27.95;-120.85;-235.82;-27.33;-13.97;20.94;-30.06;-15.42;-8.25;-77.09;-31.37;-69.59
08-06-2019;03:58:00;11.28;27.95;-121.09;-234.90;-26.79;-14.25;20.41;-30.52;-15.63;-8.30;-77.37;-31.64;-69.79
08-06-2019;12:00:00;11.41;27.97;-121.07;-234.96;-27.18;-14.55;19.97;-30.76;-15.92;-8.37;-77.69;-32.19;-70.05
08-06-2019;20:01:00;10.20;28.21;-121.37;-233.63;-26.02;-14.82;19.78;-31.22;-16.03;-8.91;-77.80;-32.04;-70.10
09-06-2019;04:03:00;10.67;28.08;-121.47;-234.22;-26.75;-14.54;19.96;-30.77;-15.87;-8.50;-77.82;-32.46;-70.00
09-06-2019;12:04:00;11.69;28.14;-121.76;-235.18;-27.44;-14.51;20.12;-30.61;-15.52;-7.75;-77.55;-32.02;-69.93
09-06-2019;20:05:00;11.20;28.49;-122.23;-235.92;-27.33;-14.06;20.95;-30.27;-15.18;-7.55;-77.61;-31.75;-70.11
10-06-2019;03:59:00;11.46;28.43;-122.25;-235.39;-27.53;-14.10;20.97;-30.36;-15.15;-7.60;-77.69;-31.65;-70.06
10-06-2019;11:53:00;11.85;28.21;-121.97;-235.50;-27.62;-14.12;20.87;-30.26;-15.37;-7.78;-77.52;-31.81;-69.96
10-06-2019;19:54:00;11.02;28.30;-122.33;-235.38;-27.18;-14.17;20.67;-30.24;-15.42;-8.27;-77.96;-32.29;-70.41
11-06-2019;03:56:00;11.05;28.33;-122.73;-235.24;-27.47;-14.07;20.89;-30.15;-15.40;-8.23;-77.95;-32.22;-70.33
11-06-2019;11:57:00;12.08;28.32;-122.84;-234.24;-28.01;-14.21;21.03;-30.32;-15.98;-6.84;-78.61;-32.92;-70.98
11-06-2019;19:59:00;12.45;28.48;-123.09;-237.35;-27.83;-13.63;21.47;-30.18;-15.19;-7.54;-78.16;-32.33;-70.34
12-06-2019;04:00:00;12.00;28.63;-123.14;-236.72;-27.96;-13.62;21.60;-30.10;-15.09;-7.62;-78.22;-32.20;-70.63
12-06-2019;12:01:00;11.67;28.61;-123.18;-237.51;-27.98;-13.57;21.44;-30.02;-15.14;-7.42;-78.31;-32.32;-70.78
12-06-2019;20:03:00;11.90;28.37;-123.41;-237.19;-27.80;-13.57;21.58;-30.01;-15.15;-8.00;-78.41;-32.18;-70.66
13-06-2019;04:04:00;10.93;28.62;-123.38;-237.22;-26.86;-13.88;21.42;-30.34;-15.41;-8.29;-78.58;-32.08;-71.11
13-06-2019;12:06:00;11.30;28.60;-123.37;-237.35;-28.34;-14.09;21.26;-30.28;-15.60;-7.18;-78.73;-32.09;-71.09
13-06-2019;20:07:00;10.84;28.83;-123.53;-237.78;-27.94;-13.79;21.14;-30.18;-15.31;-8.04;-78.74;-32.25;-71.19
14-06-2019;03:53:00;10.66;28.91;-124.16;-237.52;-27.73;-13.68;21.39;-30.03;-15.24;-8.03;-79.21;-32.62;-71.54
14-06-2019;11:55:00;11.70;28.98;-124.19;-237.39;-28.11;-13.74;21.49;-29.95;-15.17;-7.70;-79.36;-32.58;-71.55
14-06-2019;19:56:00;11.77;29.10;-124.37;-237.34;-27.29;-13.86;21.26;-30.08;-15.19;-8.55;-79.19;-32.30;-71.52
15-06-2019;03:57:00;11.14;28.97;-124.55;-236.84;-27.33;-13.86;21.27;-30.26;-15.30;-8.31;-79.52;-32.53;-71.83
15-06-2019;11:59:00;12.68;28.84;-124.37;-236.67;-28.33;-14.56;20.59;-30.97;-16.15;-7.46;-79.99;-32.71;-72.02
15-06-2019;20:00:00;12.95;28.84;-124.49;-237.02;-27.79;-13.92;21.15;-30.59;-15.52;-7.53;-79.19;-32.31;-71.62
16-06-2019;04:02:00;10.55;29.00;-124.51;-236.44;-26.26;-14.46;20.13;-31.32;-15.89;-8.82;-79.86;-32.98;-72.11
16-06-2019;12:03:00;9.12;28.36;-123.92;-233.98;-25.96;-15.29;18.57;-32.57;-16.69;-9.02;-80.69;-33.07;-72.56
16-06-2019;20:04:00;9.28;29.14;-124.91;-234.26;-26.58;-14.40;19.56;-31.56;-15.71;-8.77;-80.10;-32.92;-72.30
17-06-2019;04:06:00;10.22;29.25;-125.39;-234.83;-26.75;-14.32;19.59;-31.30;-15.45;-8.97;-79.97;-32.56;-72.02
17-06-2019;11:59:00;11.88;29.16;-125.42;-234.93;-27.83;-14.01;20.34;-30.92;-15.18;-8.02;-79.65;-32.56;-71.83
17-06-2019;19:53:00;11.17;29.21;-125.87;-235.49;-28.06;-13.76;20.81;-30.66;-15.06;-7.71;-79.60;-32.51;-71.85
18-06-2019;03:55:00;9.59;28.96;-125.44;-233.61;-27.02;-14.30;19.87;-30.99;-15.53;-8.79;-80.00;-32.80;-72.08
18-06-2019;11:56:00;10.48;28.88;-125.66;-234.01;-27.51;-14.07;20.28;-30.64;-15.49;-8.56;-79.74;-32.70;-72.01
18-06-2019;19:57:00;10.07;29.23;-125.91;-234.33;-27.65;-14.05;20.25;-30.76;-15.60;-8.42;-79.89;-33.18;-72.34
19-06-2019;03:59:00;10.58;29.51;-126.00;-235.30;-28.14;-13.78;20.77;-30.65;-15.33;-8.10;-79.95;-33.01;-72.27
19-06-2019;12:00:00;11.65;28.69;-125.55;-234.53;-28.24;-14.40;20.60;-31.25;-16.18;-7.40;-80.19;-33.15;-72.53
19-06-2019;20:02:00;10.09;29.36;-126.15;-235.19;-27.69;-14.00;20.54;-30.82;-15.86;-8.60;-80.46;-32.95;-72.58
20-06-2019;04:03:00;9.15;29.04;-126.36;-235.27;-27.83;-14.03;20.61;-31.02;-15.79;-8.22;-80.36;-32.85;-72.42
20-06-2019;12:04:00;9.93;28.74;-125.81;-234.86;-28.55;-14.05;20.76;-31.13;-15.93;-7.65;-80.68;-32.68;-72.45
20-06-2019;20:06:00;9.41;29.40;-126.98;-233.66;-27.72;-14.08;21.01;-30.88;-15.86;-8.02;-80.53;-33.30;-72.89
21-06-2019;04:00:00;9.65;29.02;-127.01;-233.32;-27.89;-13.85;21.06;-30.69;-15.68;-7.96;-80.64;-33.26;-72.59
21-06-2019;11:53:00;9.26;29.05;-127.23;-232.73;-27.73;-14.02;21.10;-30.86;-15.98;-7.60;-80.86;-33.39;-72.51
21-06-2019;19:55:00;8.92;29.02;-127.11;-232.68;-27.95;-13.63;21.20;-30.40;-15.58;-8.04;-80.51;-33.20;-72.47
22-06-2019;03:56:00;8.64;28.97;-127.23;-232.41;-27.92;-13.66;20.73;-30.46;-15.71;-8.09;-80.42;-33.23;-72.28
22-06-2019;11:58:00;8.89;28.97;-127.35;-232.64;-27.91;-13.60;21.01;-30.52;-15.58;-7.95;-80.47;-33.51;-72.34
22-06-2019;19:59:00;8.56;28.98;-127.88;-233.43;-27.22;-13.74;20.76;-30.98;-15.85;-8.07;-80.72;-33.38;-72.69
23-06-2019;04:01:00;8.31;29.04;-127.96;-233.67;-27.38;-13.64;21.07;-30.68;-15.67;-8.16;-80.69;-33.66;-72.48
23-06-2019;12:02:00;7.99;29.05;-128.13;-233.31;-27.19;-14.25;20.25;-31.45;-16.21;-8.22;-81.38;-33.93;-73.09
23-06-2019;20:03:00;7.60;28.87;-128.03;-233.02;-26.57;-14.12;20.22;-31.26;-16.18;-8.97;-81.11;-33.94;-72.81
24-06-2019;04:05:00;7.92;28.79;-128.30;-232.96;-26.93;-14.00;20.30;-30.96;-16.05;-8.41;-81.17;-34.19;-73.04
24-06-2019;11:59:00;8.58;28.21;-127.94;-231.33;-28.32;-14.58;20.25;-32.12;-17.31;-6.72;-82.48;-34.71;-73.75
24-06-2019;19:52:00;8.52;28.81;-128.21;-232.15;-26.90;-14.61;20.42;-31.79;-16.68;-9.70;-81.44;-33.96;-73.60
25-06-2019;03:54:00;8.57;28.68;-128.42;-231.95;-26.69;-14.76;20.36;-31.47;-16.64;-9.97;-81.51;-33.59;-73.39
25-06-2019;08:49:00;8.70;28.07;-128.04;-232.65;-26.56;-15.51;19.63;-32.35;-17.49;-8.98;-82.26;-34.06;-74.03
16-07-2019;15:12:00;8.29;29.10;-126.29;-232.79;-28.66;-15.16;20.31;-32.70;-15.81;-9.35;-84.89;-34.91;-75.42
16-07-2019;20:02:00;6.66;29.82;-126.96;-232.58;-28.31;-15.35;19.83;-32.68;-15.64;-9.88;-85.87;-35.78;-76.41
17-07-2019;04:04:00;5.57;30.07;-126.81;-232.70;-28.45;-15.49;19.87;-32.83;-15.79;-9.89;-86.35;-36.20;-76.91
17-07-2019;11:58:00;6.00;30.34;-126.17;-234.82;-29.26;-15.60;20.14;-33.10;-17.09;-8.64;-87.02;-36.63;-77.20
17-07-2019;19:53:00;5.99;29.83;-126.79;-233.40;-28.32;-15.62;20.26;-32.64;-15.99;-10.02;-85.97;-36.16;-76.62
18-07-2019;03:55:00;4.79;30.11;-126.73;-232.81;-27.58;-15.97;20.21;-32.62;-16.02;-10.40;-86.91;-36.59;-77.02
18-07-2019;11:58:00;5.52;30.10;-126.79;-233.17;-27.52;-16.60;19.76;-33.88;-16.58;-9.95;-86.74;-36.85;-76.91
18-07-2019;20:00:00;6.85;29.85;-127.17;-232.74;-28.48;-15.76;20.03;-33.00;-15.89;-9.45;-86.43;-36.48;-76.84
19-07-2019;04:02:00;6.13;29.53;-127.00;-233.40;-27.60;-16.14;19.52;-33.08;-16.26;-10.81;-87.23;-36.80;-77.10
19-07-2019;12:05:00;5.93;29.36;-125.94;-234.69;-28.11;-16.74;18.62;-34.38;-17.80;-8.79;-88.04;-37.30;-77.32
19-07-2019;19:56:00;4.83;29.65;-126.65;-235.20;-27.56;-16.52;19.27;-33.35;-16.51;-10.88;-87.11;-37.04;-77.24
20-07-2019;03:54:00;5.54;29.73;-126.74;-236.04;-28.21;-15.81;20.16;-32.48;-15.91;-9.91;-86.81;-36.49;-77.12
20-07-2019;11:56:00;6.55;29.28;-126.74;-235.94;-28.12;-16.14;19.60;-32.75;-16.38;-9.66;-86.86;-36.63;-76.98
20-07-2019;19:59:00;5.68;29.31;-126.77;-234.50;-27.39;-16.16;19.32;-32.28;-16.40;-11.10;-86.88;-36.32;-76.65
21-07-2019;04:01:00;5.05;29.10;-126.56;-233.81;-27.28;-16.39;18.97;-33.17;-16.64;-10.90;-87.76;-36.74;-77.45
21-07-2019;12:03:00;5.86;29.59;-126.53;-235.16;-28.94;-16.25;19.20;-32.87;-16.35;-9.01;-87.36;-36.52;-77.16
21-07-2019;19:58:00;7.15;29.70;-126.81;-235.33;-29.36;-15.64;19.62;-32.18;-15.67;-9.17;-86.68;-36.20;-76.99
22-07-2019;03:46:00;6.25;29.15;-126.33;-234.52;-28.47;-15.58;19.40;-32.53;-15.86;-9.92;-86.84;-36.01;-77.10
22-07-2019;11:55:00;6.71;28.62;-126.52;-234.12;-29.11;-16.19;19.05;-32.91;-16.83;-9.23;-87.45;-36.44;-77.62
22-07-2019;19:57:00;5.15;28.75;-127.30;-235.02;-28.14;-16.24;19.10;-32.70;-16.12;-10.38;-87.43;-36.28;-76.60
23-07-2019;04:00:00;6.11;29.71;-129.24;-233.45;-27.03;-15.75;19.76;-32.47;-16.74;-9.95;-89.48;-38.34;-78.93
23-07-2019;12:05:00;7.09;29.76;-129.14;-233.51;-28.69;-15.51;19.91;-32.03;-16.83;-8.07;-89.31;-38.13;-78.83
23-07-2019;20:04:00;6.25;29.69;-128.99;-234.50;-28.32;-15.13;20.78;-31.63;-16.05;-9.08;-88.98;-37.40;-78.67
24-07-2019;03:59:00;7.20;30.73;-131.17;-234.79;-26.92;-14.08;21.70;-31.58;-16.32;-9.66;-91.13;-39.36;-80.62
24-07-2019;11:53:00;7.43;29.90;-130.74;-235.13;-27.54;-14.93;20.64;-32.50;-17.27;-7.91;-91.03;-39.43;-80.37
24-07-2019;19:55:00;6.86;30.46;-130.88;-234.99;-26.29;-14.55;21.74;-32.71;-17.06;-10.21;-90.58;-38.96;-80.09
25-07-2019;03:58:00;8.09;30.61;-131.12;-235.89;-27.11;-14.00;22.71;-31.77;-16.13;-9.07;-90.31;-38.58;-79.69
25-07-2019;12:00:00;8.34;30.63;-131.08;-236.30;-27.65;-14.86;22.25;-32.56;-16.75;-8.43;-90.61;-38.95;-79.94
25-07-2019;20:03:00;7.09;30.40;-131.12;-235.60;-27.21;-14.51;22.32;-32.45;-16.57;-9.41;-90.36;-38.71;-79.89
26-07-2019;04:05:00;7.65;30.38;-131.31;-235.88;-27.02;-14.47;22.66;-32.14;-16.05;-9.37;-90.42;-38.75;-79.70
26-07-2019;12:01:00;8.28;30.15;-130.58;-234.98;-27.86;-15.33;21.56;-33.40;-17.30;-8.75;-90.78;-39.33;-80.21
26-07-2019;19:54:00;8.86;30.55;-131.54;-235.34;-27.39;-14.30;22.81;-32.00;-16.47;-9.36;-89.84;-38.77;-79.65
27-07-2019;03:57:00;7.94;30.47;-132.01;-233.90;-26.34;-14.48;22.23;-32.29;-16.43;-9.87;-90.19;-39.11;-79.88
27-07-2019;11:58:00;8.67;30.25;-131.79;-234.01;-27.45;-14.63;22.51;-32.72;-16.97;-8.55;-89.82;-39.01;-79.84
27-07-2019;20:01:00;8.98;30.45;-132.31;-234.55;-28.40;-13.84;23.22;-31.34;-15.97;-8.33;-89.43;-38.61;-79.37
28-07-2019;04:04:00;8.35;30.53;-132.19;-235.53;-27.22;-13.97;23.10;-31.70;-16.06;-9.06;-90.08;-38.78;-79.71
28-07-2019;11:58:00;9.29;30.70;-131.87;-235.12;-28.25;-14.66;22.45;-32.34;-16.93;-7.58;-90.29;-39.17;-80.17
28-07-2019;19:47:00;9.24;30.70;-132.01;-235.51;-27.59;-14.11;23.30;-31.56;-16.26;-8.61;-89.36;-38.12;-79.44
29-07-2019;03:55:00;8.13;30.69;-132.17;-233.80;-26.46;-14.61;23.05;-32.27;-16.65;-10.06;-90.06;-38.81;-79.55
29-07-2019;11:57:00;9.91;30.94;-132.17;-234.63;-27.97;-14.14;23.95;-31.71;-16.55;-8.35;-89.19;-38.12;-79.10
29-07-2019;19:59:00;7.47;31.04;-132.34;-234.37;-26.26;-14.72;22.86;-32.52;-16.78;-10.39;-89.96;-38.65;-79.58
30-07-2019;04:02:00;7.76;30.91;-132.25;-235.31;-26.65;-14.12;23.22;-32.15;-16.35;-9.88;-89.68;-38.52;-79.33
30-07-2019;12:04:00;10.41;30.78;-132.50;-235.97;-28.63;-14.07;23.71;-31.79;-16.74;-8.02;-89.41;-38.22;-79.68
30-07-2019;19:59:00;10.19;30.98;-132.35;-234.72;-27.70;-13.88;23.42;-31.77;-16.43;-9.22;-89.07;-37.14;-79.42
31-07-2019;03:53:00;9.69;30.82;-132.40;-235.12;-27.89;-13.86;23.60;-31.61;-16.27;-9.17;-89.25;-37.03;-79.48
31-07-2019;11:56:00;9.54;30.66;-132.21;-234.38;-28.08;-14.62;22.96;-32.31;-16.71;-8.37;-89.89;-37.75;-79.71
31-07-2019;19:58:00;8.22;30.83;-132.32;-234.13;-27.04;-14.29;22.95;-32.63;-16.24;-9.65;-89.60;-37.69;-79.59
01-08-2019;04:00:00;8.62;30.81;-132.40;-234.81;-27.31;-13.82;23.48;-31.98;-15.73;-9.47;-89.39;-37.70;-79.40
01-08-2019;12:03:00;9.96;30.43;-132.45;-236.11;-29.00;-14.06;23.00;-31.98;-16.25;-8.07;-88.59;-37.09;-79.12
01-08-2019;20:05:00;8.05;30.86;-132.56;-235.81;-28.10;-13.85;22.90;-31.83;-15.73;-8.92;-89.51;-37.57;-79.63
02-08-2019;04:00:00;8.88;31.07;-132.58;-236.43;-28.25;-13.61;23.12;-31.69;-15.66;-8.77;-89.52;-37.48;-79.43
02-08-2019;11:54:00;9.22;30.28;-132.62;-234.63;-29.00;-13.86;23.11;-32.59;-16.96;-7.25;-90.48;-38.18;-80.41
02-08-2019;19:56:00;8.13;30.94;-132.86;-235.27;-27.75;-14.23;22.36;-33.10;-16.71;-8.99;-90.52;-38.00;-80.29
03-08-2019;03:59:00;8.33;30.47;-132.88;-235.39;-28.05;-14.19;22.76;-33.01;-16.37;-9.27;-89.83;-37.60;-79.62
03-08-2019;11:56:00;9.69;30.08;-132.44;-234.44;-29.71;-13.89;22.90;-33.28;-17.00;-8.21;-89.73;-37.69;-79.99
03-08-2019;20:03:00;9.14;30.48;-133.10;-235.51;-27.70;-14.60;22.33;-33.12;-16.63;-9.75;-90.20;-38.05;-80.42
04-08-2019;04:04:00;11.19;30.59;-133.07;-236.19;-28.25;-14.11;22.90;-32.73;-15.95;-9.53;-89.94;-37.82;-79.94
04-08-2019;11:53:00;12.79;30.80;-133.44;-234.95;-29.16;-13.57;23.90;-32.32;-16.44;-8.80;-90.28;-38.51;-80.61
04-08-2019;19:55:00;12.05;30.77;-133.47;-235.46;-28.70;-13.81;23.15;-32.39;-16.12;-9.49;-89.79;-37.97;-80.23
05-08-2019;03:57:00;12.44;30.59;-133.39;-234.71;-28.72;-14.20;22.64;-32.84;-16.23;-9.85;-89.95;-37.83;-80.16
05-08-2019;12:00:00;13.74;30.14;-132.78;-234.40;-29.17;-14.20;23.10;-33.09;-16.85;-8.84;-90.22;-38.36;-80.44
05-08-2019;20:02:00;13.88;29.87;-133.44;-233.61;-27.63;-14.43;22.69;-32.85;-16.52;-10.35;-90.59;-37.85;-80.45
06-08-2019;04:04:00;14.33;30.45;-133.45;-234.66;-28.26;-14.09;23.12;-32.37;-15.90;-9.75;-90.05;-38.26;-80.49
06-08-2019;11:59:00;15.58;30.14;-133.48;-233.48;-29.24;-13.91;23.71;-33.12;-17.00;-8.13;-91.40;-38.93;-81.75
06-08-2019;19:53:00;14.82;30.43;-134.26;-234.01;-27.82;-13.94;23.73;-32.76;-16.47;-9.34;-91.16;-38.69;-81.01
07-08-2019;03:56:00;13.75;30.29;-133.83;-234.64;-27.82;-14.76;22.81;-33.17;-16.40;-9.57;-91.40;-38.51;-80.76
07-08-2019;11:58:00;13.94;30.51;-134.59;-233.19;-29.80;-14.98;22.71;-33.15;-16.56;-7.64;-91.57;-38.82;-81.37
07-08-2019;20:00:00;10.36;30.54;-134.19;-234.76;-28.20;-14.31;23.19;-32.31;-15.90;-9.82;-91.03;-38.01;-80.48
08-08-2019;04:03:00;11.05;30.85;-134.47;-235.05;-28.80;-13.83;23.68;-31.81;-15.94;-9.22;-90.87;-38.19;-80.53
08-08-2019;12:05:00;14.29;30.39;-134.63;-234.21;-29.34;-13.81;24.16;-32.08;-16.77;-7.88;-91.21;-38.30;-80.85
08-08-2019;20:00:00;11.51;30.89;-134.79;-234.49;-29.04;-14.00;24.25;-32.27;-16.42;-9.49;-90.97;-38.43;-80.91
09-08-2019;03:54:00;11.77;30.38;-134.36;-234.39;-29.91;-14.10;24.31;-31.89;-16.13;-9.07;-90.06;-37.81;-79.95
09-08-2019;11:56:00;11.40;29.86;-134.00;-232.64;-30.57;-14.29;24.15;-32.44;-17.01;-8.28;-91.17;-38.59;-80.66
09-08-2019;19:59:00;11.91;30.18;-134.31;-232.59;-30.22;-14.07;23.80;-32.02;-16.59;-9.57;-90.97;-38.85;-81.00
10-08-2019;04:01:00;12.73;30.39;-134.70;-233.24;-29.80;-14.39;23.58;-32.43;-16.31;-9.42;-90.55;-38.98;-80.80
10-08-2019;12:03:00;12.63;30.29;-134.66;-233.19;-30.17;-14.54;23.66;-33.17;-16.57;-9.30;-90.68;-39.04;-80.98
10-08-2019;19:58:00;11.57;30.08;-134.76;-231.85;-28.92;-14.95;22.90;-33.43;-17.04;-10.36;-91.10;-39.30;-81.20
11-08-2019;03:53:00;10.48;29.87;-134.71;-231.59;-28.61;-15.08;22.81;-33.46;-17.06;-10.61;-91.47;-39.53;-81.52
11-08-2019;11:55:00;11.19;29.77;-134.97;-230.78;-28.57;-15.93;22.01;-34.61;-17.89;-9.66;-91.76;-39.90;-81.80
11-08-2019;19:57:00;11.07;30.10;-135.29;-231.41;-28.09;-15.31;22.30;-33.67;-17.26;-10.51;-91.58;-39.80;-81.72
12-08-2019;04:00:00;11.34;29.89;-135.02;-231.37;-28.43;-15.18;22.82;-33.36;-17.22;-10.56;-91.58;-39.82;-81.61
12-08-2019;12:02:00;12.01;29.72;-134.78;-232.32;-29.68;-14.91;23.20;-33.60;-17.65;-9.35;-91.44;-39.25;-81.30
12-08-2019;20:04:00;9.81;30.45;-135.40;-232.06;-28.11;-15.03;23.17;-33.82;-17.08;-10.20;-91.45;-39.51;-80.89
13-08-2019;03:59:00;11.19;30.98;-135.36;-233.15;-29.44;-14.84;23.33;-33.62;-16.72;-8.75;-91.42;-39.64;-81.26
13-08-2019;11:53:00;10.78;29.82;-134.34;-231.95;-30.01;-15.01;22.83;-33.91;-17.18;-9.41;-91.19;-38.90;-80.93
13-08-2019;19:56:00;10.04;30.36;-134.86;-231.84;-29.48;-14.76;23.23;-33.24;-16.68;-10.02;-91.68;-39.55;-81.76
14-08-2019;03:58:00;8.90;30.24;-134.84;-230.50;-27.93;-15.26;22.60;-33.67;-17.08;-10.66;-92.48;-40.23;-82.37
14-08-2019;12:01:00;11.10;30.31;-134.74;-231.66;-29.84;-15.30;22.81;-33.95;-17.18;-8.76;-92.35;-40.00;-82.30
14-08-2019;20:03:00;11.99;30.64;-135.14;-231.39;-29.44;-14.74;23.71;-33.40;-16.72;-9.58;-91.50;-39.34;-81.56
15-08-2019;04:06:00;10.97;30.61;-135.20;-231.62;-28.97;-14.22;24.19;-32.62;-16.18;-9.99;-91.78;-39.65;-81.88
15-08-2019;12:00:00;9.81;29.99;-134.42;-231.26;-28.82;-15.67;22.70;-34.10;-18.03;-9.40;-93.00;-40.57;-82.74
15-08-2019;19:56:00;11.45;30.34;-135.31;-232.16;-29.97;-14.71;24.03;-32.62;-16.78;-9.58;-92.01;-39.95;-81.95
16-08-2019;03:57:00;10.16;30.21;-135.36;-230.68;-28.53;-15.30;23.50;-33.46;-16.79;-10.55;-92.45;-40.09;-81.73
16-08-2019;11:59:00;8.71;30.53;-134.63;-231.89;-29.36;-16.00;22.55;-34.79;-17.76;-9.61;-93.41;-40.70;-82.19
16-08-2019;20:02:00;9.45;30.53;-135.30;-233.49;-27.90;-15.35;23.53;-33.78;-17.25;-11.29;-92.95;-40.52;-81.53
17-08-2019;04:04:00;10.48;30.52;-135.38;-234.30;-28.26;-15.27;23.68;-33.77;-17.28;-10.74;-92.90;-40.37;-81.73
17-08-2019;11:59:00;10.25;30.33;-135.79;-234.77;-28.78;-15.49;23.40;-34.15;-17.21;-10.28;-92.79;-40.28;-81.40
17-08-2019;19:53:00;11.59;30.72;-135.28;-234.98;-28.62;-15.05;24.23;-33.57;-16.76;-10.29;-92.21;-40.17;-81.50
18-08-2019;03:54:00;11.74;30.76;-135.34;-236.08;-28.81;-14.98;24.52;-33.29;-16.50;-10.10;-92.04;-40.10;-81.36
18-08-2019;12:03:00;11.69;30.86;-134.89;-236.65;-29.29;-15.44;24.16;-34.16;-16.96;-9.75;-92.58;-40.30;-82.08
18-08-2019;20:00:00;11.93;31.17;-135.33;-236.30;-29.14;-14.91;24.64;-33.49;-16.47;-10.05;-92.44;-40.30;-81.59
19-08-2019;04:03:00;12.19;31.08;-135.26;-236.53;-29.40;-14.63;24.81;-33.27;-16.35;-9.92;-92.19;-40.15;-81.48
19-08-2019;11:57:00;11.12;30.93;-135.51;-235.74;-28.06;-15.57;23.83;-34.44;-17.00;-10.47;-92.66;-40.44;-81.60
19-08-2019;20:10:00;11.78;31.53;-135.81;-235.77;-28.07;-15.12;24.41;-34.02;-16.60;-10.37;-92.76;-40.26;-81.60
20-08-2019;04:05:00;11.22;31.29;-135.97;-235.51;-27.74;-15.30;24.12;-34.33;-16.68;-10.60;-92.82;-40.34;-81.62
20-08-2019;11:59:00;12.46;31.60;-136.11;-235.99;-28.07;-15.24;24.02;-33.85;-16.62;-9.77;-92.72;-40.48;-81.83
20-08-2019;19:54:00;13.42;31.09;-135.84;-237.03;-28.56;-14.80;24.64;-33.28;-16.26;-9.49;-92.00;-39.87;-81.22
21-08-2019;03:50:00;13.23;31.37;-135.95;-237.39;-28.34;-14.87;24.84;-33.32;-16.29;-9.72;-92.50;-40.28;-81.66
21-08-2019;12:06:00;13.72;31.37;-135.78;-238.38;-28.96;-14.82;25.26;-33.67;-16.41;-9.21;-92.57;-40.18;-81.63
21-08-2019;20:01:00;12.31;31.25;-135.63;-236.57;-27.88;-14.96;24.76;-33.96;-16.61;-10.27;-92.82;-40.55;-81.87
22-08-2019;04:04:00;13.03;30.97;-135.53;-236.95;-27.78;-14.95;24.83;-33.65;-16.65;-10.25;-92.78;-40.32;-81.65
22-08-2019;11:58:00;11.57;30.89;-135.75;-236.73;-27.56;-15.68;23.70;-34.60;-17.25;-10.09;-93.27;-40.75;-81.44
22-08-2019;19:53:00;12.27;31.15;-136.16;-237.30;-27.70;-14.83;24.54;-33.50;-16.56;-10.30;-92.47;-40.10;-80.97
23-08-2019;03:55:00;11.62;31.10;-136.34;-236.79;-28.00;-14.88;24.33;-33.78;-16.51;-10.36;-92.81;-40.10;-81.06
23-08-2019;11:58:00;13.37;31.58;-136.34;-238.97;-29.26;-14.29;25.72;-32.86;-15.93;-9.42;-92.35;-39.83;-81.39
23-08-2019;20:00:00;12.45;31.31;-136.28;-237.95;-28.22;-14.73;24.71;-33.63;-16.40;-10.34;-92.99;-40.36;-81.85
24-08-2019;04:03:00;12.14;31.19;-136.64;-237.72;-28.11;-14.64;24.75;-33.51;-16.25;-9.96;-93.05;-39.98;-81.75
24-08-2019;12:05:00;10.89;30.70;-135.80;-235.92;-27.47;-15.68;24.51;-34.81;-17.37;-10.38;-93.86;-40.65;-82.25
24-08-2019;20:00:00;11.68;31.06;-136.39;-236.09;-27.71;-15.72;24.85;-34.76;-17.23;-11.10;-93.72;-40.81;-82.24
25-08-2019;03:54:00;11.76;31.27;-136.46;-237.17;-28.14;-15.15;25.60;-34.20;-16.80;-10.67;-93.67;-40.85;-82.67
25-08-2019;11:57:00;12.37;31.29;-136.63;-238.23;-28.81;-14.99;25.99;-34.12;-16.64;-10.37;-93.19;-40.61;-82.43
25-08-2019;19:59:00;13.07;31.54;-136.74;-238.65;-29.23;-14.63;26.97;-33.78;-16.29;-10.00;-92.65;-40.29;-81.88
26-08-2019;04:01:00;11.44;31.35;-136.70;-237.96;-28.45;-15.06;25.98;-33.84;-16.62;-10.47;-93.41;-40.66;-82.41
26-08-2019;12:08:00;11.46;31.25;-136.85;-237.37;-29.00;-16.19;25.16;-35.32;-17.79;-9.76;-93.99;-41.07;-82.80
26-08-2019;19:58:00;11.39;31.21;-136.67;-238.13;-29.19;-15.50;25.71;-34.75;-17.29;-10.96;-93.65;-41.07;-82.34
27-08-2019;03:53:00;10.99;31.24;-136.41;-237.17;-28.47;-15.60;25.28;-35.02;-17.25;-11.26;-93.93;-41.03;-82.56
27-08-2019;11:50:00;11.00;30.87;-136.29;-235.59;-28.81;-17.38;24.08;-36.85;-19.05;-10.04;-94.52;-41.72;-83.52
27-08-2019;19:57:00;11.06;31.09;-136.63;-238.28;-29.31;-16.38;25.51;-35.33;-17.50;-10.75;-94.41;-42.03;-83.35
28-08-2019;04:00:00;11.02;31.10;-136.80;-238.96;-29.21;-15.61;26.09;-34.77;-17.00;-10.72;-94.09;-41.43;-82.75
28-08-2019;12:02:00;12.11;30.89;-136.80;-238.40;-29.69;-15.92;26.20;-35.18;-17.35;-10.34;-94.21;-41.80;-82.91
28-08-2019;20:04:00;13.11;30.99;-136.98;-238.40;-29.86;-15.50;26.24;-34.36;-16.79;-10.31;-93.58;-41.06;-82.66
29-08-2019;03:59:00;13.40;31.36;-137.13;-237.64;-28.20;-16.25;24.83;-34.59;-17.07;-11.30;-94.25;-40.96;-82.52
29-08-2019;11:54:00;15.60;31.14;-136.95;-240.54;-30.26;-15.40;26.18;-33.31;-16.37;-9.51;-92.94;-40.27;-81.48
29-08-2019;19:56:00;14.87;31.57;-137.11;-240.39;-30.35;-15.12;26.17;-33.15;-16.12;-10.03;-93.22;-40.41;-81.96
30-08-2019;03:58:00;14.39;31.17;-137.12;-239.38;-29.41;-15.46;25.83;-33.50;-16.38;-10.50;-93.47;-40.64;-81.78
30-08-2019;12:01:00;13.74;31.19;-137.69;-238.32;-28.85;-16.05;25.44;-34.14;-16.69;-10.53;-93.80;-40.81;-82.04
30-08-2019;20:03:00;13.02;31.32;-137.34;-238.28;-28.72;-15.81;25.36;-33.94;-16.63;-11.16;-94.05;-41.14;-81.93
31-08-2019;04:05:00;13.13;31.18;-137.27;-238.03;-29.14;-16.02;24.92;-34.33;-16.64;-11.38;-94.40;-41.34;-82.47
31-08-2019;12:00:00;14.70;31.10;-137.47;-240.07;-30.24;-15.61;26.41;-33.44;-15.95;-9.94;-93.54;-40.55;-82.21
31-08-2019;19:55:00;14.73;31.04;-137.69;-240.26;-30.10;-15.25;27.10;-33.26;-15.69;-10.16;-92.97;-40.56;-82.09
01-09-2019;03:57:00;15.17;31.05;-137.84;-240.29;-30.66;-15.31;26.78;-33.50;-15.79;-9.65;-93.07;-40.45;-81.50
01-09-2019;11:59:00;15.19;30.95;-137.76;-240.34;-30.95;-15.41;27.15;-33.55;-15.84;-9.44;-93.43;-40.38;-81.90
01-09-2019;20:02:00;14.18;31.07;-137.72;-239.22;-30.16;-15.72;26.80;-33.97;-16.09;-10.17;-93.52;-40.54;-81.94
02-09-2019;04:04:00;13.13;30.67;-137.35;-238.98;-29.63;-15.71;27.07;-33.73;-16.09;-10.53;-93.07;-40.32;-81.55
02-09-2019;11:59:00;14.64;30.57;-137.39;-240.29;-31.32;-15.53;27.41;-33.75;-16.08;-9.71;-92.81;-40.38;-81.61
02-09-2019;19:53:00;14.41;30.94;-137.85;-239.79;-31.14;-15.26;27.62;-33.47;-15.94;-10.33;-92.98;-40.76;-81.91
03-09-2019;03:56:00;13.66;30.60;-137.53;-239.31;-30.11;-15.55;27.18;-34.17;-16.33;-10.48;-93.35;-40.80;-81.66
03-09-2019;11:58:00;14.53;30.51;-137.46;-240.74;-30.54;-15.18;28.08;-33.97;-16.78;-9.65;-93.19;-40.80;-81.65
03-09-2019;20:00:00;13.86;31.06;-137.93;-240.47;-30.44;-15.08;27.84;-33.26;-15.83;-10.42;-92.78;-40.64;-81.42
04-09-2019;04:07:00;12.30;31.23;-138.14;-239.70;-29.96;-15.57;27.10;-34.18;-16.26;-10.68;-93.70;-41.48;-82.18
04-09-2019;12:06:00;14.42;31.34;-138.77;-238.11;-30.30;-15.34;27.78;-34.19;-16.59;-10.11;-94.07;-41.46;-82.47
04-09-2019;19:55:00;13.59;31.22;-138.36;-238.79;-30.32;-15.43;27.35;-34.14;-16.28;-10.34;-93.21;-40.77;-81.92
05-09-2019;03:57:00;13.01;31.40;-138.17;-237.33;-29.66;-16.42;26.37;-35.05;-16.84;-10.88;-93.74;-40.92;-82.70
05-09-2019;11:59:00;13.53;31.36;-138.50;-236.51;-30.51;-16.02;26.81;-34.77;-17.18;-9.87;-94.44;-41.34;-83.25
05-09-2019;20:02:00;13.72;31.17;-138.71;-238.51;-31.14;-15.55;27.54;-33.93;-16.34;-10.09;-93.25;-40.62;-82.49
06-09-2019;04:04:00;14.35;31.09;-138.66;-238.55;-31.48;-15.42;27.86;-33.71;-16.14;-9.97;-93.18;-40.53;-82.43
06-09-2019;11:59:00;13.39;30.77;-138.31;-238.45;-31.55;-15.27;27.91;-34.04;-16.44;-9.67;-93.48;-40.64;-82.39
06-09-2019;19:53:00;12.22;30.90;-138.49;-237.41;-30.62;-15.54;27.32;-34.55;-16.36;-10.29;-93.84;-40.94;-82.71
07-09-2019;04:00:00;12.67;30.98;-138.83;-237.19;-30.37;-15.62;27.39;-34.48;-16.39;-10.45;-93.95;-40.97;-82.88
07-09-2019;11:58:00;12.45;30.00;-137.88;-236.63;-30.71;-15.99;27.00;-35.40;-17.31;-10.80;-94.22;-41.24;-83.36
07-09-2019;20:01:00;12.23;31.14;-138.87;-236.89;-30.43;-15.99;27.20;-34.78;-16.47;-11.21;-94.16;-41.61;-83.21
08-09-2019;04:03:00;11.89;31.23;-139.19;-236.64;-30.54;-15.92;27.46;-34.92;-16.50;-11.21;-94.35;-41.75;-83.23
08-09-2019;12:05:00;13.09;30.64;-138.77;-235.58;-30.65;-16.36;26.62;-35.82;-18.04;-10.01;-94.89;-41.90;-83.65
08-09-2019;20:00:00;12.55;30.84;-139.38;-237.35;-30.51;-16.04;26.85;-34.31;-16.95;-10.57;-94.50;-41.81;-83.32
09-09-2019;03:54:00;12.39;31.14;-139.67;-237.32;-30.19;-16.16;26.79;-34.36;-16.94;-10.98;-94.31;-41.74;-82.85
09-09-2019;11:57:00;12.75;30.83;-139.64;-237.18;-30.13;-16.74;26.35;-35.03;-17.63;-10.07;-94.68;-42.07;-83.55
09-09-2019;19:59:00;12.05;31.27;-139.94;-237.64;-29.87;-16.19;26.76;-34.58;-16.92;-11.27;-94.79;-42.07;-83.46
10-09-2019;04:02:00;12.33;31.23;-140.06;-237.59;-30.31;-16.07;26.61;-33.95;-16.74;-10.90;-94.74;-41.65;-83.08
10-09-2019;12:10:00;12.90;30.90;-139.70;-237.49;-31.58;-16.48;26.75;-34.13;-17.11;-8.15;-94.76;-41.26;-82.61
10-09-2019;19:59:00;11.86;31.13;-140.29;-237.33;-30.65;-16.24;27.36;-33.70;-16.91;-10.98;-94.73;-41.61;-83.05
11-09-2019;03:53:00;12.67;31.26;-140.57;-238.49;-30.41;-16.19;27.73;-33.86;-16.74;-10.70;-94.76;-41.77;-83.19
11-09-2019;11:56:00;12.55;31.13;-140.80;-238.49;-31.05;-16.22;27.23;-33.90;-16.72;-10.49;-94.54;-41.37;-82.80
11-09-2019;19:58:00;13.82;31.42;-140.83;-239.62;-31.30;-15.78;28.40;-33.37;-16.32;-9.84;-94.16;-41.25;-82.03
12-09-2019;04:00:00;13.88;31.53;-140.84;-239.94;-31.18;-15.48;28.75;-33.18;-16.14;-9.92;-94.22;-41.29;-82.18
12-09-2019;12:03:00;13.92;31.51;-140.98;-240.01;-31.50;-15.61;28.42;-33.69;-16.31;-9.76;-94.39;-41.27;-81.99
12-09-2019;20:05:00;12.86;31.43;-141.01;-238.90;-31.02;-15.97;28.23;-33.73;-16.71;-10.33;-95.28;-41.75;-82.69
13-09-2019;03:53:00;13.17;31.55;-140.46;-239.93;-29.79;-15.53;29.24;-33.57;-17.30;-10.19;-93.97;-40.85;-81.88
13-09-2019;11:48:00;13.94;31.44;-141.52;-239.69;-31.10;-15.71;28.30;-33.37;-16.38;-9.77;-94.89;-41.66;-82.74
13-09-2019;19:57:00;13.49;31.41;-141.65;-239.27;-31.07;-15.52;28.59;-33.53;-16.45;-9.87;-94.83;-41.64;-82.76
14-09-2019;03:59:00;13.89;31.42;-141.58;-239.73;-30.93;-15.48;28.61;-33.82;-16.32;-10.27;-94.82;-41.56;-82.55
14-09-2019;12:02:00;13.06;31.54;-141.65;-239.13;-30.61;-15.95;27.98;-34.43;-16.68;-10.57;-95.34;-42.06;-83.02
14-09-2019;20:04:00;12.48;31.54;-141.54;-238.63;-30.86;-16.32;27.87;-34.05;-16.81;-10.67;-95.77;-42.23;-83.18
15-09-2019;03:59:00;14.47;31.16;-141.79;-239.54;-31.55;-15.75;28.74;-33.41;-16.46;-10.11;-95.01;-41.72;-82.31
15-09-2019;11:53:00;14.44;31.02;-141.95;-239.69;-31.49;-15.91;28.05;-33.69;-16.59;-9.79;-95.57;-41.64;-82.41
15-09-2019;19:56:00;14.72;31.29;-142.15;-239.66;-31.73;-15.71;28.48;-33.34;-16.37;-9.68;-95.41;-41.57;-82.58
16-09-2019;04:00:00;13.99;31.49;-142.39;-239.21;-31.65;-15.73;29.01;-33.41;-16.48;-10.46;-95.87;-41.68;-83.03
16-09-2019;12:01:00;13.41;31.47;-142.64;-240.34;-31.77;-15.59;28.84;-33.67;-16.53;-10.42;-96.06;-41.85;-83.29
16-09-2019;20:03:00;12.78;31.30;-142.73;-239.69;-31.12;-15.95;28.59;-34.34;-16.99;-10.69;-96.44;-42.26;-83.62
17-09-2019;04:13:00;13.08;31.31;-142.72;-239.65;-31.27;-15.79;28.76;-34.18;-16.86;-10.60;-96.51;-42.11;-83.75
17-09-2019;12:00:00;14.46;31.18;-142.63;-239.88;-31.75;-15.62;28.85;-33.88;-16.84;-10.03;-96.32;-42.16;-83.52
17-09-2019;19:55:00;13.46;31.43;-142.97;-239.66;-31.41;-15.57;29.07;-33.88;-16.78;-10.78;-96.37;-42.30;-83.68
18-09-2019;03:50:00;12.96;31.63;-143.42;-239.78;-31.10;-15.71;28.54;-34.13;-16.82;-11.28;-96.75;-42.45;-83.88
18-09-2019;11:59:00;13.59;31.38;-143.22;-239.20;-31.96;-16.05;28.41;-34.52;-17.29;-10.55;-96.95;-42.47;-83.96
18-09-2019;20:02:00;13.66;31.90;-143.83;-239.40;-31.17;-15.48;29.05;-33.90;-16.73;-10.65;-96.61;-42.67;-83.84
19-09-2019;04:04:00;12.06;31.82;-144.09;-238.74;-30.72;-15.86;28.65;-34.48;-17.03;-11.13;-97.46;-43.04;-84.32
19-09-2019;11:59:00;13.43;31.73;-144.42;-239.70;-31.95;-16.48;28.08;-34.79;-17.52;-9.62;-97.65;-43.58;-84.68
19-09-2019;19:54:00;13.44;31.31;-144.51;-239.29;-31.31;-16.19;28.48;-34.55;-17.24;-11.01;-97.75;-43.57;-84.74
20-09-2019;03:56:00;13.87;31.62;-144.82;-239.86;-31.65;-15.89;28.68;-34.32;-16.97;-10.70;-97.66;-43.49;-84.53
20-09-2019;11:58:00;13.77;31.79;-145.18;-240.62;-31.80;-15.80;28.69;-34.22;-16.82;-10.35;-97.68;-43.60;-84.55
20-09-2019;20:01:00;13.11;31.95;-145.49;-240.39;-31.69;-15.70;28.86;-34.21;-16.84;-10.33;-97.53;-43.69;-84.76
21-09-2019;04:00:00;12.42;31.97;-145.56;-240.04;-31.34;-15.53;28.97;-34.19;-16.74;-10.74;-97.90;-43.98;-85.05
21-09-2019;12:06:00;12.93;31.85;-145.62;-240.18;-31.77;-15.98;28.94;-34.40;-17.32;-9.87;-97.92;-43.93;-84.93
21-09-2019;20:00:00;10.96;31.84;-145.96;-238.07;-30.67;-16.29;27.81;-34.67;-17.31;-11.45;-98.54;-44.43;-85.59
22-09-2019;03:55:00;10.36;31.36;-146.02;-237.33;-29.70;-17.03;26.86;-35.88;-18.09;-12.55;-98.70;-44.72;-85.61
22-09-2019;11:57:00;12.00;31.35;-146.03;-238.07;-30.21;-16.98;27.64;-36.08;-18.53;-11.59;-98.72;-44.43;-85.67
22-09-2019;20:00:00;12.91;31.67;-146.39;-239.40;-30.23;-16.56;27.85;-35.23;-17.97;-12.04;-98.51;-44.50;-85.71
23-09-2019;04:02:00;13.59;31.97;-146.68;-241.11;-31.55;-15.44;29.39;-33.71;-16.72;-11.10;-98.04;-44.13;-85.28
23-09-2019;12:04:00;13.32;31.76;-146.96;-240.50;-31.56;-16.30;28.81;-34.93;-17.50;-10.28;-98.89;-44.91;-85.97
23-09-2019;19:59:00;13.10;31.87;-146.88;-240.85;-31.35;-15.70;29.26;-34.09;-17.00;-11.09;-98.28;-44.38;-85.59
24-09-2019;03:55:00;13.06;31.91;-147.02;-240.47;-31.19;-15.74;29.30;-34.40;-17.00;-11.08;-98.57;-44.54;-85.91
24-09-2019;11:56:00;12.71;31.39;-147.03;-240.23;-31.63;-16.53;28.75;-35.42;-17.86;-10.23;-99.38;-44.92;-86.70
24-09-2019;19:58:00;12.54;31.66;-147.51;-240.14;-31.51;-15.70;29.18;-34.42;-17.07;-10.89;-98.93;-45.06;-86.49
25-09-2019;04:01:00;13.28;31.67;-147.61;-240.41;-31.60;-15.47;29.17;-34.00;-16.73;-10.88;-98.58;-44.89;-86.26
25-09-2019;12:03:00;13.70;31.47;-147.70;-239.67;-31.53;-15.91;28.94;-34.64;-17.28;-10.66;-98.99;-44.79;-86.71
25-09-2019;20:06:00;13.48;31.58;-147.87;-239.65;-31.35;-15.50;29.08;-34.16;-16.79;-10.89;-98.83;-44.90;-86.71
26-09-2019;04:00:00;13.30;31.78;-148.00;-239.60;-31.45;-15.41;28.95;-34.13;-16.69;-10.79;-99.09;-45.18;-86.88
26-09-2019;11:55:00;13.76;31.51;-148.15;-240.95;-31.78;-15.62;28.68;-34.41;-17.01;-10.56;-99.14;-45.13;-87.06
26-09-2019;19:57:00;13.79;31.62;-148.35;-241.07;-31.84;-15.33;28.80;-34.27;-16.82;-10.58;-99.22;-45.44;-87.03
27-09-2019;04:00:00;13.34;31.50;-148.36;-239.76;-31.54;-15.68;28.54;-34.71;-17.28;-10.98;-99.58;-45.54;-87.24
27-09-2019;12:02:00;14.44;31.70;-148.42;-240.96;-31.89;-15.40;29.15;-34.09;-16.93;-10.66;-99.22;-45.57;-87.06
27-09-2019;20:04:00;13.83;32.08;-148.54;-241.29;-31.18;-15.48;29.40;-34.37;-17.02;-11.06;-99.25;-45.83;-87.22
28-09-2019;03:59:00;13.12;31.92;-148.70;-240.97;-30.47;-15.67;29.03;-34.68;-17.17;-11.63;-99.45;-45.95;-87.51
28-09-2019;11:54:00;13.48;31.45;-148.76;-240.68;-31.71;-16.06;28.61;-35.00;-17.59;-11.00;-99.19;-46.18;-87.78
28-09-2019;19:56:00;12.90;31.71;-148.88;-240.16;-30.44;-15.92;28.55;-35.01;-17.42;-11.92;-99.53;-46.25;-87.78
29-09-2019;03:58:00;12.33;31.74;-149.10;-240.55;-30.34;-16.19;28.39;-35.21;-17.65;-11.97;-99.64;-46.59;-87.79
29-09-2019;12:01:00;13.41;30.90;-148.69;-240.36;-31.94;-16.69;27.75;-35.91;-18.52;-10.29;-99.50;-46.44;-88.05
29-09-2019;20:03:00;11.96;31.59;-149.22;-241.20;-31.04;-15.79;28.13;-34.81;-17.14;-11.39;-99.48;-46.59;-88.31
30-09-2019;03:58:00;13.22;31.56;-149.35;-240.94;-31.34;-16.17;28.39;-35.22;-17.62;-11.33;-99.09;-46.27;-88.49
30-09-2019;11:52:00;14.52;32.03;-149.51;-241.76;-31.48;-15.74;28.86;-34.41;-17.17;-10.61;-98.97;-45.85;-88.24
30-09-2019;19:55:00;13.58;32.35;-149.87;-241.04;-31.37;-15.64;28.76;-34.32;-17.11;-10.71;-98.94;-46.31;-88.35
01-10-2019;04:04:00;13.69;32.36;-150.09;-240.87;-31.26;-15.63;28.95;-34.11;-17.12;-10.88;-99.05;-46.26;-88.56
01-10-2019;09:16:00;13.44;32.01;-150.08;-240.64;-31.57;-15.67;28.54;-34.47;-17.34;-11.13;-99.02;-46.25;-88.56
23-10-2019;07:27:00;14.05;31.97;-148.62;-242.15;-31.35;-15.70;29.26;-34.48;-17.10;-11.00;-97.98;-49.15;-89.93
23-10-2019;11:59:00;13.90;32.01;-148.62;-241.74;-31.33;-15.58;28.97;-34.35;-17.18;-11.13;-98.04;-49.26;-89.99
23-10-2019;20:02:00;13.77;31.81;-148.73;-241.78;-31.30;-15.66;28.94;-34.23;-17.30;-11.11;-97.88;-49.36;-89.94
24-10-2019;04:05:00;13.64;31.84;-148.81;-241.93;-31.30;-15.59;29.11;-34.24;-17.20;-11.07;-97.85;-49.35;-89.95
24-10-2019;12:07:00;14.12;31.82;-148.87;-241.88;-31.59;-15.50;29.42;-34.19;-17.41;-11.15;-97.72;-49.11;-89.90
24-10-2019;19:54:00;12.17;32.00;-148.72;-241.41;-30.50;-16.06;28.27;-35.17;-17.69;-12.04;-98.86;-49.69;-90.84
25-10-2019;03:57:00;12.78;32.07;-149.18;-241.98;-31.08;-15.82;28.23;-34.68;-17.29;-11.33;-98.90;-49.70;-90.84
25-10-2019;11:59:00;13.87;31.81;-149.13;-242.72;-31.32;-15.45;29.28;-34.13;-16.81;-10.93;-98.48;-49.22;-90.18
25-10-2019;20:02:00;12.91;31.74;-149.15;-241.99;-30.48;-15.85;28.74;-34.76;-17.13;-11.54;-98.72;-49.54;-90.49
26-10-2019;04:01:00;12.82;31.86;-149.15;-241.54;-30.39;-15.63;29.14;-34.82;-17.00;-11.85;-99.01;-49.46;-90.65
26-10-2019;12:00:00;12.65;31.85;-149.33;-241.29;-30.85;-16.18;28.66;-35.08;-17.34;-11.45;-99.51;-49.88;-91.18
26-10-2019;19:58:00;13.00;32.05;-149.42;-240.91;-30.45;-15.48;29.38;-34.28;-16.83;-12.01;-99.12;-49.84;-91.02
27-10-2019;03:57:00;13.61;32.35;-148.97;-241.23;-30.48;-15.47;29.15;-34.39;-16.95;-11.39;-99.58;-50.56;-91.32
27-10-2019;12:00:00;13.74;32.16;-149.22;-241.57;-30.71;-15.68;29.04;-34.40;-17.08;-11.37;-99.88;-50.18;-91.41
27-10-2019;20:03:00;13.48;31.96;-149.15;-241.65;-30.49;-15.79;28.85;-34.51;-17.15;-11.45;-99.90;-50.14;-91.38
28-10-2019;04:12:00;13.54;32.07;-149.19;-241.64;-30.71;-15.75;29.02;-34.54;-17.15;-11.61;-99.91;-50.27;-91.62
28-10-2019;12:00:00;12.82;31.91;-149.35;-241.16;-30.59;-16.37;28.31;-35.28;-17.82;-11.98;-100.38;-50.57;-92.01
28-10-2019;19:53:00;13.11;32.43;-149.88;-241.53;-29.93;-15.76;28.87;-34.87;-17.33;-11.79;-100.26;-50.30;-91.93
29-10-2019;04:02:00;12.90;32.38;-149.98;-241.88;-30.18;-15.75;28.83;-34.55;-17.20;-11.57;-100.82;-50.96;-92.38
29-10-2019;12:00:00;12.37;32.15;-150.13;-241.27;-30.60;-16.03;28.53;-34.72;-17.43;-11.55;-100.59;-50.49;-92.17
29-10-2019;20:03:00;12.69;31.82;-150.15;-242.01;-30.05;-15.72;28.40;-34.20;-17.31;-11.60;-100.60;-51.27;-92.18
30-10-2019;03:58:00;13.54;31.89;-150.32;-242.91;-31.15;-15.38;29.06;-33.81;-17.05;-10.89;-100.08;-50.01;-91.81
30-10-2019;11:53:00;13.18;32.36;-150.53;-243.07;-30.31;-15.79;29.03;-33.87;-17.30;-11.28;-100.74;-50.40;-92.45
30-10-2019;19:55:00;12.77;32.08;-150.53;-242.95;-29.97;-15.85;29.12;-34.06;-17.30;-11.39;-100.59;-50.42;-92.37
31-10-2019;03:56:00;12.80;32.26;-150.48;-243.17;-29.98;-15.80;28.87;-34.28;-17.36;-11.83;-100.49;-50.15;-92.22
31-10-2019;12:00:00;13.13;32.63;-150.62;-243.88;-30.25;-15.66;29.24;-34.27;-17.19;-11.54;-100.71;-49.92;-92.25
31-10-2019;20:03:00;13.01;32.51;-150.73;-243.88;-30.12;-15.75;29.31;-34.58;-17.24;-11.80;-101.20;-50.07;-92.39
01-11-2019;03:58:00;12.63;32.04;-150.53;-243.04;-29.95;-16.00;29.18;-34.75;-17.48;-12.12;-101.46;-50.12;-92.56
01-11-2019;11:53:00;13.84;32.02;-150.70;-243.62;-31.04;-15.91;29.28;-34.57;-17.48;-11.64;-101.08;-49.87;-92.31
01-11-2019;19:55:00;13.19;31.85;-150.85;-242.92;-30.53;-16.04;29.23;-34.95;-17.62;-11.94;-101.31;-50.19;-92.66
02-11-2019;03:58:00;12.36;32.09;-151.31;-243.24;-30.44;-15.70;29.29;-34.28;-17.19;-11.41;-101.30;-50.54;-92.74
02-11-2019;12:01:00;12.83;32.02;-151.27;-243.01;-30.56;-15.79;29.37;-34.46;-17.47;-11.61;-101.02;-50.54;-92.51
02-11-2019;20:03:00;13.06;32.07;-151.26;-243.69;-31.12;-15.43;29.69;-33.88;-17.11;-11.45;-100.74;-50.38;-92.45
03-11-2019;03:58:00;12.24;32.02;-151.33;-243.69;-30.82;-15.30;29.79;-33.93;-17.01;-11.32;-100.63;-50.22;-92.36
03-11-2019;11:58:00;11.69;32.00;-151.55;-243.29;-30.92;-15.43;29.77;-34.21;-17.12;-11.40;-101.09;-50.49;-92.68
03-11-2019;19:56:00;11.49;32.08;-151.50;-243.56;-30.21;-15.47;29.58;-34.54;-17.18;-11.43;-101.15;-50.73;-92.75
04-11-2019;03:59:00;11.71;31.91;-151.66;-244.21;-30.33;-15.48;30.13;-34.65;-16.90;-11.52;-101.18;-50.74;-92.80
04-11-2019;12:01:00;11.60;31.98;-151.60;-244.23;-30.34;-15.68;29.55;-34.40;-17.18;-11.29;-101.45;-50.58;-93.34
04-11-2019;20:07:00;11.01;32.02;-151.66;-243.26;-29.62;-15.71;29.42;-34.64;-17.25;-11.53;-101.67;-50.93;-93.34
05-11-2019;03:59:00;10.30;31.99;-151.69;-242.58;-29.26;-15.95;28.80;-34.95;-17.41;-11.91;-102.15;-51.55;-93.94
05-11-2019;11:54:00;9.56;31.72;-151.79;-242.03;-29.02;-16.46;28.32;-35.34;-17.80;-12.03;-102.54;-51.86;-94.32
05-11-2019;19:56:00;9.90;31.72;-151.56;-241.90;-28.92;-16.16;28.55;-35.21;-17.84;-12.45;-102.46;-51.62;-94.17
06-11-2019;03:59:00;10.44;31.84;-151.78;-242.18;-29.81;-16.09;28.82;-35.19;-17.79;-12.13;-102.09;-51.68;-93.74
06-11-2019;12:01:00;10.71;31.38;-151.92;-242.36;-30.29;-16.24;28.98;-35.36;-18.04;-12.00;-102.49;-51.81;-93.52
06-11-2019;20:05:00;11.70;32.09;-151.97;-243.60;-30.57;-15.69;29.34;-34.65;-17.46;-11.89;-101.70;-52.01;-92.97
07-11-2019;03:59:00;10.70;31.72;-151.84;-242.94;-30.96;-15.92;28.96;-34.96;-17.54;-12.11;-102.25;-52.29;-93.40
07-11-2019;11:54:00;11.25;31.65;-151.73;-243.24;-31.44;-16.17;28.69;-35.36;-17.81;-11.86;-102.46;-52.37;-93.61
07-11-2019;19:57:00;10.58;32.22;-152.21;-243.24;-30.94;-15.64;28.74;-34.75;-17.11;-12.23;-102.62;-52.62;-94.13
08-11-2019;03:59:00;11.60;31.97;-152.05;-243.82;-31.21;-15.34;29.36;-34.45;-16.72;-11.89;-101.79;-52.10;-93.61
08-11-2019;12:02:00;11.02;32.31;-152.23;-243.95;-30.69;-15.46;29.16;-35.19;-16.90;-12.06;-102.14;-52.79;-94.28
08-11-2019;20:05:00;11.76;32.04;-152.22;-244.04;-30.80;-15.28;29.55;-34.97;-16.91;-11.65;-101.97;-51.92;-94.33
09-11-2019;04:00:00;11.98;32.19;-152.29;-244.61;-32.17;-15.14;30.51;-34.92;-16.83;-11.07;-101.52;-51.76;-93.82
09-11-2019;11:52:00;11.52;32.18;-152.30;-244.08;-31.11;-15.68;30.30;-34.87;-17.33;-11.56;-101.98;-52.17;-94.16
09-11-2019;19:57:00;11.85;32.19;-152.21;-243.89;-31.42;-15.53;29.86;-35.14;-17.16;-11.72;-101.85;-52.10;-93.86
10-11-2019;04:00:00;11.81;32.33;-152.46;-244.00;-31.27;-15.27;29.89;-35.08;-16.82;-11.42;-101.82;-51.99;-94.07
10-11-2019;12:02:00;12.23;32.27;-152.40;-244.58;-30.79;-15.31;30.27;-35.24;-16.98;-11.45;-101.84;-51.66;-93.98
10-11-2019;20:05:00;12.47;32.61;-152.46;-244.30;-31.54;-15.22;29.65;-35.23;-16.84;-11.13;-101.74;-51.63;-93.92
11-11-2019;03:53:00;12.76;32.84;-152.60;-244.46;-30.95;-15.08;29.96;-35.25;-16.67;-11.25;-101.74;-51.23;-93.60
11-11-2019;11:55:00;13.32;32.56;-152.62;-243.89;-30.83;-15.15;29.66;-35.47;-16.90;-11.20;-101.88;-51.39;-93.41
11-11-2019;19:58:00;13.10;32.53;-152.66;-243.84;-30.80;-15.03;29.61;-35.62;-16.93;-11.16;-101.95;-51.52;-93.50
12-11-2019;04:00:00;12.66;32.38;-152.63;-244.56;-30.49;-15.37;29.91;-35.83;-17.14;-11.16;-102.29;-51.92;-94.06
12-11-2019;12:03:00;12.70;32.56;-152.45;-244.12;-30.70;-15.58;29.94;-35.97;-17.33;-11.58;-102.36;-52.23;-93.85
12-11-2019;19:58:00;12.58;32.68;-152.44;-243.95;-30.34;-15.57;29.80;-35.95;-17.43;-11.93;-102.71;-51.93;-93.86
13-11-2019;03:53:00;12.97;32.91;-152.53;-243.76;-30.28;-15.98;30.36;-35.88;-17.76;-12.22;-102.71;-52.32;-93.81
13-11-2019;11:55:00;14.13;32.89;-152.76;-244.33;-30.71;-15.47;30.56;-35.23;-17.41;-11.56;-102.10;-52.05;-93.31
13-11-2019;19:58:00;14.71;33.47;-152.71;-245.38;-30.88;-15.01;31.17;-34.89;-17.08;-11.30;-101.71;-52.18;-93.17
14-11-2019;04:01:00;14.10;32.92;-152.46;-245.28;-30.59;-14.92;30.99;-34.89;-16.83;-11.14;-102.20;-52.46;-93.66
14-11-2019;11:59:00;13.16;33.03;-152.48;-243.77;-30.46;-15.41;30.41;-35.87;-17.31;-11.81;-102.61;-52.44;-93.88
14-11-2019;19:57:00;13.08;32.85;-152.56;-244.06;-30.47;-15.65;30.53;-35.83;-17.57;-12.05;-102.75;-52.44;-93.82
15-11-2019;03:53:00;12.73;32.68;-152.44;-243.91;-29.87;-15.57;30.14;-35.93;-17.41;-12.19;-102.88;-52.74;-94.11
15-11-2019;11:55:00;13.36;32.71;-152.55;-244.29;-30.51;-15.34;30.52;-35.72;-17.15;-11.78;-102.52;-52.35;-93.91
15-11-2019;19:59:00;13.46;32.56;-152.58;-244.33;-30.92;-15.26;30.53;-35.74;-17.12;-11.58;-102.50;-52.20;-93.76
16-11-2019;04:07:00;12.41;32.34;-152.46;-243.19;-30.45;-15.86;29.93;-36.27;-17.84;-12.21;-103.05;-52.86;-94.04
16-11-2019;11:57:00;13.29;32.73;-152.63;-244.10;-31.49;-15.66;30.33;-35.90;-17.62;-11.96;-102.96;-52.67;-93.96
16-11-2019;19:51:00;12.65;33.51;-151.90;-245.11;-31.43;-15.74;30.12;-36.05;-17.58;-12.13;-103.25;-52.77;-94.05
17-11-2019;03:54:00;13.01;33.54;-152.27;-244.61;-31.01;-16.08;29.56;-35.93;-17.92;-12.32;-103.65;-52.97;-94.44
17-11-2019;11:56:00;12.88;33.58;-152.48;-244.09;-30.90;-15.95;29.84;-35.92;-17.79;-12.50;-103.42;-53.16;-94.32
17-11-2019;19:57:00;12.38;33.55;-152.35;-244.56;-31.28;-15.89;30.09;-35.56;-17.61;-12.12;-103.56;-53.13;-94.48
18-11-2019;04:02:00;12.40;33.00;-152.27;-245.06;-31.25;-15.91;30.20;-35.43;-17.76;-11.99;-103.55;-52.89;-94.31
18-11-2019;12:04:00;13.26;33.60;-152.58;-246.24;-31.83;-15.52;30.59;-34.80;-17.43;-11.66;-103.01;-52.50;-93.92
18-11-2019;19:59:00;12.37;32.79;-151.98;-247.15;-31.50;-15.72;31.58;-35.08;-17.55;-11.83;-103.09;-52.53;-93.94
19-11-2019;03:54:00;14.15;33.32;-152.00;-247.20;-31.61;-15.75;30.95;-35.50;-17.55;-11.54;-103.42;-52.05;-93.96
19-11-2019;12:02:00;13.68;33.17;-152.08;-247.29;-31.89;-15.84;31.04;-35.45;-17.53;-11.77;-103.45;-52.03;-93.95
19-11-2019;19:59:00;13.25;33.35;-152.01;-248.20;-31.64;-15.36;30.48;-35.19;-17.15;-11.80;-103.54;-52.07;-94.25
20-11-2019;04:02:00;13.33;33.12;-151.69;-248.42;-32.31;-15.38;30.92;-35.04;-17.21;-11.61;-103.32;-51.66;-93.97
20-11-2019;12:05:00;13.15;33.66;-151.63;-247.64;-31.97;-15.60;31.47;-35.22;-17.35;-11.47;-103.29;-52.04;-93.93
20-11-2019;20:00:00;13.82;33.66;-151.74;-245.68;-30.50;-16.08;31.08;-35.20;-17.82;-12.13;-103.75;-52.59;-94.80
21-11-2019;03:55:00;14.60;33.89;-152.08;-246.96;-30.94;-15.66;31.35;-34.63;-17.45;-11.50;-103.22;-52.63;-94.03
21-11-2019;11:57:00;13.87;33.39;-152.01;-246.41;-31.04;-15.72;30.98;-35.08;-17.53;-11.97;-103.19;-52.80;-94.19
21-11-2019;20:00:00;13.62;33.32;-151.98;-246.50;-31.11;-15.46;30.57;-34.77;-17.34;-11.70;-103.32;-53.01;-94.21
22-11-2019;04:03:00;13.61;33.40;-152.01;-246.66;-31.11;-15.43;30.58;-34.72;-17.35;-11.81;-103.32;-53.05;-94.38
22-11-2019;12:13:00;13.91;33.55;-151.94;-247.32;-31.24;-15.37;30.78;-34.55;-17.22;-11.67;-103.15;-52.36;-94.19
22-11-2019;20:00:00;13.90;34.08;-151.67;-247.38;-31.82;-15.28;31.12;-34.84;-17.05;-11.42;-103.36;-52.23;-94.35
23-11-2019;03:50:00;13.22;34.26;-151.94;-247.47;-31.07;-15.44;31.30;-35.02;-17.31;-11.89;-103.45;-52.05;-94.36
23-11-2019;11:58:00;12.60;34.19;-152.24;-246.78;-30.82;-16.09;30.73;-35.38;-17.81;-12.39;-103.52;-52.54;-94.74
23-11-2019;20:06:00;13.21;34.16;-152.30;-247.32;-31.03;-15.88;30.72;-34.93;-17.58;-12.04;-103.32;-52.83;-94.34
24-11-2019;04:11:00;13.69;34.01;-152.27;-247.87;-31.47;-15.71;30.90;-34.65;-17.37;-11.78;-103.13;-52.96;-94.18
24-11-2019;12:04:00;13.50;34.00;-151.85;-247.77;-31.81;-15.74;30.61;-35.01;-17.55;-12.01;-103.52;-52.88;-94.35
24-11-2019;19:49:00;13.11;33.72;-151.63;-247.74;-31.79;-15.73;30.61;-35.09;-17.59;-11.87;-103.43;-52.89;-94.67
25-11-2019;03:56:00;13.15;34.04;-151.79;-247.83;-31.91;-15.73;30.64;-35.11;-17.56;-11.82;-103.83;-53.50;-95.19
25-11-2019;11:58:00;12.53;33.89;-151.64;-247.68;-31.90;-16.19;30.38;-35.28;-17.97;-12.36;-104.31;-52.77;-95.35
25-11-2019;20:01:00;12.93;33.83;-151.78;-247.43;-31.64;-16.01;30.26;-34.99;-17.77;-12.03;-104.40;-51.95;-95.36
26-11-2019;04:04:00;12.58;33.82;-151.72;-248.10;-31.55;-16.00;30.20;-34.95;-17.86;-12.18;-104.02;-51.86;-95.06
26-11-2019;11:58:00;11.93;33.90;-151.76;-247.90;-31.77;-16.40;29.96;-35.39;-18.22;-12.37;-104.38;-52.14;-95.49
26-11-2019;19:53:00;12.04;34.06;-151.69;-247.31;-31.37;-16.51;29.50;-35.82;-18.35;-12.74;-104.63;-52.26;-95.59
27-11-2019;03:56:00;13.00;33.97;-151.76;-248.36;-32.20;-16.01;29.90;-34.95;-17.89;-12.06;-103.97;-51.75;-95.09
27-11-2019;11:59:00;13.04;33.78;-151.73;-248.88;-32.38;-15.79;30.28;-34.83;-17.70;-12.05;-103.89;-51.74;-95.04
27-11-2019;20:01:00;12.90;33.74;-151.73;-249.33;-32.48;-15.56;30.20;-34.46;-17.60;-11.97;-103.93;-52.16;-95.40
28-11-2019;04:09:00;12.27;33.68;-151.72;-249.04;-32.09;-15.93;29.62;-34.91;-17.90;-12.20;-104.08;-52.04;-95.14
28-11-2019;11:59:00;13.06;34.16;-151.36;-250.05;-31.58;-16.43;29.43;-35.52;-18.25;-12.16;-103.86;-51.39;-94.04
28-11-2019;19:55:00;13.47;34.25;-151.32;-251.13;-31.62;-15.79;29.95;-35.15;-17.76;-11.49;-103.47;-51.23;-93.75
29-11-2019;03:56:00;10.70;33.18;-149.36;-250.94;-31.48;-16.92;28.26;-35.96;-17.61;-12.42;-101.86;-49.98;-92.36
29-11-2019;11:52:00;10.27;33.06;-149.55;-250.05;-31.46;-16.96;28.08;-36.39;-17.78;-12.55;-102.09;-49.99;-92.61
29-11-2019;20:02:00;10.48;32.95;-149.56;-250.12;-31.40;-16.91;28.06;-36.16;-17.77;-12.40;-102.39;-50.04;-92.86
30-11-2019;04:00:00;10.47;32.80;-149.65;-250.40;-31.39;-16.82;27.97;-36.08;-17.77;-12.32;-102.25;-50.01;-92.66
30-11-2019;12:04:00;10.59;33.10;-149.85;-250.37;-31.17;-16.74;28.06;-36.11;-17.70;-12.20;-102.27;-49.89;-92.68
30-11-2019;19:54:00;9.77;33.26;-149.69;-250.50;-31.52;-16.74;28.12;-36.40;-17.77;-12.35;-102.07;-49.75;-92.54
01-12-2019;03:56:00;9.04;33.25;-150.09;-249.73;-31.67;-16.92;27.76;-36.57;-17.97;-12.51;-102.65;-50.10;-92.82
01-12-2019;11:55:00;8.27;33.63;-150.38;-249.57;-31.03;-17.53;27.01;-37.54;-18.51;-12.87;-102.92;-50.35;-93.03
01-12-2019;20:02:00;8.79;33.42;-150.13;-249.03;-31.11;-16.99;27.65;-36.85;-18.07;-12.52;-102.58;-50.07;-92.84
02-12-2019;04:05:00;9.11;33.68;-149.63;-250.15;-31.65;-16.92;27.76;-36.42;-17.97;-12.32;-102.40;-49.74;-92.47
02-12-2019;12:00:00;9.40;34.05;-149.69;-250.68;-31.51;-16.95;27.89;-36.32;-17.97;-12.58;-102.17;-49.65;-92.22
02-12-2019;19:59:00;9.26;34.01;-149.89;-250.78;-31.99;-16.83;28.09;-36.53;-17.77;-12.47;-102.21;-49.47;-92.21
03-12-2019;03:57:00;9.78;33.77;-149.66;-250.23;-32.22;-16.88;28.21;-36.45;-17.71;-12.57;-102.18;-49.41;-92.02
03-12-2019;12:00:00;9.89;34.62;-149.47;-248.57;-31.10;-17.50;26.76;-36.60;-18.12;-12.82;-102.29;-49.30;-92.31
03-12-2019;20:03:00;9.67;35.10;-149.73;-248.59;-31.15;-17.32;26.95;-36.09;-17.88;-13.11;-102.50;-49.32;-92.64
04-12-2019;04:05:00;9.36;35.21;-149.78;-247.67;-31.13;-17.67;27.74;-36.82;-18.07;-13.23;-102.84;-49.59;-93.10
04-12-2019;12:00:00;8.55;35.11;-149.88;-247.54;-30.71;-17.90;27.19;-37.12;-18.27;-13.60;-103.21;-49.74;-93.56
04-12-2019;19:51:00;9.95;35.24;-149.95;-247.90;-31.90;-17.24;28.41;-36.13;-17.66;-12.35;-102.14;-49.03;-92.62
05-12-2019;03:58:00;10.40;35.33;-150.02;-247.91;-32.16;-17.14;28.18;-35.94;-17.70;-12.37;-102.05;-48.65;-92.69
05-12-2019;12:00:00;11.77;34.76;-150.09;-248.02;-32.34;-17.28;28.21;-35.83;-17.81;-12.21;-101.36;-48.08;-92.33
05-12-2019;20:03:00;12.14;33.83;-149.09;-246.68;-31.30;-17.58;27.17;-36.11;-18.08;-12.95;-102.05;-49.46;-92.49
06-12-2019;04:05:00;12.70;33.59;-149.28;-246.67;-31.54;-17.57;27.88;-35.92;-17.87;-12.82;-101.96;-49.36;-92.00
06-12-2019;11:53:00;12.22;33.45;-149.78;-246.94;-32.17;-17.04;27.86;-35.45;-17.34;-12.29;-100.89;-48.06;-91.12
06-12-2019;19:56:00;11.45;33.20;-149.71;-246.40;-31.98;-17.15;27.75;-35.86;-17.51;-13.00;-100.77;-48.87;-91.74
07-12-2019;03:58:00;10.85;33.19;-149.98;-246.88;-31.74;-17.21;27.40;-36.02;-17.71;-13.17;-101.51;-49.01;-92.04
07-12-2019;12:01:00;11.77;33.10;-149.79;-247.12;-32.58;-17.09;27.71;-35.95;-17.48;-12.68;-101.61;-48.82;-92.15
07-12-2019;20:04:00;11.94;33.39;-149.80;-247.44;-32.94;-16.93;27.24;-35.94;-17.29;-12.86;-101.33;-48.63;-91.80
08-12-2019;03:57:00;10.62;33.42;-149.80;-246.46;-32.29;-17.13;26.48;-36.33;-17.72;-13.03;-101.63;-48.54;-92.01
08-12-2019;11:53:00;11.66;33.68;-150.17;-247.36;-31.75;-17.06;26.55;-36.62;-17.76;-12.95;-101.99;-49.53;-92.81
08-12-2019;19:51:00;12.92;33.88;-150.24;-248.10;-31.61;-16.96;25.33;-36.43;-17.91;-12.69;-102.29;-49.44;-93.49
09-12-2019;03:51:00;13.69;34.03;-149.70;-247.45;-31.57;-16.76;25.41;-36.63;-17.77;-13.08;-102.68;-49.51;-93.11
09-12-2019;12:01:00;14.64;32.68;-150.58;-249.20;-33.17;-16.70;26.09;-36.10;-17.56;-12.38;-102.47;-48.69;-93.55
09-12-2019;20:04:00;13.71;32.82;-150.76;-248.86;-32.63;-16.62;26.69;-36.09;-17.30;-12.66;-102.49;-48.30;-93.50
10-12-2019;03:59:00;13.88;32.91;-150.83;-249.45;-32.05;-16.49;26.52;-35.57;-17.13;-12.81;-102.23;-48.14;-93.53
10-12-2019;11:54:00;14.07;32.43;-150.80;-249.25;-32.03;-16.58;26.36;-35.81;-17.21;-12.92;-101.89;-47.76;-93.07
10-12-2019;20:01:00;13.11;33.05;-150.06;-249.35;-31.50;-16.60;26.17;-35.73;-17.41;-13.15;-101.99;-48.35;-93.42
11-12-2019;04:03:00;15.41;33.61;-149.52;-249.46;-31.83;-16.84;26.15;-36.71;-17.55;-13.07;-102.33;-48.09;-93.46
11-12-2019;12:02:00;15.35;33.94;-149.07;-249.11;-31.93;-16.63;26.84;-36.45;-17.67;-12.52;-101.95;-48.38;-94.27
11-12-2019;20:05:00;16.36;34.22;-149.55;-250.17;-31.99;-16.54;27.23;-36.35;-17.61;-12.53;-100.96;-47.61;-94.14
12-12-2019;04:02:00;17.25;34.49;-149.37;-250.81;-32.44;-16.39;27.42;-35.77;-17.44;-12.55;-100.65;-47.17;-94.94
12-12-2019;11:54:00;17.93;34.41;-150.17;-250.88;-32.49;-16.28;27.95;-36.19;-17.29;-12.35;-100.14;-47.37;-94.94
12-12-2019;19:57:00;18.72;34.75;-149.66;-250.96;-32.88;-16.09;27.30;-36.20;-17.01;-12.49;-100.07;-47.62;-94.71
13-12-2019;04:01:00;17.67;34.77;-149.61;-251.55;-33.34;-16.04;27.43;-36.51;-16.83;-12.57;-100.34;-47.84;-95.08
13-12-2019;12:02:00;17.45;34.96;-149.26;-251.35;-32.95;-15.97;27.50;-36.77;-16.88;-12.49;-100.47;-47.73;-95.24
13-12-2019;20:02:00;17.22;34.86;-149.50;-251.10;-33.22;-16.03;26.78;-36.82;-16.82;-12.54;-100.75;-47.74;-95.19
14-12-2019;04:00:00;17.69;34.73;-149.63;-251.57;-33.31;-15.85;26.13;-37.11;-16.68;-12.49;-100.76;-47.81;-94.81
14-12-2019;11:55:00;17.78;34.62;-149.83;-251.63;-33.39;-15.83;26.83;-36.91;-16.52;-12.03;-100.94;-48.05;-95.00
14-12-2019;19:58:00;17.76;34.58;-149.83;-251.69;-33.24;-15.75;27.35;-37.09;-16.40;-12.11;-101.16;-47.61;-95.10
15-12-2019;04:04:00;17.59;34.96;-149.81;-252.00;-33.49;-15.54;27.05;-37.04;-16.15;-11.93;-101.07;-47.46;-95.02
15-12-2019;12:02:00;17.85;34.98;-149.76;-252.19;-33.24;-15.60;26.48;-37.44;-16.49;-12.23;-101.01;-47.72;-94.90
15-12-2019;19:58:00;18.32;35.72;-149.37;-250.54;-32.50;-16.22;25.09;-37.67;-16.80;-12.85;-101.08;-47.42;-94.46
16-12-2019;03:53:00;19.15;36.06;-149.32;-251.21;-32.50;-16.26;24.99;-37.52;-16.74;-12.65;-100.39;-47.13;-93.96
16-12-2019;11:55:00;19.76;36.65;-148.33;-250.08;-32.13;-16.60;25.05;-37.68;-17.13;-12.83;-100.24;-47.24;-94.17
16-12-2019;20:04:00;20.81;36.95;-148.41;-251.17;-33.17;-15.86;25.50;-37.42;-16.55;-12.65;-98.81;-47.08;-93.57
17-12-2019;04:01:00;21.52;36.77;-148.55;-251.39;-32.75;-15.58;25.75;-37.43;-16.50;-12.28;-98.40;-46.75;-92.94
17-12-2019;12:07:00;20.41;36.74;-148.63;-250.60;-31.96;-16.15;26.03;-37.83;-16.82;-12.69;-99.05;-47.83;-93.50
17-12-2019;19:58:00;19.77;36.51;-148.62;-250.06;-32.11;-16.16;26.28;-37.47;-17.08;-12.90;-99.07;-47.78;-93.57
18-12-2019;03:53:00;20.00;36.87;-148.65;-250.44;-32.58;-15.96;26.72;-37.30;-16.68;-12.87;-98.94;-47.47;-93.21
18-12-2019;11:56:00;20.45;37.48;-148.74;-251.35;-32.97;-15.51;26.75;-36.86;-16.18;-12.15;-98.21;-46.64;-92.57
18-12-2019;19:58:00;20.98;37.63;-148.53;-251.43;-33.06;-15.33;26.47;-36.88;-16.03;-11.95;-98.06;-46.71;-92.73
19-12-2019;04:01:00;21.18;37.98;-148.54;-251.01;-32.34;-15.36;25.89;-36.97;-16.23;-12.44;-97.97;-46.80;-92.62
19-12-2019;12:06:00;22.65;37.88;-148.57;-252.14;-32.83;-14.91;26.29;-36.83;-15.97;-11.73;-97.76;-46.22;-92.55
19-12-2019;19:58:00;24.06;38.19;-148.50;-252.53;-33.44;-15.03;26.08;-36.96;-16.01;-11.93;-98.62;-45.94;-92.62
20-12-2019;04:01:00;24.68;38.02;-148.54;-252.56;-34.48;-15.14;25.77;-36.96;-16.02;-11.62;-99.27;-46.09;-93.47
20-12-2019;11:50:00;25.68;37.97;-148.72;-250.83;-32.95;-15.10;25.93;-37.32;-16.20;-11.66;-99.78;-46.30;-93.95
20-12-2019;19:57:00;25.81;38.38;-148.73;-251.77;-33.24;-14.97;26.81;-36.94;-15.87;-11.63;-98.87;-46.23;-93.12
21-12-2019;04:01:00;24.36;37.98;-148.65;-251.91;-33.93;-15.25;27.24;-36.98;-15.95;-11.55;-98.91;-46.43;-93.09
21-12-2019;12:01:00;24.63;38.28;-148.55;-251.71;-34.12;-15.11;27.07;-36.85;-15.88;-11.60;-98.58;-46.88;-92.49
21-12-2019;19:59:00;23.95;38.45;-148.75;-251.30;-33.52;-15.18;26.68;-36.71;-15.94;-12.23;-99.15;-46.38;-93.26
22-12-2019;03:54:00;23.76;37.17;-149.36;-251.96;-33.13;-15.02;26.16;-37.11;-15.88;-12.21;-99.58;-45.83;-93.04
22-12-2019;11:56:00;22.76;36.86;-149.26;-252.16;-32.94;-15.08;25.69;-37.28;-16.09;-12.61;-99.51;-45.65;-93.03
22-12-2019;19:54:00;21.41;36.77;-149.00;-251.01;-32.07;-15.61;24.77;-38.53;-16.71;-13.19;-99.86;-45.93;-93.38
23-12-2019;04:02:00;21.15;36.61;-148.87;-250.99;-32.18;-15.56;24.83;-37.98;-16.65;-13.02;-99.63;-45.82;-93.26
23-12-2019;12:05:00;20.57;36.73;-148.96;-251.42;-32.42;-15.53;25.07;-37.59;-16.62;-12.93;-99.38;-45.53;-93.18
23-12-2019;19:59:00;20.09;36.62;-149.01;-251.67;-32.50;-15.39;25.57;-37.37;-16.39;-12.59;-99.20;-45.44;-93.26
24-12-2019;03:54:00;20.09;36.74;-149.01;-251.62;-32.20;-15.46;25.57;-37.60;-16.45;-12.72;-99.00;-45.25;-93.36
24-12-2019;11:57:00;19.83;36.55;-149.06;-251.49;-31.90;-15.51;25.31;-38.09;-16.52;-13.04;-99.02;-44.93;-93.48
24-12-2019;20:00:00;20.42;36.55;-149.19;-252.11;-32.40;-14.86;25.83;-37.33;-15.62;-11.30;-98.01;-44.83;-93.49
25-12-2019;04:02:00;20.70;36.58;-149.24;-252.69;-32.86;-14.56;26.25;-36.96;-15.48;-11.13;-97.82;-44.53;-92.89
25-12-2019;12:05:00;20.13;36.55;-149.23;-252.43;-32.40;-14.83;25.90;-37.40;-15.82;-11.83;-98.07;-44.62;-93.02
25-12-2019;20:03:00;19.17;36.41;-149.03;-252.19;-32.65;-14.85;25.49;-37.51;-15.73;-11.89;-98.24;-45.26;-93.32
26-12-2019;03:55:00;19.74;36.51;-149.19;-252.60;-33.24;-14.72;25.50;-37.25;-15.68;-11.42;-98.03;-45.24;-93.11
26-12-2019;11:57:00;19.91;36.08;-149.20;-252.79;-33.71;-14.65;25.26;-37.18;-15.63;-11.25;-97.86;-45.17;-93.01
26-12-2019;19:54:00;19.84;36.18;-149.16;-252.93;-33.59;-14.67;25.18;-37.27;-15.42;-11.16;-97.93;-45.32;-93.08
27-12-2019;03:58:00;19.26;35.99;-148.99;-252.74;-33.97;-14.69;24.82;-37.16;-15.53;-11.33;-98.06;-45.58;-93.21
27-12-2019;12:05:00;18.66;35.83;-149.24;-252.91;-33.38;-14.83;24.77;-37.54;-15.76;-11.50;-98.33;-46.00;-93.52
27-12-2019;20:00:00;18.71;35.52;-149.37;-253.08;-33.59;-15.12;24.61;-38.01;-16.09;-11.57;-98.31;-46.06;-93.60
28-12-2019;03:48:00;19.57;35.27;-149.37;-253.34;-33.52;-14.99;24.87;-37.47;-15.90;-11.40;-98.01;-45.70;-93.28
28-12-2019;11:58:00;19.52;35.37;-149.60;-253.81;-33.87;-15.18;24.73;-37.43;-16.05;-11.89;-98.22;-45.94;-93.57
28-12-2019;20:01:00;21.40;36.14;-148.88;-254.05;-33.30;-15.34;25.28;-37.69;-16.32;-11.53;-99.05;-46.22;-94.71
29-12-2019;03:58:00;20.72;36.04;-149.49;-254.17;-32.24;-15.33;24.74;-37.53;-16.32;-11.50;-98.82;-45.98;-94.42
29-12-2019;11:58:00;20.46;36.77;-149.66;-254.66;-33.56;-15.40;25.78;-37.79;-16.32;-10.34;-99.00;-46.22;-94.39
29-12-2019;19:53:00;20.34;36.45;-150.20;-254.58;-33.27;-15.49;25.80;-37.84;-16.47;-10.92;-98.83;-46.10;-94.54
30-12-2019;03:56:00;21.27;36.35;-150.17;-254.76;-32.86;-15.37;25.78;-38.03;-16.68;-10.77;-99.34;-45.76;-94.60
30-12-2019;11:58:00;21.36;36.01;-149.90;-255.39;-33.40;-15.33;25.73;-37.72;-16.53;-11.07;-99.62;-45.49;-94.32
30-12-2019;20:01:00;21.96;36.35;-149.68;-255.52;-33.30;-15.31;25.51;-37.96;-16.41;-10.98;-99.37;-45.52;-94.35
31-12-2019;04:04:00;21.70;36.45;-149.57;-256.36;-33.12;-15.00;26.30;-37.55;-15.93;-11.09;-99.59;-45.71;-94.49
31-12-2019;11:59:00;21.19;36.92;-149.74;-256.84;-33.29;-14.98;26.00;-37.78;-15.82;-11.37;-100.06;-45.84;-94.70
31-12-2019;19:51:00;21.36;36.82;-149.74;-256.60;-32.65;-15.09;25.50;-38.00;-15.99;-11.91;-100.03;-45.98;-94.81
01-01-2020;04:00:00;21.48;36.98;-149.90;-256.76;-33.01;-15.24;25.71;-37.62;-15.94;-11.35;-100.09;-45.69;-94.74
01-01-2020;11:54:00;21.31;36.82;-149.84;-257.16;-33.37;-15.31;25.88;-37.55;-15.96;-11.24;-100.27;-45.74;-95.12
01-01-2020;20:02:00;21.51;37.04;-149.76;-256.78;-33.58;-15.40;26.05;-37.62;-15.91;-10.98;-99.90;-45.74;-94.69
02-01-2020;04:04:00;21.03;36.62;-149.70;-256.77;-33.33;-15.43;26.05;-37.53;-15.91;-11.00;-99.69;-45.18;-94.16
02-01-2020;11:59:00;21.77;36.74;-149.83;-257.13;-33.46;-15.42;26.02;-37.47;-15.98;-11.21;-100.00;-45.93;-94.53
02-01-2020;19:57:00;21.91;36.80;-150.20;-256.91;-33.31;-15.63;25.28;-37.84;-16.21;-11.37;-99.65;-45.84;-94.63
03-01-2020;03:55:00;22.52;37.11;-150.19;-257.24;-33.46;-15.53;25.26;-38.07;-16.26;-10.75;-99.68;-46.18;-94.50
03-01-2020;11:59:00;22.32;38.78;-150.40;-258.26;-34.53;-15.58;25.54;-37.10;-16.11;-10.75;-100.01;-45.78;-94.89
03-01-2020;20:02:00;22.43;38.15;-150.48;-257.40;-34.03;-15.47;26.35;-37.25;-16.16;-10.65;-99.38;-45.64;-94.44
04-01-2020;04:05:00;22.08;38.09;-150.26;-257.99;-33.37;-15.67;25.87;-37.39;-16.21;-11.18;-99.27;-45.50;-93.99
04-01-2020;11:51:00;21.99;37.90;-150.14;-259.29;-33.52;-15.41;26.27;-37.44;-16.10;-11.23;-99.29;-45.12;-93.57
04-01-2020;19:59:00;22.37;38.38;-150.00;-259.22;-33.48;-15.33;26.26;-37.56;-16.07;-11.23;-99.52;-45.15;-93.77
05-01-2020;04:05:00;22.03;38.18;-149.97;-258.72;-33.37;-15.56;25.88;-37.79;-16.20;-11.60;-99.00;-45.22;-93.70
05-01-2020;11:55:00;21.67;37.58;-149.74;-258.25;-33.19;-15.70;26.33;-37.96;-16.38;-11.73;-98.59;-45.86;-93.73
05-01-2020;19:55:00;24.23;37.09;-150.32;-258.85;-32.80;-16.04;26.30;-37.93;-16.29;-11.41;-98.60;-45.69;-93.90
06-01-2020;04:05:00;22.77;36.24;-150.67;-258.92;-32.87;-16.27;25.77;-38.02;-16.46;-11.34;-98.46;-46.83;-93.87
06-01-2020;12:06:00;22.53;37.17;-150.60;-258.70;-33.04;-16.39;25.47;-38.21;-16.64;-11.95;-98.62;-46.88;-93.72
06-01-2020;19:58:00;24.62;37.90;-150.82;-259.66;-33.04;-16.10;25.82;-37.78;-16.48;-11.43;-98.49;-47.12;-94.06
07-01-2020;03:55:00;24.55;38.10;-150.81;-259.39;-32.67;-16.09;25.87;-37.91;-16.43;-11.29;-98.65;-47.09;-94.60
07-01-2020;12:00:00;25.00;37.93;-150.82;-258.78;-32.87;-16.07;25.76;-38.24;-16.45;-11.17;-98.80;-47.14;-94.70
07-01-2020;20:05:00;24.70;37.55;-150.79;-258.43;-32.62;-16.52;25.16;-39.02;-16.81;-11.72;-98.82;-46.69;-94.25
08-01-2020;03:58:00;25.91;37.42;-151.12;-259.15;-33.43;-16.24;25.56;-39.03;-16.78;-10.89;-98.66;-46.88;-94.75
08-01-2020;11:58:00;24.45;37.24;-152.05;-259.08;-33.61;-16.16;25.29;-38.77;-16.60;-11.55;-98.04;-46.72;-93.77
08-01-2020;19:56:00;25.74;37.13;-151.89;-259.50;-33.53;-16.18;25.27;-38.89;-16.83;-11.29;-98.26;-46.56;-93.93
09-01-2020;03:53:00;25.78;36.77;-152.14;-258.63;-32.50;-16.61;25.02;-39.43;-16.86;-11.56;-97.08;-46.76;-93.34
09-01-2020;12:01:00;25.05;36.61;-152.10;-258.41;-31.30;-16.97;24.82;-39.73;-16.87;-12.40;-97.58;-46.83;-93.71
09-01-2020;20:08:00;24.69;36.69;-152.30;-259.24;-31.35;-16.26;24.83;-38.76;-16.14;-12.18;-97.32;-46.25;-93.57
10-01-2020;03:51:00;25.72;36.76;-152.34;-259.63;-31.94;-16.30;24.47;-38.83;-16.03;-11.44;-97.33;-45.68;-93.02
10-01-2020;11:53:00;25.61;36.54;-152.08;-258.77;-32.79;-16.32;24.62;-38.87;-16.19;-11.51;-97.22;-45.52;-93.09
10-01-2020;19:56:00;24.96;36.51;-152.32;-258.63;-31.43;-16.54;24.53;-39.32;-16.56;-12.19;-98.24;-46.40;-94.11
11-01-2020;03:59:00;25.14;36.70;-152.07;-258.00;-32.36;-16.52;24.28;-39.22;-16.38;-12.40;-98.18;-46.43;-94.05
11-01-2020;12:02:00;25.80;37.52;-151.65;-258.07;-32.54;-16.37;24.09;-39.42;-16.42;-12.46;-97.94;-47.48;-94.36
11-01-2020;19:59:00;25.18;38.12;-152.24;-259.34;-34.12;-16.34;24.70;-39.13;-16.57;-11.96;-97.13;-46.63;-93.84
12-01-2020;03:57:00;24.21;37.45;-151.96;-259.60;-33.51;-16.20;23.86;-38.71;-16.69;-11.53;-96.40;-44.78;-93.65
12-01-2020;11:51:00;21.90;38.03;-151.30;-259.67;-33.52;-16.33;24.04;-39.73;-16.70;-11.62;-95.88;-44.64;-93.74
12-01-2020;19:57:00;22.17;39.68;-151.49;-259.67;-32.60;-16.33;24.70;-40.58;-16.62;-11.87;-96.17;-45.03;-94.34
13-01-2020;03:59:00;22.75;39.19;-151.07;-259.44;-32.44;-16.40;23.97;-39.95;-16.68;-12.08;-96.02;-45.31;-94.27
13-01-2020;12:02:00;22.84;39.36;-150.78;-260.00;-31.95;-16.41;24.34;-40.21;-16.68;-11.88;-95.99;-45.49;-94.27
13-01-2020;20:05:00;23.45;39.30;-150.76;-260.06;-31.43;-16.42;25.07;-39.88;-16.55;-12.07;-95.68;-45.56;-94.36
14-01-2020;03:59:00;23.07;38.89;-150.74;-260.67;-31.35;-16.54;24.72;-39.57;-16.67;-11.89;-95.80;-45.66;-94.52
14-01-2020;11:54:00;23.02;39.90;-150.97;-260.97;-31.40;-16.60;24.56;-39.14;-16.74;-11.89;-95.98;-45.97;-94.80
14-01-2020;19:52:00;23.17;39.42;-151.00;-261.17;-31.13;-16.85;24.39;-38.46;-16.67;-12.20;-95.89;-45.56;-93.92
15-01-2020;04:00:00;24.07;39.63;-151.03;-262.05;-31.50;-16.62;24.94;-38.30;-16.53;-11.81;-96.11;-45.39;-94.23
15-01-2020;12:02:00;23.60;39.22;-150.82;-261.34;-31.15;-16.83;25.16;-37.99;-16.58;-11.97;-97.54;-45.21;-94.64
15-01-2020;20:05:00;24.19;39.38;-150.24;-260.91;-31.18;-16.87;25.23;-37.85;-16.44;-12.39;-96.86;-44.88;-93.44
16-01-2020;04:00:00;24.85;40.07;-149.37;-262.11;-32.64;-17.16;25.52;-37.72;-16.78;-11.74;-97.84;-45.35;-93.22
16-01-2020;11:55:00;24.77;39.42;-148.30;-262.07;-32.36;-17.04;24.98;-37.38;-17.06;-12.18;-97.04;-45.37;-92.70
16-01-2020;19:57:00;24.85;37.27;-149.01;-261.69;-32.19;-16.95;25.56;-37.45;-16.91;-12.04;-97.12;-45.87;-93.28
17-01-2020;04:00:00;24.44;37.36;-148.61;-262.02;-31.97;-17.17;25.44;-37.77;-17.13;-12.22;-97.24;-46.20;-92.85
17-01-2020;12:03:00;23.50;38.18;-148.46;-260.68;-30.92;-18.04;24.19;-38.61;-18.12;-13.51;-97.64;-47.78;-92.63
17-01-2020;20:05:00;22.13;38.00;-148.88;-260.91;-30.38;-18.22;24.24;-38.49;-18.14;-13.66;-98.15;-48.29;-93.51
18-01-2020;04:00:00;22.20;38.35;-148.68;-261.43;-30.95;-18.09;24.83;-38.20;-17.74;-13.04;-97.62;-48.42;-92.30
18-01-2020;11:55:00;21.74;37.97;-148.72;-262.81;-31.63;-17.78;24.46;-37.92;-17.21;-12.31;-97.48;-47.94;-92.06
18-01-2020;19:58:00;21.86;38.92;-148.87;-262.66;-31.79;-17.50;24.28;-38.20;-17.00;-12.07;-97.84;-47.95;-92.47
19-01-2020;04:01:00;21.07;38.92;-148.85;-263.33;-32.21;-17.09;24.27;-37.80;-16.66;-11.95;-97.51;-47.47;-92.64
19-01-2020;12:03:00;20.78;38.58;-148.83;-264.10;-32.56;-16.85;24.61;-37.94;-16.60;-11.71;-97.25;-47.20;-92.33
19-01-2020;19:57:00;20.52;38.33;-148.81;-264.01;-31.97;-16.81;24.73;-37.97;-16.54;-11.72;-97.39;-47.41;-92.31
20-01-2020;03:53:00;20.74;38.19;-148.75;-264.38;-32.35;-16.77;24.76;-38.27;-16.64;-11.80;-97.76;-47.43;-92.52
20-01-2020;11:56:00;22.95;38.16;-149.50;-264.73;-32.65;-16.50;24.24;-38.35;-16.92;-12.22;-97.66;-46.84;-92.22
20-01-2020;19:58:00;22.87;37.33;-149.83;-265.29;-32.91;-16.43;24.12;-37.66;-17.03;-12.14;-97.99;-47.68;-92.38
21-01-2020;04:01:00;22.84;38.11;-150.04;-265.72;-32.82;-16.57;24.08;-38.41;-17.38;-12.11;-98.29;-48.03;-92.84
21-01-2020;12:04:00;22.81;38.41;-150.24;-265.55;-32.75;-16.40;23.47;-38.42;-17.10;-12.24;-96.75;-47.66;-91.75
21-01-2020;19:58:00;22.51;38.62;-150.52;-265.65;-32.66;-16.85;23.29;-39.21;-17.15;-12.16;-96.93;-47.73;-92.03
22-01-2020;03:59:00;21.94;38.79;-150.21;-265.84;-32.16;-16.73;23.07;-38.94;-17.02;-12.73;-96.23;-47.25;-91.55
22-01-2020;11:56:00;22.33;39.07;-150.66;-266.68;-32.88;-16.45;22.86;-39.42;-16.87;-12.42;-95.98;-47.36;-91.54
22-01-2020;19:56:00;21.58;39.23;-150.85;-266.47;-32.05;-16.54;22.45;-39.09;-16.96;-12.74;-96.10;-47.57;-91.59
23-01-2020;04:00:00;22.33;39.59;-150.82;-267.39;-32.93;-16.07;23.00;-38.38;-16.55;-12.09;-95.84;-47.19;-91.34
23-01-2020;12:04:00;23.88;40.30;-150.94;-267.20;-33.01;-16.41;22.16;-38.33;-16.98;-12.35;-97.09;-47.95;-92.25
23-01-2020;19:59:00;23.50;40.72;-150.86;-267.75;-33.12;-16.36;22.17;-38.39;-17.08;-12.39;-98.25;-48.00;-93.26
24-01-2020;03:54:00;22.21;41.19;-150.86;-268.33;-33.13;-16.51;22.85;-38.62;-17.15;-12.85;-98.07;-47.92;-92.99
24-01-2020;12:00:00;20.97;41.59;-150.98;-268.11;-32.93;-16.27;22.28;-38.41;-16.82;-12.54;-97.73;-47.52;-92.69
24-01-2020;19:59:00;20.97;41.41;-150.87;-268.38;-32.90;-16.10;21.61;-38.61;-16.88;-12.48;-97.89;-47.60;-92.74
25-01-2020;04:02:00;21.09;41.50;-150.71;-268.41;-33.22;-16.03;21.49;-38.98;-16.75;-12.65;-97.95;-47.49;-92.73
25-01-2020;12:05:00;20.63;41.49;-150.87;-268.96;-33.26;-16.12;21.55;-39.32;-16.71;-12.31;-97.76;-47.55;-92.53
25-01-2020;19:54:00;20.87;39.88;-151.13;-269.27;-33.14;-16.24;21.15;-39.33;-16.76;-12.51;-97.77;-48.05;-92.39
26-01-2020;03:57:00;20.45;39.60;-151.26;-269.46;-33.02;-16.25;21.04;-39.33;-16.78;-12.45;-97.99;-48.21;-92.69
26-01-2020;11:57:00;20.19;39.24;-151.22;-269.13;-33.16;-16.41;20.64;-39.73;-16.90;-12.58;-98.20;-48.23;-92.66
26-01-2020;20:00:00;19.80;39.32;-151.22;-269.87;-32.80;-16.44;20.44;-40.05;-16.94;-12.90;-98.70;-48.54;-92.72
27-01-2020;04:02:00;19.52;39.45;-151.25;-269.82;-32.78;-16.52;20.79;-40.10;-16.89;-12.87;-98.96;-48.49;-92.85
27-01-2020;12:05:00;18.16;39.14;-151.32;-269.05;-31.52;-17.46;19.73;-41.17;-17.76;-13.70;-99.44;-48.94;-93.31
27-01-2020;19:53:00;18.83;39.38;-151.34;-269.62;-32.61;-16.73;20.69;-40.35;-17.02;-13.00;-98.48;-48.58;-92.59
28-01-2020;03:57:00;19.21;39.49;-151.26;-270.33;-33.08;-16.42;20.72;-40.03;-16.68;-12.99;-97.94;-48.37;-92.55
28-01-2020;11:57:00;19.03;39.47;-151.08;-270.01;-33.00;-16.42;20.63;-39.92;-16.77;-13.33;-97.97;-47.89;-92.56
28-01-2020;20:00:00;19.20;39.23;-151.24;-270.23;-33.04;-16.32;20.70;-39.83;-16.85;-13.35;-98.36;-48.10;-93.14
29-01-2020;04:06:00;19.07;39.24;-151.30;-271.01;-33.18;-16.18;20.88;-39.53;-16.68;-13.07;-97.98;-47.87;-92.80
29-01-2020;11:58:00;18.35;39.05;-151.33;-270.79;-33.43;-16.47;20.40;-39.65;-17.01;-13.30;-98.38;-48.17;-92.73
29-01-2020;19:54:00;17.48;39.13;-151.57;-270.83;-32.82;-16.86;20.11;-40.01;-17.21;-13.62;-98.78;-48.50;-93.42
30-01-2020;03:58:00;17.09;39.66;-151.65;-270.19;-31.66;-17.13;19.97;-40.45;-17.36;-14.52;-98.78;-48.70;-93.74
30-01-2020;11:55:00;18.90;39.63;-151.63;-271.08;-33.06;-16.81;20.68;-39.88;-17.26;-13.56;-98.44;-48.21;-93.12
30-01-2020;20:03:00;18.59;40.52;-151.66;-271.49;-33.19;-16.63;20.88;-39.84;-17.00;-13.66;-98.49;-48.03;-93.21
31-01-2020;03:58:00;18.94;40.61;-151.70;-272.45;-32.99;-16.50;21.14;-39.58;-16.91;-13.16;-98.45;-47.65;-93.19
31-01-2020;11:53:00;18.36;41.36;-151.66;-272.07;-33.33;-16.61;20.73;-39.62;-17.06;-13.29;-98.58;-47.86;-93.36
31-01-2020;19:55:00;18.41;41.66;-151.91;-271.21;-32.74;-16.65;21.54;-39.80;-17.12;-13.13;-98.50;-47.78;-93.79
01-02-2020;03:58:00;18.23;42.52;-152.17;-271.50;-32.91;-17.11;21.72;-39.82;-17.36;-13.31;-99.05;-48.06;-94.30
01-02-2020;12:01:00;18.72;42.70;-151.61;-272.35;-33.64;-16.65;21.41;-39.58;-17.16;-12.77;-98.70;-47.54;-94.05
01-02-2020;20:04:00;18.60;42.44;-151.72;-272.21;-33.93;-16.62;20.54;-39.34;-17.13;-12.22;-98.16;-47.40;-93.63
02-02-2020;03:58:00;17.82;41.86;-151.60;-271.66;-33.43;-16.57;20.91;-39.02;-17.07;-12.76;-97.71;-46.93;-93.54
02-02-2020;11:59:00;18.14;42.15;-151.65;-271.91;-33.35;-16.40;21.12;-38.61;-16.88;-12.68;-97.79;-47.06;-93.55
02-02-2020;19:56:00;18.02;41.93;-151.46;-271.27;-32.40;-16.31;21.39;-39.04;-16.93;-12.91;-97.51;-46.98;-93.55
03-02-2020;03:58:00;18.15;41.97;-151.38;-271.41;-33.46;-16.22;21.11;-39.41;-16.82;-12.83;-97.29;-46.45;-93.26
03-02-2020;12:05:00;16.94;41.79;-151.27;-269.85;-31.85;-16.72;20.50;-40.02;-17.37;-13.11;-97.31;-47.01;-93.59
03-02-2020;20:07:00;17.05;41.89;-151.55;-270.31;-32.33;-16.61;20.93;-39.94;-17.16;-13.25;-96.91;-46.95;-93.42
04-02-2020;03:58:00;15.86;41.85;-151.56;-269.11;-32.35;-16.90;20.64;-40.12;-17.28;-13.44;-97.38;-47.73;-93.56
04-02-2020;11:53:00;15.96;41.72;-151.49;-270.99;-31.48;-16.68;21.10;-39.66;-16.97;-13.31;-97.51;-47.97;-93.26
04-02-2020;19:56:00;16.36;42.02;-151.53;-270.34;-31.06;-16.57;21.38;-39.62;-17.09;-13.52;-97.16;-47.87;-93.14
05-02-2020;03:59:00;16.30;42.33;-151.72;-271.07;-31.72;-16.35;22.16;-39.26;-16.90;-13.19;-96.58;-47.28;-93.02
05-02-2020;12:01:00;16.27;42.41;-151.72;-271.39;-31.64;-16.59;21.61;-39.54;-17.01;-13.12;-97.30;-47.76;-93.75
05-02-2020;20:04:00;16.90;42.40;-152.19;-271.49;-31.31;-16.37;22.13;-39.29;-16.78;-13.35;-96.83;-47.90;-93.73
06-02-2020;03:56:00;16.89;42.46;-152.23;-271.69;-31.16;-16.51;21.77;-38.96;-16.80;-13.20;-97.00;-48.11;-94.10
06-02-2020;11:54:00;17.63;42.66;-152.11;-271.84;-30.87;-16.54;22.17;-39.24;-16.75;-13.13;-98.35;-48.31;-94.37
06-02-2020;19:56:00;16.25;43.20;-152.09;-271.47;-30.62;-16.58;22.33;-39.98;-16.95;-13.52;-97.84;-48.01;-93.90
07-02-2020;03:59:00;16.24;42.50;-151.92;-271.50;-30.78;-16.76;22.28;-40.32;-17.23;-13.75;-97.68;-48.14;-93.83
07-02-2020;12:02:00;13.90;42.32;-152.15;-270.85;-30.39;-17.61;21.45;-40.67;-17.91;-14.52;-98.66;-48.25;-94.93
07-02-2020;20:04:00;14.19;42.65;-152.63;-271.41;-28.36;-17.72;20.90;-41.27;-18.64;-14.75;-98.97;-49.23;-95.61
08-02-2020;03:59:00;15.18;42.29;-151.96;-270.34;-30.11;-17.83;20.94;-41.26;-18.24;-14.08;-97.72;-48.17;-94.50
08-02-2020;11:54:00;15.25;41.71;-151.14;-268.94;-31.92;-17.76;20.60;-40.49;-17.47;-13.58;-96.29;-47.03;-92.76
08-02-2020;20:04:00;15.39;41.20;-150.60;-269.47;-32.21;-18.13;20.24;-40.92;-17.47;-14.38;-96.05;-47.05;-92.53
09-02-2020;04:01:00;14.76;41.08;-150.56;-269.44;-31.85;-18.21;19.57;-41.24;-17.58;-14.30;-96.22;-46.98;-92.49
09-02-2020;12:02:00;15.03;42.75;-150.57;-270.52;-31.92;-18.27;19.66;-40.99;-17.58;-13.93;-96.04;-47.65;-92.43
09-02-2020;20:08:00;15.05;43.91;-151.31;-269.83;-31.23;-18.42;20.22;-41.11;-17.89;-14.45;-96.11;-47.77;-92.92
10-02-2020;04:00:00;16.40;43.88;-151.39;-270.08;-31.82;-18.46;20.73;-41.12;-17.68;-14.01;-96.33;-48.08;-92.99
10-02-2020;11:54:00;16.75;43.15;-151.27;-269.87;-31.72;-18.15;21.03;-40.90;-17.43;-13.88;-95.94;-47.79;-91.86
10-02-2020;19:57:00;17.46;43.31;-150.98;-270.31;-31.54;-18.32;20.82;-40.94;-17.64;-13.98;-96.75;-48.21;-92.89
11-02-2020;04:01:00;17.84;43.34;-150.04;-269.98;-31.34;-18.85;21.11;-41.95;-17.99;-14.41;-97.17;-49.09;-93.33
11-02-2020;12:02:00;18.30;42.47;-150.79;-270.48;-32.20;-18.57;21.22;-42.37;-17.91;-14.39;-97.18;-48.49;-93.21
11-02-2020;20:07:00;18.38;42.69;-151.38;-270.59;-31.34;-18.71;20.09;-41.82;-18.09;-14.67;-96.93;-47.70;-92.78
12-02-2020;04:00:00;19.03;42.61;-152.64;-270.85;-31.19;-18.66;21.25;-40.86;-17.86;-13.99;-96.35;-47.40;-93.24
12-02-2020;11:55:00;19.71;42.39;-152.43;-270.56;-31.45;-18.63;21.32;-40.56;-17.89;-14.41;-96.00;-48.05;-92.82
12-02-2020;20:05:00;20.53;43.09;-152.26;-271.13;-31.33;-18.25;22.12;-40.19;-17.50;-14.44;-95.91;-47.74;-92.88
13-02-2020;04:00:00;19.71;42.71;-151.40;-271.45;-31.54;-18.04;22.63;-40.56;-17.43;-14.25;-96.12;-47.47;-93.28
13-02-2020;12:03:00;19.35;42.18;-150.63;-271.98;-30.69;-18.17;22.92;-40.92;-17.36;-14.18;-95.87;-47.93;-93.31
13-02-2020;20:14:00;19.46;42.89;-150.54;-271.98;-30.56;-18.15;23.28;-40.94;-17.36;-14.09;-96.14;-47.76;-92.90
14-02-2020;03:57:00;18.30;43.28;-150.39;-270.50;-29.79;-18.71;22.11;-41.35;-17.67;-14.33;-96.72;-47.71;-93.13
14-02-2020;11:53:00;18.92;43.41;-150.86;-270.59;-29.20;-18.67;22.30;-41.16;-17.85;-14.31;-96.14;-48.23;-92.68
14-02-2020;19:58:00;20.42;43.78;-150.65;-271.18;-28.49;-18.58;22.24;-40.53;-17.61;-14.14;-96.00;-48.99;-92.35
15-02-2020;04:01:00;20.16;43.85;-149.34;-271.18;-28.30;-18.27;23.07;-39.53;-17.69;-14.25;-95.82;-48.74;-92.23
15-02-2020;12:06:00;20.78;43.29;-150.01;-272.20;-28.41;-18.28;22.94;-39.72;-17.57;-13.91;-95.87;-48.14;-92.41
15-02-2020;19:58:00;20.89;43.27;-149.69;-271.92;-28.49;-18.44;22.97;-39.57;-17.67;-13.83;-96.22;-48.28;-92.21
16-02-2020;03:53:00;19.20;42.17;-149.26;-271.67;-28.85;-18.36;22.81;-40.36;-17.81;-13.93;-96.63;-48.88;-92.12
16-02-2020;11:56:00;19.32;41.80;-149.30;-272.80;-28.67;-18.78;21.96;-40.31;-17.83;-14.02;-96.62;-49.04;-92.45
16-02-2020;19:58:00;18.55;40.76;-149.36;-272.58;-28.23;-18.39;22.65;-40.39;-17.98;-13.70;-96.57;-48.87;-92.88
17-02-2020;04:01:00;19.94;42.00;-149.21;-272.22;-28.53;-18.41;22.02;-39.79;-18.15;-14.12;-96.94;-49.00;-92.95
17-02-2020;12:05:00;19.16;43.24;-148.71;-271.88;-28.91;-18.04;22.82;-40.13;-17.78;-13.70;-97.58;-49.23;-93.06
17-02-2020;20:04:00;20.22;44.00;-147.74;-271.19;-27.86;-17.93;22.18;-40.10;-17.82;-13.97;-96.90;-49.57;-92.90
18-02-2020;03:56:00;20.07;43.32;-147.14;-272.25;-28.01;-17.98;22.69;-40.88;-17.84;-13.75;-96.89;-49.89;-92.86
18-02-2020;12:02:00;21.14;42.36;-147.04;-272.07;-27.95;-18.02;23.22;-40.59;-17.51;-13.79;-97.14;-50.28;-93.23
18-02-2020;19:59:00;22.01;41.60;-147.15;-272.60;-27.82;-17.72;23.34;-40.43;-17.51;-14.10;-96.81;-49.35;-92.79
19-02-2020;04:01:00;22.28;41.43;-146.97;-273.23;-27.83;-17.49;24.66;-40.60;-17.25;-14.27;-96.88;-49.78;-92.46
19-02-2020;11:57:00;20.58;40.90;-146.57;-273.41;-27.80;-17.41;25.18;-41.56;-17.43;-14.18;-97.59;-50.13;-93.71
19-02-2020;20:02:00;20.07;41.15;-146.13;-272.80;-27.31;-17.31;24.90;-41.86;-17.21;-14.51;-97.10;-50.15;-93.52
20-02-2020;03:54:00;20.04;40.23;-146.36;-273.59;-27.01;-17.10;25.43;-41.76;-17.17;-14.19;-98.20;-50.55;-94.11
20-02-2020;11:56:00;20.18;40.49;-146.31;-273.95;-26.80;-17.28;25.06;-42.24;-17.22;-14.12;-97.98;-50.68;-93.97
20-02-2020;19:59:00;20.26;39.88;-145.60;-275.43;-27.41;-17.68;23.23;-42.76;-17.31;-13.87;-98.11;-50.75;-94.27
21-02-2020;04:08:00;20.74;38.87;-145.48;-275.38;-28.42;-17.59;23.19;-42.88;-17.42;-13.70;-98.43;-51.11;-94.31
21-02-2020;12:09:00;20.49;37.90;-145.32;-275.20;-27.74;-17.65;22.96;-42.37;-17.46;-13.73;-98.66;-51.39;-95.06
21-02-2020;20:05:00;21.37;39.66;-146.34;-275.31;-28.11;-17.76;22.89;-43.69;-17.55;-13.25;-98.92;-51.51;-95.02
22-02-2020;03:54:00;21.08;38.98;-147.17;-276.04;-27.81;-17.97;22.88;-43.82;-17.84;-13.95;-99.15;-52.15;-95.54
22-02-2020;11:57:00;19.08;39.12;-146.85;-277.07;-28.20;-17.68;22.77;-44.14;-17.61;-13.38;-98.58;-52.47;-94.44
22-02-2020;19:59:00;19.86;38.69;-146.92;-277.15;-28.27;-18.26;22.14;-44.06;-17.81;-14.09;-99.25;-52.91;-95.07
23-02-2020;03:57:00;21.10;38.45;-147.16;-276.21;-29.19;-18.51;22.42;-43.89;-17.58;-13.88;-99.83;-53.30;-95.62
23-02-2020;12:05:00;21.53;38.42;-147.44;-275.87;-29.15;-18.30;22.74;-44.30;-17.33;-13.83;-99.54;-53.19;-95.47
23-02-2020;20:00:00;22.48;38.10;-147.48;-276.51;-29.41;-18.33;22.48;-45.22;-16.69;-13.56;-99.14;-52.49;-94.52
24-02-2020;03:55:00;22.88;37.93;-147.73;-276.00;-28.61;-18.32;22.50;-45.95;-16.68;-13.55;-99.60;-53.28;-94.64
24-02-2020;11:57:00;24.48;37.58;-147.93;-276.21;-28.35;-18.05;22.70;-45.98;-16.88;-13.37;-99.30;-52.74;-94.27
24-02-2020;19:58:00;25.41;38.00;-147.77;-275.81;-28.65;-17.47;22.42;-46.35;-16.52;-13.27;-98.89;-52.58;-94.10
25-02-2020;04:02:00;24.47;38.04;-147.60;-276.11;-29.01;-17.05;22.57;-46.20;-16.32;-12.85;-99.01;-51.90;-94.27
25-02-2020;12:05:00;22.75;37.55;-147.45;-276.78;-28.78;-16.73;21.85;-46.54;-15.96;-12.21;-98.78;-52.22;-93.81
25-02-2020;20:00:00;22.46;37.26;-147.46;-276.58;-28.70;-16.54;21.24;-46.36;-15.95;-12.09;-98.60;-52.14;-94.53
26-02-2020;03:47:00;23.33;36.49;-147.48;-276.84;-28.25;-16.43;20.45;-46.44;-15.90;-12.37;-98.71;-52.80;-94.79
26-02-2020;11:51:00;24.68;36.18;-147.63;-276.40;-28.41;-16.54;19.52;-46.75;-16.03;-12.52;-98.97;-52.78;-95.00
26-02-2020;20:00:00;24.40;35.97;-147.61;-276.35;-28.63;-16.41;19.36;-46.39;-15.72;-12.64;-98.73;-53.06;-94.96
27-02-2020;04:13:00;24.25;35.95;-147.44;-276.58;-29.16;-16.22;18.81;-46.58;-15.74;-11.87;-98.16;-53.03;-94.63
27-02-2020;12:05:00;23.04;35.97;-147.46;-276.18;-29.29;-16.70;18.40;-47.47;-16.05;-11.99;-98.06;-53.41;-94.89
27-02-2020;20:00:00;24.40;35.82;-147.61;-276.76;-30.19;-16.18;19.77;-47.59;-15.71;-12.15;-96.94;-52.70;-93.85
28-02-2020;03:55:00;23.36;35.15;-147.43;-276.51;-29.79;-16.38;19.15;-47.78;-15.77;-12.07;-97.09;-53.05;-94.08
28-02-2020;11:54:00;23.79;34.27;-147.75;-276.29;-30.10;-16.98;18.50;-48.24;-16.07;-12.38;-97.97;-54.00;-94.45
28-02-2020;19:57:00;23.27;34.26;-148.10;-276.50;-29.69;-16.46;19.37;-48.48;-15.73;-12.03;-97.77;-53.28;-94.94
29-02-2020;04:03:00;22.80;33.95;-147.74;-276.72;-29.63;-16.47;19.36;-48.82;-15.69;-11.94;-97.74;-52.64;-94.83
29-02-2020;12:02:00;22.67;33.90;-148.11;-277.51;-29.99;-16.14;18.80;-48.59;-15.59;-11.24;-97.10;-52.69;-94.40
29-02-2020;19:53:00;21.65;33.61;-148.71;-277.72;-30.58;-15.93;17.89;-48.26;-15.34;-10.81;-96.80;-52.02;-95.01
01-03-2020;03:54:00;21.77;32.65;-149.21;-276.54;-29.58;-16.31;16.62;-48.86;-15.84;-11.28;-97.58;-52.36;-95.07
01-03-2020;11:58:00;23.17;32.04;-148.70;-277.02;-29.97;-16.55;15.25;-49.51;-16.11;-11.38;-97.75;-52.33;-94.72
01-03-2020;20:01:00;22.78;32.07;-148.33;-276.55;-29.00;-16.97;14.27;-50.04;-16.19;-11.89;-98.50;-52.85;-94.86
02-03-2020;04:09:00;23.12;33.47;-146.94;-276.53;-28.62;-17.16;13.06;-50.66;-16.07;-12.32;-98.56;-53.45;-95.20
02-03-2020;11:58:00;23.24;33.34;-146.26;-276.39;-29.31;-17.70;13.23;-51.19;-16.66;-12.66;-98.76;-53.38;-95.50
02-03-2020;19:53:00;25.64;33.84;-146.68;-278.66;-29.66;-17.01;13.37;-50.47;-15.86;-11.92;-97.55;-52.80;-95.15
03-03-2020;03:58:00;25.43;33.69;-146.50;-278.75;-29.50;-16.78;13.30;-50.56;-15.63;-11.62;-97.13;-52.74;-95.18
03-03-2020;11:58:00;24.26;33.55;-146.30;-279.37;-29.81;-16.52;12.71;-50.46;-15.33;-11.27;-96.77;-52.84;-95.09
03-03-2020;20:01:00;22.63;33.18;-146.37;-279.44;-30.79;-16.40;12.27;-50.70;-15.27;-11.37;-96.94;-53.24;-95.07
04-03-2020;04:04:00;21.78;32.89;-146.07;-278.67;-30.08;-16.38;11.84;-50.79;-15.47;-11.58;-97.04;-53.54;-94.87
04-03-2020;11:59:00;20.11;32.22;-144.85;-278.00;-29.33;-16.95;12.43;-51.28;-16.02;-11.74;-96.74;-53.55;-94.73
04-03-2020;19:54:00;18.91;32.79;-145.07;-277.77;-28.67;-16.67;12.34;-51.49;-15.68;-11.95;-96.94;-53.91;-95.22
05-03-2020;03:56:00;19.28;32.63;-145.18;-277.32;-27.91;-16.82;11.64;-52.10;-15.67;-12.20;-96.93;-53.62;-95.57
05-03-2020;11:59:00;20.10;31.97;-144.88;-277.77;-28.77;-17.11;11.51;-52.57;-15.86;-11.68;-96.63;-53.62;-95.53
05-03-2020;20:02:00;20.00;31.69;-145.33;-277.46;-28.58;-16.35;11.71;-52.15;-15.05;-11.42;-96.12;-53.47;-95.66
06-03-2020;04:04:00;20.35;31.29;-145.40;-277.17;-29.82;-16.17;12.14;-52.43;-14.92;-11.20;-95.70;-53.84;-95.51
06-03-2020;11:59:00;20.90;30.91;-145.31;-277.92;-29.47;-16.13;11.81;-52.78;-15.02;-10.85;-95.62;-54.58;-95.76
06-03-2020;19:50:00;21.16;31.08;-146.45;-278.27;-29.19;-15.76;11.83;-52.56;-14.61;-10.92;-95.52;-55.27;-95.66
07-03-2020;03:57:00;20.95;30.87;-146.57;-277.29;-28.57;-15.85;11.52;-53.07;-14.64;-11.02;-95.74;-55.56;-95.70
07-03-2020;12:00:00;20.50;30.63;-146.36;-278.16;-28.29;-15.51;11.22;-53.55;-14.36;-10.47;-95.56;-55.78;-95.62
07-03-2020;20:02:00;18.53;29.97;-146.65;-278.42;-27.29;-15.73;10.86;-54.05;-14.63;-10.72;-96.05;-55.05;-95.94
08-03-2020;04:09:00;18.58;30.86;-146.96;-279.66;-27.18;-15.85;11.17;-54.12;-14.84;-10.85;-96.36;-55.86;-96.58
08-03-2020;11:59:00;19.84;30.31;-146.69;-279.10;-27.36;-16.14;9.94;-54.20;-15.15;-10.43;-96.64;-55.72;-96.54
08-03-2020;19:54:00;18.74;31.37;-146.87;-279.77;-27.15;-16.07;11.05;-53.65;-15.23;-10.45;-96.57;-56.06;-96.54
09-03-2020;03:57:00;19.66;30.81;-146.50;-279.69;-26.38;-16.50;9.96;-54.50;-15.42;-10.52;-96.98;-55.94;-97.70
09-03-2020;11:56:00;19.77;30.58;-146.53;-280.03;-26.56;-15.90;9.71;-54.34;-15.20;-10.24;-96.10;-55.66;-97.30
09-03-2020;20:02:00;20.77;30.08;-147.26;-279.74;-25.76;-16.34;9.51;-54.71;-15.29;-10.86;-96.01;-55.17;-97.54
10-03-2020;04:05:00;20.65;29.40;-145.49;-279.87;-26.86;-15.94;8.71;-55.17;-14.92;-10.79;-96.27;-55.83;-98.15
10-03-2020;12:00:00;21.96;28.88;-145.02;-279.81;-27.04;-16.11;7.75;-55.61;-14.90;-10.41;-95.55;-55.54;-98.02
10-03-2020;19:55:00;21.11;29.03;-144.41;-279.31;-26.60;-15.90;7.02;-55.45;-14.96;-10.62;-95.72;-55.70;-98.65
11-03-2020;03:57:00;20.98;29.54;-143.71;-279.15;-27.04;-16.07;6.63;-56.17;-15.29;-10.27;-96.82;-56.06;-99.06
11-03-2020;12:00:00;20.50;29.70;-145.00;-279.53;-27.19;-15.79;6.34;-56.36;-15.18;-10.24;-97.03;-56.86;-99.35
11-03-2020;20:03:00;20.79;29.70;-145.48;-279.25;-26.51;-15.84;6.44;-56.72;-15.14;-10.75;-96.88;-56.83;-98.84
12-03-2020;03:58:00;20.15;29.96;-145.58;-278.41;-27.06;-15.49;5.79;-57.10;-15.34;-10.88;-96.61;-56.68;-98.81
12-03-2020;11:53:00;20.29;29.84;-145.61;-279.07;-27.84;-15.04;5.89;-57.41;-14.90;-10.23;-96.55;-56.49;-98.80
12-03-2020;19:55:00;19.49;29.97;-145.62;-277.94;-27.69;-15.68;4.44;-57.18;-15.36;-10.96;-97.34;-57.13;-99.36
13-03-2020;03:54:00;21.45;30.48;-145.58;-277.62;-29.12;-15.48;4.73;-56.95;-15.29;-10.49;-96.82;-56.49;-98.52
13-03-2020;12:01:00;21.95;30.74;-145.10;-277.96;-29.06;-15.00;4.87;-57.17;-14.70;-10.15;-96.50;-56.81;-97.97
13-03-2020;20:03:00;21.96;31.00;-144.60;-277.41;-28.54;-14.58;4.16;-57.20;-14.60;-9.88;-96.15;-56.67;-97.65
14-03-2020;03:58:00;21.35;30.79;-144.37;-276.95;-28.67;-14.36;3.29;-57.41;-14.53;-9.82;-96.07;-56.65;-97.76
14-03-2020;12:00:00;20.90;30.65;-144.33;-276.78;-29.09;-14.31;2.91;-57.34;-14.42;-9.64;-96.11;-56.40;-97.60
14-03-2020;19:56:00;18.92;30.87;-144.48;-277.30;-29.59;-14.22;1.88;-57.38;-14.33;-9.42;-96.28;-56.28;-97.52
15-03-2020;03:59:00;17.58;31.80;-144.33;-276.39;-28.94;-14.86;0.85;-57.89;-14.66;-10.00;-98.01;-57.37;-98.75
15-03-2020;12:01:00;19.54;32.94;-144.39;-277.03;-29.82;-14.93;0.66;-57.69;-14.87;-9.66;-97.90;-56.04;-98.59
15-03-2020;20:09:00;19.88;34.15;-144.85;-276.95;-29.18;-15.16;0.22;-57.85;-15.19;-10.06;-98.39;-56.36;-99.27
16-03-2020;03:59:00;19.73;34.37;-145.07;-277.43;-28.92;-14.69;-0.16;-57.93;-14.58;-10.19;-98.41;-56.06;-98.30
16-03-2020;11:54:00;19.33;34.09;-144.32;-276.67;-29.56;-14.82;-0.45;-58.12;-15.23;-9.62;-98.36;-55.82;-98.58
16-03-2020;19:56:00;20.17;34.47;-145.45;-277.95;-28.84;-14.52;0.40;-57.92;-14.48;-9.49;-97.97;-57.00;-98.90
17-03-2020;03:59:00;18.67;34.82;-144.88;-277.11;-28.38;-14.77;-0.22;-58.17;-14.65;-9.86;-98.19;-56.87;-99.09
17-03-2020;12:02:00;20.14;34.71;-144.46;-277.09;-28.84;-15.11;-0.51;-58.23;-14.82;-9.85;-98.17;-57.21;-98.81
17-03-2020;20:04:00;18.50;35.42;-143.74;-276.90;-28.84;-15.24;-0.72;-57.57;-15.20;-9.95;-98.25;-57.05;-98.93
18-03-2020;03:59:00;18.67;33.75;-144.81;-278.36;-27.41;-15.48;-0.65;-56.38;-15.25;-10.65;-98.10;-56.48;-98.21
18-03-2020;11:54:00;21.06;33.64;-144.87;-278.60;-28.27;-15.18;-0.19;-55.77;-15.22;-9.70;-97.72;-56.08;-97.68
18-03-2020;20:04:00;21.28;35.15;-144.45;-279.32;-27.50;-14.97;0.11;-55.84;-15.49;-10.25;-97.88;-56.87;-99.28
19-03-2020;04:01:00;22.62;35.45;-144.66;-279.27;-27.34;-14.96;-0.15;-55.98;-15.19;-9.93;-97.46;-57.42;-98.10
19-03-2020;12:04:00;22.28;34.77;-144.18;-281.03;-28.09;-15.11;-0.90;-55.84;-15.55;-10.06;-97.93;-57.02;-98.55
19-03-2020;20:06:00;21.94;35.24;-144.48;-281.78;-28.97;-15.01;-0.29;-56.22;-15.13;-10.51;-97.57;-57.10;-98.48
20-03-2020;04:00:00;22.61;35.78;-144.60;-282.26;-29.29;-15.39;-0.52;-56.80;-14.99;-9.82;-97.22;-57.13;-98.24
20-03-2020;12:04:00;21.89;35.22;-144.58;-282.31;-29.35;-15.40;0.21;-56.68;-14.90;-9.89;-97.35;-56.92;-98.45
20-03-2020;19:59:00;20.32;34.62;-144.78;-282.10;-29.03;-15.36;0.09;-57.04;-14.58;-9.41;-97.19;-57.37;-98.57
21-03-2020;04:01:00;18.81;34.79;-144.74;-281.86;-28.26;-15.21;-0.72;-57.18;-14.51;-9.28;-96.99;-57.60;-98.96
21-03-2020;12:04:00;19.25;35.42;-144.68;-281.97;-27.65;-15.41;-1.30;-57.21;-14.62;-9.26;-96.59;-57.53;-99.07
21-03-2020;20:05:00;18.86;35.24;-144.84;-281.80;-28.05;-14.87;-1.18;-56.89;-14.14;-9.13;-96.55;-57.94;-99.25
22-03-2020;03:54:00;18.25;35.90;-144.75;-282.00;-28.23;-14.95;-1.46;-57.29;-13.99;-9.06;-96.78;-58.22;-99.67
22-03-2020;11:56:00;18.95;35.89;-144.41;-282.15;-28.41;-14.73;-1.43;-57.10;-13.70;-8.87;-96.55;-58.04;-99.64
22-03-2020;19:59:00;18.19;36.34;-144.24;-282.16;-28.44;-14.50;-1.27;-57.34;-13.49;-8.65;-96.76;-58.14;-99.81
23-03-2020;04:08:00;17.25;36.25;-144.37;-282.27;-28.45;-14.29;-1.69;-57.91;-13.23;-8.64;-96.93;-58.53;-99.60
23-03-2020;12:04:00;17.03;36.35;-144.53;-281.80;-29.17;-14.38;-1.52;-58.59;-13.41;-8.59;-96.58;-58.35;-99.35
23-03-2020;19:59:00;17.10;36.57;-144.57;-281.83;-29.43;-13.73;-1.49;-59.31;-12.94;-8.58;-96.38;-58.24;-99.10
24-03-2020;03:58:00;15.30;35.36;-144.03;-282.40;-29.44;-13.49;-2.24;-60.40;-12.60;-8.21;-95.42;-58.58;-99.08
24-03-2020;11:56:00;14.46;35.22;-143.80;-282.32;-29.07;-13.71;-2.34;-61.07;-12.71;-8.37;-95.07;-59.44;-99.03
24-03-2020;20:00:00;14.11;34.46;-143.19;-282.68;-29.39;-13.37;-1.99;-61.20;-12.53;-8.41;-94.65;-59.92;-98.47
25-03-2020;04:02:00;13.36;33.37;-143.09;-281.71;-29.69;-13.15;-1.93;-62.58;-12.52;-8.25;-95.21;-61.27;-99.61
25-03-2020;12:05:00;12.76;33.35;-143.47;-281.68;-29.87;-13.32;-2.08;-63.06;-12.56;-8.61;-95.87;-61.31;-100.18
25-03-2020;19:56:00;13.10;32.31;-142.99;-280.22;-29.45;-13.79;-3.15;-64.04;-13.27;-9.19;-96.09;-61.09;-100.53
26-03-2020;03:55:00;13.33;31.83;-142.95;-279.87;-29.15;-13.77;-3.47;-64.07;-13.35;-9.75;-96.91;-61.34;-100.88
26-03-2020;11:50:00;13.89;31.97;-142.72;-280.79;-29.78;-14.56;-4.31;-64.21;-14.14;-9.40;-96.64;-61.85;-100.43
26-03-2020;20:03:00;15.10;31.69;-142.91;-281.61;-29.54;-14.06;-3.03;-63.27;-13.32;-9.65;-95.67;-61.50;-99.16
27-03-2020;04:00:00;13.76;31.37;-142.77;-282.19;-29.72;-13.86;-3.25;-63.15;-13.27;-9.82;-95.43;-61.11;-99.15
27-03-2020;12:08:00;12.51;30.91;-142.52;-283.09;-30.50;-13.61;-3.01;-63.02;-12.89;-9.00;-94.79;-60.80;-99.08
27-03-2020;19:55:00;11.45;30.12;-143.08;-283.72;-30.29;-13.59;-2.18;-62.61;-12.41;-9.00;-94.70;-61.23;-99.04
28-03-2020;03:58:00;13.16;29.68;-143.32;-283.37;-30.61;-13.79;-1.28;-62.63;-12.37;-8.23;-94.87;-61.86;-98.86
28-03-2020;12:01:00;12.77;29.59;-143.16;-283.70;-30.80;-13.71;-1.34;-62.56;-12.23;-8.22;-94.94;-62.40;-99.02
28-03-2020;20:03:00;13.02;29.16;-143.02;-283.63;-30.43;-13.57;-1.64;-62.88;-12.11;-8.12;-95.00;-62.47;-99.08
29-03-2020;03:58:00;12.71;29.34;-143.05;-284.08;-30.22;-13.46;-2.31;-62.87;-11.94;-8.06;-94.90;-62.18;-98.93
29-03-2020;11:58:00;11.77;29.44;-142.95;-283.92;-30.22;-13.49;-3.37;-62.76;-12.04;-8.14;-94.93;-62.33;-99.14
29-03-2020;20:00:00;11.78;29.22;-142.73;-283.80;-30.19;-13.06;-3.95;-62.52;-11.86;-7.70;-94.71;-62.39;-99.07
30-03-2020;03:59:00;11.11;29.05;-142.48;-283.61;-29.76;-13.21;-5.09;-62.70;-11.97;-7.94;-94.69;-62.44;-98.54
30-03-2020;12:01:00;11.50;29.16;-142.50;-283.82;-30.42;-12.93;-5.24;-62.79;-11.65;-7.36;-94.48;-62.39;-98.38
30-03-2020;20:04:00;10.74;29.34;-142.57;-283.02;-29.58;-12.74;-6.20;-63.67;-11.40;-7.58;-94.34;-62.34;-98.03
31-03-2020;03:59:00;11.26;29.39;-142.47;-283.47;-29.09;-12.42;-6.76;-63.60;-11.13;-7.07;-94.29;-62.48;-98.06
31-03-2020;11:53:00;10.71;29.36;-142.20;-283.66;-28.85;-12.44;-7.45;-63.55;-11.21;-7.52;-94.19;-62.49;-98.10
31-03-2020;19:56:00;11.26;29.11;-142.49;-283.78;-28.81;-12.57;-8.10;-63.29;-11.34;-7.50;-93.96;-61.69;-97.59
01-04-2020;03:59:00;11.35;28.55;-142.33;-283.69;-28.64;-12.75;-9.18;-64.58;-11.57;-7.42;-94.79;-62.05;-97.94
01-04-2020;11:56:00;11.79;29.26;-142.47;-284.07;-29.09;-12.79;-8.75;-64.81;-11.52;-7.37;-93.70;-61.44;-97.45
01-04-2020;20:05:00;11.99;28.25;-142.39;-284.19;-28.80;-12.68;-8.73;-65.03;-11.43;-7.56;-93.07;-60.93;-96.85
02-04-2020;04:06:00;11.58;28.26;-141.82;-284.02;-28.66;-12.88;-9.82;-65.35;-11.90;-7.58;-93.15;-61.61;-97.50
02-04-2020;11:54:00;11.73;28.24;-141.49;-283.76;-28.31;-12.89;-11.29;-65.35;-12.22;-7.74;-94.02;-60.45;-98.21
02-04-2020;19:52:00;11.31;28.13;-142.04;-284.20;-28.64;-12.76;-11.19;-65.31;-11.73;-7.87;-93.91;-60.36;-98.56
03-04-2020;04:00:00;12.08;28.42;-142.06;-284.32;-28.95;-12.70;-12.29;-65.92;-11.55;-7.36;-93.87;-60.29;-98.86
03-04-2020;11:56:00;11.50;28.59;-142.12;-284.71;-28.68;-12.33;-12.05;-65.94;-11.42;-7.38;-93.42;-60.45;-98.35
03-04-2020;20:04:00;10.80;28.56;-142.09;-284.55;-28.19;-12.24;-12.29;-66.39;-11.42;-7.05;-93.87;-60.22;-99.08
04-04-2020;03:59:00;9.64;29.48;-141.77;-284.25;-27.70;-11.93;-12.53;-66.60;-11.13;-7.32;-94.19;-60.34;-99.51
04-04-2020;11:53:00;9.69;30.15;-141.74;-284.38;-27.96;-11.63;-13.44;-66.58;-10.97;-6.85;-93.99;-60.12;-99.13
04-04-2020;19:57:00;9.35;30.68;-141.35;-283.56;-27.93;-11.55;-14.04;-66.26;-10.95;-7.07;-94.06;-60.44;-99.13
05-04-2020;03:59:00;9.88;30.02;-140.28;-282.49;-28.02;-11.93;-15.21;-65.88;-11.33;-7.14;-92.52;-60.75;-97.90
05-04-2020;12:13:00;10.52;30.21;-140.08;-282.77;-27.23;-12.74;-15.62;-66.06;-11.90;-7.39;-92.48;-60.29;-97.87
05-04-2020;20:05:00;10.30;30.24;-140.48;-282.73;-26.74;-12.30;-14.40;-65.82;-11.49;-7.80;-91.55;-58.91;-97.15
06-04-2020;03:59:00;10.74;30.35;-140.39;-284.24;-26.77;-11.50;-14.48;-64.98;-10.81;-7.13;-91.62;-58.35;-96.94
06-04-2020;11:54:00;10.87;30.02;-140.42;-284.84;-27.22;-11.60;-13.84;-64.77;-10.92;-6.97;-91.19;-58.38;-96.76
06-04-2020;19:57:00;9.73;29.11;-140.23;-285.00;-27.09;-11.67;-14.56;-65.00;-11.19;-7.02;-90.79;-58.74;-96.20
07-04-2020;04:00:00;8.91;28.29;-140.25;-285.58;-27.15;-11.70;-14.32;-64.77;-11.24;-7.02;-90.99;-58.49;-96.22
07-04-2020;12:02:00;9.62;28.22;-140.30;-285.47;-26.90;-11.73;-14.01;-64.21;-11.11;-7.10;-90.95;-58.31;-96.00
07-04-2020;20:05:00;10.23;28.26;-140.40;-285.75;-27.62;-11.81;-14.37;-64.00;-11.07;-7.24;-91.41;-58.48;-95.92
08-04-2020;04:00:00;9.22;28.44;-140.57;-285.90;-27.65;-11.74;-15.03;-63.80;-11.02;-7.24;-91.58;-58.26;-96.07
08-04-2020;11:55:00;9.48;28.75;-140.50;-286.09;-27.51;-11.69;-15.75;-64.13;-11.29;-6.88;-91.73;-58.40;-96.03
08-04-2020;19:57:00;10.44;28.58;-140.52;-286.54;-26.87;-11.75;-16.93;-65.38;-11.43;-7.62;-91.78;-57.80;-95.95
09-04-2020;04:00:00;8.86;29.52;-139.95;-286.83;-26.88;-11.57;-17.16;-65.30;-11.12;-7.15;-92.54;-57.98;-95.82
09-04-2020;12:03:00;8.52;29.49;-139.34;-286.73;-26.92;-11.47;-17.61;-65.35;-11.02;-7.06;-92.23;-57.45;-95.54
09-04-2020;19:51:00;7.47;29.37;-139.08;-285.90;-27.13;-11.25;-17.76;-65.57;-11.01;-6.98;-92.02;-57.29;-95.77
10-04-2020;04:00:00;7.62;29.46;-139.55;-286.58;-27.20;-11.08;-17.99;-65.29;-10.85;-7.46;-91.99;-57.60;-95.59
10-04-2020;11:55:00;6.23;29.39;-139.47;-287.07;-27.06;-11.19;-18.03;-65.26;-10.95;-7.42;-92.11;-57.52;-95.72
10-04-2020;19:58:00;4.93;29.45;-138.96;-286.59;-26.10;-11.08;-18.78;-65.56;-10.82;-7.76;-92.20;-56.96;-96.02
11-04-2020;04:00:00;3.92;29.84;-138.56;-286.86;-26.58;-10.85;-18.86;-65.60;-10.67;-6.88;-91.66;-56.72;-95.36
11-04-2020;12:03:00;2.68;30.01;-138.54;-286.33;-25.91;-11.47;-19.41;-66.03;-11.11;-7.26;-91.51;-57.35;-95.11
11-04-2020;19:55:00;3.20;30.04;-138.89;-286.75;-25.43;-11.51;-19.45;-65.83;-11.18;-7.22;-91.13;-56.82;-94.56
12-04-2020;03:53:00;2.90;30.68;-139.14;-287.71;-25.31;-11.24;-19.31;-65.94;-10.87;-6.74;-91.03;-56.52;-95.12
12-04-2020;11:55:00;2.90;30.10;-139.17;-287.52;-25.12;-11.30;-19.07;-66.12;-10.90;-6.59;-90.83;-56.29;-94.24
12-04-2020;19:58:00;1.09;29.73;-138.79;-287.44;-25.02;-11.19;-19.70;-66.37;-10.81;-6.71;-89.65;-55.91;-94.10
13-04-2020;04:00:00;0.95;29.71;-138.57;-287.73;-25.61;-10.96;-20.18;-66.38;-10.79;-6.81;-90.01;-55.55;-93.64
13-04-2020;12:03:00;-0.07;29.92;-138.22;-288.02;-24.58;-10.59;-21.37;-66.62;-10.79;-6.83;-90.46;-55.52;-93.85
13-04-2020;19:58:00;-1.82;30.49;-137.83;-288.06;-25.35;-10.36;-21.85;-66.74;-10.61;-6.83;-90.29;-55.68;-93.70
14-04-2020;03:53:00;-2.28;30.48;-137.83;-288.02;-26.15;-10.32;-22.38;-66.84;-10.63;-6.98;-90.14;-55.65;-93.58
14-04-2020;11:56:00;-2.04;30.56;-137.88;-288.72;-25.13;-10.25;-22.58;-66.75;-10.65;-6.90;-90.14;-55.10;-93.57
14-04-2020;20:03:00;-1.83;30.83;-137.74;-289.17;-24.91;-10.45;-22.60;-66.81;-10.83;-6.53;-90.20;-54.71;-93.73
15-04-2020;03:48:00;-1.68;31.83;-137.60;-287.30;-24.27;-10.84;-23.27;-66.77;-11.39;-6.94;-89.91;-54.17;-93.35
15-04-2020;12:04:00;-2.13;31.27;-137.50;-288.28;-25.78;-10.15;-22.91;-65.86;-10.82;-5.87;-89.96;-54.01;-93.51
15-04-2020;19:58:00;-2.78;32.00;-137.20;-288.51;-25.83;-10.43;-23.23;-66.34;-10.89;-6.20;-89.44;-53.39;-93.06
16-04-2020;03:53:00;-2.63;32.68;-137.95;-288.42;-25.06;-10.21;-22.48;-65.83;-10.62;-6.26;-89.86;-53.56;-93.23
16-04-2020;11:56:00;-3.33;32.14;-137.60;-288.78;-25.32;-10.57;-23.52;-66.31;-10.69;-6.08;-90.32;-53.47;-93.19
16-04-2020;20:05:00;-2.92;31.54;-137.70;-289.20;-25.72;-10.45;-23.41;-66.63;-10.62;-6.05;-89.75;-53.92;-93.19
17-04-2020;03:54:00;-4.29;31.20;-137.80;-289.44;-26.41;-9.97;-23.35;-66.77;-10.48;-6.49;-89.71;-53.90;-93.09
17-04-2020;12:05:00;-3.86;31.28;-137.63;-288.80;-25.49;-10.02;-23.91;-66.89;-10.52;-6.27;-89.69;-53.54;-92.97
17-04-2020;19:59:00;-5.47;31.48;-137.88;-289.00;-24.89;-9.91;-24.60;-67.01;-10.38;-6.38;-89.64;-53.07;-92.69
18-04-2020;03:54:00;-6.47;31.66;-137.96;-289.09;-24.56;-9.74;-24.32;-67.32;-10.42;-6.21;-89.91;-53.01;-93.08
18-04-2020;11:56:00;-6.29;31.89;-137.40;-289.47;-24.68;-9.62;-23.87;-67.80;-10.52;-6.20;-89.69;-52.99;-92.64
18-04-2020;19:59:00;-7.36;31.95;-137.29;-289.59;-25.11;-9.76;-24.84;-67.97;-10.33;-6.27;-89.42;-52.76;-92.30
19-04-2020;04:08:00;-8.45;31.89;-137.16;-289.27;-24.74;-9.70;-25.44;-68.44;-10.65;-6.49;-89.32;-52.92;-92.72
19-04-2020;11:56:00;-8.29;31.68;-136.91;-288.76;-25.61;-10.08;-24.96;-68.47;-10.84;-6.11;-89.20;-52.76;-92.47
19-04-2020;19:59:00;-9.05;32.66;-137.34;-289.80;-25.46;-9.89;-24.70;-67.65;-10.56;-6.33;-88.77;-52.87;-92.09
20-04-2020;03:54:00;-10.61;31.40;-137.35;-289.51;-25.28;-10.29;-25.04;-67.71;-10.74;-6.39;-88.65;-52.60;-91.76
20-04-2020;11:57:00;-10.64;31.64;-137.12;-288.95;-25.60;-10.59;-24.98;-67.72;-11.05;-6.08;-88.39;-52.21;-91.52
20-04-2020;19:57:00;-11.41;31.77;-137.04;-290.00;-25.37;-10.15;-24.41;-67.94;-10.64;-6.31;-88.43;-53.40;-91.99
21-04-2020;04:02:00;-11.99;31.12;-137.13;-289.44;-24.88;-10.71;-25.25;-68.21;-10.99;-6.67;-88.95;-53.80;-92.52
21-04-2020;12:05:00;-11.33;31.63;-137.02;-289.61;-25.61;-10.80;-24.84;-68.47;-11.25;-6.00;-88.52;-53.31;-92.12
21-04-2020;20:00:00;-12.43;32.57;-137.23;-290.46;-25.32;-9.97;-24.76;-68.26;-10.68;-6.16;-88.30;-52.98;-91.65
22-04-2020;03:55:00;-14.44;32.54;-137.09;-290.15;-24.68;-10.59;-25.33;-68.53;-11.07;-6.82;-88.78;-52.76;-91.87
22-04-2020;11:53:00;-14.86;32.67;-137.11;-290.06;-25.70;-10.91;-25.12;-68.68;-11.32;-6.02;-89.23;-52.85;-92.04
22-04-2020;19:55:00;-15.72;32.78;-137.23;-291.18;-25.33;-10.24;-25.57;-67.93;-10.90;-6.09;-88.71;-53.20;-91.73
23-04-2020;04:03:00;-15.51;31.91;-137.14;-291.57;-24.83;-10.38;-25.66;-68.31;-10.95;-6.27;-88.76;-53.42;-92.08
23-04-2020;12:05:00;-15.70;32.41;-136.98;-291.14;-25.56;-10.69;-25.15;-68.65;-11.43;-6.53;-89.04;-53.46;-92.29
23-04-2020;20:00:00;-16.12;32.66;-137.34;-292.34;-25.25;-10.31;-24.97;-67.90;-10.97;-6.13;-88.56;-53.17;-91.60
24-04-2020;03:55:00;-16.94;32.73;-137.38;-292.28;-25.04;-9.99;-24.74;-67.59;-10.71;-6.21;-88.82;-53.33;-91.86
24-04-2020;11:58:00;-16.89;33.28;-137.17;-292.07;-25.23;-10.33;-24.52;-68.02;-10.83;-6.16;-88.82;-53.20;-91.65
24-04-2020;20:00:00;-17.01;34.17;-137.50;-292.81;-25.27;-10.10;-23.95;-67.88;-10.72;-6.30;-88.64;-53.31;-91.30
25-04-2020;04:07:00;-18.79;35.04;-137.55;-292.86;-25.03;-10.22;-23.99;-67.72;-10.82;-6.45;-88.80;-53.44;-91.19
25-04-2020;12:05:00;-19.40;34.91;-137.45;-293.12;-25.18;-10.27;-24.32;-67.82;-10.98;-6.43;-88.47;-53.00;-90.91
25-04-2020;20:00:00;-20.25;34.15;-137.47;-293.25;-25.04;-10.33;-24.59;-68.35;-10.98;-6.54;-88.17;-53.39;-91.12
26-04-2020;03:57:00;-21.17;34.55;-137.45;-293.21;-24.84;-10.35;-25.01;-68.42;-11.02;-6.69;-88.40;-53.59;-91.18
26-04-2020;11:57:00;-21.68;33.98;-137.52;-293.24;-25.25;-10.52;-24.11;-68.29;-10.94;-6.25;-88.32;-53.65;-91.06
26-04-2020;20:00:00;-23.53;33.53;-137.69;-293.67;-25.08;-10.42;-24.83;-68.37;-10.94;-6.49;-88.20;-53.33;-91.28
27-04-2020;04:03:00;-23.95;33.06;-137.82;-293.89;-24.43;-10.74;-25.04;-69.14;-11.26;-6.74;-88.86;-53.49;-92.06
27-04-2020;11:58:00;-22.78;33.51;-137.64;-294.31;-25.51;-10.26;-24.22;-68.48;-10.93;-6.23;-88.51;-53.37;-91.73
27-04-2020;19:53:00;-24.76;33.85;-137.91;-294.77;-25.37;-10.15;-24.04;-68.18;-10.84;-6.15;-88.05;-53.66;-91.30
28-04-2020;04:01:00;-27.21;34.07;-137.87;-295.07;-25.33;-10.19;-23.36;-68.01;-10.84;-6.25;-88.66;-53.66;-91.15
28-04-2020;11:58:00;-28.90;34.01;-137.93;-296.30;-25.30;-10.15;-23.03;-68.21;-10.80;-6.13;-88.52;-53.51;-90.85
28-04-2020;20:01:00;-30.84;32.89;-137.84;-296.55;-25.14;-10.18;-23.66;-68.42;-10.85;-6.06;-88.24;-53.55;-90.86
29-04-2020;04:04:00;-32.02;32.21;-137.74;-295.85;-25.13;-10.45;-23.35;-69.08;-11.16;-6.55;-88.54;-54.00;-91.17
29-04-2020;08:59:00;-31.81;31.97;-137.94;-296.56;-25.40;-10.34;-22.68;-68.53;-10.95;-5.93;-88.46;-53.63;-91.11
26-05-2020;14:38:00;-31.24;32.45;-139.36;-296.15;-25.17;-10.66;-23.90;-69.08;-11.01;-6.42;-88.89;-54.08;-90.80
26-05-2020;20:05:00;-30.57;32.73;-139.36;-297.23;-25.05;-10.49;-23.64;-69.12;-10.97;-6.55;-88.82;-54.10;-90.76
27-05-2020;04:00:00;-28.66;32.51;-139.52;-297.70;-24.95;-10.51;-23.58;-69.09;-10.94;-6.65;-88.95;-54.18;-90.82
27-05-2020;11:54:00;-27.10;32.64;-139.33;-297.83;-24.80;-10.43;-23.48;-69.39;-11.02;-7.02;-88.82;-53.87;-90.65
27-05-2020;19:57:00;-26.96;32.66;-139.52;-297.53;-25.12;-10.27;-23.46;-69.44;-10.94;-6.76;-88.96;-54.07;-90.66
28-05-2020;04:01:00;-26.41;32.37;-139.54;-296.72;-24.87;-10.47;-23.24;-69.57;-11.20;-6.86;-89.31;-54.21;-90.89
28-05-2020;12:02:00;-25.74;32.56;-139.53;-296.29;-25.01;-10.61;-23.15;-69.60;-11.30;-7.21;-88.78;-53.95;-90.65
28-05-2020;20:05:00;-24.87;32.64;-139.65;-296.94;-24.71;-10.43;-23.34;-69.80;-11.07;-7.12;-89.13;-54.14;-90.90
29-05-2020;04:00:00;-23.88;32.46;-139.42;-296.37;-24.42;-10.44;-23.04;-70.18;-11.20;-7.38;-89.48;-54.10;-91.18
29-05-2020;11:55:00;-22.85;31.77;-139.05;-295.94;-24.82;-11.22;-23.48;-70.95;-12.27;-7.16;-89.45;-54.17;-90.94
29-05-2020;19:50:00;-22.99;32.34;-139.33;-297.23;-24.50;-10.80;-23.23;-70.35;-11.57;-7.17;-89.15;-54.26;-90.75
30-05-2020;04:00:00;-22.15;32.34;-139.50;-296.09;-24.24;-10.86;-23.50;-70.29;-11.66;-7.56;-89.87;-54.72;-91.35
30-05-2020;12:03:00;-21.97;32.65;-139.85;-296.75;-25.48;-10.86;-23.00;-70.00;-11.44;-6.86;-89.48;-54.51;-90.99
30-05-2020;19:58:00;-22.80;32.37;-139.85;-296.39;-24.63;-10.74;-22.70;-70.07;-11.43;-7.21;-89.40;-54.40;-91.06
31-05-2020;03:53:00;-22.26;32.32;-139.95;-296.44;-24.21;-10.91;-22.85;-70.23;-11.55;-7.55;-89.75;-54.52;-91.54
31-05-2020;11:55:00;-22.32;32.13;-140.01;-296.60;-24.74;-10.93;-22.38;-70.11;-11.53;-7.23;-89.38;-54.22;-91.11
31-05-2020;19:58:00;-21.57;32.23;-140.43;-297.10;-24.60;-10.87;-22.00;-70.22;-11.51;-7.50;-89.16;-54.46;-91.23
01-06-2020;04:01:00;-22.46;31.94;-140.35;-296.72;-24.31;-11.20;-22.08;-70.87;-11.82;-7.71;-89.68;-54.86;-91.61
01-06-2020;12:03:00;-21.53;32.06;-140.61;-296.46;-24.82;-12.42;-22.71;-71.64;-12.79;-6.87;-90.10;-55.25;-92.11
01-06-2020;19:58:00;-20.76;32.50;-140.92;-297.63;-25.25;-11.03;-21.88;-70.28;-11.62;-7.11;-89.41;-55.06;-91.34
02-06-2020;03:53:00;-20.94;32.17;-140.88;-296.85;-24.81;-11.24;-21.67;-70.70;-11.62;-7.46;-89.68;-55.31;-91.60
02-06-2020;11:56:00;-22.28;31.90;-141.03;-297.24;-25.02;-11.69;-21.35;-70.81;-12.33;-7.29;-90.09;-55.58;-91.75
02-06-2020;19:58:00;-21.57;32.06;-141.07;-298.17;-24.90;-11.20;-20.29;-70.49;-11.99;-7.12;-89.61;-55.17;-91.40
03-06-2020;04:01:00;-22.04;32.40;-141.38;-298.08;-25.21;-11.16;-20.70;-70.20;-11.71;-6.81;-90.05;-55.67;-91.87
03-06-2020;12:04:00;-21.99;32.08;-141.39;-297.41;-25.06;-11.68;-21.06;-70.63;-12.25;-7.31;-90.11;-55.58;-91.84
03-06-2020;19:59:00;-21.19;32.26;-141.91;-298.75;-25.28;-10.92;-20.45;-70.06;-11.58;-6.71;-89.94;-55.24;-91.66
04-06-2020;03:54:00;-21.59;32.27;-142.03;-298.22;-24.68;-11.12;-20.80;-70.14;-11.63;-6.89;-90.57;-55.69;-92.07
04-06-2020;11:56:00;-21.49;32.50;-142.28;-298.85;-24.78;-11.03;-20.00;-70.08;-11.56;-6.84;-90.42;-55.77;-91.78
04-06-2020;19:59:00;-21.53;32.42;-142.47;-298.70;-24.58;-10.92;-19.83;-69.71;-11.47;-6.87;-90.49;-55.71;-91.67
05-06-2020;04:02:00;-20.66;32.40;-142.60;-298.59;-24.57;-10.83;-19.65;-69.55;-11.42;-6.76;-90.29;-55.54;-91.52
05-06-2020;12:04:00;-21.15;32.21;-142.58;-298.52;-24.64;-10.93;-19.59;-70.10;-11.74;-6.79;-90.40;-55.75;-91.61
05-06-2020;19:59:00;-21.29;32.33;-142.95;-298.00;-24.30;-11.06;-19.62;-70.14;-11.71;-6.82;-90.55;-55.85;-91.85
06-06-2020;03:54:00;-22.09;32.26;-143.01;-297.98;-24.40;-11.42;-19.85;-70.48;-11.86;-6.78;-91.15;-55.97;-92.28
06-06-2020;11:57:00;-21.85;31.81;-142.77;-298.02;-24.54;-11.59;-19.35;-71.06;-12.41;-6.83;-91.37;-56.07;-92.51
06-06-2020;19:57:00;-22.18;32.03;-143.51;-297.07;-23.75;-11.56;-19.66;-71.01;-12.05;-7.17;-91.59;-56.04;-92.97
07-06-2020;03:58:00;-22.22;32.08;-143.63;-297.69;-23.49;-11.70;-20.16;-70.96;-12.12;-7.29;-91.72;-56.13;-93.30
07-06-2020;12:01:00;-20.87;32.01;-143.88;-297.91;-24.47;-11.73;-19.06;-70.76;-12.44;-6.15;-91.71;-56.48;-92.98
07-06-2020;20:04:00;-20.35;32.33;-144.34;-298.45;-24.39;-11.09;-18.91;-69.90;-11.87;-6.87;-91.22;-56.21;-92.17
08-06-2020;03:58:00;-20.15;32.34;-144.55;-298.96;-24.30;-11.14;-18.91;-69.88;-11.77;-6.78;-91.52;-56.31;-92.29
08-06-2020;11:53:00;-20.03;32.08;-144.48;-298.67;-24.41;-11.16;-18.87;-69.90;-11.89;-6.77;-91.45;-56.13;-92.13
08-06-2020;19:56:00;-19.31;32.32;-144.94;-298.35;-23.83;-11.08;-18.20;-69.85;-11.83;-7.00;-90.99;-56.52;-92.18
09-06-2020;03:59:00;-20.02;32.30;-145.11;-298.08;-23.57;-11.58;-18.62;-70.28;-12.24;-7.02;-91.98;-56.90;-92.89
09-06-2020;12:01:00;-20.36;32.17;-145.50;-297.81;-24.34;-11.28;-18.32;-69.48;-12.10;-6.51;-91.59;-56.94;-92.74
09-06-2020;20:04:00;-20.53;32.28;-145.67;-299.05;-24.02;-10.97;-17.97;-69.06;-11.78;-6.52;-90.98;-56.52;-92.32
10-06-2020;03:59:00;-20.69;32.13;-145.70;-297.75;-23.52;-11.19;-18.31;-69.82;-12.05;-6.92;-91.43;-56.51;-92.61
10-06-2020;11:54:00;-19.91;32.22;-146.16;-298.89;-24.12;-11.00;-17.92;-69.10;-11.78;-6.04;-91.43;-56.56;-92.72
10-06-2020;19:57:00;-19.83;32.39;-146.33;-298.43;-24.44;-11.03;-18.06;-69.00;-11.79;-6.42;-91.69;-56.88;-92.95
11-06-2020;03:59:00;-19.48;32.25;-146.34;-297.59;-23.66;-11.26;-17.94;-69.35;-12.02;-6.84;-91.82;-56.74;-93.21
11-06-2020;12:02:00;-19.18;31.85;-146.14;-297.71;-24.37;-11.50;-18.12;-69.51;-12.47;-6.43;-92.21;-56.90;-93.24
11-06-2020;20:05:00;-18.99;32.45;-146.71;-299.11;-24.10;-11.07;-17.92;-68.98;-11.92;-7.05;-92.05;-57.22;-93.15
12-06-2020;03:59:00;-19.63;32.64;-147.07;-299.41;-24.58;-11.22;-17.97;-69.25;-11.94;-6.78;-92.57;-57.27;-93.52
12-06-2020;11:54:00;-18.86;32.48;-147.18;-299.38;-24.54;-11.22;-17.41;-68.99;-12.19;-6.38;-92.38;-57.17;-93.51
12-06-2020;19:57:00;-19.04;32.52;-147.43;-299.47;-24.38;-11.00;-17.26;-69.04;-11.86;-6.39;-92.22;-57.37;-93.30
13-06-2020;04:00:00;-19.29;32.37;-147.71;-298.69;-24.45;-11.07;-17.27;-69.23;-11.84;-6.60;-92.55;-57.41;-93.42
13-06-2020;12:11:00;-18.67;32.40;-147.97;-298.74;-24.88;-11.00;-16.37;-68.99;-11.72;-6.15;-92.27;-57.28;-93.33
13-06-2020;19:57:00;-18.82;32.70;-148.15;-298.45;-24.73;-10.92;-16.42;-69.03;-11.62;-6.19;-92.24;-57.32;-93.34
14-06-2020;04:00:00;-19.11;32.54;-148.22;-297.77;-24.35;-10.96;-16.91;-69.33;-11.67;-6.59;-92.46;-57.32;-93.52
14-06-2020;12:05:00;-18.88;31.95;-148.07;-296.10;-24.17;-11.53;-16.85;-70.08;-12.48;-6.56;-93.04;-57.79;-94.03
14-06-2020;20:05:00;-18.66;32.06;-148.52;-297.41;-24.14;-11.15;-17.63;-69.54;-11.89;-6.93;-92.56;-57.66;-93.78
15-06-2020;04:00:00;-18.55;32.23;-148.64;-297.56;-24.13;-11.22;-17.62;-69.26;-11.79;-6.73;-92.82;-57.74;-93.86
15-06-2020;11:55:00;-17.56;31.46;-148.53;-297.19;-25.19;-11.62;-17.36;-70.05;-12.42;-6.33;-93.23;-57.74;-94.13
15-06-2020;19:58:00;-17.39;32.24;-149.12;-297.51;-24.70;-10.99;-17.18;-69.19;-11.74;-6.56;-92.64;-57.99;-93.80
16-06-2020;04:00:00;-17.73;32.31;-149.41;-297.58;-24.28;-11.24;-17.86;-69.28;-11.91;-6.63;-93.03;-58.14;-94.07
16-06-2020;12:03:00;-18.06;31.92;-149.28;-296.29;-24.17;-11.99;-18.41;-70.39;-12.64;-6.84;-93.79;-59.05;-94.70
16-06-2020;19:58:00;-17.48;32.44;-149.75;-298.16;-24.51;-11.04;-17.74;-69.32;-11.70;-6.59;-92.85;-58.36;-93.84
17-06-2020;03:53:00;-17.73;32.36;-149.99;-298.10;-24.58;-11.15;-17.68;-69.27;-11.81;-6.34;-93.32;-58.65;-94.23
17-06-2020;11:55:00;-17.73;31.88;-149.58;-297.32;-24.90;-11.45;-17.90;-70.11;-12.38;-6.83;-93.48;-58.57;-94.27
17-06-2020;19:58:00;-17.21;32.18;-150.01;-298.20;-23.74;-11.13;-18.04;-69.58;-11.81;-6.66;-93.13;-58.43;-94.15
18-06-2020;04:01:00;-17.59;32.49;-150.12;-298.29;-23.40;-11.20;-18.34;-69.71;-11.83;-6.59;-93.20;-58.32;-94.34
18-06-2020;12:03:00;-17.03;31.96;-149.97;-297.71;-23.94;-11.27;-18.09;-70.18;-12.39;-6.90;-93.59;-58.34;-94.48
18-06-2020;19:58:00;-16.70;31.75;-150.18;-298.40;-23.68;-11.13;-18.14;-69.18;-11.86;-6.36;-93.32;-58.45;-94.46
19-06-2020;03:53:00;-17.25;31.68;-150.50;-298.37;-23.31;-11.46;-18.62;-69.48;-12.05;-6.52;-93.59;-58.85;-94.80
19-06-2020;11:56:00;-15.95;31.10;-150.39;-298.03;-24.32;-11.57;-18.43;-70.02;-12.38;-6.15;-93.91;-58.83;-94.82
19-06-2020;19:58:00;-15.92;31.82;-150.94;-298.20;-23.91;-11.13;-18.25;-69.06;-11.91;-6.46;-93.50;-58.81;-94.76
20-06-2020;04:01:00;-15.38;31.82;-151.01;-297.63;-24.37;-11.24;-18.22;-69.37;-11.91;-6.28;-93.35;-58.53;-94.70
20-06-2020;12:04:00;-15.55;31.09;-150.83;-297.78;-24.45;-11.37;-18.66;-69.60;-12.15;-6.24;-93.57;-58.95;-94.96
20-06-2020;19:59:00;-15.32;31.49;-151.06;-297.84;-24.19;-11.16;-17.96;-69.32;-11.91;-6.33;-93.27;-58.61;-94.70
21-06-2020;03:53:00;-16.76;31.87;-151.13;-296.83;-23.71;-11.52;-18.36;-69.98;-12.17;-6.74;-94.10;-59.05;-95.12
21-06-2020;11:56:00;-16.36;31.54;-150.74;-295.18;-22.83;-11.93;-18.67;-69.88;-12.99;-7.26;-94.87;-59.28;-95.38
21-06-2020;19:59:00;-17.05;32.19;-151.27;-295.38;-22.58;-11.66;-18.43;-69.79;-12.40;-7.72;-94.49;-59.07;-95.29
22-06-2020;04:01:00;-15.09;32.22;-151.38;-296.67;-23.83;-11.42;-17.66;-69.20;-12.09;-6.55;-93.97;-58.63;-94.68
22-06-2020;12:04:00;-14.54;32.18;-151.53;-297.17;-24.81;-11.62;-18.24;-69.38;-12.16;-6.04;-94.54;-58.75;-95.47
22-06-2020;19:59:00;-14.33;31.73;-152.12;-296.67;-24.27;-11.20;-17.62;-69.11;-11.81;-6.65;-94.37;-59.10;-95.24
23-06-2020;03:54:00;-14.64;31.94;-152.11;-297.86;-24.10;-11.20;-17.73;-68.83;-11.69;-6.73;-94.24;-59.38;-95.39
23-06-2020;11:56:00;-15.55;30.95;-151.66;-296.60;-24.14;-12.58;-19.12;-70.99;-13.43;-6.06;-95.83;-60.58;-96.69
23-06-2020;19:59:00;-14.27;31.66;-152.04;-297.68;-23.63;-11.42;-17.79;-69.49;-12.01;-6.73;-94.52;-59.51;-95.60
24-06-2020;04:02:00;-14.72;32.26;-152.29;-297.00;-23.15;-11.31;-17.89;-69.34;-11.84;-7.01;-94.58;-59.49;-95.48
24-06-2020;12:04:00;-15.87;32.05;-152.21;-296.69;-23.65;-12.72;-19.52;-71.22;-13.49;-6.44;-96.13;-60.52;-96.76
24-06-2020;19:59:00;-14.08;32.60;-152.55;-298.20;-23.50;-11.10;-17.18;-68.98;-11.95;-6.40;-94.76;-59.54;-95.64
25-06-2020;03:54:00;-14.57;32.35;-152.48;-298.22;-23.05;-11.06;-17.55;-69.07;-11.98;-6.75;-94.71;-59.60;-95.57
25-06-2020;11:57:00;-14.41;32.21;-152.37;-298.33;-23.64;-11.68;-17.83;-70.22;-12.86;-6.36;-95.05;-59.68;-95.61
25-06-2020;19:59:00;-14.67;32.12;-152.66;-299.18;-23.16;-11.12;-16.85;-69.19;-12.09;-6.66;-94.66;-59.49;-95.53
26-06-2020;04:02:00;-15.33;32.50;-153.04;-299.12;-23.05;-11.06;-17.28;-68.99;-11.94;-6.61;-94.75;-59.67;-95.67
26-06-2020;11:59:00;-14.77;32.31;-153.20;-298.80;-23.65;-11.74;-18.36;-69.92;-12.91;-6.14;-95.55;-60.12;-96.34
26-06-2020;20:01:00;-13.80;32.41;-153.29;-300.64;-23.13;-11.04;-16.82;-68.80;-12.08;-6.65;-94.83;-59.50;-96.14
27-06-2020;04:04:00;-14.49;32.62;-153.46;-300.50;-23.12;-11.14;-17.54;-68.76;-11.91;-6.95;-94.85;-59.48;-96.05
27-06-2020;11:59:00;-13.90;32.80;-153.60;-301.09;-23.66;-10.84;-16.58;-68.86;-11.83;-6.70;-94.94;-59.66;-95.97
27-06-2020;19:54:00;-15.57;32.81;-153.43;-299.82;-22.77;-11.31;-16.70;-69.64;-12.24;-7.20;-95.44;-59.90;-96.38
28-06-2020;03:56:00;-14.86;32.60;-153.23;-298.34;-22.43;-11.42;-16.40;-69.62;-12.34;-7.40;-95.51;-59.81;-96.59
28-06-2020;11:59:00;-14.69;32.48;-153.26;-298.18;-22.17;-11.47;-16.64;-69.60;-12.38;-7.22;-95.77;-60.00;-96.80
28-06-2020;20:02:00;-14.87;32.57;-153.46;-299.74;-22.58;-11.28;-15.86;-69.25;-12.03;-7.23;-95.59;-60.02;-96.54
29-06-2020;04:04:00;-14.59;32.49;-153.75;-300.26;-23.19;-11.11;-15.32;-68.73;-11.71;-6.70;-95.42;-60.01;-96.58
29-06-2020;11:59:00;-13.58;32.49;-153.91;-301.21;-23.87;-10.84;-15.29;-68.63;-11.59;-6.49;-95.20;-59.80;-96.32
29-06-2020;19:54:00;-13.34;32.69;-154.01;-301.44;-23.78;-10.78;-15.30;-68.55;-11.54;-6.61;-95.37;-59.95;-96.47
30-06-2020;03:57:00;-13.32;32.52;-153.80;-300.62;-23.70;-10.89;-15.69;-68.81;-11.85;-6.61;-95.45;-59.72;-96.43
30-06-2020;11:59:00;-13.68;32.09;-153.70;-300.96;-23.76;-10.92;-15.88;-68.90;-12.29;-6.79;-95.74;-60.27;-96.49
30-06-2020;20:02:00;-14.19;32.16;-153.86;-299.08;-22.42;-11.29;-15.88;-68.95;-12.43;-7.49;-96.08;-60.48;-96.77
01-07-2020;04:05:00;-14.18;32.12;-153.76;-298.94;-23.04;-11.24;-15.66;-69.14;-12.55;-7.10;-96.21;-60.58;-96.85
01-07-2020;12:00:00;-13.01;32.09;-153.96;-298.42;-24.24;-11.24;-15.96;-69.24;-12.64;-5.67;-96.45;-60.59;-96.94
01-07-2020;19:55:00;-13.33;32.16;-154.24;-300.16;-23.86;-10.92;-15.09;-68.80;-11.98;-6.65;-95.68;-60.34;-96.44
02-07-2020;03:57:00;-13.19;32.30;-154.53;-302.05;-23.77;-10.67;-14.74;-68.70;-11.89;-6.30;-95.67;-60.41;-96.46
02-07-2020;12:00:00;-13.88;32.38;-154.69;-302.25;-23.89;-10.73;-15.23;-68.64;-11.96;-6.40;-95.81;-60.51;-96.67
02-07-2020;20:03:00;-13.53;32.36;-154.75;-302.16;-23.92;-10.78;-15.08;-68.58;-12.00;-6.46;-95.85;-60.60;-96.80
03-07-2020;04:05:00;-14.58;32.09;-154.58;-301.09;-23.38;-11.45;-15.70;-69.16;-12.50;-6.52;-96.82;-60.71;-97.37
03-07-2020;12:00:00;-13.20;31.93;-154.70;-301.03;-24.20;-11.45;-15.92;-68.77;-12.57;-5.78;-96.68;-60.19;-97.49
03-07-2020;19:55:00;-13.46;32.36;-154.72;-301.24;-23.34;-10.89;-15.24;-68.64;-12.11;-6.69;-96.41;-60.59;-97.26
04-07-2020;03:58:00;-13.21;32.17;-154.86;-301.13;-22.96;-10.73;-15.23;-68.31;-12.13;-7.43;-96.37;-60.46;-97.29
04-07-2020;12:00:00;-12.63;32.26;-155.14;-302.20;-23.97;-11.25;-15.25;-69.19;-12.63;-6.87;-96.75;-60.64;-97.50
04-07-2020;20:03:00;-12.57;32.33;-155.43;-302.19;-23.98;-10.99;-14.98;-68.91;-12.31;-6.96;-96.57;-60.47;-97.23
05-07-2020;03:58:00;-13.65;32.51;-155.16;-301.13;-23.54;-11.15;-15.37;-69.50;-12.68;-7.20;-96.89;-60.40;-97.33
05-07-2020;11:53:00;-13.99;32.71;-154.81;-300.30;-23.25;-11.49;-15.34;-69.41;-13.19;-6.87;-97.41;-60.52;-98.06
05-07-2020;19:55:00;-11.73;33.43;-155.24;-302.73;-24.01;-10.87;-14.35;-68.93;-12.14;-6.06;-96.51;-59.91;-97.05
06-07-2020;03:58:00;-12.49;33.20;-154.89;-302.35;-23.32;-11.43;-15.09;-69.63;-12.64;-6.74;-96.98;-60.31;-97.29
06-07-2020;12:01:00;-12.79;33.34;-155.15;-302.13;-23.88;-11.25;-15.56;-69.74;-12.85;-6.36;-97.16;-60.52;-97.59
06-07-2020;20:03:00;-11.27;33.63;-155.67;-303.72;-24.04;-10.84;-15.04;-68.93;-12.13;-6.36;-96.97;-60.46;-97.75
07-07-2020;03:58:00;-11.76;33.64;-155.73;-303.04;-23.86;-10.94;-15.25;-69.03;-12.43;-6.43;-97.15;-60.89;-98.03
07-07-2020;11:53:00;-10.95;33.29;-155.51;-302.13;-23.91;-10.94;-15.31;-69.59;-12.82;-6.59;-97.28;-60.88;-97.92
07-07-2020;19:56:00;-10.90;33.31;-155.94;-303.47;-23.80;-10.80;-14.75;-68.91;-12.36;-6.47;-97.10;-61.09;-98.10
08-07-2020;03:59:00;-11.81;33.06;-156.26;-303.23;-23.42;-10.96;-14.94;-69.40;-12.53;-6.50;-97.33;-61.19;-98.38
08-07-2020;12:07:00;-11.37;33.27;-156.33;-303.34;-24.31;-11.00;-14.55;-69.76;-12.58;-6.67;-97.41;-60.97;-98.40
08-07-2020;19:53:00;-11.68;33.29;-156.59;-303.01;-23.71;-10.70;-14.07;-69.16;-12.33;-6.75;-97.14;-60.60;-98.03
09-07-2020;03:55:00;-12.91;33.14;-156.52;-302.47;-23.43;-10.92;-14.55;-69.61;-12.63;-7.02;-97.81;-60.90;-98.56
09-07-2020;11:58:00;-10.89;32.65;-156.33;-302.99;-23.81;-10.96;-14.22;-69.66;-12.78;-7.03;-97.35;-60.35;-98.07
09-07-2020;20:01:00;-11.67;32.93;-156.84;-303.97;-23.09;-10.71;-14.54;-69.11;-12.48;-7.31;-97.48;-60.03;-98.16
10-07-2020;04:03:00;-12.08;33.22;-157.01;-303.82;-23.15;-10.99;-14.71;-69.50;-12.70;-6.85;-97.74;-60.37;-98.47
10-07-2020;11:58:00;-11.02;32.76;-157.07;-304.27;-23.49;-10.76;-14.29;-69.29;-12.78;-6.90;-97.81;-60.33;-98.70
10-07-2020;19:53:00;-11.07;33.28;-157.45;-304.84;-23.25;-10.73;-14.56;-69.06;-12.28;-6.86;-97.49;-60.67;-98.53
11-07-2020;03:56:00;-11.57;33.45;-157.64;-304.85;-23.15;-10.82;-14.35;-69.12;-12.32;-6.91;-97.85;-60.88;-98.77
11-07-2020;11:59:00;-11.05;33.55;-157.70;-305.41;-23.67;-10.88;-14.38;-69.14;-12.38;-6.83;-98.00;-60.99;-98.74
11-07-2020;20:01:00;-11.13;33.46;-157.88;-305.21;-23.11;-10.77;-14.19;-69.27;-12.25;-7.07;-97.88;-60.82;-98.84
12-07-2020;04:04:00;-11.56;33.33;-157.96;-305.10;-22.69;-10.97;-14.35;-69.47;-12.42;-7.12;-98.02;-60.94;-98.90
12-07-2020;11:59:00;-11.68;33.61;-158.05;-305.17;-22.88;-11.06;-14.15;-69.64;-12.62;-6.91;-98.15;-61.06;-99.00
12-07-2020;19:54:00;-12.14;33.23;-158.04;-305.15;-22.99;-11.21;-14.47;-69.71;-12.73;-7.01;-98.18;-61.46;-98.81
13-07-2020;03:56:00;-11.71;33.81;-158.16;-305.55;-22.78;-10.96;-14.02;-69.45;-12.51;-6.88;-98.26;-61.64;-99.06
13-07-2020;11:59:00;-11.89;33.66;-157.81;-305.34;-22.83;-11.27;-14.35;-69.85;-12.81;-6.75;-98.40;-61.81;-99.29
13-07-2020;20:02:00;-13.01;33.18;-157.85;-304.50;-22.12;-11.61;-14.76;-70.23;-12.98;-7.47;-98.93;-62.11;-99.75
14-07-2020;04:04:00;-12.33;32.76;-157.80;-304.70;-22.69;-11.54;-14.11;-70.20;-13.12;-7.48;-98.55;-61.64;-99.49
14-07-2020;11:59:00;-11.89;32.06;-157.83;-304.57;-23.19;-11.23;-13.62;-69.46;-12.96;-6.67;-98.10;-61.32;-99.26
14-07-2020;19:54:00;-12.41;32.85;-158.41;-304.63;-22.31;-11.42;-13.61;-69.36;-12.90;-6.72;-98.44;-61.53;-99.60
15-07-2020;03:57:00;-13.97;33.37;-158.42;-303.68;-21.16;-11.41;-13.98;-69.59;-13.07;-7.88;-99.02;-62.44;-100.28
15-07-2020;12:06:00;-11.57;32.82;-158.31;-303.86;-22.44;-11.39;-13.37;-70.13;-13.45;-6.77;-99.33;-62.19;-100.51
15-07-2020;19:53:00;-12.47;32.96;-158.52;-303.77;-21.17;-11.57;-13.64;-70.00;-13.13;-7.70;-98.78;-62.03;-100.33
16-07-2020;03:56:00;-12.09;33.20;-158.88;-303.60;-21.87;-11.05;-12.85;-69.14;-12.47;-7.47;-98.47;-62.07;-100.08
16-07-2020;11:59:00;-11.44;33.02;-158.89;-303.94;-22.13;-11.66;-13.34;-69.89;-13.31;-7.11;-99.06;-62.60;-100.57
16-07-2020;20:01:00;-10.77;33.20;-159.05;-305.59;-22.10;-11.06;-12.64;-69.26;-12.46;-7.13;-98.60;-62.03;-99.80
17-07-2020;04:04:00;-11.03;33.31;-159.08;-305.86;-21.87;-11.07;-12.83;-69.43;-12.55;-7.29;-98.86;-62.11;-99.88
17-07-2020;11:59:00;-11.67;33.45;-158.88;-304.84;-22.00;-11.71;-13.54;-70.10;-13.07;-7.46;-99.11;-62.26;-100.38
17-07-2020;19:54:00;-12.88;33.36;-158.65;-305.25;-21.42;-11.85;-14.00;-70.46;-13.25;-7.91;-99.46;-62.36;-100.68
18-07-2020;03:57:00;-12.14;32.74;-159.04;-303.65;-20.75;-11.89;-14.41;-70.81;-13.57;-8.36;-99.22;-62.51;-100.29
18-07-2020;11:59:00;-11.78;32.78;-159.05;-304.56;-21.52;-12.18;-14.42;-70.90;-13.67;-7.37;-99.41;-62.81;-100.59
18-07-2020;20:02:00;-12.78;33.02;-159.00;-304.94;-21.22;-11.88;-14.10;-70.61;-13.43;-8.52;-99.67;-62.93;-100.80
19-07-2020;04:05:00;-12.46;32.96;-159.41;-304.57;-21.05;-11.97;-14.73;-70.80;-13.38;-8.80;-99.66;-63.20;-100.83
19-07-2020;12:00:00;-11.43;32.45;-159.44;-305.73;-22.87;-11.55;-14.22;-69.66;-12.95;-7.63;-98.97;-63.03;-100.37
19-07-2020;20:02:00;-12.78;32.86;-159.50;-304.61;-21.74;-11.90;-14.80;-70.51;-13.25;-8.22;-99.84;-63.11;-101.16
20-07-2020;03:57:00;-13.64;32.31;-158.98;-303.37;-21.30;-12.11;-14.91;-70.85;-13.52;-8.45;-99.82;-63.28;-101.11
20-07-2020;12:00:00;-13.77;31.96;-158.70;-304.89;-23.13;-11.78;-14.39;-70.39;-13.62;-7.25;-99.26;-62.76;-100.30
20-07-2020;20:02:00;-14.76;32.39;-159.60;-304.41;-22.98;-11.59;-14.41;-70.06;-13.16;-7.56;-99.16;-62.82;-100.38
21-07-2020;04:05:00;-14.61;32.34;-159.46;-304.91;-22.41;-11.70;-14.17;-70.20;-13.27;-7.68;-99.25;-62.91;-100.48
21-07-2020;12:00:00;-13.40;32.49;-159.03;-305.79;-23.02;-11.66;-14.22;-70.37;-13.54;-7.27;-99.48;-63.15;-100.44
21-07-2020;19:55:00;-14.29;32.95;-159.74;-305.51;-22.76;-11.66;-13.85;-70.56;-13.20;-7.59;-99.61;-62.87;-100.69
22-07-2020;03:58:00;-13.84;33.31;-160.19;-306.00;-22.92;-11.55;-13.75;-70.37;-13.02;-7.53;-99.62;-63.10;-100.67
22-07-2020;12:00:00;-13.78;32.61;-159.42;-306.09;-23.19;-11.73;-13.87;-70.77;-13.50;-7.86;-99.20;-62.78;-100.09
22-07-2020;20:03:00;-13.79;32.81;-159.95;-306.12;-22.72;-11.37;-13.41;-70.14;-13.09;-7.78;-99.27;-62.70;-100.36
23-07-2020;03:58:00;-14.27;32.91;-159.99;-306.56;-22.45;-11.14;-13.40;-70.02;-12.88;-7.75;-99.23;-62.33;-100.25
23-07-2020;11:53:00;-13.76;32.68;-159.81;-306.63;-22.82;-11.45;-13.06;-70.26;-13.52;-7.62;-99.85;-62.85;-100.85
23-07-2020;19:55:00;-13.78;32.79;-160.21;-307.11;-23.05;-11.46;-13.33;-70.09;-13.12;-7.96;-99.30;-62.09;-100.35
24-07-2020;03:58:00;-14.40;32.75;-160.38;-307.11;-22.31;-11.59;-13.41;-70.13;-13.14;-8.27;-99.34;-62.28;-100.51
24-07-2020;12:01:00;-13.58;32.76;-160.21;-306.38;-23.09;-11.73;-13.30;-70.40;-13.68;-7.41;-99.58;-62.52;-100.50
24-07-2020;20:04:00;-12.68;33.54;-160.70;-307.45;-23.41;-11.39;-13.36;-69.60;-12.86;-7.46;-99.12;-62.58;-100.32
25-07-2020;03:58:00;-13.44;33.20;-160.63;-306.93;-22.67;-11.32;-13.52;-69.94;-12.97;-8.27;-99.36;-62.73;-100.28
25-07-2020;11:53:00;-13.75;32.50;-160.37;-306.87;-23.36;-12.93;-14.90;-71.92;-14.73;-7.26;-100.29;-63.74;-101.18
25-07-2020;19:56:00;-12.27;33.21;-160.79;-306.55;-23.97;-11.50;-12.94;-69.74;-13.10;-7.48;-98.85;-62.78;-100.26
26-07-2020;03:59:00;-12.41;32.66;-160.56;-305.49;-22.87;-11.82;-12.97;-70.44;-13.45;-8.14;-99.31;-63.30;-100.42
26-07-2020;12:01:00;-13.22;32.07;-160.45;-305.07;-23.36;-12.18;-13.58;-70.78;-13.85;-7.68;-99.78;-63.71;-100.79
26-07-2020;20:04:00;-13.45;31.82;-160.70;-303.85;-22.14;-12.18;-13.58;-70.89;-13.72;-8.49;-100.11;-63.98;-101.19
27-07-2020;03:59:00;-12.06;31.81;-160.76;-304.11;-23.07;-11.87;-12.91;-70.05;-13.23;-7.81;-99.59;-64.07;-100.70
27-07-2020;11:54:00;-11.16;31.96;-160.81;-303.40;-22.65;-11.75;-12.18;-70.19;-13.21;-7.64;-99.36;-63.89;-100.11
27-07-2020;19:57:00;-11.51;32.27;-161.00;-303.42;-23.42;-11.47;-11.32;-70.03;-12.98;-7.63;-99.20;-63.89;-100.26
28-07-2020;03:59:00;-11.24;31.98;-161.07;-303.10;-24.34;-11.30;-10.52;-69.88;-12.89;-7.33;-99.08;-63.89;-100.58
28-07-2020;12:02:00;-11.64;31.83;-160.75;-302.24;-24.31;-11.72;-10.85;-70.80;-13.65;-7.19;-99.16;-64.04;-100.48
28-07-2020;20:05:00;-11.71;32.25;-161.01;-303.41;-23.49;-11.87;-11.26;-70.40;-13.44;-8.16;-99.24;-64.17;-100.88
29-07-2020;03:57:00;-11.35;32.53;-160.87;-303.55;-23.89;-11.62;-10.73;-70.29;-13.27;-7.94;-99.40;-64.17;-100.93
29-07-2020;11:54:00;-10.91;32.48;-160.87;-303.35;-24.24;-12.12;-10.81;-71.30;-13.66;-7.53;-99.32;-64.08;-100.95
29-07-2020;19:57:00;-13.09;31.83;-160.98;-304.92;-23.36;-12.43;-11.44;-71.82;-13.83;-8.39;-99.60;-64.64;-101.10
30-07-2020;04:00:00;-12.67;31.73;-160.97;-305.63;-23.06;-12.07;-11.27;-71.09;-13.64;-8.26;-99.50;-64.38;-101.00
30-07-2020;12:02:00;-11.15;31.87;-160.82;-305.42;-24.42;-11.40;-10.37;-70.52;-13.62;-7.46;-99.39;-64.57;-101.12
30-07-2020;20:05:00;-12.35;32.42;-161.15;-306.35;-23.59;-11.74;-11.11;-70.72;-13.62;-8.53;-99.70;-64.52;-100.94
31-07-2020;04:00:00;-11.27;33.21;-161.41;-307.56;-24.28;-11.34;-10.70;-69.74;-12.85;-7.71;-99.37;-63.86;-100.61
31-07-2020;11:55:00;-11.49;33.05;-161.03;-307.56;-24.79;-11.89;-10.85;-70.91;-13.61;-7.63;-100.02;-64.39;-101.25
31-07-2020;19:58:00;-12.05;32.74;-161.14;-306.05;-23.59;-12.41;-12.15;-71.22;-14.09;-8.88;-99.79;-64.05;-100.82
01-08-2020;04:00:00;-11.84;32.47;-161.19;-306.38;-24.04;-11.90;-11.94;-70.77;-13.59;-8.74;-99.67;-63.83;-100.67
01-08-2020;12:03:00;-11.14;32.36;-161.12;-306.93;-24.73;-12.49;-11.56;-71.06;-14.00;-7.61;-99.96;-63.88;-100.49
01-08-2020;19:58:00;-10.88;32.78;-161.45;-308.31;-25.20;-11.37;-10.27;-69.69;-12.91;-7.46;-99.50;-63.64;-100.25
02-08-2020;03:53:00;-12.42;32.25;-160.76;-306.89;-24.30;-11.87;-11.69;-70.33;-13.59;-8.36;-99.57;-63.56;-99.99
02-08-2020;11:55:00;-12.20;32.13;-161.06;-307.56;-24.49;-12.30;-11.77;-70.89;-14.00;-7.17;-100.24;-64.10;-100.54
02-08-2020;19:58:00;-12.69;32.88;-161.56;-306.99;-24.29;-12.07;-11.47;-71.02;-13.37;-7.29;-100.02;-64.03;-100.76
03-08-2020;04:01:00;-14.38;32.57;-161.48;-304.63;-23.90;-12.55;-12.04;-71.55;-13.61;-8.50;-101.12;-64.90;-101.94
03-08-2020;12:03:00;-11.79;31.98;-161.43;-306.99;-22.84;-12.43;-11.80;-71.83;-14.21;-7.86;-101.11;-64.53;-101.77
03-08-2020;19:58:00;-11.54;32.56;-161.73;-306.88;-23.99;-11.90;-11.25;-71.00;-13.04;-7.41;-100.37;-63.72;-101.16
04-08-2020;03:53:00;-11.36;32.30;-161.64;-306.32;-23.98;-11.74;-11.17;-70.67;-12.81;-7.74;-100.13;-63.83;-101.06
04-08-2020;11:56:00;-12.02;32.49;-161.66;-306.56;-24.20;-12.21;-11.82;-71.22;-13.43;-8.11;-100.67;-64.43;-101.49
04-08-2020;19:59:00;-12.50;32.34;-161.74;-306.60;-23.44;-12.04;-11.67;-70.96;-13.17;-8.64;-100.69;-63.91;-101.74
05-08-2020;04:01:00;-12.86;32.54;-161.93;-305.41;-23.50;-11.87;-11.61;-70.85;-13.13;-8.16;-100.34;-63.97;-101.34
05-08-2020;12:04:00;-12.73;32.42;-161.37;-303.75;-24.00;-12.41;-12.04;-71.31;-13.57;-7.97;-100.41;-64.34;-101.62
05-08-2020;19:59:00;-13.95;32.54;-161.61;-304.17;-23.29;-12.66;-12.15;-71.30;-13.53;-8.44;-100.99;-65.09;-102.14
06-08-2020;03:54:00;-13.67;32.21;-161.41;-302.83;-21.73;-12.30;-12.31;-71.33;-13.73;-8.79;-100.79;-64.52;-101.91
06-08-2020;11:57:00;-13.60;32.20;-161.42;-302.73;-20.88;-13.10;-12.92;-72.43;-14.35;-7.59;-101.86;-65.52;-102.82
06-08-2020;19:59:00;-13.68;31.90;-161.47;-301.41;-20.01;-12.77;-12.92;-72.14;-13.92;-8.93;-101.64;-65.29;-102.45
07-08-2020;04:02:00;-12.46;32.22;-161.58;-303.13;-20.50;-12.94;-12.98;-71.92;-13.75;-9.21;-101.46;-64.93;-102.43
07-08-2020;12:05:00;-10.87;31.83;-161.75;-301.79;-20.95;-12.95;-13.44;-72.10;-13.87;-8.60;-101.17;-64.78;-102.35
07-08-2020;19:59:00;-11.23;31.79;-161.82;-300.84;-19.92;-12.84;-13.52;-71.81;-13.73;-9.27;-101.02;-64.44;-102.16
08-08-2020;03:54:00;-11.11;31.89;-162.09;-301.31;-20.27;-12.55;-13.02;-71.53;-13.48;-8.48;-101.08;-64.59;-102.21
08-08-2020;11:57:00;-11.98;31.88;-162.19;-301.17;-20.58;-12.94;-13.33;-71.55;-13.77;-8.36;-101.32;-64.77;-102.29
08-08-2020;20:00:00;-12.08;32.20;-162.22;-302.59;-20.89;-12.28;-11.86;-70.74;-13.32;-8.35;-100.85;-64.21;-101.82
09-08-2020;04:02:00;-12.58;32.10;-162.17;-300.97;-21.12;-12.44;-11.91;-70.96;-13.45;-8.38;-101.02;-64.57;-101.94
09-08-2020;12:05:00;-10.68;31.74;-161.84;-300.94;-21.16;-12.38;-11.52;-70.84;-13.60;-8.19;-100.60;-64.18;-101.71
09-08-2020;20:00:00;-11.70;31.64;-162.19;-301.60;-20.53;-12.65;-12.21;-70.71;-13.47;-8.61;-101.00;-64.87;-102.01
10-08-2020;03:55:00;-12.34;31.78;-162.21;-301.03;-20.01;-12.78;-12.69;-70.91;-13.42;-9.21;-101.44;-65.39;-102.24
10-08-2020;12:12:00;-10.99;31.31;-161.80;-300.89;-20.25;-13.38;-12.56;-71.55;-14.22;-8.17;-101.54;-65.33;-102.57
10-08-2020;20:04:00;-11.80;31.95;-162.25;-301.34;-19.62;-12.84;-12.63;-70.20;-13.16;-8.88;-101.16;-65.32;-102.13
11-08-2020;03:59:00;-11.40;32.01;-162.18;-301.17;-19.34;-12.58;-12.36;-70.22;-13.02;-8.77;-100.95;-65.03;-101.97
11-08-2020;11:54:00;-11.52;31.23;-161.96;-299.79;-19.83;-12.92;-12.70;-71.19;-14.10;-7.12;-101.50;-65.32;-102.30
11-08-2020;19:56:00;-11.40;32.06;-162.42;-302.07;-19.19;-12.96;-12.75;-70.55;-13.44;-8.65;-101.41;-65.04;-101.67
12-08-2020;03:59:00;-11.65;31.90;-162.38;-301.41;-19.03;-12.79;-12.47;-70.49;-13.35;-8.81;-101.33;-64.55;-101.44
12-08-2020;12:02:00;-9.95;31.42;-162.05;-300.52;-19.71;-13.17;-12.49;-71.06;-14.14;-7.10;-101.68;-65.39;-101.75
12-08-2020;20:04:00;-11.82;31.91;-162.58;-301.01;-18.79;-13.36;-13.04;-71.04;-13.84;-9.81;-101.76;-65.31;-101.73
13-08-2020;03:59:00;-11.52;31.86;-162.55;-301.38;-19.33;-13.01;-12.01;-70.44;-13.69;-9.06;-101.74;-64.90;-101.49
13-08-2020;11:54:00;-11.14;32.30;-162.08;-301.58;-19.93;-13.48;-12.20;-71.50;-14.26;-7.76;-102.57;-65.66;-102.70
13-08-2020;19:57:00;-10.80;32.87;-162.96;-301.29;-20.17;-12.99;-11.88;-71.66;-13.14;-9.10;-101.72;-64.95;-102.25
14-08-2020;03:59:00;-9.84;33.87;-164.81;-300.93;-19.12;-12.25;-11.58;-71.09;-13.56;-8.79;-103.52;-66.45;-104.30
14-08-2020;12:02:00;-7.62;33.28;-164.70;-299.49;-20.07;-12.01;-11.53;-70.67;-14.21;-7.09;-104.02;-66.34;-104.38
14-08-2020;20:05:00;-8.69;34.01;-164.92;-299.41;-19.50;-11.77;-11.78;-70.34;-13.29;-8.25;-103.48;-65.83;-103.63
15-08-2020;04:00:00;-8.50;34.13;-165.29;-299.74;-19.61;-11.92;-11.91;-70.65;-13.11;-8.08;-104.14;-66.47;-104.20
15-08-2020;11:55:00;-7.85;33.64;-164.65;-299.23;-20.27;-11.94;-11.33;-71.02;-14.08;-7.55;-103.93;-66.76;-104.36
15-08-2020;19:57:00;-7.93;33.79;-165.02;-299.58;-18.88;-11.95;-11.31;-70.69;-13.64;-8.30;-103.32;-66.61;-103.71
16-08-2020;04:00:00;-9.48;33.59;-164.81;-299.63;-19.02;-12.18;-11.70;-70.96;-13.62;-8.57;-104.08;-67.14;-104.09
16-08-2020;12:03:00;-7.42;33.39;-164.67;-300.17;-20.68;-12.01;-10.80;-70.76;-13.85;-6.32;-103.59;-66.71;-103.78
16-08-2020;20:05:00;-8.97;33.05;-164.86;-299.83;-19.47;-12.38;-11.56;-71.62;-14.44;-9.25;-103.90;-66.85;-104.02
17-08-2020;04:00:00;-9.23;33.14;-164.99;-299.59;-19.98;-12.52;-11.64;-71.33;-13.93;-8.93;-103.79;-66.97;-104.08
17-08-2020;11:55:00;-8.64;32.56;-164.51;-298.17;-20.30;-13.40;-12.75;-72.49;-15.21;-7.78;-104.84;-67.79;-104.87
17-08-2020;19:58:00;-8.54;32.75;-165.14;-299.55;-19.84;-12.82;-11.92;-71.30;-14.48;-8.99;-104.52;-66.91;-104.34
18-08-2020;04:01:00;-9.14;32.63;-165.19;-298.21;-19.87;-12.57;-11.86;-71.16;-14.07;-9.34;-104.41;-66.67;-104.24
18-08-2020;12:03:00;-9.32;32.42;-165.25;-297.10;-20.12;-13.83;-13.01;-72.41;-15.30;-8.19;-105.30;-67.85;-105.14
18-08-2020;19:58:00;-8.44;32.55;-165.11;-296.99;-19.95;-12.54;-11.00;-70.94;-14.21;-9.21;-104.12;-66.79;-104.22
19-08-2020;03:53:00;-8.40;32.52;-165.37;-296.78;-20.40;-12.50;-10.91;-70.84;-13.83;-9.11;-104.32;-67.11;-104.34
19-08-2020;11:56:00;-8.70;32.22;-164.85;-297.07;-20.51;-13.04;-11.32;-71.71;-14.91;-7.67;-104.96;-67.73;-104.95
19-08-2020;19:58:00;-10.19;32.89;-165.58;-296.90;-19.77;-12.43;-11.07;-70.78;-13.68;-9.04;-104.94;-67.68;-105.06
20-08-2020;04:01:00;-9.42;32.49;-165.60;-296.04;-19.71;-12.35;-10.99;-70.69;-13.74;-9.33;-104.81;-67.29;-104.73
20-08-2020;12:04:00;-9.29;31.93;-164.99;-295.87;-19.53;-13.35;-12.37;-71.98;-14.70;-9.17;-104.66;-67.11;-104.24
20-08-2020;19:58:00;-7.31;32.45;-165.52;-295.35;-21.04;-12.22;-10.81;-70.56;-13.46;-8.62;-103.87;-66.46;-103.83
21-08-2020;03:53:00;-7.19;32.62;-166.04;-295.08;-21.01;-12.09;-10.44;-70.56;-13.50;-8.76;-104.20;-66.80;-104.21
21-08-2020;11:56:00;-6.70;32.24;-165.64;-294.69;-21.42;-12.17;-10.76;-70.55;-13.65;-8.21;-104.15;-66.71;-104.15
21-08-2020;19:59:00;-7.47;32.52;-165.80;-293.61;-20.28;-12.45;-11.86;-70.34;-13.80;-9.53;-104.52;-66.78;-104.24
22-08-2020;04:01:00;-7.29;33.19;-165.96;-293.06;-19.99;-12.53;-12.39;-70.00;-13.82;-9.35;-104.71;-66.95;-104.46
22-08-2020;12:04:00;-7.38;33.60;-165.95;-292.89;-19.56;-13.05;-12.73;-70.36;-14.12;-9.14;-105.38;-67.73;-105.26
22-08-2020;19:59:00;-6.99;33.02;-165.63;-292.40;-20.55;-12.77;-12.56;-70.43;-14.14;-9.21;-105.43;-67.51;-105.33
23-08-2020;03:54:00;-7.23;33.24;-165.75;-292.09;-20.18;-12.72;-13.07;-70.27;-14.32;-9.32;-105.69;-67.49;-105.66
23-08-2020;11:57:00;-6.57;32.79;-165.47;-292.43;-20.76;-12.94;-12.64;-70.98;-14.52;-8.22;-105.63;-67.10;-105.28
23-08-2020;19:59:00;-6.55;32.51;-165.93;-293.24;-21.38;-12.22;-11.89;-70.44;-13.62;-8.05;-105.11;-66.69;-105.02
24-08-2020;04:02:00;-6.27;32.80;-166.15;-293.90;-21.73;-11.94;-11.80;-70.13;-13.33;-8.30;-104.98;-66.66;-105.27
24-08-2020;12:05:00;-6.29;32.89;-166.32;-294.45;-21.99;-11.92;-12.13;-70.21;-13.50;-8.73;-105.03;-66.73;-105.26
24-08-2020;20:02:00;-6.51;33.09;-166.42;-294.24;-22.16;-12.03;-12.04;-70.19;-13.72;-8.43;-105.10;-66.85;-105.48
25-08-2020;03:54:00;-7.40;32.69;-166.34;-293.94;-21.75;-12.24;-12.67;-70.76;-13.83;-8.80;-105.31;-66.97;-105.75
25-08-2020;11:57:00;-7.14;32.67;-166.24;-293.97;-22.06;-12.43;-12.67;-70.97;-14.17;-8.79;-105.22;-67.17;-105.87
25-08-2020;20:00:00;-7.27;32.91;-166.42;-294.64;-21.87;-11.77;-12.25;-70.35;-13.48;-8.95;-105.21;-67.15;-105.64
26-08-2020;04:03:00;-7.61;32.94;-166.47;-294.62;-22.01;-11.94;-12.27;-70.47;-13.70;-8.87;-105.49;-67.18;-105.97
26-08-2020;12:05:00;-6.84;32.47;-166.18;-294.49;-23.03;-12.10;-11.46;-70.76;-13.95;-7.69;-105.29;-67.32;-105.90
26-08-2020;20:00:00;-7.08;32.36;-166.35;-293.93;-21.35;-12.33;-12.17;-71.34;-14.29;-9.44;-105.06;-67.46;-105.91
27-08-2020;03:55:00;-7.08;32.55;-166.56;-294.29;-21.37;-12.34;-12.09;-71.48;-14.08;-9.39;-105.30;-67.93;-106.52
27-08-2020;11:58:00;-6.71;31.82;-166.12;-293.88;-22.54;-12.37;-11.51;-71.80;-14.60;-8.37;-105.31;-67.56;-106.21
27-08-2020;20:00:00;-7.40;32.56;-166.78;-294.60;-21.53;-12.05;-11.52;-71.28;-13.84;-9.07;-105.36;-67.47;-106.27
28-08-2020;04:03:00;-7.68;32.53;-166.88;-294.46;-21.68;-11.93;-11.71;-71.12;-13.68;-9.01;-105.66;-67.50;-106.45
28-08-2020;11:57:00;-7.03;32.15;-166.98;-294.57;-21.25;-12.83;-12.02;-72.64;-15.00;-8.49;-106.29;-68.44;-107.17
28-08-2020;19:53:00;-7.03;32.28;-167.00;-294.14;-21.36;-12.37;-11.51;-71.99;-14.25;-9.17;-105.88;-68.15;-106.92
29-08-2020;03:56:00;-7.58;32.13;-167.00;-294.50;-21.38;-12.22;-11.82;-71.82;-13.89;-9.52;-105.60;-67.64;-106.61
29-08-2020;11:58:00;-6.62;31.81;-166.82;-292.79;-21.87;-12.93;-12.42;-72.90;-15.65;-7.89;-106.68;-68.82;-107.90
29-08-2020;19:52:00;-8.39;32.00;-167.02;-294.18;-21.11;-12.47;-12.43;-71.77;-14.31;-9.77;-105.70;-67.77;-106.68
30-08-2020;04:04:00;-8.09;32.01;-167.02;-293.83;-21.59;-12.50;-12.76;-71.84;-14.28;-9.39;-105.85;-68.07;-106.97
30-08-2020;11:58:00;-7.40;31.55;-166.74;-292.27;-22.02;-12.20;-12.33;-72.07;-15.06;-8.66;-106.06;-68.28;-107.04
30-08-2020;19:53:00;-7.17;32.20;-167.48;-291.32;-22.20;-12.04;-11.60;-72.26;-13.92;-9.22;-105.12;-67.37;-106.78
31-08-2020;03:56:00;-7.17;32.06;-167.41;-291.15;-21.83;-12.43;-12.16;-72.54;-14.19;-9.52;-105.36;-67.52;-106.60
31-08-2020;11:59:00;-6.56;31.48;-167.10;-290.48;-22.73;-12.35;-11.23;-72.43;-14.76;-8.92;-105.43;-67.98;-106.76
31-08-2020;20:01:00;-7.30;31.74;-167.28;-290.65;-21.83;-12.55;-11.80;-72.64;-14.22;-9.67;-105.22;-67.55;-107.02
01-09-2020;04:04:00;-8.60;31.67;-167.50;-290.10;-21.44;-12.83;-12.29;-73.07;-14.45;-10.48;-105.73;-67.94;-107.63
01-09-2020;11:49:00;-8.82;31.27;-167.61;-289.08;-21.18;-13.63;-12.78;-74.44;-15.24;-10.21;-106.61;-68.86;-108.27
01-09-2020;19:59:00;-6.84;31.90;-167.91;-289.81;-22.17;-12.34;-11.55;-73.03;-13.98;-9.62;-105.29;-67.80;-107.16
02-09-2020;04:02:00;-7.23;31.71;-167.86;-290.29;-22.21;-12.41;-11.76;-73.15;-14.08;-9.86;-105.74;-67.99;-107.44
02-09-2020;12:04:00;-6.56;31.77;-167.88;-290.36;-22.50;-12.32;-11.16;-72.93;-14.07;-9.28;-105.38;-67.78;-107.21
02-09-2020;19:59:00;-6.65;31.75;-167.93;-289.49;-22.58;-12.38;-11.17;-72.83;-13.97;-9.33;-105.32;-67.57;-107.14
03-09-2020;03:54:00;-6.83;31.77;-167.96;-289.71;-22.57;-12.32;-11.39;-72.87;-14.01;-9.51;-105.33;-67.75;-107.15
03-09-2020;11:57:00;-6.58;31.76;-167.98;-289.67;-22.44;-12.27;-11.65;-72.78;-14.08;-9.28;-105.60;-67.79;-107.30
03-09-2020;20:00:00;-6.95;31.55;-167.85;-289.74;-22.36;-12.46;-12.04;-72.93;-14.33;-9.64;-106.02;-67.85;-107.43
04-09-2020;04:02:00;-8.08;32.06;-168.09;-289.20;-22.20;-12.77;-13.34;-73.20;-14.57;-9.99;-106.52;-68.46;-107.45
04-09-2020;12:05:00;-6.46;31.89;-168.18;-290.01;-22.37;-12.49;-12.55;-73.22;-14.16;-9.25;-106.23;-68.20;-107.39
04-09-2020;20:00:00;-6.85;32.12;-167.79;-288.88;-22.09;-12.74;-13.48;-73.33;-14.32;-9.95;-106.25;-68.25;-107.26
05-09-2020;03:55:00;-6.56;32.13;-167.72;-289.82;-22.74;-12.69;-13.36;-72.74;-14.32;-9.57;-106.34;-68.20;-107.55
05-09-2020;11:57:00;-6.28;32.08;-168.10;-290.71;-22.94;-12.52;-12.76;-73.06;-14.04;-9.04;-106.47;-68.00;-107.60
05-09-2020;20:00:00;-6.96;32.35;-168.04;-289.84;-23.11;-12.53;-13.23;-72.91;-14.12;-9.33;-106.54;-68.29;-107.86
06-09-2020;04:03:00;-7.02;32.38;-168.23;-290.14;-23.04;-12.70;-12.90;-73.12;-14.33;-8.96;-106.56;-68.47;-107.78
06-09-2020;12:05:00;-7.26;31.25;-167.47;-289.10;-22.77;-12.96;-13.64;-73.93;-15.07;-8.69;-107.10;-68.32;-108.35
06-09-2020;20:00:00;-8.98;31.49;-167.75;-288.74;-22.00;-12.63;-14.27;-73.28;-14.44;-10.46;-107.01;-68.48;-108.41
07-09-2020;03:55:00;-8.61;31.74;-168.16;-288.60;-21.37;-12.97;-14.52;-73.95;-14.71;-10.39;-107.14;-68.54;-108.62
07-09-2020;11:58:00;-6.54;31.92;-168.43;-289.29;-22.74;-12.41;-13.12;-73.05;-14.12;-9.24;-106.67;-68.26;-108.18
07-09-2020;20:01:00;-7.47;32.25;-168.17;-289.19;-22.30;-12.67;-13.32;-73.27;-14.37;-9.66;-106.59;-68.19;-108.04
08-09-2020;04:03:00;-6.62;32.20;-168.46;-289.32;-22.84;-12.47;-12.94;-72.87;-14.03;-9.21;-106.46;-68.31;-108.16
08-09-2020;11:58:00;-6.65;32.07;-168.27;-289.55;-22.93;-12.43;-12.77;-72.78;-14.09;-9.21;-106.39;-68.62;-108.04
08-09-2020;19:53:00;-6.47;32.16;-168.41;-289.30;-23.04;-12.32;-12.54;-72.51;-13.95;-9.26;-106.35;-68.53;-108.29
09-09-2020;03:56:00;-7.56;32.32;-168.34;-288.48;-22.27;-12.61;-12.75;-72.76;-14.30;-9.76;-106.63;-68.77;-108.51
09-09-2020;11:58:00;-7.31;32.30;-168.65;-289.23;-22.30;-12.56;-12.60;-73.40;-14.27;-9.06;-106.63;-69.00;-108.62
09-09-2020;20:01:00;-6.95;32.25;-168.84;-289.83;-23.01;-12.40;-12.61;-73.43;-14.17;-8.86;-106.67;-68.96;-108.71
10-09-2020;03:42:00;-7.09;32.25;-168.93;-289.37;-22.71;-12.55;-12.83;-73.81;-14.32;-9.00;-106.84;-69.15;-108.86
10-09-2020;11:58:00;-6.37;31.93;-169.03;-290.36;-22.53;-12.39;-13.12;-73.60;-14.21;-9.09;-106.98;-69.08;-108.88
10-09-2020;20:01:00;-6.01;32.35;-169.02;-291.24;-22.40;-12.18;-13.20;-73.35;-13.89;-9.07;-106.88;-69.01;-108.81
11-09-2020;04:04:00;-6.03;31.97;-168.94;-290.67;-22.05;-12.34;-13.42;-73.55;-14.26;-9.17;-106.90;-69.25;-108.89
11-09-2020;11:59:00;-7.21;32.26;-168.95;-290.84;-21.84;-12.89;-13.68;-73.81;-14.74;-9.91;-107.54;-69.48;-109.29
11-09-2020;19:53:00;-7.95;32.08;-168.78;-293.50;-21.97;-12.81;-13.48;-73.53;-14.46;-10.04;-107.45;-69.80;-109.22
12-09-2020;03:59:00;-6.60;31.88;-169.08;-293.72;-22.95;-12.51;-13.41;-74.23;-14.20;-9.23;-107.14;-69.70;-109.09
12-09-2020;11:59:00;-5.99;31.67;-169.08;-293.91;-22.81;-12.42;-13.25;-74.10;-14.22;-8.99;-107.24;-69.85;-109.24
12-09-2020;20:02:00;-6.12;31.66;-169.42;-294.03;-22.49;-12.36;-13.32;-74.13;-13.97;-8.52;-107.29;-69.98;-109.33
13-09-2020;04:04:00;-6.56;31.63;-169.41;-293.04;-22.26;-12.44;-13.34;-74.47;-14.10;-9.07;-107.51;-69.88;-109.32
13-09-2020;11:59:00;-6.62;31.25;-169.39;-291.22;-21.99;-12.71;-13.91;-74.87;-14.31;-8.91;-107.82;-70.16;-109.59
13-09-2020;19:54:00;-7.47;31.12;-169.30;-292.33;-21.50;-12.44;-13.49;-74.40;-14.16;-9.75;-107.54;-69.87;-109.33
14-09-2020;03:57:00;-8.12;31.55;-169.30;-293.07;-20.79;-12.67;-13.44;-74.48;-14.30;-9.66;-107.34;-70.06;-109.66
14-09-2020;11:59:00;-6.91;31.64;-169.68;-293.92;-21.61;-12.79;-13.19;-74.34;-14.34;-8.95;-107.38;-70.17;-109.63
14-09-2020;20:02:00;-7.12;31.73;-169.73;-292.59;-21.21;-12.63;-13.60;-74.76;-14.31;-9.64;-107.83;-70.27;-109.69
15-09-2020;04:05:00;-7.73;31.58;-169.78;-291.50;-20.39;-12.95;-14.51;-75.50;-14.65;-9.79;-108.26;-70.34;-109.97
15-09-2020;12:00:00;-7.96;31.43;-169.90;-290.45;-21.11;-13.23;-14.52;-75.18;-14.83;-9.84;-108.57;-70.51;-109.94
15-09-2020;19:55:00;-7.92;31.56;-170.49;-291.61;-20.48;-12.93;-14.21;-74.65;-14.58;-9.93;-108.56;-70.59;-110.08
16-09-2020;03:57:00;-6.14;31.69;-170.26;-292.21;-21.77;-12.31;-12.95;-74.21;-14.10;-8.82;-107.72;-69.98;-109.29
16-09-2020;12:00:00;-5.35;31.88;-170.10;-293.51;-22.31;-12.16;-12.45;-73.97;-13.89;-8.48;-107.53;-68.96;-109.13
16-09-2020;20:03:00;-5.82;32.08;-170.79;-293.48;-21.24;-12.21;-12.85;-74.50;-13.89;-9.36;-107.94;-69.46;-109.83
17-09-2020;04:05:00;-7.14;31.81;-170.71;-292.98;-20.57;-12.80;-13.42;-75.14;-14.25;-10.08;-108.19;-69.91;-109.94
17-09-2020;12:00:00;-6.21;31.79;-170.38;-292.33;-21.06;-13.17;-13.16;-75.38;-14.99;-9.66;-108.35;-69.92;-110.24
17-09-2020;19:55:00;-5.49;32.21;-170.98;-294.02;-22.13;-12.44;-12.67;-74.55;-14.23;-9.26;-108.34;-69.76;-110.19
18-09-2020;03:58:00;-5.21;32.37;-171.14;-294.40;-22.10;-12.24;-12.40;-74.32;-13.96;-9.04;-108.02;-69.64;-110.09
18-09-2020;12:00:00;-5.18;32.31;-171.15;-294.73;-21.98;-12.23;-12.51;-74.11;-13.98;-9.07;-108.07;-69.69;-110.02
18-09-2020;20:03:00;-7.19;32.58;-171.20;-293.32;-21.37;-12.79;-13.23;-74.57;-14.49;-9.60;-108.79;-70.27;-110.68
19-09-2020;03:58:00;-7.94;31.90;-170.85;-291.99;-20.71;-12.80;-13.43;-74.47;-14.64;-10.20;-108.68;-70.12;-110.42
19-09-2020;11:53:00;-7.11;31.44;-170.72;-291.55;-21.68;-13.06;-13.60;-74.76;-15.05;-9.37;-109.12;-70.20;-110.78
19-09-2020;19:56:00;-7.51;32.33;-171.36;-291.90;-21.40;-12.61;-13.35;-74.27;-14.42;-9.82;-109.08;-70.53;-111.01
20-09-2020;03:58:00;-7.70;32.20;-171.48;-292.29;-20.92;-12.98;-14.01;-74.69;-14.79;-9.98;-109.31;-70.66;-111.27
20-09-2020;12:01:00;-5.80;32.33;-171.77;-292.88;-21.76;-12.59;-13.39;-74.05;-14.40;-9.34;-108.70;-70.17;-110.71
20-09-2020;20:04:00;-5.41;32.49;-172.10;-293.85;-21.82;-12.37;-13.22;-73.48;-14.09;-9.27;-108.73;-70.16;-110.58
21-09-2020;03:58:00;-5.04;32.38;-172.21;-294.05;-22.00;-12.19;-12.81;-73.34;-13.96;-9.10;-108.74;-70.25;-110.53
21-09-2020;11:55:00;-4.76;32.22;-172.18;-293.87;-22.20;-12.10;-12.79;-73.16;-13.96;-9.24;-108.64;-70.38;-110.33
21-09-2020;19:56:00;-4.74;32.49;-172.28;-294.30;-22.01;-12.12;-12.91;-73.29;-13.86;-9.27;-108.84;-70.35;-110.40
22-09-2020;03:59:00;-4.34;32.74;-172.06;-293.55;-22.06;-12.51;-13.50;-73.66;-14.18;-8.86;-109.38;-70.25;-111.13
22-09-2020;12:01:00;-3.77;32.23;-172.00;-292.91;-21.80;-13.01;-13.41;-74.48;-14.62;-9.12;-109.75;-70.62;-111.11
22-09-2020;20:04:00;-3.19;32.22;-172.31;-293.62;-22.46;-12.30;-12.69;-73.49;-14.03;-9.16;-109.08;-70.56;-110.74
23-09-2020;03:59:00;-3.94;32.29;-172.19;-292.87;-22.16;-12.61;-13.01;-73.57;-14.29;-9.09;-109.50;-70.71;-111.11
23-09-2020;11:54:00;-3.53;32.41;-172.35;-294.35;-21.75;-12.67;-13.04;-73.48;-14.40;-8.91;-109.40;-70.72;-110.96
23-09-2020;19:56:00;-3.21;32.29;-172.30;-295.11;-21.34;-12.47;-12.68;-73.22;-14.28;-9.68;-109.32;-70.57;-110.92
24-09-2020;03:59:00;-4.24;31.99;-172.09;-296.28;-21.46;-12.61;-13.70;-73.59;-14.27;-9.78;-110.37;-70.85;-111.54
24-09-2020;12:02:00;-4.27;32.13;-172.44;-296.38;-21.31;-12.98;-13.82;-74.29;-14.84;-9.86;-110.26;-71.22;-111.29
24-09-2020;20:04:00;-3.07;32.58;-173.07;-296.82;-22.13;-12.47;-12.82;-73.76;-14.07;-8.74;-109.95;-71.10;-110.84
25-09-2020;03:59:00;-3.38;32.46;-173.12;-296.89;-21.29;-12.62;-13.11;-74.09;-14.08;-9.88;-110.06;-70.83;-110.75
25-09-2020;11:54:00;-3.21;32.04;-173.16;-298.24;-21.50;-12.45;-12.68;-74.39;-14.64;-9.65;-110.26;-71.45;-111.16
25-09-2020;19:57:00;-1.80;32.47;-173.52;-297.64;-22.47;-12.12;-12.07;-73.67;-14.06;-9.27;-109.83;-70.69;-110.76
26-09-2020;04:00:00;-2.61;32.31;-173.65;-297.18;-21.97;-12.50;-12.05;-73.86;-14.26;-9.74;-110.10;-70.71;-111.07
26-09-2020;12:02:00;-2.63;32.08;-173.36;-297.36;-22.07;-12.51;-12.20;-74.18;-14.39;-9.67;-110.05;-70.58;-110.95
26-09-2020;20:05:00;-3.05;32.19;-174.01;-298.27;-21.86;-12.68;-12.31;-74.43;-14.40;-9.95;-110.22;-70.91;-111.25
27-09-2020;04:00:00;-2.87;32.44;-174.17;-299.01;-21.62;-12.39;-12.30;-74.22;-14.19;-9.88;-110.29;-70.75;-111.06
27-09-2020;11:55:00;-2.58;32.32;-174.14;-298.94;-22.05;-12.85;-12.42;-74.70;-14.66;-9.72;-110.16;-71.13;-111.12
27-09-2020;19:57:00;-3.16;32.18;-174.11;-299.84;-21.95;-12.75;-12.65;-74.77;-14.57;-9.99;-110.32;-71.03;-111.16
28-09-2020;04:00:00;-4.38;32.48;-174.55;-300.10;-21.62;-12.78;-12.64;-74.88;-14.56;-10.43;-110.81;-71.46;-111.59
28-09-2020;12:03:00;-3.93;31.88;-174.57;-299.52;-21.94;-13.04;-12.47;-75.71;-14.85;-9.98;-110.59;-71.55;-111.30
28-09-2020;20:05:00;-4.15;32.15;-174.89;-300.03;-22.01;-12.71;-11.87;-75.29;-14.41;-10.28;-110.82;-71.51;-111.48
29-09-2020;04:00:00;-3.78;32.25;-174.79;-300.13;-21.50;-12.85;-12.01;-75.64;-14.62;-10.24;-111.16;-71.51;-111.60
29-09-2020;11:55:00;-4.58;32.11;-174.83;-297.77;-20.97;-13.49;-12.74;-76.17;-15.30;-10.75;-111.82;-72.10;-111.97
29-09-2020;19:58:00;-4.77;32.26;-174.95;-298.17;-20.95;-13.25;-12.62;-75.61;-14.90;-10.62;-111.64;-71.88;-111.96
30-09-2020;04:01:00;-3.29;32.56;-175.58;-297.88;-22.09;-12.59;-11.60;-75.24;-14.39;-10.08;-110.91;-71.44;-111.50
30-09-2020;12:03:00;-4.13;32.16;-175.80;-296.48;-21.91;-13.30;-12.21;-75.89;-15.04;-10.24;-111.10;-71.91;-111.61
30-09-2020;19:58:00;-3.35;32.53;-176.14;-297.43;-22.68;-12.56;-11.07;-75.14;-14.36;-9.96;-110.74;-71.79;-111.12
01-10-2020;03:53:00;-3.49;32.43;-176.18;-297.49;-22.60;-12.81;-11.23;-75.66;-14.53;-9.96;-110.79;-72.20;-111.21
01-10-2020;11:56:00;-3.27;32.13;-176.27;-297.87;-22.91;-12.71;-10.70;-75.33;-14.52;-9.86;-110.77;-72.34;-111.23
01-10-2020;19:58:00;-3.11;32.19;-176.40;-297.15;-22.69;-12.57;-10.68;-75.16;-14.49;-9.66;-110.71;-72.26;-111.27
02-10-2020;04:01:00;-3.32;32.24;-176.43;-297.60;-22.51;-12.57;-10.51;-74.87;-14.45;-9.70;-110.48;-72.23;-111.09
02-10-2020;12:04:00;-3.35;32.40;-176.56;-297.02;-22.44;-12.62;-10.36;-75.02;-14.54;-9.86;-110.74;-72.35;-111.22
02-10-2020;19:59:00;-3.42;32.40;-176.76;-297.51;-22.13;-12.68;-10.45;-75.12;-14.55;-9.99;-110.69;-72.51;-111.33
03-10-2020;03:53:00;-3.17;32.32;-176.78;-297.55;-22.16;-12.64;-10.32;-75.06;-14.58;-9.92;-110.71;-72.30;-111.37
03-10-2020;11:56:00;-3.25;32.21;-176.86;-297.42;-22.16;-12.72;-10.32;-75.04;-14.55;-9.92;-111.04;-72.42;-111.67
03-10-2020;19:59:00;-3.16;32.18;-177.04;-298.04;-22.05;-12.64;-10.25;-75.05;-14.58;-9.60;-111.00;-72.35;-111.57
04-10-2020;04:02:00;-3.09;32.31;-177.24;-298.04;-22.34;-12.67;-10.13;-75.10;-14.53;-9.53;-111.08;-72.53;-111.63
04-10-2020;12:04:00;-3.03;32.26;-177.30;-298.11;-22.17;-12.72;-10.24;-75.10;-14.56;-9.84;-111.07;-72.65;-111.45
04-10-2020;19:59:00;-4.24;32.50;-177.32;-296.54;-21.29;-13.16;-11.03;-75.48;-15.13;-10.76;-111.59;-73.07;-112.04
05-10-2020;03:54:00;-4.57;32.35;-177.67;-295.86;-20.38;-13.41;-11.46;-76.11;-15.17;-11.00;-112.21;-73.75;-112.64
05-10-2020;11:57:00;-3.60;32.17;-177.81;-296.15;-20.80;-13.73;-11.61;-75.89;-15.39;-10.23;-111.68;-73.40;-112.31
05-10-2020;19:59:00;-2.54;32.33;-178.14;-297.31;-21.52;-12.79;-10.75;-75.32;-14.50;-10.01;-110.83;-72.78;-111.35
06-10-2020;04:02:00;-2.65;32.08;-178.35;-297.61;-21.29;-12.91;-10.59;-75.77;-14.63;-10.02;-111.04;-72.97;-111.58
06-10-2020;12:05:00;-2.56;31.91;-178.45;-297.26;-21.72;-13.34;-10.63;-76.53;-15.01;-10.21;-111.28;-73.15;-111.81
06-10-2020;20:00:00;-2.84;32.03;-178.38;-297.23;-21.19;-13.36;-10.71;-76.75;-14.93;-10.54;-111.57;-73.33;-111.92
07-10-2020;03:55:00;-3.19;31.96;-178.41;-297.28;-20.47;-13.48;-11.09;-76.81;-14.98;-11.18;-111.76;-73.69;-112.27
07-10-2020;12:17:00;-3.83;31.74;-178.69;-296.58;-21.40;-14.26;-11.80;-77.40;-15.84;-10.46;-112.38;-74.27;-112.91
07-10-2020;20:04:00;-3.84;31.96;-178.88;-296.65;-19.93;-13.75;-11.59;-77.30;-15.42;-11.33;-112.48;-73.92;-112.86
08-10-2020;03:59:00;-4.30;31.73;-179.01;-296.56;-19.57;-13.96;-11.66;-77.23;-15.62;-11.57;-112.79;-74.32;-113.03
08-10-2020;11:53:00;-4.33;31.56;-179.31;-296.92;-20.32;-14.40;-11.91;-77.73;-16.10;-10.52;-112.95;-74.57;-113.28
08-10-2020;19:56:00;-5.16;31.75;-179.19;-296.36;-19.89;-13.73;-11.73;-77.26;-15.47;-11.51;-112.86;-74.44;-113.07
09-10-2020;03:59:00;-3.56;32.16;-179.33;-298.42;-21.53;-13.61;-11.03;-77.56;-15.27;-10.21;-112.91;-74.19;-113.36
09-10-2020;12:02:00;-3.75;31.95;-179.11;-297.65;-21.26;-13.99;-11.29;-77.91;-15.75;-10.06;-113.15;-74.23;-113.23
09-10-2020;20:04:00;-4.10;31.88;-178.90;-297.92;-20.57;-13.40;-11.08;-77.18;-15.20;-11.23;-112.63;-73.65;-112.77
10-10-2020;03:59:00;-4.44;31.66;-178.81;-297.71;-20.66;-13.30;-11.07;-77.15;-15.31;-11.06;-112.68;-73.59;-112.78
10-10-2020;11:54:00;-4.66;31.32;-178.73;-296.93;-20.79;-13.87;-11.59;-77.95;-16.00;-10.82;-113.07;-73.94;-113.13
10-10-2020;19:57:00;-5.23;31.52;-179.04;-297.84;-20.06;-13.84;-11.95;-77.94;-15.65;-11.71;-113.27;-74.36;-113.20
11-10-2020;03:59:00;-5.78;31.52;-179.20;-297.40;-20.04;-13.84;-11.95;-77.83;-15.71;-11.80;-113.62;-74.70;-113.60
11-10-2020;12:02:00;-4.96;31.28;-179.12;-297.74;-20.07;-14.33;-12.20;-78.35;-16.17;-11.33;-113.77;-74.53;-113.55
11-10-2020;20:12:00;-3.58;31.76;-179.45;-297.34;-20.25;-13.50;-10.87;-77.27;-15.37;-11.26;-113.13;-74.09;-113.15
12-10-2020;04:00:00;-3.18;31.76;-179.52;-299.10;-20.51;-13.59;-10.94;-77.33;-15.40;-10.92;-113.09;-73.98;-113.03
12-10-2020;11:54:00;-3.09;31.46;-179.48;-298.74;-20.97;-14.10;-10.83;-77.98;-15.91;-10.43;-113.26;-74.10;-113.03
12-10-2020;19:57:00;-3.11;31.84;-179.88;-298.68;-20.53;-13.48;-10.60;-77.12;-15.17;-10.98;-113.17;-74.12;-113.21
13-10-2020;04:00:00;-3.46;31.73;-179.83;-298.63;-20.40;-13.78;-11.09;-77.53;-15.57;-11.27;-113.47;-74.41;-113.39
13-10-2020;09:11:00;-3.97;31.30;-179.69;-298.46;-20.80;-14.43;-11.35;-78.58;-16.41;-10.79;-113.68;-74.66;-113.52
22-10-2020;07:21:00;-4.39;31.66;-182.21;-298.70;-20.08;-13.91;-12.53;-78.37;-15.97;-10.92;-115.94;-76.40;-115.24
22-10-2020;11:53:00;-4.22;31.22;-181.99;-299.16;-19.86;-14.11;-11.88;-78.49;-16.30;-10.80;-116.21;-76.62;-115.53
22-10-2020;19:56:00;-4.55;31.51;-182.45;-298.84;-20.84;-13.58;-11.37;-78.35;-15.66;-10.65;-116.36;-76.79;-115.42
23-10-2020;03:58:00;-5.79;30.90;-182.64;-297.75;-20.11;-14.48;-11.77;-79.45;-16.61;-11.79;-117.17;-77.16;-116.41
23-10-2020;12:01:00;-2.93;31.53;-182.92;-300.17;-20.89;-13.89;-11.23;-79.05;-15.96;-10.83;-115.89;-76.04;-115.57
23-10-2020;20:04:00;-4.54;31.38;-182.94;-298.84;-19.74;-14.37;-11.98;-79.48;-16.33;-11.91;-116.21;-76.29;-115.87
24-10-2020;03:58:00;-3.86;31.62;-183.11;-300.07;-20.49;-13.84;-11.74;-79.13;-15.96;-10.95;-116.05;-76.11;-115.60
24-10-2020;11:53:00;-5.10;31.04;-183.28;-298.97;-19.79;-14.80;-12.48;-79.94;-16.81;-11.44;-116.95;-76.83;-116.40
24-10-2020;19:56:00;-4.24;31.23;-183.67;-299.22;-19.86;-14.55;-11.66;-79.07;-16.54;-11.75;-116.49;-76.51;-116.38
25-10-2020;03:59:00;-4.10;31.74;-183.97;-299.17;-19.77;-14.56;-12.09;-79.07;-16.50;-11.65;-116.92;-77.31;-116.77
25-10-2020;12:02:00;-2.88;31.82;-184.18;-300.88;-20.89;-14.04;-11.44;-78.40;-16.10;-11.14;-116.54;-77.12;-116.43
25-10-2020;20:04:00;-3.59;31.84;-184.42;-300.70;-20.34;-14.25;-11.55;-78.89;-16.22;-11.98;-116.83;-77.19;-116.64
26-10-2020;03:59:00;-4.71;30.74;-182.75;-302.05;-20.96;-15.16;-12.54;-79.49;-15.91;-12.34;-115.14;-75.11;-114.99
26-10-2020;11:54:00;-4.66;30.80;-182.99;-302.34;-20.86;-15.17;-12.26;-79.40;-15.96;-12.10;-115.17;-74.98;-114.99
26-10-2020;19:56:00;-4.68;30.76;-183.14;-302.55;-20.72;-15.13;-12.10;-79.62;-15.95;-12.11;-115.22;-75.04;-115.17
27-10-2020;03:59:00;-5.79;30.57;-183.20;-301.21;-19.85;-15.64;-12.84;-80.14;-16.54;-12.83;-115.65;-75.41;-115.52
27-10-2020;12:02:00;-5.58;30.45;-183.45;-301.13;-19.96;-15.89;-12.77;-80.69;-16.86;-12.88;-116.04;-75.72;-115.68
27-10-2020;20:04:00;-5.60;30.59;-183.61;-301.28;-20.03;-15.63;-12.83;-80.48;-16.62;-12.91;-115.91;-75.67;-115.65
28-10-2020;03:59:00;-5.51;30.50;-183.85;-301.61;-20.18;-15.52;-12.84;-80.24;-16.45;-12.75;-115.86;-75.73;-115.57
28-10-2020;11:54:00;-5.75;30.31;-183.78;-300.84;-19.85;-15.99;-13.36;-80.34;-16.78;-12.73;-116.47;-76.20;-116.07
28-10-2020;19:57:00;-5.76;30.37;-184.18;-300.51;-19.78;-15.89;-13.63;-79.59;-16.58;-12.69;-116.21;-76.43;-116.18
29-10-2020;03:59:00;-6.33;30.51;-184.56;-300.53;-19.95;-16.26;-13.77;-80.14;-16.90;-12.70;-116.85;-77.12;-116.77
29-10-2020;12:02:00;-6.16;30.51;-184.59;-300.59;-19.77;-16.42;-14.00;-80.66;-17.22;-12.49;-116.99;-77.03;-116.88
29-10-2020;20:05:00;-6.38;30.86;-184.97;-300.60;-19.64;-15.82;-13.41;-80.40;-16.65;-13.24;-116.87;-76.91;-116.83
30-10-2020;03:59:00;-6.36;30.41;-185.10;-300.82;-19.61;-15.78;-13.58;-80.54;-16.75;-13.04;-116.86;-76.88;-116.69
30-10-2020;11:54:00;-5.29;30.51;-185.20;-301.70;-20.59;-15.74;-12.82;-79.97;-16.62;-12.73;-116.42;-76.59;-116.38
30-10-2020;19:57:00;-6.23;30.58;-185.53;-301.20;-19.74;-16.02;-13.13;-80.24;-16.91;-13.07;-117.32;-77.50;-117.16
31-10-2020;04:00:00;-6.99;30.43;-185.90;-300.79;-19.45;-16.33;-12.70;-80.77;-17.09;-13.68;-117.55;-77.50;-117.32
31-10-2020;12:02:00;-6.26;30.27;-186.05;-301.43;-19.82;-16.24;-12.33;-80.44;-17.06;-13.35;-117.56;-77.22;-117.11
31-10-2020;20:05:00;-4.77;30.58;-186.31;-303.28;-20.94;-15.77;-11.78;-79.73;-16.46;-12.45;-116.87;-76.80;-116.62
01-11-2020;04:00:00;-4.77;30.64;-186.48;-302.71;-21.00;-15.93;-11.94;-79.87;-16.49;-12.18;-117.21;-77.66;-117.27
01-11-2020;11:55:00;-4.83;30.42;-186.88;-302.34;-21.05;-15.84;-11.73;-80.05;-16.62;-12.34;-117.20;-77.46;-117.39
01-11-2020;19:57:00;-4.43;30.71;-186.97;-302.83;-21.13;-15.72;-11.66;-79.98;-16.47;-12.15;-117.39;-77.71;-117.48
02-11-2020;04:00:00;-4.24;30.74;-187.09;-302.48;-20.91;-15.86;-12.12;-79.97;-16.74;-12.43;-117.50;-77.93;-117.76
02-11-2020;12:03:00;-3.62;30.59;-187.38;-302.86;-21.08;-15.71;-11.87;-79.88;-16.65;-12.27;-117.78;-78.19;-117.91
02-11-2020;20:05:00;-3.52;30.69;-187.80;-303.44;-21.02;-15.66;-11.90;-79.67;-16.56;-12.17;-117.71;-78.32;-117.86
03-11-2020;04:00:00;-4.10;30.87;-187.99;-303.45;-20.99;-15.72;-11.98;-79.74;-16.67;-12.08;-117.95;-78.50;-118.00
03-11-2020;11:55:00;-3.92;30.70;-188.16;-303.74;-21.07;-15.70;-11.74;-79.44;-16.57;-12.46;-117.93;-78.16;-117.96
03-11-2020;19:58:00;-4.27;30.65;-188.28;-303.46;-21.13;-15.81;-11.65;-79.60;-16.61;-12.36;-118.22;-78.33;-118.15
04-11-2020;04:00:00;-3.97;30.73;-188.45;-303.18;-21.06;-15.72;-11.64;-79.42;-16.57;-12.11;-118.45;-78.46;-118.27
04-11-2020;12:03:00;-3.64;30.71;-188.62;-302.99;-21.26;-15.75;-11.54;-79.92;-16.58;-12.39;-118.62;-78.45;-118.34
04-11-2020;20:05:00;-4.22;30.89;-188.94;-302.77;-21.16;-15.94;-11.77;-80.23;-16.65;-12.33;-118.72;-78.53;-118.50
05-11-2020;04:00:00;-4.32;31.03;-189.11;-302.68;-21.19;-15.84;-11.56;-80.24;-16.63;-12.17;-118.63;-78.56;-118.62
05-11-2020;11:55:00;-4.31;30.86;-189.20;-302.92;-21.31;-16.07;-11.67;-80.53;-16.76;-12.68;-119.00;-78.58;-118.43
05-11-2020;19:58:00;-4.49;30.80;-189.40;-302.60;-21.35;-15.90;-11.40;-80.71;-16.63;-12.54;-118.88;-78.56;-118.26
06-11-2020;04:01:00;-4.26;30.98;-189.67;-302.69;-21.32;-15.90;-11.06;-80.79;-16.64;-12.44;-118.90;-78.60;-118.44
06-11-2020;12:03:00;-4.09;31.12;-189.63;-302.97;-21.75;-15.81;-11.10;-81.03;-16.62;-12.62;-118.88;-78.60;-118.17
06-11-2020;19:58:00;-4.01;31.05;-189.60;-302.48;-21.35;-15.85;-10.78;-81.23;-16.56;-12.68;-119.04;-78.67;-118.27
07-11-2020;03:56:00;-4.67;30.83;-189.85;-301.92;-21.18;-16.22;-10.96;-81.84;-17.00;-12.85;-119.44;-78.91;-118.48
07-11-2020;11:59:00;-4.42;30.94;-190.16;-302.21;-21.17;-16.26;-11.15;-81.81;-17.10;-12.82;-119.59;-79.07;-118.66
07-11-2020;19:58:00;-4.73;31.01;-190.54;-302.27;-21.01;-16.51;-11.41;-82.18;-17.19;-12.86;-119.90;-79.43;-119.11
08-11-2020;03:58:00;-5.73;30.99;-190.81;-301.52;-20.40;-16.88;-12.09;-82.70;-17.65;-13.63;-120.47;-79.96;-119.52
08-11-2020;12:03:00;-5.62;30.70;-190.86;-300.77;-20.28;-16.88;-12.12;-82.66;-17.57;-13.93;-120.46;-79.86;-119.49
08-11-2020;19:58:00;-4.71;30.94;-190.70;-301.59;-20.75;-16.33;-11.33;-81.96;-17.13;-13.27;-119.95;-79.47;-118.90
09-11-2020;03:53:00;-5.91;30.54;-190.96;-301.24;-20.69;-16.61;-11.95;-82.62;-17.42;-13.37;-120.41;-79.91;-119.30
09-11-2020;11:56:00;-7.57;30.26;-191.08;-301.10;-20.31;-17.21;-12.62;-83.48;-18.10;-14.10;-121.15;-80.51;-120.02
09-11-2020;19:58:00;-7.18;30.23;-191.33;-300.08;-19.96;-17.59;-12.99;-83.87;-18.53;-14.87;-121.41;-80.72;-120.09
10-11-2020;04:01:00;-5.84;30.19;-191.57;-300.85;-20.78;-17.21;-12.40;-83.41;-18.40;-14.17;-120.93;-80.37;-119.64
10-11-2020;12:04:00;-5.34;30.05;-191.82;-301.82;-21.48;-17.18;-12.01;-83.10;-18.28;-13.79;-121.00;-80.43;-119.79
10-11-2020;19:59:00;-5.48;30.39;-191.97;-301.31;-21.17;-17.03;-12.06;-82.95;-18.07;-13.89;-121.01;-80.51;-119.80
11-11-2020;03:53:00;-5.43;30.21;-192.20;-300.78;-20.91;-17.41;-12.09;-83.28;-18.47;-14.34;-121.29;-80.73;-120.00
11-11-2020;11:56:00;-5.04;30.24;-192.57;-301.85;-21.38;-17.39;-11.81;-82.99;-18.39;-14.20;-121.35;-80.84;-120.07
11-11-2020;19:59:00;-3.91;30.57;-192.88;-302.70;-21.84;-16.74;-10.87;-82.20;-17.77;-13.75;-120.92;-80.53;-119.71
12-11-2020;04:01:00;-3.58;30.73;-193.08;-303.93;-22.19;-16.58;-11.02;-81.99;-17.64;-13.64;-120.89;-80.52;-119.71
12-11-2020;12:04:00;-3.40;30.65;-193.19;-304.05;-22.08;-16.56;-10.99;-81.91;-17.63;-13.50;-120.99;-80.50;-119.89
12-11-2020;19:59:00;-3.15;30.64;-193.30;-303.50;-21.93;-16.50;-10.88;-81.76;-17.61;-13.51;-120.91;-80.50;-119.75
13-11-2020;03:54:00;-3.42;30.81;-193.52;-303.79;-21.93;-16.60;-10.69;-81.82;-17.71;-13.40;-121.15;-80.69;-119.98
13-11-2020;11:56:00;-3.22;30.69;-193.70;-304.03;-22.19;-16.65;-10.87;-81.61;-17.79;-13.31;-121.35;-80.86;-120.13
13-11-2020;19:59:00;-3.36;30.68;-193.83;-303.81;-21.88;-16.76;-10.88;-82.19;-17.94;-13.46;-121.32;-80.99;-120.10
14-11-2020;04:02:00;-3.65;30.75;-194.01;-303.87;-21.84;-16.77;-11.04;-82.14;-17.88;-13.64;-121.35;-81.03;-120.40
14-11-2020;12:04:00;-3.49;30.58;-194.24;-304.13;-22.08;-16.84;-11.12;-82.01;-17.95;-13.46;-121.62;-81.17;-120.51
14-11-2020;19:59:00;-3.55;30.63;-194.31;-304.08;-21.88;-16.74;-11.07;-82.13;-17.89;-13.61;-121.52;-81.17;-120.48
15-11-2020;03:54:00;-3.66;30.63;-194.22;-303.69;-21.31;-16.88;-10.94;-83.07;-18.14;-13.80;-121.74;-81.49;-120.94
15-11-2020;11:57:00;-3.67;30.44;-194.36;-303.44;-21.05;-16.88;-11.30;-82.54;-18.12;-13.80;-121.77;-81.39;-120.85
15-11-2020;19:59:00;-3.17;30.59;-194.70;-304.20;-21.96;-16.62;-10.97;-82.03;-17.86;-13.50;-121.90;-81.24;-120.67
16-11-2020;04:02:00;-3.65;30.51;-194.68;-303.81;-21.60;-16.94;-11.01;-81.58;-18.11;-13.47;-122.23;-81.73;-121.18
16-11-2020;12:01:00;-3.42;30.51;-194.81;-303.73;-21.30;-16.98;-10.69;-81.92;-18.12;-13.98;-122.10;-81.61;-121.00
16-11-2020;20:00:00;-3.88;30.29;-194.86;-303.58;-21.43;-17.08;-10.71;-81.85;-18.18;-13.68;-122.46;-81.90;-121.40
17-11-2020;03:55:00;-3.20;30.56;-195.14;-304.16;-21.73;-16.77;-9.95;-81.43;-17.84;-13.36;-122.19;-81.75;-121.13
17-11-2020;11:57:00;-3.89;30.44;-195.09;-303.71;-21.27;-17.04;-10.61;-81.65;-18.19;-13.81;-122.36;-82.05;-121.28
17-11-2020;20:00:00;-4.26;30.08;-195.33;-303.27;-20.84;-17.32;-11.38;-81.99;-18.32;-14.02;-122.97;-82.20;-121.68
18-11-2020;04:02:00;-5.51;30.34;-195.45;-302.66;-20.52;-17.58;-12.06;-82.41;-18.52;-13.93;-123.40;-82.64;-121.91
18-11-2020;12:05:00;-5.48;30.39;-195.57;-303.28;-21.05;-17.35;-11.73;-82.35;-18.32;-13.25;-123.09;-82.32;-121.57
18-11-2020;20:00:00;-5.95;30.57;-195.47;-302.32;-20.54;-17.51;-11.37;-82.36;-18.29;-13.88;-123.30;-82.38;-121.87
19-11-2020;03:55:00;-4.58;29.91;-195.91;-304.03;-21.90;-16.80;-10.32;-82.39;-18.20;-12.71;-122.98;-81.72;-121.27
19-11-2020;11:57:00;-5.12;29.35;-196.50;-304.40;-21.89;-16.79;-10.24;-82.70;-18.07;-13.55;-123.66;-81.57;-122.27
19-11-2020;20:00:00;-5.65;29.90;-196.40;-304.12;-22.15;-16.82;-10.58;-82.41;-17.96;-13.88;-124.32;-81.74;-122.05
20-11-2020;04:03:00;-4.99;29.99;-196.72;-304.73;-23.03;-16.63;-9.76;-82.32;-17.66;-13.41;-123.85;-81.57;-121.96
20-11-2020;12:05:00;-5.20;29.95;-196.88;-305.16;-23.02;-16.86;-9.88;-82.47;-17.58;-13.24;-124.34;-82.23;-122.33
20-11-2020;20:00:00;-5.52;29.77;-196.89;-305.10;-22.52;-17.02;-10.19;-83.05;-17.90;-13.15;-124.60;-82.22;-122.51
21-11-2020;03:55:00;-4.73;29.51;-196.56;-304.04;-22.33;-17.17;-10.61;-82.60;-17.99;-13.10;-125.11;-82.11;-122.93
21-11-2020;12:07:00;-5.22;29.20;-196.65;-305.50;-22.20;-16.98;-10.10;-82.19;-18.17;-13.22;-125.01;-82.04;-122.68
21-11-2020;20:07:00;-5.05;30.86;-197.42;-305.83;-22.66;-16.88;-10.03;-82.55;-18.17;-13.98;-125.28;-82.47;-123.75
22-11-2020;04:03:00;-4.90;30.99;-198.53;-306.15;-22.74;-16.85;-10.06;-82.76;-18.03;-14.09;-125.39;-82.55;-123.60
22-11-2020;11:58:00;-4.69;32.19;-197.97;-306.71;-22.62;-16.60;-10.03;-82.53;-17.92;-13.99;-125.32;-82.77;-123.84
22-11-2020;19:46:00;-5.59;32.48;-199.40;-306.79;-22.63;-16.53;-9.47;-82.35;-18.01;-13.33;-125.82;-83.43;-124.41
23-11-2020;03:56:00;-5.75;32.56;-200.53;-306.69;-22.06;-16.96;-10.16;-82.41;-18.28;-13.84;-126.26;-84.13;-125.28
23-11-2020;11:58:00;-4.82;33.04;-200.05;-306.76;-22.07;-16.99;-9.84;-82.94;-18.30;-13.47;-126.48;-83.81;-125.55
23-11-2020;20:01:00;-4.93;33.34;-199.69;-307.16;-22.46;-16.79;-9.95;-82.81;-18.16;-13.43;-126.49;-83.60;-125.20
24-11-2020;04:04:00;-5.62;33.66;-199.54;-307.05;-21.57;-17.21;-9.95;-83.03;-18.43;-14.17;-127.31;-83.84;-126.07
24-11-2020;11:58:00;-6.24;32.67;-198.41;-306.37;-21.74;-17.49;-10.68;-83.52;-18.70;-14.11;-127.22;-84.18;-126.61
24-11-2020;19:53:00;-5.92;33.06;-198.15;-307.80;-21.54;-17.40;-10.59;-83.98;-18.45;-13.93;-127.38;-84.57;-127.14
25-11-2020;03:56:00;-6.10;33.98;-198.87;-307.67;-21.50;-17.70;-11.66;-84.14;-18.84;-13.78;-127.90;-84.99;-127.87
25-11-2020;11:59:00;-4.93;34.50;-200.26;-307.41;-21.46;-17.94;-12.02;-84.42;-19.18;-13.75;-127.86;-85.69;-128.18
25-11-2020;20:01:00;-5.25;34.33;-200.53;-309.38;-22.78;-17.25;-10.66;-83.63;-18.67;-13.20;-127.02;-85.41;-127.63
26-11-2020;04:04:00;-6.18;33.77;-201.24;-309.31;-22.32;-17.55;-11.22;-83.94;-18.79;-14.08;-127.69;-86.30;-128.42
26-11-2020;11:59:00;-6.69;33.25;-201.57;-309.53;-22.58;-17.58;-11.85;-84.22;-19.00;-14.05;-127.82;-86.10;-128.64
26-11-2020;19:54:00;-5.57;33.93;-201.89;-310.17;-22.75;-17.22;-12.45;-83.44;-18.71;-13.79;-128.24;-86.29;-129.43
27-11-2020;04:03:00;-4.25;33.92;-201.89;-310.65;-23.13;-17.01;-13.25;-82.65;-18.37;-13.49;-127.92;-85.83;-129.64
27-11-2020;11:59:00;-4.09;33.89;-202.28;-311.11;-23.50;-17.05;-13.62;-82.17;-18.37;-13.74;-128.08;-86.00;-130.06
27-11-2020;20:01:00;-4.09;33.72;-202.77;-311.72;-23.94;-17.24;-13.93;-82.25;-18.34;-13.75;-128.32;-86.37;-130.38
28-11-2020;04:04:00;-4.16;33.39;-202.85;-311.27;-23.94;-17.46;-14.33;-82.39;-18.72;-13.79;-128.99;-86.70;-130.90
28-11-2020;11:59:00;-4.24;32.93;-203.24;-311.31;-24.39;-17.73;-14.26;-83.12;-19.07;-13.84;-129.44;-86.97;-131.22
28-11-2020;19:54:00;-3.44;33.45;-203.86;-311.43;-24.82;-17.38;-13.50;-82.53;-18.76;-13.27;-129.59;-87.19;-131.04
29-11-2020;03:56:00;-4.38;33.44;-203.71;-311.75;-24.46;-17.21;-13.38;-82.60;-18.66;-13.30;-129.62;-87.19;-130.90
29-11-2020;11:59:00;-4.20;33.26;-203.87;-310.78;-23.45;-17.53;-13.87;-82.92;-19.01;-13.80;-130.23;-87.40;-131.47
29-11-2020;20:02:00;-3.60;33.42;-204.31;-311.02;-23.44;-17.25;-13.57;-82.66;-18.76;-13.50;-129.86;-87.19;-131.32
30-11-2020;04:04:00;-3.57;33.69;-204.75;-311.47;-24.01;-17.00;-13.30;-82.28;-18.57;-13.27;-130.29;-87.41;-131.21
30-11-2020;11:59:00;-3.22;33.53;-204.99;-311.18;-22.58;-17.29;-13.28;-82.52;-18.87;-13.74;-130.98;-87.67;-131.98
30-11-2020;19:59:00;-3.90;33.31;-205.33;-311.22;-22.15;-17.63;-13.63;-82.63;-19.10;-14.21;-130.83;-88.10;-132.22
01-12-2020;03:57:00;-3.91;33.87;-206.87;-311.31;-22.77;-17.39;-13.46;-82.76;-18.83;-14.23;-131.66;-88.29;-133.11
01-12-2020;11:59:00;-2.62;34.00;-206.71;-312.29;-22.72;-17.10;-13.79;-82.33;-18.70;-14.23;-130.91;-87.71;-132.46
01-12-2020;20:02:00;-3.56;33.59;-206.70;-311.20;-23.09;-17.49;-14.27;-82.85;-19.35;-15.13;-131.80;-87.71;-132.65
02-12-2020;04:05:00;-3.08;33.50;-206.97;-310.76;-23.74;-17.68;-13.97;-83.03;-19.49;-14.87;-131.68;-87.41;-132.62
02-12-2020;12:00:00;-1.49;33.55;-207.10;-311.82;-23.74;-16.97;-13.27;-82.13;-18.85;-13.81;-131.36;-86.53;-132.72
02-12-2020;19:59:00;-0.84;34.65;-207.49;-312.31;-22.94;-17.01;-13.94;-81.84;-18.71;-13.66;-131.36;-86.50;-132.66
03-12-2020;03:58:00;0.97;35.36;-207.47;-312.57;-23.45;-17.04;-14.07;-82.74;-18.64;-13.51;-131.92;-87.23;-132.86
03-12-2020;12:00:00;1.35;35.87;-207.88;-313.15;-24.28;-16.99;-13.41;-82.87;-18.63;-13.37;-132.20;-87.33;-132.91
03-12-2020;20:02:00;2.54;36.18;-208.05;-313.33;-24.34;-17.18;-13.36;-82.77;-18.65;-13.72;-132.08;-87.11;-132.66
04-12-2020;04:05:00;3.62;36.01;-208.63;-313.91;-24.19;-16.99;-13.08;-82.73;-18.64;-13.63;-132.46;-87.08;-132.81
04-12-2020;12:00:00;3.82;35.92;-208.88;-314.35;-23.68;-17.20;-13.29;-83.13;-18.68;-14.09;-132.68;-87.39;-133.21
04-12-2020;19:55:00;3.97;35.89;-208.73;-314.11;-23.52;-17.22;-13.44;-83.17;-18.69;-14.11;-132.90;-87.69;-133.61
05-12-2020;03:57:00;3.47;36.09;-208.97;-314.02;-23.33;-17.26;-13.62;-83.20;-18.64;-13.92;-133.30;-88.02;-133.70
05-12-2020;12:00:00;2.68;35.69;-208.85;-314.38;-23.41;-17.56;-13.93;-83.74;-19.00;-14.12;-133.88;-88.41;-134.05
05-12-2020;20:02:00;2.04;35.87;-209.03;-314.30;-22.59;-17.52;-13.92;-83.77;-19.02;-14.30;-134.05;-88.44;-134.08
06-12-2020;04:05:00;1.51;35.97;-208.88;-314.03;-21.82;-17.81;-14.25;-83.77;-19.27;-14.61;-134.56;-88.96;-134.39
06-12-2020;12:00:00;0.93;36.06;-208.76;-312.98;-21.91;-18.16;-14.52;-84.04;-19.69;-15.27;-134.75;-89.14;-134.36
06-12-2020;19:55:00;1.83;36.27;-208.55;-313.71;-22.67;-17.71;-14.04;-83.93;-19.31;-14.56;-134.56;-88.82;-134.01
07-12-2020;03:57:00;2.70;36.29;-208.96;-315.21;-22.85;-17.33;-13.87;-83.31;-18.92;-13.89;-133.97;-88.74;-134.20
07-12-2020;12:00:00;2.44;36.10;-209.19;-314.51;-22.55;-17.57;-14.52;-83.51;-19.16;-14.14;-134.45;-88.80;-134.57
07-12-2020;20:03:00;3.48;36.45;-209.49;-316.61;-24.06;-17.14;-13.89;-83.13;-18.81;-13.53;-133.75;-88.25;-133.83
08-12-2020;04:05:00;3.79;36.69;-209.02;-316.82;-24.55;-17.05;-14.03;-83.43;-18.88;-13.57;-133.93;-88.53;-133.41
08-12-2020;12:00:00;3.03;36.61;-209.07;-317.17;-24.60;-17.04;-14.20;-83.79;-18.98;-13.93;-134.26;-88.92;-133.54
08-12-2020;19:55:00;2.51;36.47;-209.14;-317.22;-24.33;-17.24;-14.51;-84.14;-18.99;-14.23;-134.84;-89.06;-133.95
09-12-2020;03:58:00;1.98;36.04;-208.68;-317.34;-23.25;-17.65;-14.44;-83.85;-19.34;-14.93;-135.92;-89.52;-134.80
09-12-2020;12:00:00;2.72;36.43;-209.18;-319.19;-23.09;-17.40;-13.97;-83.82;-19.17;-14.60;-135.69;-89.78;-134.97
09-12-2020;20:03:00;2.13;36.60;-209.23;-319.06;-22.56;-17.61;-14.28;-84.02;-19.40;-15.29;-135.71;-89.70;-134.93
10-12-2020;03:58:00;3.13;36.48;-209.33;-319.61;-23.13;-17.36;-14.11;-83.02;-19.16;-14.49;-135.75;-89.69;-134.33
10-12-2020;11:53:00;4.15;36.47;-209.57;-321.17;-23.56;-17.07;-13.61;-82.74;-18.92;-14.00;-135.57;-89.65;-134.25
10-12-2020;20:02:00;4.46;36.63;-209.80;-321.87;-23.73;-17.22;-13.78;-82.61;-19.07;-14.30;-135.97;-89.72;-134.18
11-12-2020;03:58:00;4.95;36.71;-209.92;-322.24;-23.78;-17.22;-13.76;-82.43;-18.97;-13.99;-136.10;-89.67;-134.32
11-12-2020;12:01:00;5.39;36.75;-209.98;-322.03;-23.46;-17.20;-13.60;-82.43;-18.94;-13.68;-136.06;-89.40;-134.44
11-12-2020;20:04:00;5.32;36.68;-210.20;-322.31;-24.04;-17.19;-13.53;-82.51;-18.85;-13.69;-136.17;-89.52;-134.62
12-12-2020;03:58:00;5.08;36.44;-210.20;-322.01;-22.97;-17.23;-13.76;-82.70;-18.89;-14.03;-136.02;-89.51;-134.66
12-12-2020;11:53:00;4.83;36.36;-210.19;-321.72;-23.18;-17.28;-13.65;-82.95;-18.95;-13.91;-136.17;-89.40;-134.91
12-12-2020;19:56:00;4.59;36.39;-210.49;-321.81;-23.66;-17.21;-13.56;-82.76;-18.86;-13.90;-136.14;-89.37;-134.92
13-12-2020;03:59:00;4.89;36.46;-210.54;-322.30;-23.38;-17.31;-13.51;-82.76;-18.90;-14.05;-136.04;-89.24;-134.78
13-12-2020;12:01:00;4.99;36.45;-210.70;-321.93;-23.14;-17.55;-13.43;-82.89;-19.05;-14.54;-136.40;-89.55;-134.74
13-12-2020;20:04:00;5.33;36.55;-210.70;-322.53;-23.80;-17.29;-13.03;-82.35;-18.84;-14.47;-136.38;-89.56;-134.79
14-12-2020;03:59:00;5.43;36.53;-210.83;-322.55;-23.51;-17.25;-12.90;-82.44;-18.85;-14.66;-136.20;-89.37;-134.75
14-12-2020;11:54:00;5.62;35.96;-210.98;-322.28;-23.85;-17.28;-12.49;-82.60;-18.94;-14.57;-136.39;-89.54;-134.92
14-12-2020;19:56:00;5.14;36.26;-211.00;-322.40;-23.80;-17.49;-12.42;-82.53;-18.99;-14.95;-137.17;-89.76;-135.08
15-12-2020;03:59:00;3.12;36.20;-210.33;-321.76;-23.12;-17.97;-13.11;-82.67;-19.38;-15.72;-137.76;-90.40;-135.40
15-12-2020;12:01:00;3.64;36.30;-210.40;-322.38;-23.36;-17.86;-13.07;-82.60;-19.38;-15.34;-137.38;-90.39;-135.10
15-12-2020;20:07:00;3.72;36.64;-210.84;-322.24;-24.07;-17.94;-13.51;-83.24;-19.22;-14.87;-137.50;-90.66;-135.26
16-12-2020;03:59:00;3.12;36.39;-211.44;-321.09;-24.27;-18.29;-13.96;-84.15;-19.65;-15.29;-137.87;-90.99;-135.63
16-12-2020;11:54:00;2.85;36.36;-212.09;-321.18;-24.10;-18.51;-13.84;-84.52;-19.90;-15.59;-137.88;-91.67;-136.02
16-12-2020;19:57:00;3.30;36.20;-212.63;-321.53;-24.32;-18.64;-13.98;-85.09;-20.15;-16.07;-137.75;-92.01;-135.84
17-12-2020;03:59:00;3.75;36.28;-212.64;-322.48;-24.60;-18.25;-13.59;-83.79;-19.64;-15.01;-137.47;-91.61;-135.53
17-12-2020;12:02:00;3.33;36.81;-212.32;-323.29;-24.46;-17.70;-13.22;-83.19;-19.33;-14.75;-136.67;-90.70;-134.87
17-12-2020;20:04:00;4.04;37.16;-212.53;-322.39;-24.69;-17.80;-14.01;-83.29;-19.43;-15.03;-137.05;-91.08;-135.15
18-12-2020;03:59:00;3.00;36.96;-212.46;-321.79;-24.02;-18.26;-14.62;-83.74;-19.92;-15.52;-137.57;-91.66;-135.28
18-12-2020;11:54:00;2.80;36.79;-212.24;-321.91;-23.78;-18.41;-14.60;-83.96;-20.16;-15.68;-137.54;-91.45;-135.61
18-12-2020;20:01:00;2.89;36.13;-211.95;-321.08;-23.28;-19.00;-15.51;-84.31;-20.59;-16.09;-138.00;-91.55;-135.55
19-12-2020;03:59:00;3.49;36.46;-212.10;-322.27;-23.97;-18.56;-15.04;-83.81;-20.09;-15.38;-137.64;-91.76;-135.40
19-12-2020;12:02:00;3.12;37.16;-211.96;-324.06;-24.54;-18.23;-14.02;-83.64;-19.68;-14.82;-137.85;-91.65;-135.35
19-12-2020;20:05:00;3.61;36.70;-212.31;-323.58;-24.58;-18.53;-14.53;-83.79;-19.74;-14.58;-138.25;-92.04;-135.60
20-12-2020;03:59:00;2.42;36.94;-212.80;-323.74;-24.63;-18.54;-14.26;-83.59;-19.60;-14.79;-138.14;-92.33;-135.57
20-12-2020;11:54:00;2.21;36.79;-213.14;-323.68;-24.93;-18.38;-13.72;-83.50;-19.56;-14.66;-137.91;-92.37;-135.39
20-12-2020;19:57:00;0.84;37.08;-213.66;-324.26;-24.78;-18.49;-13.72;-83.16;-19.61;-15.03;-138.05;-92.47;-135.89
21-12-2020;04:00:00;0.48;37.32;-214.17;-324.59;-24.91;-18.37;-13.62;-83.29;-19.53;-15.00;-138.33;-92.59;-135.98
21-12-2020;12:02:00;0.40;37.33;-214.73;-324.12;-24.95;-18.51;-13.45;-83.41;-19.65;-15.07;-138.35;-92.71;-136.30
21-12-2020;20:05:00;0.16;37.29;-215.15;-324.45;-24.94;-18.47;-13.35;-83.26;-19.64;-14.98;-138.63;-92.79;-136.56
22-12-2020;04:00:00;0.61;37.19;-215.87;-325.04;-24.80;-18.58;-13.75;-83.17;-19.75;-14.84;-138.66;-92.93;-136.46
22-12-2020;12:00:00;0.86;37.47;-216.51;-324.26;-24.68;-18.72;-14.43;-83.21;-20.08;-15.27;-139.03;-93.71;-136.81
22-12-2020;19:57:00;1.37;37.88;-216.99;-324.59;-24.60;-18.80;-13.80;-82.73;-20.07;-14.85;-140.13;-93.41;-137.98
23-12-2020;04:00:00;0.88;37.29;-216.94;-324.45;-24.57;-18.77;-14.60;-83.15;-20.02;-15.15;-140.01;-93.82;-137.69
23-12-2020;12:03:00;-0.07;36.83;-218.07;-324.68;-24.34;-19.01;-14.68;-83.33;-20.34;-15.64;-140.38;-93.88;-138.03
23-12-2020;20:05:00;-0.64;37.30;-218.52;-324.88;-24.21;-18.63;-14.09;-83.23;-20.12;-15.86;-140.46;-93.60;-138.28
24-12-2020;04:00:00;0.20;37.33;-218.52;-325.33;-25.51;-18.35;-13.13;-83.48;-19.91;-15.32;-139.81;-93.46;-137.98
24-12-2020;11:55:00;-0.94;37.28;-218.54;-324.73;-25.32;-18.68;-13.69;-83.89;-20.21;-15.61;-140.42;-93.91;-138.60
24-12-2020;19:58:00;0.30;37.45;-218.53;-324.99;-26.38;-18.27;-13.47;-83.40;-19.72;-14.91;-140.24;-93.89;-138.68
25-12-2020;03:54:00;-0.45;37.48;-218.46;-325.10;-26.09;-18.38;-14.10;-82.89;-19.79;-15.28;-140.34;-93.94;-138.95
25-12-2020;12:03:00;0.73;37.64;-218.56;-325.78;-26.77;-18.48;-14.40;-82.97;-19.71;-15.10;-139.98;-94.10;-138.72
25-12-2020;19:58:00;0.85;37.36;-218.63;-325.46;-26.97;-18.67;-14.04;-83.25;-20.03;-15.44;-140.33;-94.38;-138.80
26-12-2020;03:53:00;0.34;38.05;-219.36;-325.71;-26.07;-19.02;-13.79;-83.49;-20.23;-15.86;-141.32;-94.88;-139.59
26-12-2020;11:55:00;0.71;37.76;-219.17;-324.36;-25.81;-19.07;-14.43;-84.54;-20.43;-16.34;-141.91;-94.78;-139.90
26-12-2020;19:58:00;1.86;37.42;-219.48;-325.70;-26.10;-18.66;-13.67;-84.21;-20.18;-16.03;-141.53;-93.79;-139.67
27-12-2020;04:00:00;2.66;37.40;-219.22;-325.84;-26.53;-18.46;-12.82;-83.84;-19.91;-15.47;-141.17;-94.44;-139.43
27-12-2020;12:03:00;2.56;37.66;-219.19;-326.17;-26.19;-18.53;-12.82;-84.20;-19.98;-15.00;-140.90;-94.21;-139.37
27-12-2020;19:58:00;3.10;37.97;-219.68;-326.27;-26.17;-18.56;-13.06;-84.12;-20.05;-15.38;-141.09;-94.10;-139.48
28-12-2020;03:53:00;3.71;38.38;-219.12;-326.78;-26.08;-18.56;-13.48;-84.31;-20.18;-16.18;-141.04;-93.85;-139.50
28-12-2020;11:55:00;3.94;38.08;-219.42;-326.74;-26.06;-18.36;-13.99;-84.92;-20.07;-15.81;-140.67;-93.87;-139.34
28-12-2020;19:58:00;4.23;38.10;-219.62;-326.88;-25.81;-18.34;-14.26;-85.06;-20.00;-15.90;-140.63;-93.93;-139.35
29-12-2020;04:01:00;3.66;38.49;-219.55;-326.94;-25.36;-18.49;-14.53;-84.94;-20.04;-16.20;-140.86;-94.31;-139.44
29-12-2020;12:07:00;3.34;38.76;-219.60;-327.64;-24.83;-18.60;-14.43;-84.99;-20.21;-16.50;-141.23;-94.48;-139.72
29-12-2020;19:58:00;2.89;39.09;-219.73;-327.75;-25.36;-18.59;-14.43;-85.15;-20.25;-16.36;-141.08;-94.33;-139.75
30-12-2020;03:53:00;2.15;38.90;-219.87;-328.04;-25.68;-18.51;-14.29;-85.07;-20.25;-16.43;-141.47;-94.54;-139.84
30-12-2020;11:56:00;1.75;38.49;-219.69;-327.05;-25.25;-19.17;-14.87;-85.70;-20.85;-17.06;-141.90;-94.78;-140.06
30-12-2020;19:58:00;2.75;38.67;-219.76;-327.19;-25.92;-18.33;-14.44;-84.86;-19.92;-16.07;-141.49;-94.37;-139.55
31-12-2020;04:01:00;2.24;38.50;-219.81;-326.12;-25.66;-18.58;-14.83;-85.03;-20.19;-16.47;-141.80;-94.56;-139.80
31-12-2020;12:04:00;2.61;38.53;-219.74;-326.04;-25.51;-18.62;-14.84;-85.19;-20.24;-16.40;-141.92;-94.36;-139.93
31-12-2020;19:59:00;2.91;38.17;-219.60;-326.00;-25.37;-18.70;-15.14;-85.25;-20.31;-16.53;-141.90;-94.25;-139.91
01-01-2021;03:53:00;3.31;38.30;-219.66;-326.79;-26.19;-18.38;-14.76;-84.96;-20.03;-16.05;-141.72;-94.09;-139.76
01-01-2021;12:01:00;2.09;38.20;-219.70;-326.42;-25.99;-18.59;-14.69;-84.74;-20.08;-15.93;-142.02;-94.49;-140.18
01-01-2021;19:59:00;3.38;38.11;-219.42;-326.62;-26.16;-18.09;-14.48;-84.22;-19.90;-15.69;-141.63;-93.79;-139.72
02-01-2021;04:01:00;2.46;37.93;-219.48;-326.17;-26.30;-18.46;-15.16;-84.50;-20.11;-15.60;-141.77;-93.65;-139.92
02-01-2021;12:04:00;2.54;39.35;-218.62;-326.05;-26.17;-18.87;-14.98;-85.35;-20.36;-15.77;-142.48;-94.01;-140.21
02-01-2021;19:54:00;2.17;39.79;-218.83;-325.29;-26.09;-19.01;-14.86;-85.86;-20.16;-16.16;-142.30;-94.21;-140.25
03-01-2021;03:54:00;3.08;40.43;-219.18;-325.62;-26.04;-18.61;-14.79;-85.85;-19.82;-15.65;-141.82;-93.74;-139.79
03-01-2021;11:56:00;3.61;40.71;-219.22;-326.72;-26.29;-18.37;-14.74;-85.44;-19.77;-15.47;-141.26;-93.30;-139.20
03-01-2021;19:58:00;2.62;40.57;-219.21;-326.85;-25.02;-18.49;-14.97;-85.60;-19.98;-15.70;-141.63;-93.51;-139.44
04-01-2021;04:02:00;2.32;40.09;-219.19;-326.42;-25.26;-18.64;-15.55;-85.94;-20.11;-15.84;-142.02;-93.57;-139.79
04-01-2021;12:04:00;2.79;40.03;-218.96;-327.04;-25.17;-18.60;-15.17;-86.06;-20.14;-15.74;-141.69;-93.72;-139.68
04-01-2021;19:54:00;2.85;40.14;-218.71;-327.30;-25.37;-18.45;-14.29;-85.86;-20.00;-15.90;-141.92;-93.60;-139.67
05-01-2021;03:49:00;2.67;40.20;-218.75;-326.33;-25.12;-18.68;-14.84;-86.26;-20.10;-16.07;-142.05;-93.18;-139.87
05-01-2021;11:57:00;2.45;40.17;-219.06;-326.27;-24.59;-18.75;-14.78;-86.41;-20.23;-16.43;-142.19;-93.29;-140.19
05-01-2021;19:59:00;3.01;40.25;-219.06;-327.02;-25.37;-18.36;-14.28;-85.82;-19.83;-16.20;-141.84;-93.44;-140.13
06-01-2021;04:02:00;2.95;39.97;-218.76;-327.53;-25.34;-18.41;-14.82;-86.15;-19.96;-16.19;-141.69;-93.37;-140.28
06-01-2021;12:05:00;0.97;39.62;-218.50;-325.21;-24.84;-18.91;-15.56;-86.88;-20.62;-17.02;-142.27;-93.49;-140.52
06-01-2021;19:59:00;1.37;39.58;-218.39;-325.84;-24.81;-18.79;-15.48;-86.98;-20.46;-17.15;-142.50;-93.49;-140.51
07-01-2021;03:52:00;1.80;39.51;-218.82;-326.32;-24.71;-18.52;-14.98;-86.62;-20.02;-16.94;-142.06;-93.20;-140.04
07-01-2021;11:57:00;2.75;39.70;-219.01;-327.68;-25.47;-18.19;-14.65;-86.54;-19.74;-16.69;-141.66;-92.92;-139.73
07-01-2021;20:03:00;2.98;39.81;-219.24;-327.26;-25.40;-17.94;-14.51;-86.49;-19.60;-16.38;-141.82;-92.94;-139.74
08-01-2021;04:07:00;2.98;39.76;-219.18;-327.68;-25.47;-17.89;-14.75;-86.67;-19.59;-16.16;-141.80;-92.88;-139.66
08-01-2021;12:05:00;3.21;39.80;-219.12;-327.80;-25.92;-17.97;-14.89;-86.57;-19.59;-15.84;-141.97;-93.04;-139.74
08-01-2021;20:00:00;3.01;39.70;-219.27;-327.46;-25.89;-18.07;-15.01;-86.84;-19.67;-16.12;-141.99;-93.26;-139.70
09-01-2021;03:55:00;3.42;39.81;-219.11;-327.18;-25.62;-18.13;-15.15;-86.80;-19.87;-16.26;-141.98;-93.36;-139.60
09-01-2021;11:57:00;5.04;40.04;-219.32;-327.96;-26.42;-17.69;-14.08;-85.84;-19.33;-15.64;-141.33;-93.22;-139.14
09-01-2021;20:00:00;4.25;40.01;-219.25;-326.34;-26.02;-18.22;-13.78;-86.47;-19.61;-16.04;-141.73;-93.95;-139.39
10-01-2021;04:02:00;4.63;40.50;-219.18;-326.10;-26.39;-18.08;-13.56;-86.44;-19.54;-15.82;-141.28;-94.19;-139.34
10-01-2021;12:05:00;3.43;40.58;-219.55;-326.26;-25.88;-18.52;-14.19;-86.69;-20.02;-16.38;-142.15;-94.72;-139.99
10-01-2021;19:57:00;3.19;41.02;-219.58;-325.57;-25.89;-18.53;-14.20;-86.24;-20.08;-16.71;-142.14;-93.27;-140.36
11-01-2021;03:55:00;3.89;41.64;-219.62;-327.05;-26.20;-18.46;-13.18;-85.87;-19.90;-16.56;-141.99;-93.17;-139.73
11-01-2021;11:57:00;3.91;41.45;-219.63;-327.06;-25.85;-18.52;-12.98;-85.88;-20.05;-16.72;-141.94;-93.41;-139.80
11-01-2021;20:00:00;4.45;41.29;-219.52;-327.63;-26.09;-18.28;-12.14;-85.67;-19.92;-16.02;-142.16;-93.45;-140.21
12-01-2021;04:03:00;4.25;41.30;-219.85;-327.79;-26.05;-18.35;-13.09;-85.92;-19.98;-16.31;-142.25;-93.81;-140.49
12-01-2021;12:05:00;4.46;41.14;-220.22;-327.54;-25.66;-18.46;-12.83;-85.25;-20.06;-16.53;-142.32;-93.78;-140.62
12-01-2021;20:00:00;3.01;41.50;-220.47;-329.05;-26.49;-18.17;-12.94;-84.71;-19.61;-16.33;-142.43;-94.09;-140.69
13-01-2021;03:55:00;3.00;41.30;-220.51;-328.50;-26.21;-18.17;-13.02;-85.10;-19.76;-15.96;-142.20;-93.85;-140.47
13-01-2021;11:58:00;2.32;41.42;-220.60;-327.40;-25.70;-18.02;-13.15;-85.04;-19.70;-16.18;-142.13;-93.29;-140.62
13-01-2021;20:01:00;1.49;41.84;-220.64;-327.66;-26.13;-18.04;-13.41;-85.23;-19.65;-16.11;-142.57;-93.47;-140.68
14-01-2021;04:03:00;0.79;41.82;-220.61;-327.61;-26.19;-18.07;-13.49;-85.45;-19.71;-15.96;-142.63;-92.94;-140.67
14-01-2021;11:58:00;0.52;41.88;-221.03;-327.86;-25.90;-18.17;-13.59;-85.49;-19.81;-15.93;-142.66;-92.55;-140.54
14-01-2021;19:53:00;0.32;42.02;-221.40;-328.71;-26.49;-17.95;-13.42;-85.49;-19.61;-15.61;-142.55;-93.36;-140.75
15-01-2021;04:00:00;0.33;41.86;-221.45;-328.91;-25.81;-18.15;-13.61;-85.34;-19.76;-15.52;-142.68;-94.03;-140.85
15-01-2021;11:58:00;-0.05;41.73;-221.81;-328.00;-25.43;-18.45;-13.81;-86.13;-20.16;-15.91;-143.09;-93.93;-141.23
15-01-2021;20:01:00;-0.68;41.73;-222.11;-327.14;-25.05;-18.64;-14.07;-86.46;-20.31;-16.33;-143.29;-94.39;-141.36
16-01-2021;04:03:00;-0.83;42.00;-222.12;-326.81;-24.80;-18.76;-14.12;-86.35;-20.34;-16.35;-143.38;-94.58;-141.44
16-01-2021;11:58:00;-1.32;41.56;-221.88;-326.30;-24.95;-19.11;-13.85;-86.50;-20.65;-16.72;-143.54;-93.76;-141.46
16-01-2021;19:59:00;-0.01;41.74;-222.25;-326.64;-26.02;-18.70;-12.83;-86.10;-20.23;-16.14;-143.36;-93.47;-141.13
17-01-2021;03:58:00;1.25;41.88;-222.68;-327.83;-26.45;-18.15;-11.78;-85.24;-19.78;-15.72;-143.13;-93.17;-140.66
17-01-2021;12:01:00;0.47;41.82;-222.72;-328.01;-26.31;-18.35;-11.25;-85.52;-19.85;-15.88;-143.05;-92.87;-140.59
17-01-2021;20:03:00;-0.11;42.20;-222.25;-327.88;-25.76;-18.62;-11.36;-85.76;-20.10;-16.01;-143.39;-92.96;-140.80
18-01-2021;03:58:00;-0.22;42.31;-222.48;-327.59;-25.20;-18.81;-11.07;-86.05;-20.19;-16.26;-144.11;-93.64;-141.34
18-01-2021;11:58:00;0.77;42.59;-222.50;-328.89;-25.76;-18.40;-10.59;-85.67;-19.95;-16.09;-143.47;-93.64;-140.71
18-01-2021;19:57:00;0.54;42.72;-222.65;-328.34;-25.47;-18.54;-10.73;-85.88;-20.04;-16.35;-143.73;-93.97;-140.85
19-01-2021;04:00:00;2.02;42.69;-222.27;-328.69;-26.59;-17.98;-10.52;-85.41;-19.52;-15.85;-143.30;-93.75;-140.44
19-01-2021;12:03:00;2.32;42.60;-222.18;-329.05;-26.95;-17.96;-10.05;-85.25;-19.48;-15.77;-143.37;-93.76;-140.46
19-01-2021;20:05:00;1.69;42.55;-222.43;-328.81;-27.30;-18.08;-9.94;-85.71;-19.54;-15.83;-143.29;-94.19;-140.76
20-01-2021;04:00:00;1.57;42.56;-222.33;-327.54;-26.80;-18.28;-9.87;-85.96;-19.81;-16.03;-143.38;-93.93;-140.71
20-01-2021;11:55:00;1.72;42.38;-222.43;-328.76;-27.32;-17.91;-8.85;-85.46;-19.50;-15.25;-142.94;-93.58;-140.42
20-01-2021;20:01:00;1.06;42.83;-222.26;-328.72;-26.68;-18.17;-9.14;-85.78;-19.71;-15.69;-143.39;-93.67;-140.54
21-01-2021;04:00:00;0.12;43.50;-223.08;-328.29;-26.89;-18.21;-9.60;-85.86;-19.84;-15.92;-143.94;-93.72;-139.82
21-01-2021;12:07:00;0.16;43.40;-223.86;-327.35;-26.56;-18.48;-9.49;-86.00;-20.16;-15.96;-144.54;-93.94;-140.27
21-01-2021;20:04:00;0.24;44.44;-223.99;-329.19;-28.45;-17.68;-8.41;-85.25;-19.43;-15.14;-143.64;-93.93;-139.53
22-01-2021;03:59:00;0.76;44.40;-224.38;-328.84;-28.43;-17.91;-8.55;-85.62;-19.51;-15.53;-143.40;-93.58;-139.32
22-01-2021;11:54:00;1.23;44.62;-224.58;-329.26;-28.81;-17.81;-8.34;-85.37;-19.38;-15.53;-143.44;-93.33;-138.87
22-01-2021;19:56:00;0.76;44.67;-224.51;-329.42;-28.78;-18.09;-8.69;-85.23;-19.51;-15.53;-144.15;-93.60;-139.83
23-01-2021;03:59:00;1.58;44.95;-224.15;-329.80;-30.38;-18.24;-8.96;-85.71;-19.72;-15.15;-144.57;-93.62;-139.56
23-01-2021;12:02:00;2.36;45.53;-224.77;-329.48;-30.64;-18.02;-8.53;-85.20;-19.58;-15.40;-144.37;-93.94;-139.48
23-01-2021;20:04:00;3.42;45.77;-224.92;-329.91;-30.23;-17.77;-8.48;-84.98;-19.48;-15.26;-143.88;-93.71;-139.29
24-01-2021;03:59:00;2.88;45.76;-224.45;-330.14;-29.46;-17.83;-8.19;-85.47;-19.42;-15.62;-144.17;-93.81;-139.68
24-01-2021;11:54:00;2.91;45.75;-224.37;-329.78;-29.83;-17.85;-8.18;-85.24;-19.46;-15.39;-143.83;-93.57;-139.43
24-01-2021;19:57:00;2.20;45.66;-224.41;-330.17;-30.47;-17.86;-9.16;-85.15;-19.48;-15.21;-143.61;-93.59;-139.94
25-01-2021;03:59:00;2.58;45.61;-224.38;-329.55;-30.79;-17.90;-9.49;-85.31;-19.43;-15.27;-143.79;-93.53;-139.92
25-01-2021;12:02:00;2.94;45.91;-224.69;-330.03;-30.54;-17.80;-10.24;-85.33;-19.42;-15.30;-143.46;-93.31;-140.36
25-01-2021;20:04:00;2.48;45.78;-224.74;-330.18;-30.52;-17.75;-10.67;-85.59;-19.52;-15.31;-143.63;-93.13;-140.67
26-01-2021;03:59:00;3.62;46.07;-225.19;-330.65;-30.31;-17.78;-10.57;-85.51;-19.63;-15.24;-143.56;-92.85;-140.65
26-01-2021;11:54:00;2.51;46.33;-224.85;-330.48;-30.33;-17.86;-10.79;-85.62;-19.70;-15.49;-143.95;-92.95;-140.83
26-01-2021;20:02:00;2.48;46.56;-224.76;-330.93;-30.22;-17.93;-10.64;-85.90;-19.78;-15.64;-143.93;-92.47;-140.33
27-01-2021;03:59:00;3.34;46.91;-224.77;-331.91;-30.81;-17.68;-11.02;-85.33;-19.41;-15.02;-143.38;-92.34;-140.47
27-01-2021;12:02:00;2.69;47.02;-224.95;-332.97;-31.00;-17.67;-11.18;-85.03;-19.44;-15.11;-143.29;-92.31;-140.49
27-01-2021;20:05:00;2.83;46.94;-225.13;-333.32;-30.94;-17.54;-10.95;-85.03;-19.38;-15.06;-143.31;-91.95;-140.72
28-01-2021;04:00:00;2.85;47.03;-225.40;-332.49;-30.78;-17.44;-11.02;-85.01;-19.34;-15.21;-143.27;-92.09;-140.75
28-01-2021;11:54:00;3.59;46.95;-225.15;-331.72;-30.96;-17.53;-10.69;-85.12;-19.44;-15.22;-143.25;-92.13;-140.97
28-01-2021;19:57:00;3.56;46.93;-225.23;-331.63;-30.62;-17.49;-11.12;-85.31;-19.41;-15.14;-143.25;-92.02;-141.30
29-01-2021;04:00:00;3.60;46.75;-225.18;-331.80;-30.42;-17.47;-11.53;-85.36;-19.31;-15.25;-143.31;-91.80;-141.39
29-01-2021;12:02:00;4.34;46.73;-225.57;-332.87;-30.52;-17.28;-11.48;-85.25;-19.16;-14.93;-143.12;-91.48;-141.05
29-01-2021;20:05:00;4.44;46.80;-225.55;-332.27;-30.80;-17.27;-11.51;-85.32;-19.12;-15.06;-143.18;-91.35;-140.97
30-01-2021;04:00:00;4.25;46.99;-225.37;-331.72;-30.79;-17.23;-11.25;-85.36;-19.02;-14.87;-143.06;-91.68;-140.95
30-01-2021;11:52:00;3.79;47.07;-224.84;-331.64;-30.80;-17.72;-11.63;-85.90;-19.37;-15.18;-143.60;-91.98;-141.18
30-01-2021;19:57:00;3.85;47.11;-225.12;-331.14;-31.08;-17.62;-11.23;-85.74;-19.28;-15.30;-143.49;-92.04;-140.91
31-01-2021;04:00:00;4.01;47.39;-225.53;-330.75;-30.36;-17.96;-11.72;-85.93;-19.43;-15.43;-144.18;-92.06;-141.36
31-01-2021;11:58:00;3.21;47.30;-225.60;-331.33;-30.31;-18.04;-11.61;-86.25;-19.52;-15.56;-144.17;-92.22;-141.56
31-01-2021;20:03:00;4.30;47.59;-225.25;-331.51;-31.02;-17.44;-11.17;-85.73;-19.11;-15.23;-143.40;-91.41;-140.81
01-02-2021;04:00:00;4.97;47.78;-225.63;-332.04;-30.98;-17.28;-10.89;-85.62;-18.78;-14.52;-143.36;-91.31;-140.91
01-02-2021;11:54:00;4.67;47.62;-225.80;-331.58;-31.28;-17.28;-10.59;-85.90;-18.87;-14.71;-143.57;-91.03;-140.84
01-02-2021;19:58:00;4.82;47.68;-225.47;-331.48;-31.54;-17.27;-10.98;-85.93;-18.73;-14.76;-143.51;-91.06;-140.83
02-02-2021;04:00:00;4.37;47.60;-225.37;-330.70;-31.50;-17.51;-11.10;-86.42;-19.03;-14.75;-143.70;-91.14;-140.89
02-02-2021;12:03:00;4.76;47.62;-225.56;-331.37;-31.16;-17.52;-11.06;-86.17;-18.92;-14.87;-143.51;-90.83;-140.71
02-02-2021;19:58:00;4.72;47.93;-225.49;-331.61;-30.81;-17.69;-11.05;-86.43;-18.78;-14.92;-143.64;-91.22;-140.91
03-02-2021;03:53:00;4.46;47.97;-225.55;-331.96;-30.68;-17.59;-11.38;-86.23;-18.77;-14.98;-143.71;-90.93;-140.96
03-02-2021;11:55:00;4.18;48.16;-225.74;-331.66;-31.32;-17.61;-10.88;-86.12;-18.76;-14.90;-143.92;-91.09;-141.00
03-02-2021;19:58:00;4.67;48.22;-225.74;-331.74;-31.20;-17.35;-11.21;-86.01;-18.68;-15.04;-143.63;-91.15;-141.01
04-02-2021;04:01:00;4.41;48.41;-225.53;-331.91;-31.18;-17.37;-11.41;-86.09;-18.55;-15.01;-143.75;-91.11;-141.08
04-02-2021;12:03:00;4.30;48.41;-225.47;-331.88;-31.50;-17.39;-11.20;-86.03;-18.44;-15.16;-143.61;-91.02;-140.93
04-02-2021;19:58:00;3.74;48.53;-225.18;-332.04;-31.14;-17.46;-11.50;-86.35;-18.24;-15.30;-143.67;-90.88;-140.86
05-02-2021;03:53:00;3.20;48.44;-225.14;-331.95;-31.81;-17.45;-11.66;-86.36;-18.35;-15.54;-144.11;-91.17;-140.83
05-02-2021;11:56:00;2.98;48.12;-225.63;-330.84;-31.70;-17.56;-11.47;-86.46;-18.64;-15.65;-144.13;-91.17;-140.77
05-02-2021;19:58:00;2.57;48.18;-225.72;-331.28;-31.30;-17.59;-11.49;-86.44;-18.60;-15.85;-143.90;-90.95;-140.55
06-02-2021;04:01:00;2.48;48.22;-225.84;-331.49;-31.61;-17.55;-11.43;-86.44;-18.49;-15.78;-143.85;-91.00;-140.52
06-02-2021;12:03:00;3.04;48.19;-225.87;-331.97;-32.12;-17.36;-11.05;-86.20;-18.35;-15.46;-143.82;-91.05;-140.48
06-02-2021;19:58:00;3.09;48.33;-225.63;-332.15;-31.75;-17.27;-11.03;-86.08;-18.28;-15.51;-143.83;-91.31;-140.42
07-02-2021;03:53:00;2.75;48.28;-225.44;-332.03;-31.45;-17.26;-10.59;-85.97;-18.26;-15.50;-143.88;-91.48;-140.39
07-02-2021;11:56:00;2.89;48.20;-225.84;-332.21;-32.12;-17.33;-10.54;-85.96;-18.37;-15.47;-143.81;-91.68;-140.55
07-02-2021;19:58:00;3.69;48.42;-225.58;-332.24;-31.97;-17.18;-10.53;-85.75;-18.23;-15.51;-143.54;-91.59;-140.21
08-02-2021;04:01:00;3.48;48.46;-225.69;-332.44;-32.65;-17.10;-10.41;-85.76;-18.15;-15.57;-143.79;-91.60;-140.40
08-02-2021;12:04:00;2.30;48.12;-225.95;-332.04;-32.20;-17.31;-11.39;-86.09;-18.42;-15.69;-144.05;-91.87;-140.84
08-02-2021;19:59:00;3.18;48.15;-226.02;-331.48;-31.77;-17.29;-11.31;-85.95;-18.48;-15.62;-143.84;-91.78;-140.68
09-02-2021;03:53:00;3.41;48.29;-225.90;-332.53;-31.72;-16.93;-10.94;-85.63;-18.10;-15.22;-143.63;-91.48;-140.48
09-02-2021;11:57:00;3.30;48.51;-225.96;-332.55;-31.82;-16.90;-10.83;-85.55;-18.10;-15.19;-143.60;-91.57;-140.50
09-02-2021;19:57:00;2.81;48.70;-225.78;-332.42;-31.84;-16.87;-11.11;-85.48;-17.98;-15.25;-143.66;-91.44;-140.38
10-02-2021;04:00:00;2.64;48.56;-225.87;-332.35;-32.14;-16.95;-11.30;-85.63;-18.11;-15.25;-143.88;-91.43;-140.41
10-02-2021;12:04:00;2.86;48.23;-226.14;-333.03;-31.62;-17.00;-11.06;-85.83;-18.22;-15.39;-143.82;-91.37;-140.38
10-02-2021;19:59:00;3.29;48.54;-226.41;-333.02;-31.73;-16.86;-10.55;-85.55;-17.96;-15.19;-143.49;-91.14;-140.26
11-02-2021;03:54:00;2.97;48.60;-226.42;-333.02;-31.87;-16.76;-10.70;-85.60;-17.85;-15.31;-143.42;-91.67;-140.34
11-02-2021;11:56:00;2.31;48.51;-226.61;-332.29;-31.90;-16.93;-11.29;-85.92;-18.05;-15.42;-143.82;-92.12;-140.67
11-02-2021;19:58:00;2.29;48.31;-226.63;-332.33;-31.47;-16.83;-11.35;-85.84;-18.02;-15.30;-143.99;-92.03;-140.36
12-02-2021;03:56:00;2.09;48.05;-226.73;-332.07;-30.95;-16.83;-11.78;-86.06;-18.10;-15.61;-144.07;-92.21;-140.19
12-02-2021;11:59:00;2.15;47.87;-227.10;-331.93;-31.07;-16.93;-11.38;-86.28;-18.11;-15.75;-144.17;-91.99;-140.18
12-02-2021;20:01:00;2.24;48.01;-227.15;-332.15;-31.65;-16.85;-11.21;-86.21;-17.97;-15.69;-144.16;-91.82;-139.98
13-02-2021;04:04:00;2.17;47.55;-227.23;-331.79;-30.99;-16.74;-11.39;-86.25;-17.99;-15.43;-144.09;-91.65;-140.07
13-02-2021;11:59:00;1.77;47.25;-227.39;-331.48;-31.02;-16.93;-11.31;-86.67;-18.15;-15.80;-144.23;-91.57;-140.12
13-02-2021;19:54:00;1.77;47.43;-227.36;-331.86;-30.95;-16.88;-11.76;-86.43;-17.97;-15.74;-144.19;-91.46;-139.99
14-02-2021;03:56:00;1.84;47.66;-227.65;-331.85;-31.44;-16.64;-11.70;-86.01;-17.75;-15.56;-143.96;-91.39;-139.93
14-02-2021;11:59:00;1.07;47.31;-227.52;-331.47;-31.25;-17.09;-11.88;-86.77;-18.21;-15.80;-144.44;-91.52;-140.15
14-02-2021;20:02:00;1.62;46.86;-227.07;-331.17;-31.48;-17.55;-12.14;-86.84;-18.46;-16.12;-144.40;-91.92;-140.36
15-02-2021;04:04:00;3.46;47.30;-227.01;-332.32;-31.88;-16.93;-11.69;-86.01;-17.80;-15.39;-143.74;-91.46;-139.74
15-02-2021;11:59:00;3.28;47.67;-227.57;-331.65;-31.22;-17.05;-12.54;-86.05;-18.07;-15.87;-143.99;-91.05;-140.06
15-02-2021;19:54:00;1.78;47.91;-228.05;-331.75;-30.86;-17.15;-12.37;-85.58;-17.90;-16.26;-144.09;-91.48;-140.26
16-02-2021;03:57:00;2.33;48.00;-228.30;-332.21;-30.85;-17.19;-12.28;-85.03;-17.74;-16.25;-144.09;-91.65;-140.37
16-02-2021;11:59:00;3.54;48.45;-228.29;-331.94;-30.79;-17.19;-12.03;-84.91;-17.81;-15.91;-143.98;-91.48;-140.61
16-02-2021;20:02:00;4.12;48.58;-228.30;-333.11;-31.80;-16.76;-11.04;-84.94;-17.47;-15.64;-144.03;-91.74;-140.71
17-02-2021;04:00:00;4.15;48.26;-228.38;-333.96;-31.74;-16.43;-10.66;-84.98;-17.32;-15.76;-143.43;-91.41;-140.13
17-02-2021;12:00:00;4.47;48.29;-228.23;-333.60;-31.84;-16.58;-10.58;-84.75;-17.42;-15.81;-143.29;-91.65;-140.22
17-02-2021;19:54:00;4.40;48.20;-227.96;-333.66;-31.88;-16.57;-10.26;-84.79;-17.39;-15.81;-143.43;-91.84;-140.29
18-02-2021;03:57:00;5.40;48.34;-227.25;-333.25;-31.80;-16.69;-10.55;-84.52;-17.68;-16.01;-143.42;-92.09;-140.67
18-02-2021;12:00:00;6.61;49.28;-227.74;-332.88;-32.47;-16.84;-9.97;-84.61;-17.76;-15.86;-143.92;-92.20;-140.75
18-02-2021;20:02:00;7.87;49.34;-227.90;-331.86;-32.89;-16.63;-9.07;-84.47;-17.70;-15.94;-143.95;-92.25;-140.73
19-02-2021;04:07:00;8.17;49.47;-227.94;-331.85;-32.77;-16.65;-9.18;-84.48;-17.59;-15.77;-143.62;-91.91;-140.46
19-02-2021;12:00:00;8.23;49.24;-228.00;-331.95;-32.92;-16.65;-9.09;-84.81;-17.63;-15.78;-143.60;-91.56;-140.29
19-02-2021;19:55:00;7.78;49.28;-228.09;-332.24;-32.76;-16.57;-9.46;-84.72;-17.58;-15.89;-143.54;-91.26;-140.40
20-02-2021;03:57:00;7.42;49.27;-228.12;-332.20;-32.69;-16.57;-9.70;-84.54;-17.49;-15.82;-143.73;-91.17;-140.42
20-02-2021;12:04:00;6.54;48.92;-227.33;-331.89;-31.91;-17.03;-10.49;-84.86;-17.91;-16.21;-143.79;-90.69;-141.06
20-02-2021;20:08:00;6.15;48.60;-226.71;-331.60;-32.59;-17.20;-10.68;-84.84;-17.93;-16.15;-144.17;-90.90;-140.80
21-02-2021;04:05:00;6.06;49.76;-226.74;-333.38;-32.68;-16.89;-10.42;-84.48;-17.51;-15.38;-144.43;-91.56;-140.98
21-02-2021;12:00:00;6.31;50.04;-227.47;-334.04;-33.93;-16.77;-10.88;-83.76;-17.40;-14.71;-144.19;-91.76;-140.58
21-02-2021;19:55:00;6.80;49.87;-227.58;-334.08;-33.33;-16.89;-11.04;-84.09;-17.35;-15.04;-144.58;-91.85;-140.80
22-02-2021;03:58:00;7.02;49.82;-227.39;-333.75;-33.64;-16.99;-11.84;-84.38;-17.41;-15.48;-144.15;-91.34;-140.45
22-02-2021;12:00:00;7.24;49.50;-226.92;-333.28;-33.48;-17.44;-11.63;-84.56;-17.76;-15.41;-144.70;-91.76;-140.62
22-02-2021;20:03:00;6.80;49.63;-226.91;-333.82;-34.33;-17.38;-11.50;-84.51;-17.60;-15.44;-144.73;-91.99;-140.95
23-02-2021;03:58:00;6.34;49.96;-226.91;-333.70;-33.51;-17.54;-11.26;-84.31;-17.48;-15.49;-144.95;-92.71;-141.06
23-02-2021;11:53:00;6.46;49.66;-226.79;-334.36;-33.03;-17.52;-11.29;-84.29;-17.62;-15.59;-144.89;-92.25;-141.02
23-02-2021;19:55:00;7.06;49.37;-226.92;-333.97;-33.63;-17.58;-10.92;-84.68;-17.64;-15.48;-144.72;-92.21;-140.94
24-02-2021;03:58:00;5.82;49.57;-226.92;-332.89;-32.78;-17.95;-11.80;-84.50;-17.96;-15.78;-144.78;-92.58;-141.14
24-02-2021;12:04:00;7.88;50.28;-226.72;-333.76;-33.96;-17.60;-11.00;-83.77;-17.60;-15.01;-144.31;-91.32;-140.61
24-02-2021;20:03:00;7.86;51.15;-226.75;-334.57;-34.08;-17.46;-10.98;-83.38;-17.56;-15.19;-144.51;-91.45;-140.54
25-02-2021;04:01:00;7.54;50.89;-226.88;-334.40;-33.82;-17.57;-10.48;-83.44;-17.64;-15.22;-144.66;-91.75;-140.72
25-02-2021;11:49:00;8.09;50.78;-226.46;-334.32;-34.06;-17.54;-10.31;-83.82;-17.77;-15.46;-144.45;-91.62;-140.59
25-02-2021;19:56:00;8.10;50.26;-226.39;-334.68;-34.22;-17.53;-9.74;-83.54;-17.72;-14.57;-144.55;-91.78;-140.62
26-02-2021;03:58:00;7.90;50.69;-226.49;-334.62;-33.97;-17.60;-9.52;-83.22;-17.71;-14.76;-144.50;-91.89;-140.45
26-02-2021;12:01:00;7.72;50.64;-226.69;-334.79;-33.91;-17.57;-8.63;-83.21;-17.68;-14.93;-144.48;-91.86;-140.28
26-02-2021;20:04:00;7.18;50.38;-226.88;-334.46;-33.75;-17.63;-7.97;-83.04;-17.58;-15.29;-144.62;-91.82;-140.59
27-02-2021;03:58:00;7.46;50.51;-226.77;-334.52;-34.06;-17.65;-7.95;-82.97;-17.60;-15.31;-144.72;-91.52;-140.60
27-02-2021;11:53:00;8.60;50.22;-226.69;-334.65;-34.22;-17.52;-7.23;-82.87;-17.58;-15.05;-144.51;-91.37;-140.65
27-02-2021;19:56:00;8.48;50.09;-226.46;-335.07;-34.53;-17.53;-6.72;-82.74;-17.58;-14.82;-144.56;-91.18;-140.47
28-02-2021;03:59:00;8.17;50.70;-226.60;-335.07;-34.09;-17.52;-6.90;-82.93;-17.60;-15.13;-144.54;-91.20;-140.33
28-02-2021;12:01:00;8.14;50.35;-226.69;-335.25;-34.25;-17.54;-6.62;-82.76;-17.62;-15.14;-144.36;-91.19;-140.29
28-02-2021;20:04:00;7.65;50.44;-226.63;-334.94;-34.11;-17.55;-6.84;-83.14;-17.64;-15.19;-144.33;-91.01;-140.45
01-03-2021;03:59:00;7.63;50.51;-226.13;-335.39;-34.24;-17.52;-6.54;-83.07;-17.65;-14.94;-144.05;-91.06;-140.07
01-03-2021;11:54:00;7.47;50.39;-226.48;-335.41;-34.48;-17.59;-6.01;-83.04;-17.61;-14.73;-144.11;-91.19;-140.15
01-03-2021;19:56:00;8.02;50.32;-226.60;-335.48;-34.58;-17.60;-5.83;-82.62;-17.59;-14.83;-144.22;-90.97;-140.18
02-03-2021;03:59:00;7.61;50.30;-226.60;-335.74;-34.45;-17.61;-6.00;-82.75;-17.62;-14.68;-144.48;-91.03;-140.44
02-03-2021;11:55:00;7.48;50.10;-226.73;-335.24;-34.40;-17.87;-6.13;-82.97;-17.87;-15.02;-144.65;-91.23;-140.56
02-03-2021;19:58:00;6.84;49.75;-226.67;-334.21;-33.78;-17.75;-6.08;-83.02;-17.69;-15.34;-144.81;-91.27;-140.66
03-03-2021;03:56:00;7.38;49.95;-226.51;-334.90;-34.36;-17.51;-6.04;-82.98;-17.41;-14.37;-144.04;-90.78;-140.30
03-03-2021;11:54:00;7.74;49.96;-226.29;-335.24;-34.64;-17.53;-5.57;-82.89;-17.69;-14.57;-144.34;-90.78;-140.44
03-03-2021;20:01:00;7.73;50.06;-226.28;-335.19;-34.72;-17.63;-5.79;-83.10;-17.66;-14.46;-144.30;-90.51;-140.58
04-03-2021;03:59:00;6.84;49.50;-226.01;-335.25;-35.04;-17.38;-5.85;-84.01;-17.65;-14.22;-144.00;-89.84;-140.61
04-03-2021;11:45:00;6.76;49.41;-226.09;-334.64;-35.30;-17.31;-5.97;-83.80;-17.72;-14.52;-144.17;-90.04;-140.66
04-03-2021;19:57:00;6.59;49.47;-225.96;-335.12;-35.08;-17.31;-6.28;-83.66;-17.55;-15.23;-144.08;-90.10;-140.93
05-03-2021;04:01:00;6.85;49.51;-226.11;-334.73;-34.70;-17.40;-6.67;-83.80;-17.54;-15.31;-144.00;-90.57;-140.54
05-03-2021;12:04:00;7.30;49.56;-226.16;-335.49;-35.34;-17.34;-5.92;-83.76;-17.68;-15.38;-144.04;-89.94;-140.72
05-03-2021;19:59:00;7.26;49.66;-226.42;-335.25;-35.12;-17.57;-6.19;-84.07;-17.86;-15.54;-144.45;-90.37;-141.03
06-03-2021;03:55:00;7.86;49.41;-226.11;-336.01;-35.43;-17.45;-5.36;-83.52;-17.69;-15.64;-144.20;-89.97;-140.60
06-03-2021;11:58:00;8.65;49.45;-226.22;-335.74;-35.29;-17.44;-5.28;-83.15;-17.68;-15.42;-144.28;-89.92;-140.57
06-03-2021;20:02:00;9.06;49.34;-226.42;-336.12;-35.59;-17.24;-4.53;-82.80;-17.50;-15.03;-144.08;-89.58;-140.34
07-03-2021;04:06:00;8.43;48.98;-226.22;-336.03;-36.41;-17.20;-4.19;-82.80;-17.62;-15.24;-143.80;-89.74;-140.29
07-03-2021;12:01:00;8.45;49.05;-226.42;-335.86;-36.27;-17.15;-4.29;-82.84;-17.56;-15.34;-143.56;-89.71;-140.25
07-03-2021;19:56:00;8.75;48.77;-226.14;-335.90;-35.93;-17.26;-4.53;-83.39;-17.65;-15.15;-143.54;-89.68;-140.44
08-03-2021;04:00:00;8.23;48.34;-225.90;-334.86;-35.64;-17.48;-5.12;-83.80;-17.78;-15.22;-143.82;-89.76;-141.05
08-03-2021;12:03:00;8.26;48.52;-225.90;-335.60;-36.14;-17.59;-5.54;-84.03;-18.17;-14.93;-143.61;-90.50;-141.74
08-03-2021;19:59:00;8.87;48.69;-226.19;-336.25;-35.75;-17.14;-5.17;-83.13;-17.66;-14.96;-143.70;-90.64;-141.84
09-03-2021;03:47:00;8.77;48.49;-226.12;-336.42;-35.56;-17.05;-5.16;-82.92;-17.61;-14.73;-143.43;-90.70;-141.92
09-03-2021;11:57:00;8.61;48.10;-226.10;-336.56;-35.40;-17.19;-5.02;-82.83;-17.69;-15.07;-143.51;-90.39;-141.66
09-03-2021;20:01:00;8.15;48.02;-226.02;-335.93;-35.06;-17.50;-5.15;-83.11;-17.74;-15.39;-143.58;-90.49;-141.90
10-03-2021;04:04:00;8.09;48.24;-226.04;-336.58;-36.08;-17.32;-4.80;-83.08;-17.46;-14.89;-143.44;-90.58;-141.65
10-03-2021;12:00:00;9.91;48.01;-226.16;-336.78;-35.43;-17.31;-4.73;-83.20;-17.49;-15.05;-143.63;-90.35;-141.53
10-03-2021;19:55:00;9.47;48.69;-226.15;-336.95;-35.45;-17.42;-4.87;-83.27;-17.47;-14.89;-143.73;-90.33;-141.63
11-03-2021;03:59:00;8.80;49.43;-226.21;-336.53;-35.48;-17.59;-4.80;-83.37;-17.61;-14.72;-144.08;-90.52;-141.69
11-03-2021;12:02:00;9.07;50.26;-226.43;-336.46;-35.91;-17.54;-5.01;-83.30;-17.64;-15.06;-143.84;-90.02;-141.27
11-03-2021;19:58:00;8.62;50.48;-226.29;-336.22;-35.21;-17.91;-5.66;-83.75;-17.69;-15.18;-144.09;-90.34;-141.51
12-03-2021;03:53:00;9.56;51.00;-226.63;-336.42;-35.06;-17.85;-6.12;-83.74;-17.68;-15.12;-144.85;-90.42;-141.88
12-03-2021;11:57:00;9.49;51.08;-226.86;-336.26;-35.05;-18.12;-6.87;-84.13;-17.91;-15.30;-145.47;-90.79;-142.20
12-03-2021;20:00:00;9.51;52.64;-227.28;-336.62;-35.03;-17.85;-6.76;-83.65;-17.63;-15.20;-144.79;-90.97;-142.26
13-03-2021;04:03:00;10.29;52.36;-227.45;-337.19;-35.22;-17.48;-5.23;-83.42;-17.33;-15.25;-144.29;-90.64;-142.23
13-03-2021;11:59:00;11.01;52.32;-227.35;-337.02;-35.95;-17.46;-5.55;-83.09;-17.38;-14.97;-144.25;-90.83;-142.01
13-03-2021;20:01:00;10.80;52.42;-227.26;-336.31;-35.73;-17.33;-5.28;-83.17;-17.34;-15.17;-144.57;-90.72;-142.20
14-03-2021;03:58:00;10.46;52.51;-227.37;-336.93;-35.37;-17.43;-5.67;-83.29;-17.35;-15.11;-144.41;-90.65;-142.22
14-03-2021;12:01:00;10.36;52.21;-227.10;-336.53;-35.77;-17.78;-6.11;-83.57;-17.58;-15.19;-144.93;-90.60;-142.38
14-03-2021;20:04:00;10.55;52.43;-227.69;-336.33;-35.62;-17.43;-5.55;-82.87;-17.09;-15.78;-144.97;-90.65;-142.60
15-03-2021;04:00:00;11.43;52.36;-227.42;-336.51;-35.60;-17.57;-5.41;-82.65;-16.92;-15.20;-144.58;-89.90;-142.59
15-03-2021;11:55:00;11.04;52.35;-227.36;-336.06;-35.15;-17.74;-5.50;-82.74;-17.44;-15.41;-144.70;-90.08;-142.52
15-03-2021;19:59:00;10.94;52.45;-227.30;-335.92;-34.56;-17.54;-4.77;-82.37;-17.20;-15.50;-144.64;-90.09;-142.44
16-03-2021;04:02:00;11.47;52.10;-226.81;-334.39;-33.42;-17.89;-5.23;-82.71;-17.40;-15.99;-145.33;-90.23;-142.74
16-03-2021;11:58:00;12.73;52.18;-226.67;-336.25;-35.15;-17.77;-4.52;-82.73;-17.44;-15.26;-144.94;-90.16;-142.22
16-03-2021;19:53:00;13.46;52.57;-227.16;-336.89;-35.54;-17.39;-4.10;-82.49;-16.96;-15.05;-144.31;-90.00;-142.21
17-03-2021;03:57:00;13.18;52.84;-226.65;-336.45;-35.71;-17.53;-5.22;-82.95;-17.00;-14.89;-144.27;-90.17;-142.10
17-03-2021;12:12:00;14.01;52.65;-226.98;-336.52;-35.81;-17.54;-4.99;-82.47;-17.20;-14.67;-144.31;-90.25;-141.99
17-03-2021;20:01:00;14.45;52.65;-226.73;-337.12;-36.26;-17.44;-4.83;-82.60;-17.06;-14.67;-143.92;-89.81;-141.76
18-03-2021;03:59:00;14.52;52.64;-227.09;-336.19;-36.49;-17.51;-5.40;-82.83;-17.09;-14.70;-143.99;-89.71;-141.91
18-03-2021;11:55:00;13.54;52.45;-226.49;-336.65;-36.26;-17.54;-4.79;-82.25;-17.34;-14.17;-144.13;-89.42;-141.81
18-03-2021;19:58:00;13.93;52.59;-226.79;-336.64;-35.07;-17.41;-4.75;-81.56;-16.90;-14.46;-143.92;-89.24;-141.51
19-03-2021;04:01:00;14.33;52.38;-227.20;-336.67;-35.71;-17.30;-4.85;-81.77;-16.91;-14.02;-143.76;-89.17;-141.52
19-03-2021;12:05:00;13.77;52.94;-227.17;-336.94;-35.13;-17.32;-4.87;-81.82;-17.17;-14.03;-143.90;-89.59;-141.38
19-03-2021;20:00:00;14.10;53.12;-227.21;-337.09;-34.61;-16.86;-4.51;-81.50;-16.73;-14.03;-143.84;-89.82;-141.42
20-03-2021;03:56:00;13.64;53.05;-226.93;-336.72;-34.37;-17.07;-4.90;-81.49;-16.90;-13.98;-144.11;-90.02;-141.64
20-03-2021;11:59:00;14.98;52.97;-227.20;-337.41;-34.23;-16.90;-4.52;-81.36;-16.83;-14.03;-144.00;-90.01;-141.60
20-03-2021;20:03:00;15.55;52.87;-227.04;-337.29;-34.64;-17.00;-4.57;-81.40;-16.90;-13.26;-144.30;-89.75;-141.22
21-03-2021;03:58:00;15.72;52.30;-226.97;-337.62;-34.87;-16.73;-4.60;-81.16;-16.77;-13.78;-143.75;-89.07;-140.91
21-03-2021;11:54:00;15.57;52.22;-226.60;-337.90;-34.73;-16.78;-4.37;-81.70;-16.74;-13.71;-143.59;-89.05;-140.67
21-03-2021;19:57:00;15.73;52.46;-226.38;-338.34;-34.86;-16.74;-4.96;-81.77;-16.77;-13.95;-143.78;-89.03;-140.83
22-03-2021;04:00:00;16.16;52.41;-226.34;-337.68;-34.29;-17.10;-5.25;-81.88;-17.08;-14.43;-144.19;-89.38;-141.09
22-03-2021;12:04:00;16.94;53.02;-226.05;-337.77;-34.69;-16.82;-4.89;-81.60;-16.74;-14.03;-144.04;-89.49;-140.81
22-03-2021;19:59:00;16.99;53.44;-226.46;-338.24;-34.40;-16.77;-4.49;-81.74;-16.75;-14.20;-144.34;-90.29;-141.49
23-03-2021;03:55:00;16.14;53.70;-226.55;-338.19;-34.75;-16.88;-4.72;-81.77;-16.86;-14.20;-144.52;-89.91;-141.38
23-03-2021;11:58:00;17.30;53.86;-226.51;-338.58;-34.89;-16.97;-4.19;-81.68;-16.87;-13.94;-144.33;-90.94;-141.81
23-03-2021;20:02:00;17.80;53.86;-226.38;-338.76;-34.88;-16.95;-3.81;-81.52;-16.84;-13.87;-144.46;-90.53;-141.83
24-03-2021;04:05:00;17.74;53.68;-226.56;-338.63;-34.66;-16.98;-4.11;-81.42;-16.94;-13.87;-144.42;-90.59;-141.58
24-03-2021;12:00:00;17.48;53.57;-226.60;-338.50;-34.46;-16.98;-4.04;-81.37;-16.79;-13.54;-144.36;-90.32;-141.36
24-03-2021;19:56:00;16.56;53.63;-226.55;-337.46;-34.41;-17.18;-4.38;-81.62;-16.96;-13.50;-144.66;-90.78;-141.83
25-03-2021;03:59:00;16.32;53.11;-226.91;-337.03;-33.52;-17.30;-4.56;-82.04;-17.03;-13.79;-144.82;-90.77;-142.12
25-03-2021;12:03:00;16.39;54.42;-226.32;-337.31;-33.96;-17.44;-4.23;-81.95;-17.06;-13.47;-145.22;-90.83;-141.81
25-03-2021;19:58:00;17.12;54.51;-226.04;-337.38;-34.02;-17.28;-4.18;-81.79;-17.01;-14.00;-145.33;-90.25;-141.61
26-03-2021;03:54:00;17.36;54.28;-225.94;-338.01;-34.46;-17.02;-4.07;-81.47;-16.83;-13.74;-144.83;-90.28;-141.15
26-03-2021;11:57:00;17.66;53.89;-226.16;-338.16;-34.56;-17.17;-3.81;-81.54;-16.90;-13.66;-144.81;-89.78;-141.69
26-03-2021;20:01:00;18.67;53.82;-226.08;-338.15;-34.66;-17.11;-3.58;-80.90;-16.98;-13.39;-144.76;-89.71;-141.52
27-03-2021;04:04:00;18.06;53.94;-226.39;-337.42;-34.02;-17.67;-4.84;-81.93;-17.20;-13.72;-145.10;-91.07;-142.36
27-03-2021;11:59:00;18.46;54.02;-226.18;-338.63;-34.76;-17.02;-3.37;-81.20;-16.87;-13.55;-144.44;-90.06;-141.75
27-03-2021;19:47:00;18.86;53.90;-225.94;-338.80;-34.75;-17.08;-3.34;-80.70;-16.82;-13.62;-144.33;-89.78;-141.71
28-03-2021;03:58:00;18.91;53.51;-225.97;-338.57;-34.47;-16.98;-3.79;-80.98;-16.79;-13.81;-144.14;-90.15;-141.31
28-03-2021;12:02:00;18.87;53.49;-226.01;-338.83;-34.79;-17.05;-3.11;-81.12;-16.87;-13.81;-144.29;-89.77;-141.55
28-03-2021;20:05:00;18.51;53.46;-225.97;-338.59;-34.50;-17.17;-3.23;-80.90;-17.02;-13.82;-144.59;-89.87;-141.71
29-03-2021;04:01:00;18.14;53.74;-226.11;-338.23;-34.12;-17.41;-3.61;-81.29;-17.17;-13.88;-144.73;-90.82;-141.96
29-03-2021;11:56:00;19.19;53.64;-226.28;-338.86;-34.98;-17.64;-3.39;-81.20;-17.22;-13.47;-145.35;-90.23;-141.99
29-03-2021;19:59:00;19.49;53.89;-226.11;-339.14;-35.26;-17.39;-3.42;-80.51;-16.96;-13.37;-145.20;-89.99;-141.87
30-03-2021;04:03:00;17.79;53.94;-226.15;-338.61;-33.85;-17.70;-4.04;-80.94;-17.12;-14.29;-145.68;-91.46;-142.36
30-03-2021;11:58:00;17.18;53.80;-226.31;-338.22;-33.94;-18.18;-4.46;-81.81;-17.70;-14.13;-146.16;-91.54;-142.37
30-03-2021;19:59:00;17.64;53.18;-226.21;-338.05;-33.76;-18.19;-4.45;-81.71;-17.64;-14.06;-146.24;-91.37;-142.49
31-03-2021;03:57:00;17.57;53.11;-226.21;-338.01;-33.47;-18.09;-4.10;-81.40;-17.59;-14.52;-146.34;-92.02;-142.93
31-03-2021;12:01:00;19.15;52.80;-225.95;-339.57;-34.74;-17.60;-3.57;-80.48;-17.55;-14.04;-145.60;-90.66;-142.12
31-03-2021;20:00:00;17.99;53.12;-226.06;-339.25;-34.61;-17.61;-3.39;-80.41;-17.20;-14.57;-145.42;-90.09;-142.03
01-04-2021;03:59:00;18.17;53.19;-226.18;-339.68;-34.43;-17.70;-3.57;-80.77;-17.30;-14.40;-145.67;-89.72;-142.21
01-04-2021;11:55:00;18.51;53.38;-226.01;-340.33;-34.69;-17.70;-3.44;-80.65;-17.26;-14.24;-145.51;-90.16;-141.81
01-04-2021;19:58:00;18.50;53.69;-226.41;-341.20;-35.34;-17.67;-2.95;-79.81;-16.90;-14.14;-145.14;-90.43;-141.64
02-04-2021;04:02:00;18.57;53.15;-226.42;-339.58;-34.36;-17.99;-3.64;-80.53;-17.50;-14.73;-145.62;-90.45;-142.05
02-04-2021;12:07:00;18.63;53.42;-226.22;-341.35;-35.51;-17.35;-3.56;-80.25;-16.76;-13.95;-145.15;-89.44;-141.59
02-04-2021;20:01:00;18.01;53.37;-226.07;-341.47;-35.73;-17.32;-3.34;-80.73;-16.75;-13.96;-145.15;-89.39;-141.75
03-04-2021;03:56:00;17.77;53.40;-226.30;-341.53;-36.63;-17.32;-3.21;-81.00;-16.83;-14.06;-145.20;-89.04;-141.74
03-04-2021;12:00:00;17.84;53.40;-226.07;-341.92;-35.85;-17.33;-3.15;-80.86;-16.76;-14.09;-145.41;-89.52;-141.55
03-04-2021;20:03:00;17.80;53.46;-226.16;-341.70;-35.51;-17.41;-3.30;-80.96;-16.79;-14.02;-145.48;-89.70;-141.47
04-04-2021;03:58:00;18.05;53.43;-226.11;-342.19;-35.32;-17.28;-3.66;-80.92;-16.81;-13.98;-145.42;-89.63;-141.33
04-04-2021;11:54:00;16.56;53.55;-226.27;-342.32;-35.31;-17.46;-3.59;-81.13;-16.89;-13.59;-145.89;-89.69;-141.71
04-04-2021;19:57:00;17.73;53.82;-225.98;-342.10;-35.44;-17.28;-3.72;-81.50;-16.79;-13.44;-145.20;-90.23;-141.26
05-04-2021;04:01:00;17.50;53.79;-226.10;-341.20;-34.74;-17.31;-3.87;-81.37;-16.90;-14.17;-145.15;-90.56;-141.19
05-04-2021;12:04:00;18.53;53.27;-225.92;-341.36;-34.66;-17.54;-3.94;-81.28;-16.96;-14.06;-145.21;-89.39;-141.33
05-04-2021;20:00:00;17.89;53.32;-226.39;-340.88;-34.20;-17.22;-3.80;-81.34;-16.75;-14.19;-145.29;-89.38;-141.47
06-04-2021;03:55:00;17.87;53.64;-226.70;-340.27;-34.32;-17.53;-4.28;-81.82;-17.03;-14.40;-145.55;-89.50;-141.80
06-04-2021;11:59:00;19.12;54.22;-226.82;-342.00;-35.30;-17.05;-3.29;-81.09;-16.66;-14.32;-144.94;-89.22;-141.37
06-04-2021;20:02:00;19.57;54.26;-226.80;-342.01;-35.21;-17.03;-3.10;-81.44;-16.72;-14.64;-144.90;-89.44;-141.34
07-04-2021;03:58:00;19.81;53.96;-226.66;-341.41;-35.04;-17.19;-3.37;-81.67;-16.86;-14.65;-144.89;-89.04;-141.35
07-04-2021;11:53:00;20.14;54.19;-226.63;-342.06;-35.56;-17.28;-3.24;-82.29;-16.88;-14.32;-145.56;-89.70;-141.62
07-04-2021;19:57:00;20.27;53.92;-226.86;-342.20;-35.56;-17.06;-3.11;-82.08;-16.68;-14.09;-145.34;-89.36;-141.44
08-04-2021;04:00:00;20.07;53.86;-227.31;-341.88;-35.29;-17.04;-3.53;-81.87;-16.57;-13.79;-145.04;-89.05;-141.51
08-04-2021;12:03:00;19.68;53.69;-226.73;-341.59;-34.72;-17.36;-3.29;-82.46;-17.06;-14.18;-145.16;-89.04;-141.34
08-04-2021;19:59:00;20.49;54.13;-227.93;-340.61;-34.19;-17.73;-4.53;-82.68;-17.06;-14.29;-145.38;-89.49;-141.84
09-04-2021;03:54:00;19.17;55.31;-228.23;-341.78;-33.74;-17.67;-5.27;-82.56;-17.09;-14.39;-146.36;-90.08;-142.39
09-04-2021;11:58:00;20.28;55.10;-227.75;-341.90;-34.51;-17.38;-4.56;-81.77;-17.02;-13.73;-145.85;-89.62;-142.01
09-04-2021;20:01:00;20.00;54.33;-228.25;-341.93;-34.91;-17.18;-4.38;-81.66;-16.70;-13.71;-145.35;-89.51;-141.86
10-04-2021;04:16:00;20.18;54.33;-229.02;-341.72;-35.50;-17.47;-4.28;-82.13;-16.86;-13.28;-145.77;-89.71;-142.32
10-04-2021;12:00:00;21.42;54.59;-228.69;-341.83;-35.67;-17.08;-4.28;-81.52;-16.76;-13.80;-145.16;-89.00;-141.51
10-04-2021;19:55:00;20.87;54.80;-228.38;-342.51;-35.39;-16.97;-4.94;-82.16;-16.87;-13.28;-145.20;-88.46;-141.59
11-04-2021;03:59:00;20.27;54.71;-228.58;-342.26;-35.12;-16.92;-5.38;-81.87;-16.81;-13.57;-144.99;-88.92;-141.85
11-04-2021;12:02:00;20.54;54.33;-228.80;-342.58;-35.18;-17.05;-5.29;-82.12;-16.90;-13.75;-145.24;-88.59;-141.47
11-04-2021;19:58:00;20.96;54.02;-228.79;-343.29;-35.16;-17.04;-5.41;-82.25;-16.94;-13.24;-144.72;-88.45;-141.20
12-04-2021;03:53:00;20.66;54.13;-228.94;-343.33;-34.35;-16.80;-4.95;-81.84;-16.72;-13.16;-144.32;-88.27;-140.91
12-04-2021;11:57:00;20.37;54.44;-229.18;-343.49;-33.74;-16.58;-4.97;-82.26;-16.61;-13.19;-144.14;-88.81;-141.01
12-04-2021;20:00:00;19.85;54.50;-229.16;-343.36;-34.68;-16.61;-5.46;-82.07;-16.74;-13.58;-144.40;-89.12;-141.11
13-04-2021;04:03:00;19.83;54.43;-229.14;-343.94;-34.89;-16.54;-5.79;-81.94;-16.63;-13.46;-144.80;-88.98;-141.23
13-04-2021;11:59:00;19.73;54.50;-228.67;-343.90;-35.05;-16.52;-5.52;-81.86;-16.56;-13.34;-144.66;-89.41;-141.31
13-04-2021;19:48:00;19.79;54.50;-228.61;-344.05;-35.24;-16.47;-5.64;-81.90;-16.58;-13.40;-144.78;-89.42;-141.70
14-04-2021;03:58:00;19.98;54.76;-228.42;-345.05;-34.83;-16.23;-5.73;-81.65;-16.38;-12.97;-144.44;-89.19;-141.35
14-04-2021;12:01:00;19.74;54.58;-228.42;-344.90;-34.36;-16.44;-6.32;-81.79;-16.58;-13.18;-144.58;-89.23;-141.18
14-04-2021;20:04:00;19.97;54.67;-227.65;-345.19;-34.12;-16.25;-5.80;-82.01;-16.31;-12.84;-144.36;-88.97;-140.89
15-04-2021;04:00:00;19.70;54.53;-227.42;-344.59;-33.81;-16.38;-5.47;-81.96;-16.42;-13.05;-144.41;-89.36;-141.01
15-04-2021;11:43:00;20.24;54.34;-227.79;-344.74;-33.46;-16.47;-6.03;-82.20;-16.64;-13.15;-144.40;-88.65;-140.84
15-04-2021;19:57:00;20.08;54.35;-228.06;-344.38;-33.38;-16.36;-6.60;-81.97;-16.33;-13.39;-144.62;-89.56;-140.76
16-04-2021;04:01:00;19.86;54.56;-227.63;-344.40;-33.31;-16.35;-6.48;-82.21;-16.23;-13.37;-144.43;-88.90;-140.73
16-04-2021;12:04:00;20.50;54.48;-227.24;-344.47;-33.36;-16.30;-7.00;-82.31;-16.36;-13.23;-144.16;-88.91;-140.61
16-04-2021;20:00:00;20.36;54.53;-228.13;-344.61;-33.84;-16.20;-7.24;-82.24;-16.24;-13.18;-144.13;-88.39;-140.48
17-04-2021;03:55:00;19.97;54.45;-227.74;-344.68;-33.58;-16.29;-7.61;-82.70;-16.25;-13.05;-144.09;-88.65;-140.41
17-04-2021;11:59:00;20.47;54.20;-227.72;-344.46;-33.75;-16.30;-7.13;-82.46;-16.37;-13.11;-143.88;-88.26;-140.39
17-04-2021;20:02:00;20.45;54.16;-227.61;-344.28;-34.20;-16.31;-7.34;-82.04;-16.32;-13.51;-144.40;-87.97;-140.42
18-04-2021;03:58:00;19.77;54.20;-227.81;-343.18;-34.21;-16.65;-8.02;-82.52;-16.65;-14.29;-144.86;-88.42;-140.11
18-04-2021;11:55:00;19.88;54.16;-227.71;-343.80;-34.90;-16.91;-7.90;-82.95;-17.03;-13.26;-144.54;-87.85;-140.11
18-04-2021;19:57:00;19.48;55.08;-227.33;-344.74;-35.53;-16.32;-7.51;-82.59;-16.28;-13.47;-144.51;-88.29;-140.51
19-04-2021;04:00:00;19.27;54.96;-227.61;-344.52;-35.17;-16.46;-8.24;-82.81;-16.48;-13.76;-144.80;-88.24;-140.54
19-04-2021;12:03:00;19.78;54.78;-227.66;-344.57;-35.82;-16.84;-8.10;-83.23;-17.00;-13.61;-144.79;-88.06;-140.26
19-04-2021;19:59:00;19.02;55.66;-227.27;-345.84;-35.65;-16.33;-7.65;-82.64;-16.29;-13.37;-144.40;-87.82;-140.30
20-04-2021;03:54:00;18.42;55.74;-227.20;-345.34;-35.34;-16.57;-8.28;-82.68;-16.51;-13.50;-144.62;-88.67;-140.67
20-04-2021;11:58:00;18.36;55.59;-227.49;-345.95;-35.72;-16.70;-7.72;-82.59;-16.65;-13.33;-144.55;-88.52;-140.73
20-04-2021;20:01:00;18.04;56.12;-227.52;-345.63;-36.43;-16.47;-7.31;-82.17;-16.37;-13.02;-144.52;-88.45;-140.31
21-04-2021;04:05:00;16.83;55.16;-227.25;-344.56;-35.74;-16.87;-7.95;-82.67;-16.75;-13.42;-144.91;-89.27;-140.70
21-04-2021;12:00:00;18.03;55.73;-227.34;-345.74;-36.26;-16.48;-7.67;-81.89;-16.25;-13.14;-144.02;-88.01;-139.96
21-04-2021;19:56:00;16.85;56.02;-227.61;-346.53;-36.35;-16.34;-7.53;-81.91;-16.36;-13.07;-144.07;-87.38;-140.13
22-04-2021;03:53:00;16.41;56.15;-227.70;-346.85;-36.45;-16.25;-7.39;-82.17;-16.36;-12.98;-144.38;-86.90;-140.35
22-04-2021;12:03:00;17.10;55.70;-227.59;-346.60;-36.51;-16.33;-7.46;-82.62;-16.54;-12.84;-144.35;-87.39;-140.21
22-04-2021;19:58:00;16.59;56.21;-227.50;-347.12;-36.25;-16.31;-7.51;-82.61;-16.35;-12.88;-144.08;-87.59;-140.46
23-04-2021;03:54:00;16.15;56.09;-227.43;-347.30;-36.59;-16.27;-7.43;-82.94;-16.54;-12.97;-144.41;-87.41;-140.73
23-04-2021;11:57:00;15.96;56.05;-227.39;-346.75;-37.02;-16.21;-7.47;-83.03;-16.48;-13.05;-144.24;-87.42;-140.45
23-04-2021;20:01:00;15.84;55.63;-227.28;-346.80;-37.07;-16.14;-7.50;-83.22;-16.43;-12.99;-144.29;-87.46;-140.48
24-04-2021;04:04:00;15.89;55.45;-227.50;-347.01;-37.08;-16.10;-7.73;-83.60;-16.44;-12.97;-144.38;-87.15;-140.14
24-04-2021;12:07:00;15.45;55.83;-227.53;-347.16;-37.14;-16.07;-7.58;-83.41;-16.35;-13.08;-144.24;-87.64;-140.27
24-04-2021;19:55:00;14.39;55.77;-227.58;-347.18;-36.99;-16.03;-7.34;-83.32;-16.41;-12.81;-144.15;-88.04;-140.30
25-04-2021;03:59:00;13.87;55.59;-227.26;-347.47;-36.41;-16.13;-8.16;-83.41;-16.47;-13.31;-144.37;-87.55;-140.53
25-04-2021;12:02:00;13.14;55.35;-227.23;-346.78;-35.65;-16.06;-7.46;-83.19;-16.35;-13.10;-144.13;-87.27;-140.09
25-04-2021;19:58:00;12.52;55.35;-227.41;-347.44;-35.62;-15.95;-7.18;-83.05;-16.30;-12.80;-144.05;-87.98;-140.04
26-04-2021;03:53:00;11.99;55.28;-227.31;-347.84;-34.70;-16.05;-8.28;-83.27;-16.25;-13.16;-143.99;-87.47;-140.32
26-04-2021;11:57:00;11.91;55.25;-227.25;-347.30;-35.04;-16.16;-7.50;-83.62;-16.43;-13.01;-144.29;-87.39;-140.19
26-04-2021;20:00:00;11.78;55.17;-227.29;-348.20;-36.19;-16.10;-7.36;-83.39;-16.18;-12.65;-144.32;-88.19;-140.29
27-04-2021;04:03:00;11.45;54.97;-227.10;-348.57;-35.99;-16.36;-8.00;-83.44;-16.41;-13.18;-144.07;-87.39;-140.18
27-04-2021;12:02:00;11.58;55.04;-226.93;-348.08;-35.05;-16.09;-7.26;-83.51;-16.58;-13.22;-144.05;-87.46;-140.12
27-04-2021;19:54:00;11.27;55.09;-227.17;-348.86;-35.96;-15.95;-7.09;-83.36;-16.18;-12.75;-144.06;-87.28;-140.19
28-04-2021;03:58:00;11.02;55.01;-227.07;-348.81;-35.69;-16.16;-7.70;-83.92;-16.32;-13.22;-144.07;-86.68;-139.87
28-04-2021;12:01:00;11.17;55.02;-227.02;-348.63;-35.18;-16.15;-7.13;-83.74;-16.38;-12.74;-144.04;-86.17;-140.10
28-04-2021;20:05:00;10.97;55.04;-227.15;-348.79;-35.38;-15.98;-6.93;-83.20;-16.13;-12.62;-144.07;-86.31;-139.94
29-04-2021;04:00:00;10.57;54.86;-227.28;-348.09;-35.82;-16.01;-7.52;-83.32;-16.08;-12.85;-143.78;-85.68;-139.99
29-04-2021;11:56:00;10.93;54.79;-227.01;-347.45;-35.90;-16.05;-7.05;-83.52;-16.34;-12.66;-143.92;-85.61;-140.02
29-04-2021;19:59:00;10.54;55.35;-227.10;-347.68;-35.76;-15.91;-6.89;-83.27;-16.25;-12.44;-143.86;-85.64;-139.83
30-04-2021;04:03:00;10.06;55.13;-227.02;-346.77;-35.27;-16.28;-7.87;-83.57;-16.29;-12.74;-143.50;-85.62;-139.83
30-04-2021;11:58:00;10.82;55.26;-226.90;-346.96;-35.37;-16.12;-7.05;-83.50;-16.36;-12.32;-143.67;-85.83;-139.69
30-04-2021;19:54:00;11.07;55.06;-226.96;-346.72;-35.62;-15.91;-6.76;-83.14;-16.13;-12.54;-143.70;-86.39;-139.39
01-05-2021;03:57:00;11.29;55.10;-226.94;-346.93;-35.83;-15.86;-7.23;-83.17;-16.09;-12.40;-143.82;-86.45;-139.35
01-05-2021;12:00:00;10.72;55.24;-227.04;-346.20;-35.60;-16.13;-7.11;-83.50;-16.36;-12.70;-143.88;-86.38;-139.61
01-05-2021;20:04:00;10.57;54.91;-226.96;-345.93;-35.15;-16.01;-7.23;-83.52;-16.22;-12.48;-144.02;-86.55;-139.47
02-05-2021;03:59:00;9.67;54.08;-226.96;-345.73;-35.05;-16.13;-8.20;-83.97;-16.38;-12.99;-144.59;-86.94;-139.69
02-05-2021;11:55:00;9.75;53.92;-227.04;-345.46;-35.02;-16.09;-7.23;-84.20;-16.27;-13.00;-144.16;-86.48;-139.61
02-05-2021;19:58:00;9.22;53.89;-227.25;-345.35;-34.82;-16.00;-7.37;-84.15;-16.14;-12.93;-144.29;-86.73;-139.69
03-05-2021;04:02:00;8.09;53.29;-226.72;-344.77;-34.78;-16.45;-7.85;-84.14;-16.41;-13.00;-144.58;-87.13;-139.83
03-05-2021;12:05:00;9.96;53.75;-226.86;-345.43;-35.09;-16.43;-7.18;-84.08;-16.66;-12.76;-144.25;-86.58;-139.98
03-05-2021;20:00:00;9.44;54.45;-226.73;-346.25;-34.96;-16.03;-7.12;-83.66;-16.18;-12.75;-144.23;-86.64;-140.04
04-05-2021;03:56:00;9.23;55.14;-226.63;-346.50;-35.14;-16.00;-7.37;-83.71;-16.30;-12.84;-143.90;-86.68;-140.01
04-05-2021;11:59:00;9.86;54.87;-226.67;-345.51;-35.14;-15.96;-6.78;-83.50;-16.22;-12.62;-144.17;-86.13;-139.36
04-05-2021;20:03:00;9.89;54.52;-226.59;-346.27;-35.25;-15.72;-6.76;-82.89;-15.97;-12.39;-144.03;-86.29;-139.05
05-05-2021;03:56:00;9.60;54.65;-226.74;-345.77;-35.12;-15.75;-6.97;-83.21;-16.02;-12.16;-144.13;-86.34;-139.12
05-05-2021;11:54:00;9.69;54.72;-226.97;-345.35;-34.81;-15.78;-7.11;-83.19;-15.95;-12.37;-144.16;-86.34;-139.19
05-05-2021;19:57:00;9.95;54.88;-226.80;-345.92;-35.05;-15.72;-6.73;-82.90;-16.04;-12.18;-144.17;-85.94;-139.13
06-05-2021;04:01:00;10.55;54.60;-226.71;-346.02;-34.83;-15.71;-6.85;-82.95;-15.94;-12.26;-144.35;-86.02;-139.10
06-05-2021;11:56:00;10.80;54.79;-226.92;-345.70;-35.19;-15.77;-6.89;-83.09;-16.03;-12.41;-144.21;-85.97;-139.15
06-05-2021;20:00:00;10.93;55.03;-226.88;-346.03;-35.48;-15.78;-6.96;-82.87;-15.92;-12.10;-144.11;-85.84;-139.09
07-05-2021;03:55:00;10.81;54.67;-226.69;-346.27;-35.15;-15.86;-7.13;-83.01;-16.04;-12.34;-144.08;-85.81;-139.02
07-05-2021;11:59:00;11.59;54.64;-226.76;-345.46;-35.22;-15.97;-6.98;-82.98;-16.21;-12.53;-144.31;-86.04;-139.10
07-05-2021;20:02:00;10.71;54.53;-226.86;-345.86;-35.33;-15.75;-6.97;-82.88;-15.94;-12.07;-144.22;-86.12;-139.10
08-05-2021;03:57:00;10.07;53.83;-226.85;-345.59;-34.82;-15.93;-7.31;-83.33;-16.05;-12.12;-144.46;-85.87;-139.08
08-05-2021;11:53:00;10.32;54.13;-226.84;-345.56;-35.46;-15.80;-7.12;-83.17;-15.97;-12.09;-144.11;-86.02;-138.73
08-05-2021;19:56:00;9.01;54.22;-226.93;-345.04;-34.70;-16.13;-7.23;-83.67;-16.26;-12.72;-144.44;-86.56;-139.11
09-05-2021;04:00:00;9.94;54.03;-226.71;-345.62;-34.92;-15.99;-7.08;-83.75;-16.15;-12.18;-144.40;-86.42;-138.95
09-05-2021;12:03:00;9.96;53.78;-226.70;-344.42;-34.54;-16.64;-7.76;-84.73;-16.74;-12.83;-144.82;-86.29;-139.25
09-05-2021;19:59:00;9.86;54.25;-226.66;-345.05;-34.69;-16.31;-7.94;-83.97;-16.36;-12.63;-144.61;-86.56;-139.01
10-05-2021;03:54:00;9.54;54.39;-226.68;-344.27;-34.80;-16.31;-7.94;-83.81;-16.37;-12.34;-144.97;-87.08;-139.34
10-05-2021;11:58:00;9.09;53.96;-226.37;-344.20;-35.18;-16.54;-7.89;-84.42;-16.72;-12.41;-145.29;-87.12;-139.43
10-05-2021;19:54:00;10.60;54.50;-226.83;-344.80;-35.31;-16.11;-7.37;-83.78;-16.16;-12.45;-144.58;-86.40;-139.39
11-05-2021;04:05:00;10.25;54.64;-226.82;-345.86;-35.70;-15.78;-6.81;-83.47;-15.94;-12.39;-144.00;-86.22;-139.30
11-05-2021;12:00:00;10.54;54.55;-226.76;-346.02;-35.77;-15.82;-6.57;-83.19;-15.93;-12.28;-143.88;-86.18;-139.03
11-05-2021;19:56:00;10.34;54.63;-226.68;-346.00;-35.21;-15.86;-6.79;-83.16;-16.08;-12.25;-143.84;-86.02;-138.93
12-05-2021;03:59:00;10.06;54.50;-226.52;-345.61;-34.99;-16.07;-6.97;-83.46;-16.18;-12.30;-144.15;-85.66;-139.29
12-05-2021;12:02:00;10.92;54.20;-226.57;-346.29;-35.57;-16.02;-6.57;-83.57;-16.25;-12.01;-144.20;-85.81;-139.12
12-05-2021;19:58:00;11.00;54.59;-226.58;-346.73;-35.21;-15.74;-6.22;-83.20;-15.91;-12.54;-144.03;-85.94;-139.36
13-05-2021;03:54:00;10.58;54.40;-226.56;-346.22;-35.36;-16.01;-6.28;-83.44;-16.16;-12.10;-144.19;-86.06;-139.59
13-05-2021;11:57:00;10.39;54.11;-226.61;-346.20;-35.70;-16.13;-6.21;-83.67;-16.24;-12.24;-144.23;-86.14;-139.45
13-05-2021;20:00:00;10.27;54.33;-226.58;-346.81;-34.65;-15.88;-6.94;-83.20;-15.98;-12.74;-143.88;-85.76;-139.21
14-05-2021;04:04:00;10.57;54.40;-226.62;-346.57;-34.55;-16.01;-7.09;-83.28;-16.21;-12.30;-144.06;-85.89;-139.49
14-05-2021;11:59:00;10.69;54.21;-226.70;-346.91;-35.13;-16.05;-7.23;-83.00;-16.14;-12.21;-144.19;-86.08;-139.55
14-05-2021;19:55:00;10.63;54.36;-226.89;-346.98;-35.26;-15.83;-7.11;-83.09;-15.95;-12.69;-144.10;-85.98;-139.38
15-05-2021;03:58:00;9.88;54.25;-226.95;-346.81;-35.24;-15.94;-7.24;-83.41;-16.10;-12.50;-144.53;-86.10;-139.72
15-05-2021;12:02:00;10.72;53.93;-226.87;-347.43;-35.63;-15.94;-6.97;-83.30;-16.05;-12.22;-144.05;-85.58;-139.25
15-05-2021;20:05:00;9.93;54.10;-226.88;-346.89;-34.91;-16.05;-7.30;-83.52;-16.29;-12.89;-144.71;-85.81;-139.84
16-05-2021;04:01:00;9.91;54.07;-226.82;-346.65;-35.12;-16.12;-7.39;-83.72;-16.26;-12.64;-144.96;-85.89;-140.07
16-05-2021;11:56:00;10.21;53.91;-227.11;-347.17;-35.54;-16.71;-7.43;-84.26;-16.90;-11.73;-145.23;-86.14;-140.26
16-05-2021;20:04:00;8.92;53.91;-227.07;-346.75;-34.95;-16.28;-7.44;-83.72;-16.33;-12.69;-145.51;-86.93;-140.62
17-05-2021;04:03:00;8.07;53.97;-227.05;-346.11;-34.19;-16.57;-7.97;-83.91;-16.43;-13.47;-145.42;-86.82;-140.56
17-05-2021;11:58:00;10.28;53.76;-226.77;-346.06;-35.80;-16.53;-7.06;-84.09;-16.82;-12.47;-145.13;-86.40;-139.80
17-05-2021;19:54:00;10.86;54.56;-227.26;-346.89;-35.72;-16.30;-6.72;-83.36;-16.29;-12.60;-144.30;-86.24;-139.50
18-05-2021;03:57:00;10.96;54.43;-227.29;-347.14;-35.57;-16.31;-6.63;-83.46;-16.11;-12.66;-144.40;-86.13;-139.61
18-05-2021;12:01:00;10.94;54.36;-227.29;-347.35;-35.62;-16.28;-6.54;-83.56;-16.17;-12.82;-144.40;-86.12;-139.57
18-05-2021;20:04:00;10.68;54.50;-227.14;-347.17;-35.33;-16.26;-6.30;-83.77;-16.20;-12.89;-144.66;-86.13;-139.73
19-05-2021;04:00:00;9.86;54.30;-226.97;-346.84;-35.06;-16.51;-6.45;-84.32;-16.58;-13.13;-145.29;-86.55;-140.18
19-05-2021;11:55:00;10.79;53.50;-226.66;-346.34;-35.33;-16.84;-6.48;-84.63;-17.14;-12.88;-144.77;-85.99;-139.58
19-05-2021;19:59:00;9.88;54.35;-227.06;-347.36;-35.50;-16.59;-5.72;-84.23;-16.33;-12.64;-145.29;-86.51;-139.89
20-05-2021;04:02:00;9.33;54.10;-226.58;-346.79;-35.20;-16.79;-6.03;-84.46;-16.45;-12.65;-145.46;-86.49;-140.13
20-05-2021;11:58:00;10.39;53.79;-226.50;-347.09;-35.16;-16.81;-5.81;-84.68;-16.82;-12.55;-145.29;-86.12;-139.82
20-05-2021;19:53:00;10.85;54.47;-227.19;-347.76;-35.15;-16.39;-5.39;-83.94;-16.19;-12.10;-145.13;-86.29;-139.53
21-05-2021;03:57:00;10.44;54.39;-227.15;-348.15;-35.13;-16.43;-5.42;-83.92;-16.02;-12.16;-145.32;-86.52;-139.82
21-05-2021;12:00:00;11.02;54.27;-227.08;-347.82;-35.38;-16.62;-5.48;-84.57;-16.48;-12.20;-144.91;-86.43;-139.71
21-05-2021;20:03:00;10.81;54.62;-227.37;-347.92;-35.34;-16.33;-5.04;-84.54;-16.12;-12.33;-144.82;-86.17;-139.39
22-05-2021;03:59:00;10.47;54.52;-227.34;-348.07;-35.10;-16.55;-5.27;-84.78;-16.43;-12.25;-144.98;-86.53;-139.48
22-05-2021;11:55:00;11.63;54.38;-227.31;-348.99;-35.38;-16.51;-5.05;-84.84;-16.34;-12.40;-144.65;-86.44;-139.33
22-05-2021;19:58:00;10.99;54.55;-227.31;-348.81;-35.11;-16.39;-5.39;-84.63;-16.24;-12.64;-144.86;-86.38;-139.30
23-05-2021;04:01:00;10.45;54.55;-227.24;-349.07;-35.00;-16.38;-5.19;-84.68;-16.25;-12.81;-145.10;-86.64;-139.36
23-05-2021;12:00:00;11.35;54.39;-227.30;-349.95;-35.42;-16.39;-4.98;-84.76;-16.29;-12.39;-144.59;-86.43;-139.26
23-05-2021;20:00:00;11.11;54.49;-227.41;-349.91;-35.30;-16.32;-5.00;-84.68;-16.18;-12.06;-144.64;-86.78;-139.43
24-05-2021;03:56:00;10.44;54.15;-227.11;-349.23;-34.95;-16.71;-5.48;-84.87;-16.69;-12.30;-145.18;-86.89;-139.61
24-05-2021;11:59:00;11.07;54.13;-227.09;-348.79;-34.74;-16.99;-5.54;-85.39;-17.10;-12.05;-145.37;-86.75;-139.77
24-05-2021;20:03:00;11.40;54.49;-227.43;-349.25;-34.91;-16.50;-4.99;-84.60;-16.31;-12.20;-145.10;-86.61;-139.50
25-05-2021;03:58:00;10.12;54.08;-227.15;-348.33;-34.20;-16.91;-5.50;-84.85;-16.67;-12.67;-145.48;-87.06;-139.76
25-05-2021;11:54:00;11.69;54.22;-227.18;-349.46;-35.12;-16.75;-4.96;-84.74;-16.47;-11.94;-144.90;-86.44;-139.31
25-05-2021;19:57:00;11.62;54.42;-227.23;-350.03;-34.87;-16.48;-4.85;-84.47;-16.21;-11.93;-144.97;-86.57;-139.33
26-05-2021;04:01:00;11.33;54.39;-227.31;-349.66;-34.88;-16.78;-5.29;-84.74;-16.47;-12.46;-145.26;-86.71;-139.60
26-05-2021;12:04:00;12.22;54.53;-227.51;-350.11;-35.37;-16.49;-4.69;-84.40;-16.21;-12.38;-144.68;-86.39;-139.27
26-05-2021;20:00:00;12.01;54.35;-227.66;-350.05;-35.33;-16.53;-4.96;-84.20;-16.35;-12.12;-144.62;-86.55;-139.30
27-05-2021;03:55:00;10.96;54.19;-227.62;-349.53;-34.74;-16.56;-4.90;-84.51;-16.54;-12.40;-145.07;-86.88;-139.69
27-05-2021;11:59:00;11.74;53.77;-227.51;-349.99;-35.42;-16.85;-5.01;-84.87;-16.72;-11.82;-144.73;-86.60;-139.58
27-05-2021;20:02:00;11.36;54.10;-228.18;-350.72;-35.37;-16.46;-4.59;-84.10;-16.47;-12.37;-144.75;-86.81;-139.71
28-05-2021;03:57:00;11.09;54.02;-228.05;-350.20;-35.04;-16.47;-4.98;-84.53;-16.53;-12.51;-145.11;-87.18;-139.95
28-05-2021;11:53:00;11.36;53.75;-227.75;-350.04;-35.06;-16.78;-5.35;-85.29;-17.22;-12.56;-144.80;-86.90;-139.76
28-05-2021;19:56:00;10.88;53.85;-228.17;-350.42;-35.03;-16.38;-4.87;-84.00;-16.67;-12.83;-144.93;-86.74;-139.69
29-05-2021;04:00:00;10.50;53.78;-228.00;-349.78;-34.61;-16.78;-5.10;-84.47;-16.72;-12.85;-145.17;-87.33;-139.85
29-05-2021;12:03:00;10.96;53.35;-227.77;-350.51;-35.92;-17.27;-5.29;-85.39;-17.65;-11.92;-145.63;-87.40;-140.02
29-05-2021;19:59:00;10.12;53.38;-228.14;-350.55;-34.78;-16.80;-4.99;-84.50;-16.90;-12.84;-144.97;-86.70;-139.63
30-05-2021;03:54:00;10.13;53.75;-228.32;-349.69;-35.27;-16.77;-4.71;-84.56;-16.65;-12.69;-145.13;-87.15;-140.31
30-05-2021;11:58:00;11.28;53.68;-228.18;-349.58;-36.46;-16.79;-4.48;-85.21;-17.30;-11.47;-145.84;-87.75;-140.91
30-05-2021;20:01:00;9.95;53.75;-228.40;-350.34;-35.72;-16.93;-4.66;-84.68;-16.93;-13.14;-145.37;-87.16;-140.44
31-05-2021;04:05:00;10.03;53.52;-228.31;-350.06;-35.53;-16.89;-4.49;-84.77;-16.82;-12.86;-145.30;-86.91;-140.52
31-05-2021;12:00:00;10.98;53.12;-227.65;-349.94;-36.53;-17.38;-4.97;-86.31;-18.19;-10.85;-146.53;-88.05;-141.37
31-05-2021;19:56:00;10.09;53.61;-228.35;-350.35;-35.82;-17.06;-4.87;-84.85;-17.16;-12.55;-145.56;-87.16;-140.56
01-06-2021;04:06:00;10.22;53.83;-228.52;-350.18;-35.85;-16.84;-4.52;-84.69;-16.93;-12.73;-145.48;-86.86;-140.54
01-06-2021;12:03:00;10.74;53.31;-228.00;-349.67;-36.54;-18.08;-5.32;-86.24;-18.45;-11.63;-146.19;-87.55;-140.83
01-06-2021;19:58:00;11.27;53.25;-228.54;-350.67;-36.64;-17.07;-4.23;-84.84;-17.27;-12.56;-145.08;-86.64;-140.10
02-06-2021;03:54:00;11.40;53.75;-228.92;-352.44;-36.59;-16.37;-4.07;-84.04;-16.53;-12.49;-145.07;-86.87;-140.43
02-06-2021;11:57:00;11.75;53.77;-228.82;-352.25;-36.44;-16.32;-3.62;-83.90;-16.45;-12.26;-144.79;-86.78;-140.15
02-06-2021;20:00:00;11.33;53.66;-229.25;-352.57;-36.34;-16.43;-3.95;-84.05;-16.53;-12.41;-145.01;-86.84;-140.23
03-06-2021;04:04:00;11.06;53.57;-229.05;-352.28;-35.34;-16.39;-4.26;-84.09;-16.51;-12.68;-145.15;-87.05;-140.52
03-06-2021;11:59:00;11.97;53.77;-229.24;-352.84;-36.26;-16.28;-3.66;-83.78;-16.34;-12.10;-144.74;-87.01;-140.28
03-06-2021;19:55:00;12.00;53.35;-229.29;-352.91;-35.58;-16.26;-3.76;-83.84;-16.34;-12.28;-144.74;-86.99;-140.18
04-06-2021;03:58:00;11.78;53.48;-229.10;-352.68;-35.88;-16.25;-4.06;-83.98;-16.40;-12.38;-145.05;-87.19;-140.30
04-06-2021;12:02:00;12.20;53.46;-229.11;-352.92;-36.41;-16.30;-4.06;-83.81;-16.32;-12.11;-144.80;-86.93;-140.31
04-06-2021;20:05:00;11.44;53.37;-229.37;-353.01;-36.03;-16.37;-4.08;-84.06;-16.42;-12.27;-144.93;-86.59;-140.36
05-06-2021;04:01:00;11.20;53.19;-229.20;-352.25;-36.53;-16.55;-4.06;-84.25;-16.48;-12.34;-145.19;-86.60;-140.47
05-06-2021;11:56:00;11.30;52.76;-228.70;-351.61;-36.22;-17.51;-4.93;-85.72;-17.90;-12.02;-145.94;-86.90;-141.16
05-06-2021;19:59:00;9.31;53.10;-229.35;-351.37;-36.38;-17.39;-5.22;-85.15;-17.03;-12.86;-145.64;-87.08;-140.87
06-06-2021;04:03:00;10.78;52.95;-229.55;-352.50;-37.13;-16.53;-3.59;-84.48;-16.65;-12.29;-145.55;-86.98;-140.85
06-06-2021;11:58:00;11.20;52.27;-229.86;-349.77;-37.44;-16.32;-3.63;-84.72;-17.24;-12.05;-146.44;-87.52;-141.69
06-06-2021;19:54:00;10.15;52.69;-230.12;-351.39;-37.26;-16.48;-3.93;-84.46;-16.42;-12.25;-145.40;-87.12;-141.03
07-06-2021;03:57:00;10.56;52.50;-230.01;-351.97;-37.85;-16.30;-3.71;-83.97;-16.02;-11.71;-144.73;-86.72;-140.65
07-06-2021;12:05:00;10.41;52.04;-229.30;-350.42;-37.98;-17.26;-4.88;-85.69;-17.39;-12.10;-146.17;-87.28;-141.30
07-06-2021;20:04:00;11.46;52.49;-230.28;-351.93;-37.84;-16.31;-3.73;-84.12;-16.28;-11.67;-144.76;-86.72;-140.58
08-06-2021;04:00:00;10.55;52.60;-230.17;-351.21;-38.02;-16.50;-3.98;-84.46;-16.46;-12.05;-145.21;-86.85;-140.92
08-06-2021;11:55:00;11.65;52.37;-229.92;-350.59;-38.75;-16.96;-4.56;-85.45;-17.38;-12.08;-145.73;-87.22;-141.24
08-06-2021;19:59:00;11.81;52.78;-230.84;-351.95;-38.60;-16.31;-3.71;-84.35;-16.40;-12.03;-144.87;-86.77;-140.79
09-06-2021;04:02:00;11.38;52.76;-230.88;-351.49;-38.12;-16.52;-3.89;-84.65;-16.58;-12.02;-145.18;-86.95;-141.01
09-06-2021;11:58:00;11.52;52.83;-231.04;-352.12;-38.72;-16.65;-4.12;-84.93;-16.71;-11.68;-145.21;-87.15;-141.12
09-06-2021;19:53:00;12.23;53.00;-231.22;-352.67;-38.63;-16.14;-4.04;-84.12;-16.13;-11.78;-144.94;-86.93;-140.80
10-06-2021;03:57:00;11.01;52.82;-230.87;-351.73;-38.19;-16.37;-5.04;-84.55;-16.40;-11.95;-145.30;-87.66;-141.36
10-06-2021;12:00:00;10.51;52.38;-230.69;-351.07;-38.23;-16.79;-5.53;-85.33;-16.90;-11.18;-145.63;-88.19;-141.86
10-06-2021;20:03:00;8.75;52.40;-231.14;-349.83;-36.48;-16.99;-5.88;-85.60;-16.94;-12.42;-146.16;-88.70;-142.16
11-06-2021;03:59:00;10.16;52.63;-231.14;-351.73;-37.35;-16.45;-5.08;-84.77;-16.34;-11.85;-145.59;-88.06;-141.47
11-06-2021;11:54:00;10.01;53.00;-231.47;-351.94;-37.35;-16.68;-5.47;-84.96;-16.49;-11.80;-145.78;-88.29;-141.81
11-06-2021;19:58:00;10.90;52.38;-231.51;-351.68;-38.49;-16.34;-5.30;-84.82;-16.32;-11.18;-145.75;-87.84;-141.84
12-06-2021;04:01:00;11.22;52.53;-231.63;-352.64;-38.20;-16.36;-5.33;-84.32;-16.00;-10.96;-145.31;-87.42;-141.30
12-06-2021;12:05:00;11.10;52.57;-231.62;-352.89;-38.26;-16.24;-5.22;-84.32;-16.14;-11.24;-145.48;-87.68;-141.27
12-06-2021;20:00:00;11.05;52.56;-231.83;-352.92;-38.14;-16.43;-5.44;-84.58;-16.12;-11.02;-145.57;-87.42;-141.26
13-06-2021;03:56:00;11.04;52.62;-232.07;-353.26;-37.97;-16.20;-5.19;-84.32;-16.07;-11.29;-145.52;-87.08;-141.21
13-06-2021;11:59:00;11.05;52.90;-232.35;-353.23;-37.98;-16.18;-5.31;-84.38;-16.09;-11.00;-145.44;-86.97;-141.40
13-06-2021;20:02:00;10.70;52.91;-232.25;-352.51;-37.60;-16.46;-5.97;-84.60;-16.32;-11.45;-146.18;-87.58;-142.14
14-06-2021;03:58:00;10.04;52.75;-232.49;-350.92;-37.31;-16.66;-6.10;-84.92;-16.67;-11.37;-146.87;-88.26;-142.49
14-06-2021;11:54:00;10.91;53.19;-232.50;-352.55;-38.15;-16.54;-5.56;-84.52;-16.67;-10.61;-146.60;-88.08;-142.20
14-06-2021;19:57:00;12.04;53.30;-232.97;-353.55;-38.13;-16.01;-5.32;-83.72;-15.98;-10.75;-146.22;-87.90;-142.16
15-06-2021;04:00:00;12.09;53.49;-233.19;-353.51;-37.66;-15.95;-5.38;-83.59;-15.84;-10.91;-146.33;-88.19;-142.08
15-06-2021;12:04:00;12.57;53.53;-233.15;-353.65;-37.46;-16.03;-5.80;-84.46;-15.98;-10.96;-146.53;-88.61;-142.25
15-06-2021;19:59:00;12.29;53.56;-233.43;-353.24;-36.84;-16.11;-6.20;-84.79;-16.14;-11.46;-146.44;-88.67;-142.03
16-06-2021;03:55:00;11.22;53.23;-233.19;-351.72;-36.05;-16.60;-7.15;-85.28;-16.91;-11.85;-146.97;-88.73;-142.43
16-06-2021;11:58:00;10.63;52.97;-233.12;-351.98;-36.55;-16.77;-7.27;-85.55;-17.09;-11.33;-147.40;-89.08;-142.84
16-06-2021;20:02:00;9.80;53.50;-233.37;-351.85;-34.70;-17.12;-7.16;-85.51;-17.34;-12.89;-148.05;-89.76;-143.56
17-06-2021;04:05:00;11.12;53.45;-233.65;-353.25;-35.30;-16.59;-6.46;-84.95;-16.76;-12.11;-147.36;-89.20;-143.01
17-06-2021;12:00:00;10.79;52.79;-233.47;-352.01;-34.68;-17.56;-7.40;-86.23;-18.03;-12.13;-148.17;-89.99;-143.60
17-06-2021;19:56:00;9.72;53.12;-234.04;-351.95;-35.07;-17.19;-6.78;-85.61;-17.26;-12.74;-148.19;-90.20;-143.53
18-06-2021;03:59:00;10.03;53.37;-234.72;-351.56;-35.73;-16.61;-5.81;-85.08;-16.78;-12.35;-148.09;-90.19;-143.29
18-06-2021;12:03:00;12.44;52.81;-233.94;-351.73;-36.88;-16.61;-5.63;-84.33;-16.70;-11.33;-147.42;-90.08;-142.91
18-06-2021;19:54:00;12.23;52.68;-234.17;-352.42;-36.50;-16.25;-5.45;-83.95;-16.43;-11.67;-147.11;-90.21;-142.66
19-06-2021;03:58:00;10.52;52.67;-234.39;-351.39;-35.68;-16.64;-6.43;-84.68;-16.84;-12.23;-147.57;-90.25;-143.37
19-06-2021;11:57:00;10.64;53.16;-234.81;-351.66;-36.51;-16.60;-5.83;-83.99;-16.97;-11.64;-147.82;-89.80;-143.02
19-06-2021;20:01:00;10.30;53.12;-235.02;-352.13;-36.00;-16.77;-6.30;-84.43;-16.95;-11.81;-148.17;-90.72;-142.94
20-06-2021;04:04:00;8.16;52.90;-235.05;-351.25;-34.76;-16.92;-6.77;-84.96;-17.41;-12.99;-148.93;-91.91;-143.72
20-06-2021;12:00:00;10.07;52.44;-235.10;-352.61;-36.40;-16.85;-6.14;-84.65;-17.42;-10.91;-149.12;-91.98;-143.58
20-06-2021;19:55:00;7.88;52.88;-235.49;-352.09;-34.85;-16.98;-5.91;-84.74;-17.13;-13.15;-148.78;-91.02;-143.41
21-06-2021;03:59:00;7.75;52.64;-235.51;-352.59;-35.19;-16.82;-5.21;-84.58;-17.18;-12.86;-148.72;-91.07;-143.31
21-06-2021;12:02:00;10.20;52.37;-235.17;-353.56;-36.77;-16.62;-5.29;-84.78;-17.43;-11.85;-148.57;-91.11;-143.32
21-06-2021;19:58:00;9.97;52.87;-235.86;-353.72;-36.91;-16.48;-5.10;-84.36;-16.60;-11.58;-148.22;-91.48;-143.16
22-06-2021;03:53:00;9.11;52.72;-236.06;-353.54;-36.38;-16.47;-5.06;-84.27;-16.50;-12.10;-148.46;-91.43;-143.41
22-06-2021;12:00:00;10.08;52.02;-235.71;-352.49;-36.81;-16.58;-5.02;-84.64;-17.07;-11.99;-148.47;-91.47;-143.44
22-06-2021;20:00:00;9.68;52.48;-236.34;-353.31;-36.16;-16.54;-5.10;-84.66;-16.86;-12.70;-148.38;-91.52;-143.50
23-06-2021;04:01:00;8.31;52.78;-236.38;-353.88;-35.74;-16.84;-5.71;-85.02;-16.66;-12.72;-148.72;-91.58;-143.83
23-06-2021;12:05:00;9.36;52.25;-236.54;-354.19;-36.08;-16.77;-5.62;-85.74;-17.52;-11.66;-149.71;-91.80;-144.45
23-06-2021;20:02:00;9.52;52.64;-236.53;-354.75;-36.00;-16.64;-5.31;-84.79;-16.74;-12.18;-148.85;-91.56;-143.75
24-06-2021;04:05:00;8.76;52.46;-236.50;-354.58;-35.27;-16.72;-5.58;-85.16;-16.78;-12.21;-149.34;-91.93;-144.26
24-06-2021;11:34:00;9.76;52.23;-236.91;-354.92;-36.52;-16.24;-4.37;-84.73;-17.04;-11.69;-149.32;-91.32;-144.05
24-06-2021;20:01:00;9.62;52.76;-237.20;-355.40;-35.63;-16.90;-5.60;-84.87;-16.88;-11.86;-149.60;-92.53;-144.50
25-06-2021;04:05:00;10.23;52.43;-237.42;-354.94;-35.13;-16.88;-5.68;-85.03;-17.00;-12.33;-149.31;-92.25;-144.24
25-06-2021;09:17:00;10.82;51.62;-236.66;-355.44;-36.24;-17.20;-5.70;-85.81;-17.62;-10.90;-150.37;-92.41;-144.93
28-06-2021;13:40:00;12.34;51.47;-238.05;-356.13;-36.09;-16.25;-4.70;-84.30;-16.83;-12.39;-149.50;-91.57;-144.66
28-06-2021;19:54:00;12.29;51.86;-238.60;-355.90;-35.48;-16.45;-5.11;-84.10;-16.51;-12.62;-149.68;-91.83;-145.04
29-06-2021;03:58:00;11.33;52.07;-238.80;-355.16;-35.51;-16.62;-5.58;-84.24;-16.24;-12.44;-150.14;-91.80;-145.55
29-06-2021;11:25:00;12.99;51.97;-238.99;-354.51;-35.50;-15.97;-4.66;-84.30;-16.98;-12.20;-150.62;-91.86;-145.80
29-06-2021;20:04:00;11.15;52.27;-238.99;-356.25;-35.41;-16.56;-5.75;-84.64;-17.00;-12.35;-150.69;-92.42;-146.02
30-06-2021;04:00:00;11.56;52.18;-238.85;-356.23;-35.23;-16.67;-5.56;-84.45;-16.76;-12.82;-150.22;-91.26;-145.52
30-06-2021;11:56:00;13.06;51.73;-238.51;-357.01;-36.60;-16.58;-5.07;-84.53;-16.93;-11.89;-149.92;-91.07;-145.06
30-06-2021;19:59:00;12.08;52.05;-238.79;-356.07;-36.03;-16.78;-5.77;-84.71;-16.90;-12.35;-150.33;-91.50;-145.10
01-07-2021;04:03:00;12.37;52.34;-238.80;-356.99;-36.49;-16.53;-5.18;-84.48;-16.62;-12.22;-150.37;-91.69;-145.39
01-07-2021;11:58:00;13.41;51.79;-238.96;-357.21;-37.48;-16.90;-5.75;-85.00;-17.17;-12.09;-150.63;-91.81;-145.59
01-07-2021;19:54:00;13.42;52.11;-239.58;-357.47;-36.83;-16.43;-5.32;-84.37;-16.70;-12.23;-150.00;-91.62;-145.28
02-07-2021;03:57:00;11.92;52.11;-239.45;-356.40;-36.03;-16.91;-5.70;-84.98;-17.13;-12.78;-150.66;-92.13;-145.92
02-07-2021;12:01:00;12.54;51.74;-239.51;-355.15;-36.48;-17.88;-6.22;-86.31;-18.31;-11.06;-151.38;-92.56;-146.33
02-07-2021;20:04:00;12.39;52.14;-239.73;-357.18;-36.28;-16.70;-4.20;-84.88;-17.22;-12.55;-150.49;-91.77;-145.60
03-07-2021;04:00:00;11.38;52.43;-240.13;-356.49;-36.00;-16.91;-4.57;-84.79;-16.85;-12.70;-150.65;-92.11;-145.86
03-07-2021;11:56:00;13.13;52.06;-240.37;-356.67;-37.12;-17.17;-4.77;-85.61;-17.70;-10.99;-151.33;-92.52;-146.28
03-07-2021;19:59:00;11.48;52.18;-240.45;-356.22;-36.33;-17.08;-4.69;-85.22;-17.23;-12.68;-151.01;-92.12;-146.20
04-07-2021;04:03:00;10.62;51.81;-240.34;-355.47;-36.41;-17.59;-5.32;-85.51;-17.25;-12.47;-151.56;-92.68;-146.60
04-07-2021;11:58:00;12.47;52.00;-240.19;-355.37;-36.64;-17.51;-5.08;-85.85;-18.02;-11.73;-152.05;-93.08;-146.94
04-07-2021;19:54:00;12.59;52.02;-240.10;-356.63;-36.06;-17.32;-4.43;-85.23;-17.13;-12.26;-151.14;-92.63;-146.58
05-07-2021;03:58:00;12.61;51.79;-240.77;-357.52;-36.37;-17.00;-4.53;-84.99;-17.07;-12.69;-150.93;-92.58;-146.39
05-07-2021;12:01:00;13.21;51.58;-240.37;-357.94;-36.78;-17.26;-5.09;-85.29;-17.60;-12.45;-151.31;-92.95;-146.79
05-07-2021;20:05:00;12.98;52.09;-240.73;-358.11;-36.77;-16.91;-4.56;-84.79;-16.96;-12.34;-151.00;-92.63;-146.55
06-07-2021;04:00:00;12.94;51.99;-240.97;-357.89;-36.45;-17.08;-4.81;-85.08;-17.00;-12.60;-151.29;-92.62;-146.69
06-07-2021;11:56:00;13.60;52.25;-241.22;-358.74;-37.47;-17.03;-4.92;-84.74;-16.92;-11.95;-151.44;-92.81;-146.80
06-07-2021;20:00:00;13.55;52.10;-241.02;-358.67;-36.96;-16.67;-4.51;-84.54;-16.72;-12.60;-151.09;-92.63;-146.65
07-07-2021;04:03:00;13.06;51.99;-241.36;-358.28;-36.54;-16.96;-4.98;-85.04;-16.89;-12.66;-151.37;-92.71;-146.80
07-07-2021;11:59:00;14.37;52.00;-241.16;-358.82;-37.37;-16.58;-4.52;-84.55;-16.62;-12.08;-151.22;-92.76;-146.67
07-07-2021;19:55:00;13.87;52.10;-241.20;-358.88;-36.70;-16.66;-4.39;-84.59;-16.54;-12.25;-151.45;-93.08;-146.82
08-07-2021;03:58:00;13.79;52.25;-241.40;-359.08;-36.73;-16.62;-4.09;-84.62;-16.53;-12.34;-151.50;-92.86;-146.83
08-07-2021;12:01:00;14.14;51.61;-240.80;-358.36;-37.09;-17.01;-4.50;-85.03;-17.00;-12.02;-151.70;-92.80;-146.80
08-07-2021;20:05:00;11.46;51.58;-241.17;-357.18;-36.33;-17.42;-5.18;-85.91;-17.26;-12.85;-152.61;-93.46;-147.68
09-07-2021;04:01:00;11.18;51.33;-241.42;-355.67;-34.99;-17.70;-5.57;-85.90;-17.69;-13.34;-152.90;-94.22;-148.06
09-07-2021;11:55:00;13.03;51.69;-241.27;-355.27;-36.94;-18.27;-5.94;-86.38;-18.51;-11.42;-153.99;-94.86;-149.16
09-07-2021;19:57:00;11.54;51.00;-241.02;-356.21;-36.17;-17.08;-5.54;-84.71;-17.26;-12.22;-152.79;-93.72;-148.30
10-07-2021;04:07:00;11.42;51.21;-241.47;-356.45;-36.13;-16.94;-5.06;-84.58;-16.88;-12.45;-152.50;-93.18;-148.00
10-07-2021;11:59:00;13.04;50.86;-241.06;-358.10;-37.00;-17.09;-4.53;-84.19;-17.16;-10.42;-152.52;-93.31;-147.62
10-07-2021;19:55:00;11.70;51.18;-241.42;-357.92;-36.30;-16.91;-4.60;-83.95;-16.70;-11.33;-152.81;-93.58;-147.91
11-07-2021;03:58:00;11.78;51.19;-241.58;-357.40;-34.75;-17.82;-5.40;-85.00;-17.25;-12.42;-152.91;-94.00;-148.24
11-07-2021;12:07:00;13.76;51.25;-241.86;-358.83;-36.14;-16.77;-4.30;-83.74;-16.56;-11.25;-152.72;-93.66;-147.74
11-07-2021;20:05:00;13.48;51.26;-241.79;-359.48;-35.53;-16.84;-4.37;-83.70;-16.75;-11.52;-152.51;-93.49;-147.63
12-07-2021;04:01:00;13.43;50.94;-241.66;-358.37;-35.51;-16.78;-4.11;-83.55;-16.55;-11.42;-152.31;-93.23;-147.45
12-07-2021;11:56:00;14.14;50.76;-242.24;-357.31;-35.60;-16.31;-3.72;-83.73;-17.37;-11.24;-153.81;-94.40;-148.59
12-07-2021;20:00:00;13.00;50.66;-241.87;-357.81;-34.86;-17.05;-4.57;-83.71;-16.90;-11.82;-153.21;-93.39;-148.04
13-07-2021;04:03:00;12.33;50.71;-241.73;-357.18;-34.31;-17.26;-5.12;-84.33;-17.22;-12.11;-153.25;-93.47;-148.23
13-07-2021;11:59:00;13.28;50.09;-241.66;-357.31;-35.67;-17.33;-4.54;-84.30;-17.60;-10.56;-153.40;-93.44;-148.20
13-07-2021;19:55:00;12.39;50.27;-241.74;-357.01;-35.37;-17.27;-4.45;-83.90;-17.17;-11.76;-153.71;-93.73;-148.51
14-07-2021;03:58:00;12.55;50.65;-241.80;-356.34;-33.91;-17.28;-5.09;-84.44;-17.37;-12.13;-153.38;-94.09;-148.55
14-07-2021;12:02:00;14.04;50.59;-241.49;-356.72;-35.20;-17.58;-5.38;-85.02;-18.00;-10.22;-154.04;-94.36;-149.10
14-07-2021;19:57:00;12.22;50.56;-241.73;-355.71;-34.13;-17.14;-3.81;-83.86;-17.13;-11.26;-153.54;-93.95;-148.50
15-07-2021;03:53:00;10.51;50.75;-242.39;-354.77;-32.45;-17.72;-4.51;-84.72;-17.65;-12.73;-154.25;-94.98;-149.09
15-07-2021;11:57:00;12.25;50.36;-243.65;-355.43;-34.30;-17.90;-4.44;-84.43;-16.89;-11.61;-155.18;-95.40;-149.82
15-07-2021;19:55:00;11.25;50.33;-244.80;-354.37;-34.04;-17.89;-4.61;-84.27;-16.22;-12.19;-155.72;-95.90;-150.80
16-07-2021;04:04:00;10.91;50.63;-242.83;-357.16;-34.27;-17.18;-3.41;-84.19;-16.81;-12.47;-153.34;-93.73;-148.66
16-07-2021;11:59:00;11.24;49.91;-242.42;-356.50;-34.69;-17.64;-3.86;-84.80;-17.86;-11.68;-154.21;-94.29;-149.14
16-07-2021;19:55:00;12.09;50.19;-242.87;-357.55;-34.51;-17.27;-3.71;-84.00;-17.19;-12.02;-153.46;-94.18;-148.66
17-07-2021;03:58:00;12.15;50.19;-243.16;-357.94;-34.86;-16.98;-3.18;-83.59;-16.81;-11.94;-153.04;-94.07;-148.33
17-07-2021;12:02:00;12.27;50.65;-243.08;-357.34;-34.91;-17.20;-3.44;-83.84;-17.09;-12.07;-153.32;-94.01;-148.27
17-07-2021;19:58:00;12.62;50.52;-242.80;-357.58;-35.40;-17.08;-3.31;-83.63;-17.02;-11.65;-153.17;-94.02;-148.32
18-07-2021;03:53:00;12.36;50.90;-243.07;-357.98;-35.26;-17.15;-3.16;-83.89;-16.90;-11.87;-153.56;-93.84;-147.95
18-07-2021;11:57:00;12.46;50.65;-242.98;-357.55;-35.12;-17.47;-3.46;-84.15;-17.28;-11.71;-154.17;-94.04;-148.16
18-07-2021;20:00:00;12.83;50.74;-243.28;-357.70;-34.81;-17.09;-2.81;-83.30;-16.91;-11.95;-154.21;-94.15;-148.17
19-07-2021;04:12:00;12.67;50.89;-243.31;-358.10;-35.13;-17.04;-2.98;-83.03;-16.80;-11.55;-154.19;-94.00;-148.14
19-07-2021;11:59:00;12.53;50.45;-243.14;-357.22;-34.62;-17.41;-3.53;-83.69;-17.52;-11.72;-154.76;-94.39;-148.45
19-07-2021;19:55:00;12.75;50.96;-243.06;-357.74;-34.85;-16.98;-2.99;-83.59;-16.86;-11.71;-153.97;-94.18;-148.18
20-07-2021;03:59:00;12.71;51.00;-243.20;-357.71;-34.95;-17.08;-2.74;-83.67;-16.86;-11.86;-153.95;-94.07;-148.08
20-07-2021;12:02:00;12.52;50.50;-242.84;-357.05;-34.99;-17.17;-3.16;-83.61;-17.16;-12.32;-154.33;-94.10;-148.09
20-07-2021;19:58:00;11.72;50.69;-243.07;-356.10;-34.07;-17.35;-3.34;-83.89;-17.32;-12.77;-154.61;-94.82;-148.70
21-07-2021;03:54:00;11.34;50.97;-243.27;-356.68;-34.25;-17.60;-2.83;-83.69;-17.01;-12.06;-154.60;-94.61;-148.66
21-07-2021;11:53:00;12.70;50.80;-243.29;-357.00;-34.52;-17.28;-2.72;-83.96;-17.71;-11.98;-155.35;-95.32;-149.52
21-07-2021;20:01:00;12.55;50.80;-243.31;-357.05;-34.43;-17.30;-2.62;-83.73;-17.14;-12.42;-154.48;-94.58;-148.59
22-07-2021;04:04:00;9.95;51.16;-243.22;-356.21;-33.78;-17.52;-3.33;-83.78;-17.03;-12.81;-155.73;-95.14;-149.48
22-07-2021;12:00:00;12.53;50.20;-242.87;-356.48;-34.53;-17.35;-3.03;-83.74;-17.64;-12.06;-155.17;-94.85;-149.04
22-07-2021;19:55:00;13.01;50.73;-243.41;-356.79;-34.50;-17.08;-2.57;-83.13;-16.89;-12.22;-154.32;-94.32;-148.53
23-07-2021;03:59:00;12.70;51.30;-243.75;-357.00;-34.09;-17.29;-2.77;-83.17;-16.91;-12.44;-154.74;-94.83;-149.06
23-07-2021;12:02:00;13.73;50.99;-243.63;-356.19;-34.90;-17.63;-3.07;-83.71;-17.79;-11.33;-155.21;-94.91;-149.13
23-07-2021;19:58:00;13.78;51.19;-243.63;-356.55;-34.66;-17.45;-2.92;-83.28;-17.28;-12.19;-154.71;-95.15;-148.90
24-07-2021;03:54:00;13.11;51.27;-243.55;-356.23;-33.22;-17.80;-3.44;-83.55;-17.36;-12.54;-154.58;-95.28;-148.95
24-07-2021;11:57:00;13.82;50.48;-243.39;-356.31;-35.42;-18.09;-3.49;-84.36;-18.12;-10.73;-155.19;-95.64;-149.09
24-07-2021;20:01:00;13.70;50.54;-243.44;-354.75;-33.63;-18.07;-4.24;-84.03;-18.11;-12.88;-155.22;-96.15;-149.54
25-07-2021;04:04:00;11.59;50.42;-243.60;-353.36;-33.67;-18.56;-5.11;-83.86;-17.42;-13.35;-155.46;-96.76;-150.06
25-07-2021;12:00:00;12.26;50.39;-243.46;-354.94;-33.68;-19.09;-5.94;-84.98;-18.76;-11.70;-156.08;-96.74;-150.24
25-07-2021;19:56:00;12.56;50.03;-244.10;-351.59;-34.48;-18.35;-4.47;-83.91;-17.20;-14.06;-154.76;-96.22;-149.20
26-07-2021;03:59:00;13.15;50.31;-244.42;-350.67;-33.60;-17.69;-3.17;-83.70;-17.51;-14.16;-155.24;-96.37;-149.35
26-07-2021;12:03:00;14.44;49.54;-244.33;-350.92;-34.58;-17.53;-3.08;-83.29;-17.38;-13.72;-155.11;-96.08;-149.33
26-07-2021;19:58:00;14.40;49.90;-244.39;-351.21;-34.55;-17.32;-2.48;-82.86;-17.14;-14.02;-155.02;-96.25;-149.41
27-07-2021;03:54:00;14.06;49.62;-244.45;-351.04;-34.12;-17.47;-2.87;-82.83;-17.16;-14.31;-155.27;-96.46;-149.51
27-07-2021;11:57:00;13.61;49.21;-244.12;-350.86;-34.01;-17.91;-3.78;-82.80;-17.89;-14.54;-155.85;-96.85;-150.11
27-07-2021;20:01:00;11.98;48.91;-244.27;-349.23;-33.06;-18.02;-3.46;-82.78;-17.89;-15.18;-156.09;-97.31;-150.32
28-07-2021;04:04:00;11.88;49.21;-244.33;-349.23;-33.66;-18.14;-5.50;-82.51;-17.83;-15.16;-155.33;-97.84;-150.44
28-07-2021;12:00:00;12.84;48.83;-244.35;-349.44;-34.98;-18.28;-5.26;-82.51;-18.72;-13.58;-156.19;-98.22;-150.80
28-07-2021;19:56:00;10.68;49.30;-244.64;-348.00;-32.49;-18.48;-6.45;-82.65;-18.49;-15.96;-156.28;-98.31;-150.61
29-07-2021;03:59:00;11.33;48.76;-244.20;-349.03;-32.66;-18.30;-5.31;-82.43;-18.57;-15.58;-156.37;-98.11;-150.28
29-07-2021;12:03:00;13.59;48.75;-244.25;-347.47;-34.55;-17.84;-4.26;-81.49;-18.39;-13.52;-156.54;-98.26;-150.69
29-07-2021;19:58:00;12.19;48.92;-244.04;-347.97;-33.37;-18.11;-4.79;-81.63;-18.35;-15.39;-156.44;-98.09;-150.92
30-07-2021;03:54:00;12.45;49.26;-244.99;-349.17;-33.90;-17.66;-3.56;-81.45;-17.31;-15.13;-156.26;-97.76;-150.64
30-07-2021;11:58:00;11.92;48.95;-244.81;-349.08;-35.03;-18.15;-4.12;-81.58;-18.16;-14.34;-156.86;-97.97;-151.07
30-07-2021;20:01:00;11.90;48.98;-245.11;-349.94;-35.35;-17.86;-3.28;-80.81;-17.51;-14.28;-155.65;-97.19;-149.96
31-07-2021;04:05:00;10.45;48.73;-245.10;-348.87;-34.53;-17.89;-3.97;-80.67;-17.41;-15.18;-155.81;-97.28;-150.24
31-07-2021;12:00:00;12.35;48.48;-244.80;-348.72;-35.42;-17.75;-4.37;-80.85;-17.60;-14.70;-155.42;-96.64;-149.97
31-07-2021;19:56:00;11.38;48.60;-244.96;-349.24;-34.96;-17.59;-4.62;-80.44;-17.19;-14.35;-155.35;-96.45;-149.90
01-08-2021;03:59:00;11.83;49.02;-244.85;-349.60;-34.36;-17.92;-3.87;-81.04;-17.78;-14.41;-155.58;-97.00;-150.33
01-08-2021;12:03:00;13.12;48.49;-244.56;-349.03;-34.90;-17.87;-3.32;-80.81;-17.74;-14.27;-155.53;-96.86;-150.16
01-08-2021;19:58:00;12.68;48.70;-244.93;-349.30;-34.64;-17.52;-3.56;-80.37;-17.36;-14.57;-155.28;-96.35;-149.90
02-08-2021;03:54:00;12.83;48.90;-245.26;-350.20;-34.65;-17.43;-3.44;-80.13;-16.93;-14.58;-155.68;-96.58;-150.30
02-08-2021;11:58:00;13.28;48.36;-245.01;-348.86;-34.90;-17.59;-4.32;-80.75;-17.73;-14.95;-155.85;-96.71;-150.38
02-08-2021;20:01:00;13.46;48.81;-245.29;-349.55;-34.91;-17.58;-4.14;-80.32;-17.35;-14.46;-155.74;-96.64;-150.17
03-08-2021;04:05:00;12.46;48.80;-245.40;-349.28;-34.12;-17.64;-4.08;-80.37;-17.36;-15.02;-155.83;-96.97;-150.26
03-08-2021;12:00:00;12.89;48.27;-245.13;-349.50;-34.76;-17.92;-4.80;-81.12;-18.33;-14.81;-156.41;-97.54;-150.64
03-08-2021;19:56:00;12.56;48.48;-245.20;-349.44;-33.67;-18.17;-4.24;-81.47;-17.99;-15.72;-156.06;-97.39;-150.54
04-08-2021;03:59:00;12.80;48.20;-245.40;-349.96;-33.86;-17.96;-3.76;-81.11;-17.56;-15.10;-156.09;-97.31;-150.45
04-08-2021;12:03:00;13.90;47.51;-244.84;-349.47;-34.56;-17.89;-3.38;-80.98;-18.09;-14.82;-156.09;-97.43;-150.56
04-08-2021;19:59:00;14.17;48.13;-245.37;-350.01;-33.98;-17.73;-3.30;-80.58;-17.54;-15.05;-155.97;-96.99;-150.42
05-08-2021;03:54:00;12.89;47.92;-245.44;-349.96;-33.79;-17.92;-2.87;-80.84;-17.71;-15.55;-156.35;-97.25;-150.56
05-08-2021;11:58:00;12.85;47.64;-245.24;-349.32;-33.79;-18.48;-3.42;-82.02;-18.84;-14.60;-156.88;-97.98;-151.03
05-08-2021;20:07:00;13.22;48.39;-245.81;-349.28;-33.41;-18.11;-2.83;-81.01;-17.87;-15.34;-156.64;-97.72;-151.04
06-08-2021;04:05:00;12.80;48.25;-245.65;-349.66;-32.98;-18.24;-3.45;-81.22;-17.97;-16.52;-156.46;-97.49;-150.95
06-08-2021;12:00:00;14.27;48.40;-245.41;-350.09;-34.11;-18.18;-2.69;-81.28;-18.13;-14.59;-156.44;-97.55;-150.86
06-08-2021;19:56:00;14.46;48.40;-245.81;-351.23;-34.34;-17.65;-2.23;-80.52;-17.42;-14.77;-156.24;-97.27;-150.68
07-08-2021;04:00:00;14.26;48.57;-245.70;-351.03;-34.28;-17.65;-2.28;-80.48;-17.55;-15.15;-156.20;-97.16;-150.73
07-08-2021;12:03:00;14.38;48.20;-245.75;-351.27;-34.46;-17.67;-2.21;-80.67;-17.56;-14.97;-156.22;-97.20;-150.80
07-08-2021;19:59:00;14.78;48.40;-245.58;-351.66;-34.81;-17.64;-2.04;-80.74;-17.65;-15.02;-156.19;-97.21;-150.77
08-08-2021;03:54:00;14.14;48.28;-245.63;-351.57;-34.20;-17.91;-2.47;-81.17;-17.68;-15.13;-156.61;-97.83;-151.30
08-08-2021;11:58:00;14.05;47.81;-245.34;-350.44;-34.20;-18.24;-2.70;-81.58;-18.42;-14.98;-157.03;-97.66;-151.32
08-08-2021;20:08:00;13.12;48.16;-245.43;-350.10;-33.80;-18.03;-2.74;-81.25;-17.93;-15.61;-156.62;-97.61;-151.12
09-08-2021;04:05:00;13.35;48.17;-245.54;-351.41;-33.78;-18.13;-2.99;-81.53;-17.88;-15.70;-156.67;-97.72;-151.20
09-08-2021;12:00:00;13.84;48.19;-245.68;-350.42;-33.88;-18.31;-3.05;-81.74;-18.15;-14.90;-156.77;-97.85;-151.42
09-08-2021;19:59:00;13.15;48.52;-245.63;-348.78;-32.91;-18.48;-4.73;-81.84;-18.40;-15.69;-156.95;-98.10;-151.52
10-08-2021;04:00:00;13.08;48.32;-245.48;-349.22;-33.23;-18.74;-5.51;-82.30;-18.55;-15.66;-157.19;-98.14;-151.61
10-08-2021;12:03:00;16.22;48.10;-245.46;-346.50;-34.43;-18.03;-4.51;-82.00;-18.79;-13.69;-157.66;-98.10;-151.85
10-08-2021;19:59:00;14.13;48.27;-245.62;-346.22;-33.62;-18.18;-5.31;-81.75;-18.13;-15.13;-156.61;-97.69;-151.27
11-08-2021;03:55:00;14.19;48.26;-245.56;-345.96;-34.37;-18.06;-5.04;-81.78;-17.76;-15.19;-156.72;-97.91;-151.03
11-08-2021;11:58:00;15.42;47.52;-245.26;-346.04;-35.11;-17.81;-4.53;-81.92;-18.21;-14.04;-156.93;-97.71;-151.14
11-08-2021;20:05:00;14.95;48.07;-245.40;-346.28;-33.89;-18.39;-4.89;-82.07;-17.95;-15.05;-156.87;-97.74;-150.99
12-08-2021;04:05:00;14.14;48.30;-245.77;-346.67;-34.63;-18.03;-4.82;-81.74;-17.48;-14.87;-156.91;-97.55;-150.88
12-08-2021;12:01:00;12.95;47.92;-245.33;-344.69;-34.82;-18.89;-5.51;-83.01;-18.96;-14.62;-158.44;-98.34;-151.99
12-08-2021;19:56:00;13.89;47.88;-245.87;-345.81;-33.91;-18.79;-4.79;-82.44;-18.43;-15.57;-157.33;-97.89;-151.02
13-08-2021;03:44:00;12.23;48.00;-245.77;-343.74;-33.31;-19.01;-5.30;-83.42;-18.67;-16.58;-157.85;-97.56;-151.12
13-08-2021;11:59:00;13.31;47.41;-245.65;-345.62;-34.48;-19.03;-4.97;-82.65;-18.87;-14.77;-157.63;-97.37;-150.71
13-08-2021;19:55:00;14.75;48.01;-246.08;-346.80;-35.28;-18.36;-4.19;-81.49;-17.87;-14.58;-157.04;-96.64;-150.09
14-08-2021;03:58:00;14.58;47.68;-245.88;-345.52;-35.25;-18.39;-3.88;-81.08;-17.99;-14.99;-157.17;-96.81;-150.34
14-08-2021;12:01:00;15.08;47.19;-245.39;-344.73;-35.26;-18.73;-4.67;-81.69;-19.01;-14.37;-157.89;-97.26;-150.85
14-08-2021;20:05:00;13.56;47.49;-245.82;-343.40;-33.87;-18.72;-5.20;-81.99;-18.65;-16.14;-157.84;-97.16;-151.08
15-08-2021;04:00:00;12.92;47.71;-246.07;-342.30;-33.40;-19.31;-5.15;-82.70;-19.22;-16.03;-158.08;-97.07;-151.17
15-08-2021;11:56:00;14.46;47.63;-246.30;-344.30;-35.40;-19.16;-3.74;-82.81;-18.83;-14.75;-158.11;-97.47;-151.30
15-08-2021;19:59:00;13.59;47.76;-246.02;-344.86;-35.48;-18.74;-3.65;-82.28;-18.33;-14.80;-157.81;-96.79;-151.09
16-08-2021;04:03:00;13.68;47.69;-246.32;-344.79;-35.35;-18.42;-3.00;-81.64;-17.98;-15.02;-157.85;-96.79;-151.11
16-08-2021;11:58:00;15.07;47.11;-245.67;-345.65;-36.13;-18.47;-3.05;-82.25;-18.47;-14.55;-157.48;-96.32;-150.40
16-08-2021;19:54:00;14.71;47.50;-246.01;-345.32;-35.28;-18.61;-2.79;-82.15;-18.38;-15.28;-157.51;-96.49;-150.83
17-08-2021;03:57:00;14.28;47.70;-246.22;-345.37;-35.47;-18.53;-3.08;-82.12;-18.16;-15.48;-157.47;-96.56;-150.59
17-08-2021;11:54:00;14.68;47.46;-245.67;-345.33;-35.83;-18.82;-4.11;-82.82;-19.02;-15.06;-158.31;-97.13;-151.00
17-08-2021;20:04:00;14.07;47.42;-246.33;-345.10;-35.14;-18.58;-3.36;-82.59;-18.36;-15.48;-158.02;-97.05;-150.46
18-08-2021;04:00:00;14.96;47.95;-246.73;-346.72;-35.91;-18.17;-2.95;-81.95;-17.88;-15.23;-157.44;-96.75;-149.99
18-08-2021;11:55:00;14.70;47.28;-246.06;-346.18;-35.39;-18.64;-4.47;-83.00;-18.85;-14.96;-157.64;-97.15;-150.30
18-08-2021;19:58:00;15.04;47.71;-246.34;-345.91;-35.50;-18.42;-3.35;-83.01;-18.43;-14.83;-158.10;-96.83;-150.39
19-08-2021;04:02:00;15.37;47.68;-246.40;-346.32;-35.62;-18.23;-2.58;-83.01;-18.05;-14.73;-157.51;-96.81;-150.30
19-08-2021;11:57:00;15.55;47.81;-246.28;-345.71;-35.60;-18.40;-2.69;-83.36;-18.39;-14.85;-157.56;-96.75;-150.17
19-08-2021;19:53:00;14.39;47.65;-246.58;-345.09;-35.08;-18.55;-3.22;-83.42;-18.57;-15.75;-157.95;-97.26;-150.54
20-08-2021;03:56:00;14.36;47.70;-246.69;-345.70;-35.03;-18.69;-3.29;-83.47;-18.39;-15.86;-157.97;-97.38;-150.60
20-08-2021;12:00:00;15.37;47.59;-246.60;-346.04;-35.67;-18.27;-2.52;-82.92;-18.29;-14.99;-157.59;-96.73;-150.08
20-08-2021;20:03:00;15.29;47.69;-246.82;-346.95;-35.52;-18.08;-2.36;-82.54;-18.11;-15.08;-157.45;-96.99;-149.94
21-08-2021;03:59:00;15.58;47.26;-246.84;-346.61;-36.24;-18.27;-2.99;-82.78;-18.12;-15.22;-157.60;-96.89;-150.07
21-08-2021;11:54:00;15.09;46.59;-246.33;-345.65;-35.83;-18.64;-3.73;-83.71;-18.96;-15.30;-157.89;-97.14;-150.32
21-08-2021;19:58:00;14.94;47.18;-247.23;-345.73;-35.37;-18.41;-2.55;-82.67;-18.05;-15.33;-157.86;-97.31;-150.37
22-08-2021;04:08:00;14.49;47.09;-246.93;-345.23;-34.98;-18.61;-3.25;-83.15;-18.52;-15.87;-158.00;-97.10;-150.42
22-08-2021;12:04:00;14.81;46.51;-246.47;-345.35;-36.11;-18.54;-3.31;-83.86;-19.11;-14.80;-158.32;-97.59;-150.72
22-08-2021;20:00:00;14.42;46.70;-246.95;-345.45;-34.92;-18.61;-2.84;-83.99;-18.56;-15.55;-158.03;-97.35;-150.44
23-08-2021;03:56:00;14.69;46.80;-247.09;-345.12;-34.64;-18.65;-3.00;-83.84;-18.43;-15.93;-158.24;-97.63;-150.67
23-08-2021;11:59:00;15.72;46.62;-246.64;-344.85;-35.44;-18.47;-3.53;-84.10;-19.13;-15.21;-158.94;-98.49;-151.47
23-08-2021;20:02:00;14.45;46.84;-247.21;-345.51;-34.35;-18.56;-3.24;-83.45;-18.29;-15.43;-158.13;-97.81;-150.96
24-08-2021;03:58:00;15.09;46.76;-247.20;-345.19;-34.35;-18.88;-3.34;-83.85;-18.62;-15.88;-158.38;-98.06;-151.10
24-08-2021;11:53:00;15.63;46.36;-246.84;-344.84;-35.23;-19.08;-3.26;-84.45;-19.41;-14.26;-159.22;-98.79;-151.79
24-08-2021;19:57:00;15.13;46.80;-247.72;-345.64;-35.26;-18.67;-3.25;-83.62;-18.51;-15.26;-158.24;-98.21;-151.41
25-08-2021;04:00:00;15.00;47.09;-247.61;-344.98;-34.95;-18.87;-3.52;-83.58;-18.77;-15.54;-158.56;-98.56;-151.64
25-08-2021;12:03:00;16.15;47.00;-247.45;-346.60;-36.01;-18.29;-2.36;-82.58;-18.25;-15.12;-157.97;-97.94;-151.21
25-08-2021;19:59:00;15.98;46.89;-247.34;-346.58;-35.71;-18.38;-2.65;-82.79;-18.28;-14.94;-158.05;-98.09;-151.30
26-08-2021;04:01:00;15.93;46.84;-247.18;-346.16;-35.89;-18.40;-2.85;-82.96;-18.34;-14.88;-158.12;-98.24;-151.32
26-08-2021;11:58:00;16.16;46.76;-247.17;-345.85;-35.88;-18.38;-2.94;-83.21;-18.43;-15.21;-158.02;-98.25;-151.31
26-08-2021;20:01:00;15.92;46.83;-247.42;-345.83;-36.06;-18.32;-3.04;-83.36;-18.27;-14.76;-158.11;-98.04;-151.26
27-08-2021;04:05:00;15.79;46.78;-247.12;-346.19;-35.51;-18.57;-3.38;-83.42;-18.48;-15.29;-158.50;-98.25;-151.42
27-08-2021;12:00:00;16.17;46.55;-247.22;-345.56;-35.43;-18.90;-3.98;-83.46;-18.86;-15.29;-158.49;-98.14;-151.46
27-08-2021;19:56:00;15.87;46.90;-247.32;-346.03;-35.73;-18.53;-3.14;-83.30;-18.51;-15.45;-158.48;-98.11;-151.60
28-08-2021;03:59:00;15.50;46.68;-247.14;-345.37;-35.14;-18.73;-3.00;-83.46;-18.57;-15.48;-158.48;-98.13;-151.66
28-08-2021;12:03:00;16.05;46.32;-246.96;-345.84;-35.85;-18.70;-3.36;-83.45;-18.81;-15.05;-158.63;-98.37;-151.85
28-08-2021;19:58:00;14.93;46.85;-247.44;-345.92;-35.54;-18.88;-3.25;-83.72;-18.63;-15.33;-159.07;-98.69;-152.18
29-08-2021;03:54:00;15.38;46.70;-247.26;-345.67;-35.45;-18.95;-3.79;-84.05;-18.90;-15.60;-158.80;-98.45;-151.97
29-08-2021;11:57:00;15.70;45.96;-246.79;-345.91;-36.02;-18.97;-3.39;-83.57;-19.32;-15.03;-158.96;-98.28;-152.08
29-08-2021;20:01:00;14.18;46.53;-247.24;-345.71;-35.13;-19.15;-3.66;-84.26;-19.11;-15.94;-159.30;-98.81;-152.35
30-08-2021;04:04:00;14.49;46.84;-247.44;-345.45;-35.09;-19.14;-3.45;-84.45;-19.09;-16.06;-159.13;-98.71;-152.24
30-08-2021;12:00:00;15.48;46.81;-247.06;-345.49;-35.60;-19.57;-2.99;-85.06;-19.82;-14.83;-159.43;-98.69;-152.42
30-08-2021;20:02:00;14.79;47.68;-247.89;-346.70;-35.05;-18.98;-2.44;-84.21;-18.78;-15.77;-158.89;-98.32;-151.96
31-08-2021;03:59:00;16.51;47.80;-248.04;-347.66;-35.87;-18.57;-1.77;-83.44;-18.21;-15.11;-158.86;-98.59;-152.07
31-08-2021;12:02:00;15.29;47.09;-247.36;-346.87;-35.13;-18.80;-1.53;-83.86;-19.04;-15.59;-158.94;-98.40;-152.07
31-08-2021;19:58:00;15.11;47.70;-247.97;-347.10;-35.51;-18.66;-1.56;-83.50;-18.52;-15.35;-159.09;-98.59;-152.16
01-09-2021;03:53:00;16.22;47.62;-247.96;-347.05;-35.35;-18.79;-2.14;-83.84;-18.70;-15.71;-158.62;-98.30;-152.01
01-09-2021;11:56:00;14.43;47.10;-247.38;-345.58;-35.16;-19.03;-2.10;-84.38;-19.29;-16.01;-159.34;-98.76;-152.38
01-09-2021;20:00:00;14.99;47.81;-247.97;-346.85;-35.59;-18.77;-1.81;-83.54;-18.80;-15.05;-158.70;-98.39;-151.90
02-09-2021;04:08:00;15.10;47.79;-247.86;-346.63;-35.66;-18.85;-1.67;-83.45;-18.81;-15.65;-158.79;-98.48;-152.13
02-09-2021;11:59:00;15.02;47.71;-247.97;-346.36;-35.59;-19.11;-2.09;-83.73;-19.12;-15.99;-158.84;-98.34;-152.16
02-09-2021;19:54:00;14.51;47.89;-248.33;-346.92;-35.68;-18.83;-1.91;-83.67;-18.81;-15.40;-158.90;-98.55;-152.31
03-09-2021;03:58:00;14.30;47.84;-248.24;-347.19;-35.37;-18.99;-1.89;-83.93;-18.98;-15.73;-159.02;-98.55;-152.35
03-09-2021;12:01:00;15.05;47.57;-248.20;-346.80;-35.36;-19.03;-2.09;-84.36;-19.35;-15.99;-158.90;-98.77;-152.42
03-09-2021;20:05:00;14.79;47.87;-248.38;-347.59;-35.25;-18.78;-1.75;-83.73;-18.62;-15.83;-158.83;-98.77;-152.49
04-09-2021;04:00:00;14.56;48.00;-248.42;-347.38;-34.97;-18.77;-1.55;-83.87;-18.61;-16.74;-158.96;-98.70;-152.52
04-09-2021;11:56:00;13.83;47.47;-248.09;-346.38;-34.84;-19.85;-2.60;-85.12;-19.81;-16.13;-159.60;-99.21;-153.03
04-09-2021;19:59:00;14.76;47.67;-248.66;-347.26;-35.45;-19.06;-1.73;-84.04;-19.02;-15.77;-159.08;-99.04;-152.87
05-09-2021;04:02:00;14.55;47.79;-248.75;-347.46;-35.29;-19.27;-1.99;-84.70;-19.23;-15.71;-159.20;-99.22;-153.01
05-09-2021;12:06:00;12.91;47.67;-248.29;-345.33;-34.07;-20.39;-3.51;-86.26;-20.70;-16.57;-160.18;-100.18;-153.88
05-09-2021;19:54:00;14.60;47.76;-248.70;-346.86;-35.27;-19.33;-2.18;-84.47;-19.41;-15.92;-159.25;-99.23;-153.05
06-09-2021;03:57:00;14.81;47.81;-248.77;-347.71;-35.40;-19.17;-2.15;-84.28;-19.19;-15.84;-159.24;-99.09;-153.00
06-09-2021;12:00:00;14.66;48.00;-248.78;-347.43;-35.66;-19.32;-2.11;-84.45;-19.33;-15.80;-159.34;-99.05;-153.07
06-09-2021;19:59:00;14.08;47.96;-248.85;-347.38;-35.11;-19.46;-2.20;-84.34;-19.45;-16.11;-159.49;-99.41;-153.19
07-09-2021;03:59:00;13.71;48.29;-248.82;-346.78;-35.47;-19.60;-2.58;-84.33;-19.59;-16.14;-159.57;-99.55;-153.34
07-09-2021;11:55:00;14.04;48.01;-248.75;-346.97;-35.45;-19.38;-1.79;-84.17;-19.54;-16.31;-159.44;-99.36;-153.35
07-09-2021;19:58:00;13.50;47.94;-248.71;-345.99;-34.99;-19.81;-2.10;-84.37;-19.87;-16.73;-159.74;-99.71;-153.56
08-09-2021;04:02:00;13.79;48.23;-248.70;-347.65;-36.07;-19.34;-1.51;-83.95;-19.37;-16.33;-159.57;-99.37;-153.35
08-09-2021;11:57:00;14.32;48.46;-248.78;-347.49;-36.09;-19.43;-1.28;-83.92;-19.48;-16.08;-159.45;-99.45;-153.35
08-09-2021;19:53:00;13.79;48.58;-248.84;-347.14;-35.79;-19.67;-1.62;-84.03;-19.62;-16.32;-159.47;-99.59;-153.49
09-09-2021;03:56:00;13.89;48.53;-249.01;-347.31;-35.95;-19.58;-1.65;-83.82;-19.44;-16.42;-159.52;-99.55;-153.45
09-09-2021;12:00:00;12.77;48.49;-248.65;-346.79;-36.01;-20.18;-2.79;-84.25;-20.38;-15.86;-159.98;-100.12;-153.92
09-09-2021;20:03:00;12.43;48.62;-248.75;-346.34;-35.59;-19.77;-2.59;-84.39;-19.72;-16.82;-159.83;-99.83;-153.57
10-09-2021;03:59:00;12.01;48.47;-248.46;-347.23;-35.21;-19.73;-2.75;-84.86;-19.78;-16.93;-160.10;-99.87;-153.75
10-09-2021;11:54:00;11.50;48.52;-247.85;-346.75;-36.36;-20.06;-2.72;-84.98;-20.33;-16.16;-160.18;-99.87;-153.59
10-09-2021;19:58:00;10.32;49.11;-248.45;-346.05;-35.36;-20.15;-2.53;-85.19;-20.04;-17.40;-160.75;-100.45;-153.91
11-09-2021;04:01:00;10.51;48.85;-248.57;-346.27;-35.34;-19.92;-2.54;-85.09;-19.92;-17.31;-160.55;-100.17;-153.94
11-09-2021;12:01:00;10.38;48.26;-247.83;-346.79;-35.83;-20.21;-2.60;-85.57;-20.41;-17.17;-160.67;-100.39;-154.05
11-09-2021;20:00:00;10.38;48.59;-248.36;-345.72;-35.53;-19.97;-2.34;-85.45;-20.21;-17.68;-160.31;-100.51;-154.13
12-09-2021;03:56:00;10.68;49.13;-248.64;-346.10;-36.19;-19.83;-1.98;-84.83;-19.85;-16.92;-159.91;-100.34;-153.95
12-09-2021;12:04:00;11.65;48.75;-247.77;-346.28;-36.66;-19.58;-1.07;-84.69;-20.03;-16.64;-160.22;-99.87;-153.71
12-09-2021;20:02:00;13.24;49.27;-248.31;-347.50;-37.12;-19.43;-1.05;-84.74;-19.51;-16.06;-159.92;-99.69;-153.05
13-09-2021;03:58:00;13.65;49.42;-248.65;-347.28;-36.85;-19.25;-0.54;-84.10;-19.15;-16.42;-160.02;-99.98;-153.37
13-09-2021;11:53:00;14.43;49.15;-248.72;-346.93;-37.77;-19.32;-0.36;-84.43;-19.91;-16.09;-160.10;-100.16;-153.74
13-09-2021;19:57:00;13.38;49.49;-248.51;-346.06;-37.56;-19.39;-0.53;-84.07;-19.32;-16.39;-159.85;-99.83;-153.31
14-09-2021;04:00:00;13.16;49.34;-248.65;-346.50;-37.63;-19.42;-0.70;-84.19;-19.07;-16.76;-160.02;-99.80;-153.35
14-09-2021;12:04:00;13.54;48.79;-248.44;-345.42;-37.88;-19.41;-0.72;-84.54;-19.93;-16.49;-160.04;-99.79;-153.64
14-09-2021;19:59:00;13.30;49.01;-248.55;-346.38;-37.46;-19.77;-1.54;-85.02;-19.61;-16.90;-159.73;-99.51;-153.52
15-09-2021;03:55:00;12.52;48.74;-248.35;-345.41;-37.21;-20.15;-1.98;-85.36;-20.11;-16.80;-160.10;-99.77;-153.85
15-09-2021;11:58:00;12.67;48.27;-248.16;-344.41;-36.93;-20.79;-3.00;-86.06;-21.54;-16.56;-160.72;-100.53;-154.68
15-09-2021;20:01:00;12.81;48.93;-248.51;-345.93;-36.62;-20.31;-2.25;-85.14;-20.38;-17.48;-160.01;-99.98;-154.03
16-09-2021;04:05:00;12.09;48.58;-248.54;-345.80;-37.07;-20.11;-1.87;-84.76;-20.24;-17.40;-160.05;-99.63;-153.88
16-09-2021;11:55:00;11.42;47.92;-247.76;-345.42;-37.94;-20.74;-2.37;-85.56;-21.26;-16.33;-160.68;-99.88;-154.33
16-09-2021;19:56:00;11.95;48.59;-248.48;-345.42;-36.06;-20.51;-1.99;-85.08;-20.66;-17.44;-160.22;-99.73;-154.18
17-09-2021;03:59:00;13.91;49.06;-248.86;-347.75;-36.80;-19.56;-0.69;-83.83;-19.63;-16.82;-159.30;-99.06;-153.71
17-09-2021;12:10:00;14.23;49.12;-249.01;-348.01;-37.22;-19.49;-0.57;-83.71;-19.63;-16.21;-158.82;-98.92;-153.62
17-09-2021;19:58:00;13.93;49.49;-249.16;-348.53;-37.28;-19.50;-0.88;-83.56;-19.53;-16.05;-158.68;-98.81;-153.70
18-09-2021;03:54:00;13.82;49.31;-249.13;-347.97;-36.98;-19.60;-0.88;-83.53;-19.56;-16.21;-158.55;-98.72;-153.80
18-09-2021;11:57:00;14.20;49.30;-248.93;-347.91;-36.46;-20.29;-1.74;-84.93;-20.52;-15.68;-158.99;-99.07;-154.04
18-09-2021;20:01:00;14.00;49.44;-249.13;-347.43;-36.96;-19.64;-1.28;-84.21;-19.73;-16.39;-158.75;-98.76;-153.85
19-09-2021;04:04:00;13.77;49.41;-249.18;-347.11;-36.84;-19.76;-1.29;-84.14;-19.84;-16.55;-158.94;-98.85;-153.92
19-09-2021;12:00:00;14.20;49.51;-249.27;-347.77;-36.80;-19.98;-1.63;-84.51;-20.09;-15.74;-159.14;-99.04;-154.05
19-09-2021;19:55:00;14.26;49.62;-249.47;-348.90;-37.21;-19.58;-1.35;-84.04;-19.53;-16.06;-158.92;-98.78;-153.79
20-09-2021;04:02:00;14.41;49.64;-249.40;-348.44;-37.10;-19.47;-1.12;-83.95;-19.55;-15.69;-158.85;-98.72;-153.75
20-09-2021;12:02:00;14.15;49.45;-249.58;-346.68;-36.11;-20.08;-1.98;-84.40;-20.09;-15.93;-159.46;-99.27;-154.31
20-09-2021;19:57:00;14.07;49.52;-249.60;-346.50;-36.13;-19.66;-1.47;-83.91;-19.62;-16.06;-159.12;-98.94;-153.96
21-09-2021;03:53:00;13.09;49.52;-249.38;-346.31;-34.98;-20.07;-1.91;-84.67;-20.14;-16.06;-159.76;-99.50;-154.29
21-09-2021;11:57:00;13.56;49.45;-249.23;-346.96;-35.54;-19.88;-1.42;-84.46;-19.99;-15.75;-159.43;-99.29;-154.16
21-09-2021;19:59:00;13.07;49.13;-249.41;-346.06;-35.34;-19.65;-1.28;-84.40;-19.84;-16.01;-159.46;-99.50;-154.03
22-09-2021;04:04:00;13.45;49.20;-249.34;-346.61;-35.48;-19.62;-1.23;-84.24;-19.77;-16.15;-159.45;-99.26;-153.90
22-09-2021;11:59:00;13.64;49.93;-249.43;-346.28;-35.83;-19.76;-1.57;-84.37;-19.90;-15.76;-159.51;-99.29;-153.91
22-09-2021;19:55:00;10.77;50.44;-248.96;-344.54;-33.97;-20.10;-2.22;-84.95;-20.13;-16.91;-160.16;-99.46;-154.61
23-09-2021;03:58:00;13.28;50.80;-249.38;-347.08;-35.39;-19.43;-1.22;-84.07;-19.52;-15.89;-159.62;-98.79;-153.81
23-09-2021;12:09:00;12.52;50.47;-249.02;-346.18;-35.59;-19.83;-1.60;-84.59;-20.31;-15.80;-159.76;-98.79;-154.16
23-09-2021;20:05:00;13.07;50.58;-249.17;-347.65;-35.35;-19.53;-1.37;-84.33;-19.70;-15.60;-159.65;-98.76;-154.13
24-09-2021;04:00:00;13.34;50.59;-249.20;-347.48;-35.76;-19.47;-1.42;-84.31;-19.48;-15.40;-159.77;-98.73;-153.95
24-09-2021;11:56:00;12.28;50.46;-249.17;-345.99;-35.25;-19.78;-2.10;-84.74;-20.03;-15.43;-160.01;-98.86;-154.42
24-09-2021;19:59:00;14.48;50.66;-249.22;-348.12;-36.02;-19.32;-1.05;-84.81;-19.32;-15.06;-159.58;-98.20;-153.97
25-09-2021;04:03:00;14.27;50.43;-248.94;-348.16;-36.06;-19.18;-0.49;-84.92;-19.21;-15.13;-159.76;-98.11;-153.79
25-09-2021;11:58:00;14.25;50.48;-248.83;-348.04;-36.04;-19.11;0.04;-84.88;-19.34;-15.13;-160.21;-98.17;-154.10
25-09-2021;19:53:00;14.19;50.66;-248.82;-347.36;-36.05;-19.22;0.46;-84.97;-19.44;-15.30;-160.41;-98.23;-154.29
26-09-2021;03:57:00;11.97;50.09;-248.23;-345.60;-35.18;-19.89;-0.56;-85.70;-20.17;-16.08;-161.06;-98.83;-154.97
26-09-2021;12:01:00;12.83;49.66;-248.29;-345.71;-35.41;-20.46;-0.99;-86.08;-20.71;-15.53;-161.07;-98.91;-154.86
26-09-2021;20:04:00;13.35;50.08;-248.80;-347.00;-35.97;-19.65;0.24;-85.04;-19.84;-15.56;-160.34;-98.12;-154.36
27-09-2021;04:00:00;13.38;50.31;-248.96;-347.57;-35.99;-19.58;0.44;-84.79;-19.66;-15.41;-160.41;-98.29;-154.51
27-09-2021;11:55:00;13.56;50.35;-249.02;-346.58;-35.93;-19.59;0.56;-85.25;-19.90;-15.44;-160.06;-98.52;-154.18
27-09-2021;19:58:00;13.94;50.57;-249.06;-347.34;-36.09;-19.59;0.72;-85.15;-19.80;-15.61;-160.07;-98.20;-154.20
28-09-2021;04:02:00;12.90;50.16;-249.32;-347.03;-35.79;-19.74;0.07;-85.37;-19.89;-15.60;-160.77;-99.03;-154.79
28-09-2021;11:58:00;13.16;49.75;-249.13;-346.78;-35.64;-20.25;-0.18;-85.52;-20.44;-16.05;-161.20;-98.90;-155.33
28-09-2021;19:53:00;13.09;49.68;-248.76;-346.82;-35.03;-19.74;0.76;-84.99;-19.99;-16.25;-161.00;-98.70;-154.91
29-09-2021;03:57:00;13.71;49.65;-248.75;-347.40;-35.73;-19.49;1.08;-84.35;-19.69;-15.78;-160.75;-98.49;-154.68
29-09-2021;12:00:00;13.44;49.60;-249.00;-348.09;-36.34;-19.47;1.31;-84.51;-19.76;-15.44;-160.74;-98.41;-154.42
29-09-2021;20:03:00;13.22;49.52;-249.08;-347.81;-35.98;-19.62;1.03;-84.82;-19.77;-15.88;-160.78;-98.36;-154.44
30-09-2021;03:59:00;12.17;49.31;-248.96;-347.17;-35.41;-20.16;0.30;-85.41;-20.38;-16.52;-161.37;-98.92;-155.00
30-09-2021;11:55:00;13.37;49.65;-249.17;-348.67;-36.20;-19.81;1.12;-84.90;-19.93;-15.82;-160.83;-98.53;-154.55
30-09-2021;19:58:00;12.84;49.91;-249.43;-348.40;-36.17;-19.95;1.09;-85.04;-19.99;-16.20;-160.78;-98.38;-154.47
01-10-2021;04:01:00;13.05;49.96;-249.66;-348.50;-36.57;-20.03;1.06;-84.98;-19.94;-15.92;-160.83;-98.48;-154.60
01-10-2021;12:05:00;13.31;50.01;-249.57;-348.39;-36.72;-20.14;0.73;-85.10;-20.01;-15.38;-161.05;-98.69;-154.89
01-10-2021;20:00:00;11.66;50.12;-249.31;-347.38;-35.33;-20.55;-0.52;-86.04;-20.29;-16.27;-161.19;-98.90;-155.04
02-10-2021;03:56:00;12.92;50.07;-249.84;-347.84;-35.52;-19.90;0.14;-85.37;-19.79;-15.75;-160.95;-98.70;-155.05
02-10-2021;11:59:00;13.49;50.07;-249.72;-348.07;-36.35;-19.88;0.64;-85.21;-19.79;-15.27;-161.01;-98.47;-155.25
02-10-2021;20:03:00;13.33;49.94;-249.58;-348.46;-35.92;-19.79;0.82;-84.62;-19.68;-15.48;-161.11;-98.65;-155.05
03-10-2021;03:58:00;13.56;50.12;-249.86;-348.95;-35.75;-19.73;0.82;-85.28;-19.76;-15.13;-160.87;-98.57;-154.75
03-10-2021;11:54:00;13.09;50.45;-250.35;-348.70;-35.16;-19.79;-0.01;-85.59;-19.84;-15.23;-160.81;-98.89;-155.13
03-10-2021;19:57:00;13.73;50.35;-250.23;-348.51;-35.09;-19.66;0.52;-85.02;-19.63;-15.59;-160.96;-98.66;-155.14
04-10-2021;04:00:00;14.00;50.29;-250.03;-348.65;-36.00;-19.64;0.68;-84.66;-19.60;-15.48;-160.87;-98.52;-154.88
04-10-2021;12:04:00;13.73;50.30;-249.91;-348.62;-35.65;-19.84;0.41;-84.96;-19.74;-15.52;-161.01;-98.73;-154.95
04-10-2021;19:59:00;12.49;50.38;-250.40;-347.35;-34.01;-20.40;-0.48;-85.37;-20.22;-16.28;-161.44;-99.24;-155.44
05-10-2021;03:55:00;12.20;50.26;-250.65;-347.53;-33.28;-20.72;-0.77;-85.80;-20.68;-16.68;-161.66;-99.35;-155.81
05-10-2021;11:58:00;12.72;49.82;-250.62;-347.30;-33.48;-21.00;-0.96;-86.22;-21.20;-16.37;-162.31;-99.89;-156.50
05-10-2021;20:02:00;11.26;49.90;-250.51;-344.98;-32.50;-21.45;-1.64;-86.60;-21.41;-17.34;-162.46;-100.00;-156.56
06-10-2021;04:05:00;11.59;50.06;-250.62;-346.30;-32.81;-20.70;-1.41;-86.01;-20.47;-16.90;-162.14;-99.52;-156.05
06-10-2021;12:01:00;13.53;50.19;-250.63;-347.38;-34.84;-20.48;-0.39;-85.42;-20.57;-14.13;-162.12;-99.55;-156.11
06-10-2021;19:56:00;13.18;50.39;-250.80;-347.89;-34.08;-20.25;-0.86;-85.27;-20.06;-15.40;-161.83;-99.17;-155.58
07-10-2021;03:59:00;11.48;49.99;-250.73;-346.42;-32.94;-21.00;-1.86;-85.84;-20.79;-16.96;-162.33;-99.73;-156.05
07-10-2021;12:03:00;11.99;49.78;-250.22;-347.89;-33.74;-21.25;-2.08;-86.15;-21.14;-15.75;-162.45;-99.77;-155.94
07-10-2021;19:58:00;13.28;50.29;-250.72;-348.36;-34.22;-20.38;-0.75;-85.35;-20.32;-15.39;-161.70;-99.26;-155.52
08-10-2021;03:54:00;12.88;50.75;-251.01;-348.43;-34.29;-20.16;-0.70;-85.22;-19.97;-15.27;-161.64;-99.38;-155.57
08-10-2021;11:58:00;12.08;50.72;-251.19;-347.88;-34.32;-20.41;-0.90;-85.43;-20.22;-14.85;-162.00;-99.79;-156.03
08-10-2021;20:01:00;11.89;50.76;-251.19;-347.60;-34.02;-19.99;-0.71;-85.03;-19.95;-15.19;-161.83;-99.69;-156.06
09-10-2021;04:04:00;12.05;50.72;-251.20;-347.42;-33.65;-20.44;-1.16;-85.55;-20.53;-15.70;-162.06;-99.57;-156.11
09-10-2021;12:00:00;11.86;49.99;-251.10;-346.92;-33.40;-21.12;-1.80;-86.06;-21.12;-16.19;-162.02;-99.23;-155.87
09-10-2021;19:55:00;14.14;50.30;-251.59;-350.02;-35.25;-20.06;-0.37;-84.66;-20.05;-15.40;-161.42;-99.20;-155.60
10-10-2021;03:59:00;13.13;50.28;-251.49;-349.65;-34.77;-20.48;-0.73;-85.34;-20.42;-15.71;-161.89;-99.56;-155.76
10-10-2021;12:02:00;12.94;50.60;-251.69;-350.10;-34.57;-20.56;-1.02;-85.15;-20.47;-15.40;-161.70;-99.61;-155.70
10-10-2021;19:58:00;13.55;50.60;-251.82;-350.36;-35.51;-20.20;-0.59;-84.88;-20.20;-14.92;-161.71;-99.56;-155.62
11-10-2021;03:53:00;12.36;50.76;-252.32;-349.41;-34.09;-20.92;-1.29;-85.56;-20.91;-15.32;-162.34;-100.21;-156.40
11-10-2021;11:57:00;14.08;50.53;-251.85;-349.99;-35.18;-20.09;-0.31;-84.81;-20.11;-15.04;-161.69;-99.40;-155.76
11-10-2021;20:00:00;13.70;50.40;-251.68;-349.99;-35.29;-20.10;-0.51;-84.89;-20.13;-15.16;-161.79;-99.27;-155.70
12-10-2021;04:03:00;13.41;50.30;-251.45;-349.76;-35.13;-20.05;-0.66;-84.89;-20.01;-14.96;-161.99;-99.24;-155.83
12-10-2021;11:59:00;12.64;49.91;-251.42;-349.27;-34.91;-20.58;-0.99;-85.49;-20.64;-15.50;-162.54;-99.68;-156.24
12-10-2021;19:54:00;13.37;50.00;-251.66;-349.68;-35.11;-20.34;-0.63;-85.06;-20.37;-15.46;-162.26;-99.46;-155.94
13-10-2021;03:58:00;13.10;50.05;-251.98;-350.26;-35.45;-20.16;-0.71;-84.88;-20.20;-15.63;-162.41;-99.51;-155.86
13-10-2021;12:01:00;13.20;50.09;-251.97;-350.29;-35.77;-20.41;-0.81;-85.00;-20.39;-14.95;-162.39;-99.74;-155.99
13-10-2021;20:05:00;12.58;50.33;-252.75;-349.34;-34.81;-20.70;-1.42;-85.26;-20.66;-15.75;-162.23;-100.28;-156.41
14-10-2021;04:00:00;13.70;50.26;-252.67;-350.81;-35.00;-20.37;-0.75;-84.50;-20.31;-15.33;-161.85;-99.82;-156.04
14-10-2021;11:56:00;14.23;50.29;-252.66;-351.76;-35.66;-20.22;-0.54;-84.15;-20.15;-15.12;-161.93;-99.90;-155.83
14-10-2021;19:59:00;14.03;50.17;-252.79;-351.81;-35.38;-20.42;-1.36;-84.43;-20.24;-15.07;-162.04;-100.21;-156.34
15-10-2021;04:02:00;13.71;50.04;-252.64;-351.74;-35.02;-20.45;-0.89;-84.59;-20.26;-15.37;-162.15;-99.86;-156.21
15-10-2021;11:58:00;14.65;49.99;-252.70;-351.67;-35.81;-20.40;-0.36;-84.60;-20.17;-14.88;-162.16;-99.95;-155.94
15-10-2021;20:01:00;14.34;49.95;-252.45;-351.60;-35.18;-20.57;-0.41;-84.48;-20.21;-15.05;-162.37;-100.12;-155.96
16-10-2021;03:57:00;14.43;49.94;-252.51;-352.12;-35.30;-20.45;-0.03;-83.96;-19.99;-15.22;-162.29;-99.99;-155.88
16-10-2021;12:00:00;14.50;50.10;-252.41;-351.52;-35.35;-20.53;-0.03;-84.50;-20.12;-15.41;-162.37;-100.00;-156.01
16-10-2021;20:04:00;14.31;50.05;-252.51;-352.05;-35.52;-20.43;0.16;-84.50;-20.07;-15.51;-162.75;-100.25;-156.18
17-10-2021;03:59:00;14.89;50.08;-252.64;-351.99;-35.63;-20.43;0.15;-84.59;-20.07;-15.53;-162.54;-100.28;-155.89
17-10-2021;11:55:00;14.58;49.76;-252.51;-350.94;-35.99;-20.98;-0.26;-85.22;-20.60;-15.81;-162.92;-100.45;-156.37
17-10-2021;19:58:00;14.60;49.67;-252.89;-351.73;-35.70;-20.38;-0.27;-84.42;-19.90;-15.87;-162.83;-100.45;-155.94
18-10-2021;04:01:00;14.80;49.38;-253.08;-352.06;-36.25;-20.65;-0.70;-84.98;-20.21;-15.77;-162.63;-100.79;-155.79
18-10-2021;12:05:00;13.80;48.80;-252.80;-350.68;-36.15;-21.81;-1.08;-85.89;-21.39;-16.40;-163.88;-101.08;-156.75
18-10-2021;20:00:00;15.19;49.22;-253.09;-351.32;-36.30;-21.16;-0.20;-84.78;-20.75;-16.37;-163.13;-100.56;-156.38
19-10-2021;03:56:00;15.93;48.89;-253.23;-351.52;-35.97;-20.86;-1.26;-84.14;-20.66;-16.28;-162.95;-100.50;-156.96
19-10-2021;11:59:00;16.51;49.50;-253.31;-351.78;-35.94;-20.68;-0.97;-84.30;-20.48;-15.52;-162.96;-100.61;-157.37
19-10-2021;20:03:00;16.25;49.50;-253.39;-352.39;-36.21;-20.26;-0.30;-84.51;-20.05;-15.01;-162.67;-100.51;-157.27
20-10-2021;03:58:00;15.71;49.29;-253.69;-351.29;-36.03;-20.57;-1.18;-85.11;-20.32;-15.28;-163.26;-101.01;-157.99
20-10-2021;11:54:00;17.45;49.15;-253.90;-352.41;-36.83;-20.33;-0.68;-84.24;-20.21;-14.96;-162.85;-100.76;-157.90
20-10-2021;19:57:00;16.94;49.35;-254.00;-352.51;-36.54;-20.55;-0.67;-84.36;-20.25;-14.33;-162.78;-100.79;-157.97
21-10-2021;04:01:00;16.87;49.36;-254.11;-352.74;-36.68;-20.35;-0.02;-83.86;-20.07;-14.89;-163.11;-100.64;-158.00
21-10-2021;12:04:00;16.99;49.29;-254.32;-352.33;-36.60;-20.31;0.00;-83.66;-20.13;-15.19;-163.34;-100.66;-158.28
21-10-2021;19:59:00;16.55;48.92;-254.26;-352.60;-35.94;-20.34;-0.41;-83.96;-20.22;-15.26;-163.25;-101.33;-157.75
22-10-2021;03:55:00;15.61;48.65;-254.84;-351.49;-35.58;-20.60;-1.75;-84.17;-20.55;-15.96;-164.20;-102.11;-159.01
22-10-2021;11:58:00;16.08;49.31;-254.77;-352.55;-36.21;-20.37;-1.05;-83.99;-20.25;-15.81;-163.72;-101.74;-158.70
22-10-2021;20:02:00;16.18;48.76;-254.48;-352.66;-36.85;-20.32;-1.42;-83.70;-20.14;-15.54;-163.63;-101.22;-158.26
23-10-2021;03:57:00;15.96;48.91;-254.78;-352.59;-36.42;-20.40;-1.59;-83.62;-20.21;-15.61;-164.40;-101.22;-158.63
23-10-2021;11:53:00;16.39;48.65;-255.27;-352.96;-36.69;-20.46;-1.71;-83.68;-20.30;-15.32;-164.78;-101.44;-159.11
23-10-2021;19:56:00;16.03;48.70;-255.54;-352.55;-36.70;-20.45;-1.52;-83.45;-20.20;-15.64;-165.19;-101.64;-159.43
24-10-2021;04:00:00;15.58;48.57;-255.64;-351.54;-35.67;-21.10;-2.23;-83.87;-20.87;-16.14;-165.94;-102.25;-160.19
24-10-2021;12:03:00;16.21;48.83;-255.74;-352.10;-36.14;-20.83;-1.70;-83.19;-20.64;-15.68;-165.76;-102.18;-160.10
24-10-2021;19:51:00;16.24;49.05;-256.02;-351.89;-35.83;-20.78;-1.39;-83.17;-20.54;-15.96;-165.74;-102.37;-160.13
25-10-2021;03:54:00;16.02;48.98;-256.19;-351.62;-35.34;-20.89;-1.51;-83.42;-20.71;-16.01;-165.79;-102.65;-160.19
25-10-2021;11:58:00;15.59;49.18;-256.25;-351.89;-35.42;-21.21;-2.16;-83.86;-21.04;-16.01;-166.22;-103.12;-160.69
25-10-2021;20:01:00;16.12;49.35;-256.48;-351.64;-35.15;-20.80;-2.20;-83.68;-20.67;-16.04;-166.13;-102.99;-160.77
26-10-2021;04:04:00;15.05;49.25;-256.92;-351.65;-35.19;-20.97;-2.28;-84.13;-20.77;-15.66;-166.62;-103.68;-161.21
26-10-2021;12:00:00;16.74;49.27;-256.94;-352.67;-36.43;-20.63;-2.08;-83.17;-20.43;-15.04;-166.26;-103.21;-161.02
26-10-2021;19:55:00;16.92;49.14;-256.97;-352.89;-36.30;-20.47;-2.22;-82.96;-20.27;-15.43;-166.29;-103.37;-160.91
27-10-2021;03:59:00;15.38;49.01;-257.12;-352.17;-35.61;-20.86;-2.52;-84.16;-20.86;-15.58;-166.74;-104.10;-161.35
27-10-2021;12:06:00;16.65;49.14;-257.48;-353.01;-36.84;-20.42;-1.75;-83.10;-20.15;-15.32;-166.36;-103.64;-161.15
27-10-2021;20:04:00;16.41;49.11;-257.71;-352.97;-37.02;-20.47;-1.48;-82.93;-20.19;-15.41;-166.75;-103.63;-161.35
28-10-2021;03:53:00;15.00;49.24;-257.68;-352.13;-36.22;-20.82;-1.75;-83.76;-20.50;-15.51;-167.20;-104.18;-161.68
28-10-2021;11:57:00;13.64;49.29;-257.93;-351.87;-35.44;-21.53;-2.23;-84.84;-20.74;-15.80;-167.85;-105.13;-162.48
28-10-2021;20:00:00;14.32;49.29;-258.21;-352.09;-35.76;-21.18;-2.05;-84.62;-20.58;-15.86;-167.84;-104.77;-162.33
29-10-2021;04:03:00;14.72;49.35;-258.77;-352.01;-36.07;-21.12;-2.08;-84.28;-20.52;-15.36;-168.00;-104.88;-162.72
29-10-2021;11:59:00;17.07;49.19;-258.90;-353.70;-37.24;-20.40;-1.47;-83.07;-19.96;-14.57;-167.29;-104.20;-162.02
29-10-2021;19:54:00;16.83;49.21;-259.30;-353.68;-37.36;-20.53;-1.61;-83.01;-20.08;-14.68;-167.52;-104.21;-162.00
30-10-2021;03:58:00;16.75;49.23;-259.72;-353.69;-37.24;-20.71;-1.83;-83.36;-20.30;-14.41;-167.86;-104.35;-162.27
30-10-2021;12:01:00;16.12;49.29;-260.04;-353.62;-36.81;-20.92;-1.99;-83.70;-20.43;-14.82;-168.38;-104.59;-162.56
30-10-2021;20:05:00;17.12;49.26;-260.29;-353.75;-37.24;-20.58;-1.64;-83.46;-20.15;-14.25;-168.05;-104.57;-162.34
31-10-2021;04:00:00;17.12;49.25;-260.59;-353.79;-37.29;-20.70;-1.80;-83.82;-20.33;-14.33;-168.38;-104.67;-162.64
31-10-2021;11:56:00;17.22;49.34;-260.88;-354.16;-37.21;-20.77;-1.57;-83.78;-20.27;-14.67;-168.69;-104.76;-162.86
31-10-2021;20:02:00;17.06;49.28;-261.12;-354.31;-37.03;-20.72;-1.59;-83.57;-20.24;-14.55;-168.95;-104.91;-162.89
01-11-2021;04:03:00;17.68;49.26;-261.37;-355.00;-37.45;-20.66;-1.46;-83.70;-20.17;-14.09;-168.96;-105.04;-163.01
01-11-2021;11:58:00;17.19;49.38;-261.78;-354.62;-37.23;-20.78;-1.41;-84.00;-20.28;-14.29;-169.39;-105.51;-163.36
01-11-2021;19:54:00;17.44;49.28;-262.10;-354.45;-37.30;-20.68;-1.40;-84.19;-20.28;-14.25;-169.59;-105.58;-163.58
02-11-2021;03:54:00;17.67;49.22;-262.45;-354.32;-37.23;-20.66;-1.47;-84.03;-20.29;-14.25;-169.88;-105.84;-163.73
02-11-2021;12:01:00;17.64;49.27;-262.85;-354.36;-37.20;-20.68;-1.05;-84.37;-20.32;-14.42;-170.04;-105.84;-163.91
02-11-2021;20:04:00;16.96;49.20;-263.13;-354.16;-36.87;-20.67;-0.97;-84.37;-20.28;-14.80;-170.46;-106.25;-164.31
03-11-2021;04:00:00;15.18;49.08;-263.48;-352.83;-36.22;-21.22;-1.81;-85.20;-20.71;-15.56;-171.49;-107.19;-165.20
03-11-2021;11:55:00;16.87;49.18;-263.66;-354.63;-37.20;-20.99;-1.37;-84.82;-20.51;-14.51;-171.18;-106.72;-164.94
03-11-2021;19:59:00;17.15;49.04;-263.77;-354.65;-36.68;-20.93;-1.42;-85.24;-20.65;-15.14;-171.22;-106.73;-165.11
04-11-2021;04:02:00;16.55;49.17;-264.24;-354.52;-36.54;-20.74;-1.57;-85.39;-20.45;-15.33;-171.59;-107.13;-165.52
04-11-2021;11:58:00;16.78;49.25;-264.71;-355.05;-36.95;-20.73;-1.44;-85.28;-20.36;-14.84;-171.96;-107.18;-165.70
04-11-2021;19:53:00;17.08;49.01;-265.18;-354.99;-36.83;-20.68;-1.40;-85.39;-20.44;-15.03;-172.25;-107.09;-165.74
05-11-2021;03:57:00;17.92;49.31;-265.38;-356.04;-37.44;-20.80;-1.60;-85.44;-20.50;-14.59;-172.13;-107.39;-165.77
05-11-2021;12:00:00;18.30;49.10;-265.44;-356.55;-37.47;-20.71;-1.88;-85.41;-20.49;-14.46;-172.28;-107.43;-166.14
05-11-2021;20:03:00;17.81;49.30;-265.71;-355.93;-37.69;-20.72;-2.29;-85.41;-20.43;-14.31;-172.70;-107.68;-166.50
06-11-2021;03:59:00;16.47;49.04;-266.05;-355.71;-37.10;-20.94;-3.19;-85.86;-20.68;-14.76;-172.80;-108.06;-166.96
06-11-2021;11:52:00;16.54;48.95;-266.49;-355.75;-37.78;-20.67;-2.71;-85.66;-20.53;-14.41;-172.94;-108.44;-167.46
06-11-2021;19:59:00;16.43;49.05;-266.72;-355.02;-37.43;-20.82;-2.95;-85.71;-20.68;-14.58;-173.23;-108.42;-167.26
07-11-2021;04:01:00;15.92;49.21;-266.82;-355.55;-37.40;-20.72;-3.14;-86.02;-20.68;-14.69;-173.86;-108.27;-167.21
07-11-2021;12:05:00;16.12;49.60;-266.97;-355.36;-37.62;-21.03;-4.41;-86.48;-20.95;-14.56;-173.54;-108.50;-167.25
07-11-2021;20:00:00;14.49;50.17;-267.68;-354.46;-37.28;-20.87;-3.34;-86.00;-20.64;-14.97;-174.00;-109.03;-167.70
08-11-2021;03:56:00;14.66;50.13;-267.89;-354.25;-37.22;-21.02;-2.89;-86.12;-20.89;-15.02;-174.24;-108.80;-168.05
08-11-2021;11:59:00;14.10;50.21;-268.11;-355.05;-37.99;-20.86;-2.61;-86.30;-20.73;-14.35;-174.24;-108.78;-167.80
08-11-2021;20:03:00;13.18;50.00;-268.49;-355.14;-38.13;-20.79;-2.47;-86.52;-20.68;-14.41;-174.30;-109.15;-167.85
09-11-2021;03:58:00;12.64;49.11;-268.64;-354.42;-37.01;-20.96;-2.75;-87.34;-20.95;-14.96;-174.58;-108.89;-168.42
09-11-2021;11:54:00;12.66;49.21;-268.96;-354.25;-37.69;-20.98;-2.54;-86.85;-20.85;-14.44;-174.71;-109.02;-168.42
09-11-2021;19:57:00;13.96;49.36;-269.13;-355.31;-38.38;-20.37;-1.66;-85.75;-20.34;-14.02;-174.37;-108.98;-168.17
10-11-2021;04:01:00;13.88;49.34;-269.33;-354.81;-38.29;-20.75;-1.96;-85.99;-20.53;-13.78;-175.03;-109.30;-168.38
10-11-2021;12:04:00;14.40;49.18;-269.51;-355.72;-38.29;-20.74;-1.34;-85.84;-20.53;-14.30;-175.17;-109.47;-168.63
10-11-2021;20:07:00;14.22;49.16;-269.65;-355.71;-38.41;-20.60;-1.50;-85.46;-20.40;-14.19;-175.38;-109.39;-168.79
11-11-2021;03:55:00;14.48;49.30;-269.89;-355.38;-38.35;-20.63;-1.30;-85.70;-20.38;-14.12;-175.58;-109.57;-168.91
11-11-2021;12:06:00;15.02;49.15;-270.11;-355.49;-38.22;-20.68;-1.78;-85.89;-20.34;-14.09;-175.80;-109.80;-169.15
11-11-2021;20:02:00;14.15;49.49;-270.44;-355.89;-38.19;-20.53;-1.69;-85.26;-20.25;-14.09;-176.20;-109.99;-169.53
12-11-2021;03:57:00;13.56;49.33;-270.59;-354.98;-37.77;-20.49;-1.72;-85.23;-20.44;-14.44;-176.47;-110.26;-169.83
12-11-2021;11:53:00;13.03;48.89;-270.89;-354.10;-37.11;-20.98;-2.46;-86.15;-21.00;-15.14;-176.92;-110.59;-170.15
12-11-2021;19:56:00;13.55;48.91;-271.46;-354.60;-37.41;-20.75;-2.15;-85.81;-20.71;-14.79;-176.82;-110.46;-170.05
13-11-2021;04:00:00;12.61;48.90;-271.56;-353.50;-36.96;-20.99;-2.56;-86.45;-20.82;-14.91;-177.51;-110.93;-170.59
13-11-2021;12:03:00;13.46;48.81;-271.86;-353.84;-36.92;-20.95;-2.31;-86.10;-20.79;-14.88;-177.15;-110.75;-170.47
13-11-2021;19:59:00;13.89;48.80;-272.33;-354.50;-37.20;-20.48;-2.45;-85.73;-20.35;-14.58;-176.98;-111.10;-171.21
14-11-2021;03:47:00;13.45;48.53;-272.30;-354.02;-37.08;-20.97;-2.91;-86.46;-20.94;-15.18;-177.74;-111.48;-171.41
14-11-2021;11:55:00;12.97;48.66;-272.92;-354.01;-37.10;-21.48;-3.16;-86.85;-21.37;-15.36;-178.39;-111.52;-171.52
14-11-2021;20:01:00;12.70;48.72;-273.17;-353.84;-36.74;-21.60;-3.08;-87.41;-21.47;-15.69;-178.67;-111.73;-171.67
15-11-2021;04:04:00;14.61;49.10;-273.35;-355.09;-37.74;-20.82;-2.22;-86.80;-20.79;-14.78;-178.03;-111.24;-170.98
15-11-2021;12:00:00;13.82;49.05;-273.31;-355.02;-37.25;-21.20;-2.38;-87.28;-21.07;-14.71;-178.96;-111.86;-171.57
15-11-2021;19:55:00;13.90;48.81;-272.76;-354.92;-37.16;-21.23;-2.77;-87.01;-21.08;-14.61;-179.06;-112.10;-171.92
16-11-2021;03:59:00;13.67;48.42;-272.91;-354.89;-37.10;-21.13;-2.81;-86.78;-21.04;-14.33;-179.19;-112.29;-172.01
16-11-2021;12:02:00;14.52;48.47;-273.13;-355.18;-37.65;-20.90;-2.35;-86.10;-20.83;-14.14;-178.97;-112.10;-171.87
16-11-2021;19:58:00;14.72;48.47;-273.34;-355.61;-37.84;-20.73;-2.11;-85.67;-20.70;-13.84;-178.91;-111.99;-171.90
17-11-2021;03:53:00;14.49;48.48;-273.43;-355.72;-37.60;-20.84;-2.60;-86.32;-20.82;-13.83;-179.40;-112.30;-172.18
17-11-2021;11:57:00;14.97;48.63;-273.74;-355.74;-37.92;-20.81;-2.43;-85.76;-20.69;-14.35;-179.45;-112.37;-172.16
17-11-2021;20:00:00;14.84;48.65;-273.81;-355.45;-37.50;-21.14;-3.20;-86.15;-20.95;-14.39;-180.06;-112.75;-172.76
18-11-2021;04:03:00;15.14;48.81;-274.35;-355.83;-37.55;-20.90;-3.55;-86.14;-20.78;-14.50;-180.17;-112.60;-173.12
18-11-2021;11:59:00;14.55;49.05;-274.41;-355.73;-37.36;-21.26;-3.50;-86.80;-20.94;-14.58;-180.13;-113.16;-173.24
18-11-2021;19:54:00;15.04;48.84;-274.56;-356.21;-37.93;-21.21;-3.10;-86.31;-20.73;-13.99;-179.92;-112.92;-172.79
19-11-2021;03:58:00;14.78;48.93;-274.75;-355.52;-37.65;-21.35;-3.36;-86.88;-21.12;-13.87;-180.33;-113.33;-173.21
19-11-2021;12:02:00;15.44;48.91;-275.02;-356.14;-38.08;-21.29;-2.52;-86.43;-20.97;-13.91;-180.32;-113.13;-173.00
19-11-2021;20:04:00;15.11;48.97;-275.20;-356.78;-37.86;-21.40;-1.93;-86.47;-20.48;-14.04;-180.41;-113.30;-173.41
20-11-2021;04:00:00;14.60;48.88;-275.25;-356.21;-37.59;-21.71;-2.56;-86.92;-20.72;-14.08;-180.94;-113.62;-173.72
20-11-2021;11:55:00;12.67;48.52;-275.93;-355.29;-36.77;-22.40;-3.19;-87.99;-21.61;-14.58;-181.99;-114.85;-175.15
20-11-2021;19:59:00;12.75;47.63;-275.85;-355.68;-36.88;-21.88;-2.73;-87.47;-21.04;-14.68;-181.80;-114.50;-174.94
21-11-2021;04:02:00;11.03;47.66;-276.45;-355.11;-36.06;-22.27;-4.02;-87.63;-21.41;-15.06;-182.75;-114.80;-175.57
21-11-2021;11:59:00;11.96;47.97;-276.97;-355.88;-36.96;-21.74;-3.50;-87.76;-20.85;-14.69;-182.33;-114.33;-175.57
21-11-2021;19:52:00;12.06;47.71;-277.12;-356.13;-37.02;-22.15;-3.32;-87.97;-21.31;-15.14;-182.73;-114.28;-176.32
22-11-2021;03:57:00;12.12;47.20;-277.73;-356.73;-37.94;-22.02;-2.95;-88.09;-21.06;-14.95;-182.58;-114.15;-176.17
22-11-2021;12:00:00;11.66;48.03;-278.81;-356.41;-37.63;-22.21;-2.88;-87.91;-21.30;-14.88;-182.57;-114.63;-176.29
22-11-2021;20:04:00;12.88;47.94;-278.75;-356.84;-37.33;-21.90;-2.48;-87.78;-21.17;-14.68;-182.81;-114.80;-176.48
23-11-2021;03:59:00;13.16;47.83;-279.27;-357.02;-37.90;-21.75;-2.46;-87.66;-20.99;-14.44;-182.81;-114.89;-176.60
23-11-2021;11:55:00;13.21;48.66;-279.24;-356.87;-37.95;-21.93;-2.57;-87.14;-20.99;-14.44;-182.95;-114.78;-176.90
23-11-2021;19:58:00;13.01;48.56;-279.09;-357.05;-38.19;-21.80;-2.07;-86.82;-20.81;-14.14;-183.08;-114.59;-176.71
24-11-2021;04:01:00;13.08;48.58;-279.44;-357.08;-38.20;-21.85;-1.93;-86.71;-20.82;-14.14;-183.36;-114.84;-177.17
24-11-2021;12:02:00;13.48;48.83;-279.52;-357.12;-38.34;-21.97;-1.72;-86.98;-20.93;-14.29;-183.75;-115.01;-177.75
24-11-2021;20:00:00;12.64;48.98;-279.19;-357.46;-37.96;-21.91;-1.45;-86.94;-21.09;-14.19;-184.10;-115.31;-177.89
25-11-2021;03:56:00;11.39;48.61;-279.38;-356.29;-37.07;-22.22;-2.30;-87.57;-21.30;-14.48;-185.03;-115.63;-178.20
25-11-2021;11:59:00;12.07;47.83;-279.11;-356.62;-37.31;-21.90;-1.21;-87.16;-21.09;-14.27;-184.64;-115.63;-177.87
25-11-2021;20:03:00;13.30;48.88;-279.39;-357.35;-38.41;-21.31;-0.82;-87.03;-20.64;-13.91;-184.59;-115.71;-177.89
26-11-2021;03:58:00;13.14;48.83;-279.44;-356.25;-37.94;-21.28;-1.61;-87.81;-20.71;-14.63;-184.71;-116.03;-178.11
26-11-2021;11:54:00;13.52;48.60;-279.77;-356.20;-37.48;-21.28;-1.19;-87.79;-20.84;-14.20;-184.84;-116.10;-178.38
26-11-2021;19:57:00;13.27;48.68;-280.17;-356.87;-37.25;-21.07;-0.86;-87.69;-20.56;-14.02;-184.97;-116.47;-178.75
27-11-2021;04:01:00;13.66;48.48;-280.10;-356.94;-37.85;-21.29;-1.03;-88.04;-20.90;-14.02;-185.05;-116.19;-178.70
27-11-2021;12:04:00;13.46;48.78;-280.10;-356.36;-37.27;-21.74;-1.41;-88.08;-21.28;-14.12;-185.43;-116.36;-179.06
27-11-2021;19:59:00;12.70;49.07;-280.29;-356.50;-37.01;-21.60;-2.22;-87.68;-20.80;-14.13;-185.53;-116.55;-179.36
28-11-2021;03:55:00;13.26;48.93;-280.50;-357.25;-37.64;-21.14;-1.84;-87.18;-20.47;-14.33;-185.65;-116.62;-179.51
28-11-2021;11:59:00;13.38;49.25;-280.61;-357.32;-36.97;-21.05;-2.45;-87.00;-20.50;-14.15;-185.62;-116.01;-179.37
28-11-2021;20:02:00;13.11;49.52;-281.07;-357.91;-36.78;-21.08;-2.78;-87.38;-20.60;-14.37;-185.66;-116.32;-179.06
29-11-2021;04:05:00;12.31;49.92;-281.44;-356.98;-36.89;-21.35;-2.99;-87.62;-20.78;-13.97;-185.82;-117.11;-178.97
29-11-2021;12:06:00;12.64;50.07;-281.13;-357.46;-37.57;-21.48;-2.86;-87.76;-20.98;-13.29;-185.86;-116.80;-179.13
29-11-2021;19:56:00;13.28;49.87;-281.33;-357.16;-37.22;-21.62;-3.64;-87.97;-21.06;-14.03;-185.66;-117.07;-179.31
30-11-2021;04:03:00;13.82;50.46;-281.35;-356.98;-37.19;-21.68;-4.01;-88.03;-21.09;-14.47;-185.98;-117.20;-179.82
30-11-2021;12:03:00;14.63;50.59;-281.24;-357.83;-36.85;-21.45;-3.59;-87.35;-20.99;-14.10;-185.95;-116.98;-179.80
30-11-2021;19:58:00;14.93;50.80;-281.07;-359.09;-37.19;-21.22;-3.99;-86.64;-20.61;-14.04;-186.16;-117.17;-179.77
01-12-2021;03:54:00;16.00;50.65;-281.46;-359.67;-36.58;-21.19;-4.11;-86.62;-20.49;-13.83;-185.95;-116.09;-179.42
01-12-2021;11:57:00;15.54;50.42;-281.42;-359.90;-36.19;-21.49;-4.16;-86.80;-20.84;-13.92;-186.13;-116.05;-179.67
01-12-2021;20:00:00;14.90;50.49;-281.72;-359.20;-35.96;-21.56;-4.53;-86.82;-20.92;-14.36;-186.38;-116.45;-179.95
02-12-2021;04:04:00;15.24;50.14;-281.51;-359.76;-36.01;-21.56;-4.71;-86.66;-21.07;-14.20;-186.39;-116.32;-180.04
02-12-2021;11:45:00;15.17;50.44;-280.94;-359.97;-36.34;-21.51;-4.61;-86.68;-20.91;-14.14;-186.46;-116.29;-180.18
02-12-2021;19:55:00;14.47;50.19;-280.93;-358.79;-35.80;-21.78;-4.97;-86.87;-21.02;-14.56;-186.72;-116.39;-180.28
03-12-2021;03:59:00;14.60;50.50;-281.20;-359.27;-36.19;-21.51;-4.94;-86.96;-20.90;-14.38;-186.69;-116.34;-180.28
03-12-2021;12:02:00;15.08;50.65;-281.28;-359.83;-36.65;-21.49;-4.91;-86.77;-20.96;-13.77;-186.65;-116.36;-180.34
03-12-2021;19:59:00;15.54;50.81;-281.54;-359.90;-36.28;-21.46;-5.11;-86.82;-21.00;-13.77;-186.25;-116.51;-180.19
04-12-2021;03:54:00;15.62;51.15;-281.27;-359.98;-36.25;-21.47;-5.55;-87.09;-20.97;-13.63;-186.39;-116.11;-180.49
04-12-2021;11:57:00;16.57;51.39;-281.53;-360.62;-36.36;-21.38;-5.15;-86.82;-20.90;-13.65;-186.27;-115.63;-180.48
04-12-2021;19:58:00;16.54;51.42;-281.51;-360.37;-36.44;-21.32;-5.52;-86.76;-20.84;-13.76;-186.42;-115.48;-180.49
05-12-2021;04:04:00;16.45;51.44;-281.57;-360.18;-36.45;-21.19;-5.62;-86.50;-20.64;-13.72;-186.67;-115.73;-180.57
05-12-2021;11:59:00;16.90;51.12;-281.50;-360.35;-36.75;-21.25;-5.76;-86.68;-20.90;-13.61;-186.57;-115.93;-180.56
05-12-2021;19:55:00;16.58;51.39;-281.57;-360.90;-36.61;-21.10;-5.59;-86.36;-20.55;-13.45;-186.59;-115.80;-180.46
06-12-2021;03:58:00;16.86;51.24;-281.44;-361.22;-36.83;-21.16;-5.46;-86.21;-20.59;-13.25;-186.50;-115.79;-180.50
06-12-2021;11:52:00;16.38;51.40;-281.43;-360.68;-36.27;-21.39;-5.79;-86.55;-20.85;-13.56;-186.79;-116.05;-180.63
06-12-2021;20:05:00;16.79;51.10;-281.58;-360.57;-36.65;-21.38;-5.65;-86.71;-20.92;-13.71;-186.91;-116.16;-180.73
07-12-2021;04:01:00;17.58;50.82;-281.45;-361.24;-37.20;-21.20;-5.12;-86.44;-20.79;-13.43;-186.80;-116.14;-180.65
07-12-2021;11:56:00;17.52;50.77;-281.48;-360.82;-37.23;-21.28;-5.51;-86.31;-20.85;-13.57;-186.97;-116.25;-180.69
07-12-2021;20:06:00;17.38;50.82;-281.36;-360.63;-37.59;-21.17;-5.65;-86.21;-20.70;-13.63;-186.83;-116.20;-180.56
08-12-2021;04:03:00;17.56;50.91;-281.30;-360.36;-37.72;-21.24;-5.61;-86.40;-20.74;-13.69;-186.81;-116.26;-180.50
08-12-2021;11:59:00;17.21;51.08;-281.19;-360.79;-38.02;-21.28;-5.55;-86.47;-20.71;-13.43;-187.11;-116.32;-180.57
08-12-2021;19:54:00;16.90;50.96;-281.12;-361.20;-37.39;-21.34;-5.19;-86.62;-20.64;-13.23;-187.25;-116.21;-180.57
09-12-2021;03:58:00;17.07;51.32;-281.31;-361.41;-37.54;-21.19;-5.12;-86.51;-20.65;-13.49;-187.24;-116.40;-180.64
09-12-2021;11:55:00;17.07;51.40;-281.23;-361.17;-37.34;-21.20;-5.17;-86.79;-20.65;-13.75;-187.51;-116.45;-180.77
09-12-2021;20:05:00;16.71;51.23;-281.37;-361.01;-37.19;-21.25;-5.01;-86.84;-20.62;-13.72;-187.61;-116.38;-180.69
10-12-2021;04:00:00;17.13;51.11;-281.44;-361.03;-37.60;-21.19;-4.76;-86.93;-20.61;-13.69;-187.37;-116.46;-180.73
10-12-2021;11:56:00;17.63;51.56;-281.47;-361.04;-37.67;-21.06;-5.04;-87.03;-20.49;-13.59;-187.25;-116.38;-180.47
10-12-2021;19:59:00;17.37;51.62;-281.65;-360.52;-37.55;-21.11;-5.32;-87.06;-20.46;-13.65;-187.42;-116.09;-180.58
11-12-2021;04:03:00;17.33;51.52;-281.65;-360.25;-37.75;-20.97;-5.27;-86.87;-20.32;-13.44;-187.28;-116.37;-180.44
11-12-2021;11:58:00;16.56;51.55;-281.55;-359.47;-37.06;-21.56;-5.56;-87.18;-20.89;-14.09;-187.72;-116.64;-180.90
11-12-2021;19:54:00;17.00;51.71;-281.60;-359.96;-37.09;-21.56;-5.46;-86.81;-20.86;-14.11;-187.74;-116.74;-181.07
12-12-2021;03:57:00;17.54;52.25;-281.53;-360.06;-36.89;-21.84;-5.74;-86.01;-21.02;-14.10;-187.87;-116.79;-181.18
12-12-2021;12:01:00;18.63;51.94;-281.44;-360.25;-37.17;-22.05;-5.68;-85.60;-21.21;-14.29;-187.79;-116.92;-181.36
12-12-2021;20:04:00;18.73;52.27;-281.44;-359.66;-36.43;-22.41;-6.58;-85.86;-21.37;-14.44;-188.16;-117.33;-181.87
13-12-2021;04:00:00;19.39;52.23;-281.46;-359.53;-36.04;-22.54;-6.55;-86.13;-21.53;-14.72;-187.75;-117.28;-181.89
13-12-2021;11:55:00;21.47;52.00;-281.38;-360.81;-36.83;-21.90;-6.25;-84.92;-21.25;-14.44;-187.05;-116.72;-181.17
13-12-2021;19:59:00;22.39;51.95;-280.96;-361.94;-37.59;-21.75;-4.91;-84.72;-21.12;-14.41;-186.87;-116.49;-181.07
14-12-2021;04:08:00;23.65;52.24;-280.77;-361.65;-37.39;-21.74;-4.97;-85.04;-21.02;-14.21;-186.74;-116.57;-181.17
14-12-2021;11:58:00;23.84;52.41;-280.77;-361.32;-36.50;-22.07;-5.56;-85.41;-21.17;-14.54;-187.11;-116.83;-181.35
14-12-2021;19:53:00;23.56;52.75;-280.80;-361.76;-36.36;-22.23;-6.07;-85.09;-21.29;-14.91;-187.46;-116.69;-181.39
15-12-2021;03:57:00;23.52;53.10;-280.33;-362.05;-36.91;-22.14;-6.17;-85.24;-21.72;-13.78;-187.18;-116.03;-181.39
15-12-2021;12:00:00;24.33;53.60;-280.40;-362.34;-36.93;-21.61;-5.25;-84.52;-21.07;-13.61;-186.48;-115.04;-181.29
15-12-2021;20:04:00;24.67;53.37;-280.35;-362.69;-36.94;-21.88;-4.83;-84.39;-20.88;-13.48;-185.82;-114.83;-181.08
16-12-2021;03:59:00;24.08;53.16;-280.27;-363.20;-36.87;-21.91;-5.20;-84.14;-20.92;-13.53;-186.27;-114.45;-181.22
16-12-2021;11:55:00;24.01;53.54;-280.09;-363.19;-36.48;-22.01;-5.29;-84.40;-20.96;-14.02;-186.30;-114.70;-181.20
16-12-2021;19:58:00;24.14;53.66;-280.52;-363.06;-36.07;-21.95;-5.30;-84.53;-20.86;-14.08;-186.48;-114.74;-181.33
17-12-2021;04:02:00;23.85;53.59;-280.37;-363.27;-36.16;-22.13;-5.04;-84.60;-21.05;-14.19;-186.63;-114.78;-181.49
17-12-2021;11:59:00;24.30;53.10;-280.50;-363.11;-36.12;-22.22;-4.95;-84.66;-21.16;-14.55;-186.86;-115.06;-181.66
17-12-2021;19:53:00;24.39;53.26;-280.60;-362.78;-35.85;-22.53;-5.03;-84.91;-21.42;-14.77;-187.26;-115.53;-182.00
18-12-2021;03:56:00;25.02;53.46;-280.81;-362.92;-35.89;-22.57;-5.33;-84.96;-21.52;-14.69;-187.55;-115.63;-182.03
18-12-2021;12:00:00;25.74;53.38;-280.84;-363.77;-36.46;-22.18;-4.93;-84.36;-21.06;-14.14;-187.10;-115.40;-181.54
18-12-2021;20:03:00;25.82;53.60;-280.85;-363.60;-36.56;-22.26;-4.79;-84.33;-20.97;-14.08;-187.11;-115.56;-181.47
19-12-2021;03:59:00;25.86;53.32;-280.57;-364.20;-36.61;-21.99;-4.64;-84.45;-20.97;-14.01;-186.98;-115.26;-181.44
19-12-2021;11:50:00;25.42;53.07;-280.34;-364.37;-36.16;-21.93;-4.88;-85.32;-21.05;-14.26;-187.11;-114.77;-181.68
19-12-2021;19:58:00;24.99;52.93;-280.50;-363.99;-35.37;-22.00;-5.08;-85.55;-20.87;-14.55;-187.41;-115.29;-181.44
20-12-2021;04:02:00;24.83;52.89;-280.35;-365.26;-35.52;-22.12;-5.27;-85.74;-21.07;-14.90;-187.28;-115.47;-181.47
20-12-2021;12:05:00;24.90;52.82;-280.46;-365.27;-35.74;-22.08;-5.65;-85.85;-21.03;-15.08;-187.31;-115.58;-181.63
20-12-2021;20:01:00;24.75;52.60;-280.71;-365.58;-35.50;-22.02;-6.07;-86.20;-20.91;-15.15;-187.27;-115.79;-181.48
21-12-2021;03:56:00;24.25;52.07;-280.83;-365.76;-36.23;-22.13;-6.16;-86.22;-21.09;-15.08;-187.27;-115.83;-181.63
21-12-2021;12:00:00;25.24;52.47;-281.25;-366.05;-36.45;-22.21;-6.29;-86.16;-21.28;-14.99;-187.05;-115.63;-181.50
21-12-2021;19:56:00;25.10;52.56;-281.36;-367.46;-36.11;-21.89;-5.89;-85.63;-20.90;-14.57;-186.95;-115.36;-181.46
22-12-2021;03:59:00;24.75;52.73;-281.48;-367.07;-36.38;-22.13;-5.88;-85.74;-20.94;-14.62;-187.15;-116.04;-181.68
22-12-2021;11:54:00;23.94;52.29;-281.47;-365.98;-34.84;-22.76;-6.80;-86.38;-21.61;-15.20;-187.79;-116.65;-182.38
22-12-2021;19:58:00;24.10;52.37;-281.29;-365.42;-34.68;-22.67;-7.24;-86.15;-21.68;-15.46;-187.70;-116.49;-182.35
23-12-2021;04:01:00;24.46;52.34;-281.28;-366.30;-34.92;-22.48;-7.49;-86.31;-21.57;-15.37;-187.64;-116.40;-182.01
23-12-2021;11:59:00;25.71;52.25;-280.95;-368.04;-36.24;-21.91;-6.47;-85.65;-21.16;-14.66;-186.57;-115.95;-181.24
23-12-2021;20:00:00;25.47;52.20;-280.98;-368.43;-36.97;-21.80;-6.92;-85.62;-21.07;-14.74;-186.73;-116.03;-181.24
24-12-2021;03:56:00;26.82;52.35;-281.03;-368.46;-36.80;-21.71;-6.92;-85.28;-21.04;-13.97;-186.77;-115.82;-181.48
24-12-2021;11:59:00;26.30;52.00;-280.95;-368.20;-36.57;-21.45;-7.34;-85.22;-20.90;-14.23;-186.20;-115.42;-181.50
24-12-2021;20:02:00;26.12;51.93;-280.92;-368.03;-36.78;-21.66;-7.27;-85.15;-21.22;-14.29;-186.37;-115.56;-181.55
25-12-2021;03:53:00;26.38;52.22;-280.91;-368.75;-36.48;-21.40;-7.27;-84.67;-20.99;-14.58;-186.09;-115.46;-181.33
25-12-2021;11:54:00;26.20;52.08;-280.93;-369.14;-36.79;-21.47;-6.82;-84.90;-21.08;-14.30;-186.31;-115.57;-181.55
25-12-2021;19:50:00;26.43;52.35;-281.00;-369.03;-36.73;-21.54;-6.43;-85.04;-21.04;-14.43;-186.34;-115.74;-181.62
26-12-2021;04:01:00;26.37;52.65;-280.97;-369.15;-36.79;-21.63;-6.68;-85.17;-21.04;-14.67;-186.32;-115.68;-181.45
26-12-2021;12:04:00;26.41;52.37;-281.04;-369.26;-37.21;-21.72;-6.53;-85.21;-21.13;-14.71;-186.45;-115.76;-181.60
26-12-2021;20:00:00;26.84;52.37;-280.84;-369.52;-36.72;-21.33;-6.52;-84.94;-20.84;-14.53;-186.28;-115.41;-181.53
27-12-2021;03:55:00;26.31;52.12;-280.95;-368.47;-36.77;-21.32;-6.94;-84.72;-20.77;-14.68;-186.17;-115.42;-181.83
27-12-2021;11:59:00;25.30;51.97;-280.92;-366.71;-35.99;-22.05;-7.35;-85.35;-21.52;-15.52;-186.76;-116.04;-182.09
27-12-2021;20:02:00;26.52;52.42;-281.05;-367.80;-37.31;-21.48;-6.56;-84.42;-20.89;-14.96;-186.36;-115.84;-181.87
28-12-2021;03:58:00;26.50;52.33;-280.98;-367.77;-37.83;-21.53;-6.21;-84.66;-20.99;-15.10;-186.58;-115.89;-182.22
28-12-2021;11:53:00;26.90;52.58;-281.06;-367.49;-37.76;-21.57;-5.96;-84.52;-20.93;-15.16;-186.45;-115.88;-182.12
28-12-2021;19:57:00;26.72;52.72;-280.93;-367.41;-37.55;-21.41;-6.06;-84.53;-20.81;-15.06;-186.38;-115.88;-181.96
29-12-2021;04:00:00;26.91;52.37;-280.98;-366.23;-37.64;-21.74;-5.89;-84.66;-21.16;-15.20;-186.55;-115.89;-182.04
29-12-2021;12:03:00;27.19;52.38;-281.05;-367.00;-38.04;-21.83;-5.82;-84.54;-21.19;-15.06;-186.58;-115.56;-182.08
29-12-2021;19:59:00;25.77;52.27;-280.94;-365.83;-37.34;-22.30;-6.57;-85.14;-21.67;-15.90;-186.97;-115.68;-182.29
30-12-2021;03:55:00;26.22;51.49;-281.31;-366.58;-37.81;-22.14;-5.74;-84.32;-21.43;-15.52;-187.02;-116.28;-182.15
30-12-2021;11:58:00;26.26;50.98;-280.99;-366.64;-37.94;-21.94;-6.11;-83.87;-21.65;-14.86;-187.34;-116.27;-182.57
30-12-2021;20:02:00;26.11;50.60;-280.60;-366.12;-37.62;-22.09;-5.46;-83.38;-21.70;-15.34;-187.83;-116.10;-182.67
31-12-2021;04:05:00;26.77;50.74;-280.14;-366.14;-37.90;-22.11;-5.62;-83.24;-21.57;-14.69;-188.03;-115.97;-182.47
31-12-2021;12:01:00;26.98;50.83;-280.27;-366.23;-38.01;-22.18;-5.95;-82.98;-21.55;-14.52;-187.91;-115.62;-182.28
31-12-2021;19:56:00;26.42;50.84;-280.15;-366.50;-37.64;-22.22;-6.13;-83.15;-21.62;-14.74;-187.60;-115.71;-182.17
01-01-2022;04:00:00;25.80;50.33;-279.71;-366.51;-36.75;-22.64;-6.58;-83.87;-21.99;-15.91;-187.65;-115.84;-182.29
01-01-2022;12:03:00;25.49;50.04;-279.80;-365.58;-36.54;-22.65;-7.32;-84.62;-22.17;-15.86;-188.51;-116.25;-182.82
01-01-2022;19:59:00;25.22;51.08;-279.89;-366.19;-38.28;-22.33;-6.48;-84.03;-21.87;-14.88;-187.81;-116.44;-182.71
02-01-2022;03:53:00;25.12;51.30;-280.69;-366.06;-37.72;-22.61;-6.92;-84.00;-22.02;-14.78;-188.67;-116.42;-182.97
02-01-2022;11:58:00;26.09;51.40;-280.52;-366.75;-38.07;-22.05;-6.70;-83.19;-21.68;-14.20;-187.94;-116.16;-182.37
02-01-2022;20:01:00;26.44;51.24;-280.31;-367.05;-38.08;-21.99;-6.58;-83.00;-21.38;-14.36;-187.65;-115.84;-182.12
03-01-2022;04:05:00;25.45;51.03;-280.20;-366.44;-37.51;-22.36;-6.74;-83.40;-21.72;-14.79;-187.86;-116.21;-182.36
03-01-2022;12:00:00;26.23;51.34;-280.41;-366.89;-37.72;-22.22;-7.16;-83.31;-21.62;-14.67;-188.18;-115.99;-182.24
03-01-2022;19:56:00;26.70;51.10;-280.93;-367.63;-38.22;-21.85;-6.86;-83.27;-21.41;-14.21;-187.83;-115.83;-181.79
04-01-2022;03:59:00;24.53;51.03;-281.46;-366.15;-37.63;-22.53;-7.79;-83.82;-21.66;-14.54;-188.37;-115.93;-182.59
04-01-2022;12:03:00;23.99;51.72;-280.42;-365.53;-37.92;-22.32;-8.09;-83.40;-21.86;-14.83;-188.50;-116.22;-182.91
04-01-2022;19:58:00;25.06;51.48;-280.39;-365.91;-37.55;-22.10;-8.40;-83.39;-21.77;-14.76;-188.16;-116.04;-182.63
05-01-2022;03:54:00;23.86;50.94;-280.62;-365.54;-37.64;-21.94;-8.81;-83.62;-21.66;-15.02;-189.00;-115.95;-182.89
05-01-2022;11:47:00;24.01;50.99;-280.72;-366.18;-39.06;-21.91;-9.37;-83.39;-21.43;-14.31;-188.42;-116.03;-182.82
05-01-2022;20:01:00;23.36;51.55;-280.40;-366.76;-39.60;-21.54;-9.68;-83.03;-21.04;-14.19;-187.96;-115.65;-182.45
06-01-2022;04:04:00;23.69;51.02;-280.07;-366.40;-39.83;-21.61;-9.73;-83.33;-21.29;-14.55;-187.92;-115.96;-182.28
06-01-2022;11:52:00;22.72;51.28;-280.19;-366.91;-40.17;-21.15;-9.78;-83.42;-20.99;-14.38;-187.86;-115.26;-182.04
06-01-2022;19:55:00;22.00;51.25;-280.88;-366.37;-39.23;-21.25;-10.45;-83.54;-21.31;-14.31;-187.92;-115.65;-182.05
07-01-2022;03:59:00;23.30;51.69;-280.62;-365.97;-39.07;-21.49;-10.64;-83.51;-21.56;-14.45;-187.90;-115.82;-182.42
07-01-2022;12:02:00;24.40;51.89;-280.59;-365.60;-38.51;-21.96;-10.48;-83.84;-21.90;-14.75;-188.64;-116.06;-182.72
07-01-2022;19:58:00;24.90;52.33;-281.01;-366.39;-39.34;-21.41;-10.06;-83.43;-21.22;-14.34;-188.54;-115.84;-182.42
08-01-2022;03:53:00;24.67;52.50;-280.97;-366.58;-39.08;-21.24;-10.39;-83.32;-21.24;-14.37;-188.54;-116.00;-182.45
08-01-2022;11:57:00;24.78;52.48;-280.45;-366.95;-39.22;-21.30;-10.31;-83.17;-21.26;-14.12;-188.28;-116.13;-182.35
08-01-2022;20:00:00;24.24;52.84;-280.73;-366.72;-39.25;-21.20;-10.54;-83.56;-21.03;-14.39;-188.31;-116.11;-182.40
09-01-2022;04:03:00;23.90;52.97;-280.76;-366.26;-38.95;-21.19;-10.61;-83.66;-21.41;-14.47;-188.41;-116.07;-182.49
09-01-2022;11:59:00;23.31;52.98;-280.82;-366.26;-38.86;-21.18;-10.00;-83.43;-21.20;-14.08;-188.12;-115.59;-182.29
09-01-2022;19:55:00;23.77;52.83;-280.66;-366.69;-38.55;-21.33;-9.40;-83.54;-21.18;-14.05;-188.20;-115.25;-182.33
10-01-2022;03:58:00;24.27;52.88;-280.67;-366.69;-38.97;-21.10;-9.24;-83.37;-20.97;-14.00;-188.18;-115.20;-182.70
10-01-2022;12:01:00;24.64;52.76;-280.61;-367.37;-39.22;-20.99;-9.13;-83.60;-20.90;-14.03;-188.17;-115.11;-182.71
10-01-2022;20:05:00;24.32;52.38;-280.80;-367.53;-38.73;-20.95;-9.08;-83.47;-20.99;-14.32;-188.26;-114.94;-182.39
11-01-2022;04:00:00;24.40;52.16;-280.94;-367.15;-38.74;-21.07;-9.20;-83.61;-20.96;-14.27;-188.56;-115.48;-182.41
11-01-2022;11:56:00;24.16;51.43;-280.22;-366.44;-39.00;-21.33;-9.76;-83.91;-21.34;-14.25;-188.65;-115.76;-182.58
11-01-2022;19:59:00;24.49;51.58;-280.26;-367.74;-38.99;-20.98;-9.32;-83.39;-21.10;-14.38;-188.70;-115.64;-182.61
12-01-2022;04:09:00;24.71;51.82;-280.40;-367.38;-39.22;-21.19;-8.88;-83.12;-21.25;-14.25;-188.82;-116.02;-183.01
12-01-2022;11:57:00;25.05;51.99;-280.48;-366.97;-38.50;-21.59;-10.09;-82.76;-21.50;-14.21;-188.35;-115.98;-182.88
12-01-2022;19:54:00;24.95;52.45;-280.90;-366.87;-38.88;-21.50;-10.10;-83.04;-21.53;-13.83;-188.33;-115.32;-182.73
13-01-2022;03:57:00;24.90;53.23;-280.84;-367.03;-38.51;-21.53;-10.34;-83.03;-21.50;-14.20;-188.35;-115.28;-182.78
13-01-2022;12:01:00;25.22;52.84;-281.02;-367.21;-38.55;-21.56;-10.56;-83.00;-21.48;-14.26;-188.76;-115.56;-182.99
13-01-2022;20:12:00;24.94;52.83;-280.90;-367.65;-38.89;-21.43;-9.81;-83.00;-21.43;-13.93;-189.00;-115.53;-183.01
14-01-2022;04:00:00;25.36;52.95;-280.46;-368.11;-38.37;-21.47;-10.27;-82.89;-20.92;-14.77;-188.63;-115.28;-182.74
14-01-2022;11:55:00;25.00;53.36;-280.06;-368.39;-37.83;-21.33;-10.76;-83.35;-20.75;-15.56;-188.65;-114.98;-183.01
14-01-2022;19:59:00;24.64;53.69;-280.09;-368.89;-38.20;-21.43;-11.18;-83.85;-20.75;-15.01;-188.84;-115.34;-182.95
15-01-2022;04:02:00;24.27;53.83;-280.17;-368.78;-38.52;-21.41;-11.28;-83.74;-20.84;-15.00;-189.04;-115.46;-182.90
15-01-2022;11:58:00;24.73;54.19;-280.14;-368.71;-38.58;-21.37;-11.18;-83.63;-20.80;-15.13;-188.83;-115.40;-182.99
15-01-2022;19:53:00;23.63;53.91;-280.10;-367.78;-38.20;-21.94;-11.25;-84.16;-21.20;-15.08;-189.10;-116.23;-183.18
16-01-2022;03:59:00;24.45;54.01;-280.31;-367.04;-38.11;-21.78;-11.05;-84.14;-21.07;-15.07;-189.04;-116.24;-183.13
16-01-2022;12:03:00;25.95;54.24;-280.15;-367.57;-38.16;-21.61;-10.90;-84.04;-20.83;-14.53;-188.83;-116.13;-183.07
16-01-2022;19:56:00;25.33;54.51;-280.31;-367.99;-38.66;-21.49;-10.21;-83.79;-20.96;-14.37;-188.86;-116.22;-182.93
17-01-2022;04:04:00;25.20;54.71;-280.35;-368.68;-38.38;-21.37;-10.23;-83.90;-20.78;-14.19;-188.63;-115.75;-182.73
17-01-2022;11:55:00;25.07;54.82;-280.43;-369.00;-38.83;-21.36;-10.47;-84.16;-20.77;-14.30;-188.60;-115.78;-182.72
17-01-2022;19:58:00;24.63;55.28;-280.41;-367.91;-38.29;-21.42;-10.98;-84.26;-20.77;-14.56;-188.79;-115.62;-182.89
18-01-2022;04:02:00;24.28;55.17;-280.36;-368.24;-38.44;-21.65;-10.98;-84.16;-20.95;-14.48;-188.88;-115.78;-182.80
18-01-2022;12:05:00;24.43;55.15;-280.62;-368.63;-38.66;-21.84;-10.89;-84.13;-20.80;-14.41;-188.80;-116.13;-182.88
18-01-2022;20:00:00;25.67;55.26;-280.62;-368.31;-38.58;-21.57;-10.66;-83.80;-20.73;-14.16;-188.55;-116.40;-183.06
19-01-2022;03:56:00;25.35;55.23;-280.19;-367.30;-38.46;-21.78;-10.95;-83.90;-20.90;-14.03;-189.03;-115.99;-183.16
19-01-2022;12:00:00;25.94;54.98;-280.24;-367.69;-38.32;-21.55;-11.41;-83.90;-20.94;-13.55;-189.11;-116.00;-183.12
19-01-2022;20:01:00;25.32;54.17;-280.17;-368.99;-38.29;-21.20;-10.55;-84.06;-20.78;-13.95;-189.08;-115.67;-182.94
20-01-2022;04:06:00;26.07;54.34;-280.05;-368.53;-38.17;-21.34;-11.20;-84.40;-20.89;-13.93;-188.99;-115.69;-182.89
20-01-2022;11:54:00;25.77;54.20;-279.92;-369.25;-39.14;-21.22;-11.24;-84.22;-20.75;-13.53;-188.88;-115.74;-182.77
20-01-2022;19:58:00;25.65;53.95;-279.85;-369.35;-39.06;-21.36;-11.77;-84.89;-20.86;-13.89;-189.03;-115.81;-182.79
21-01-2022;04:01:00;24.98;54.10;-280.23;-370.46;-39.60;-21.28;-11.50;-84.83;-20.78;-13.68;-189.18;-115.69;-182.87
21-01-2022;12:04:00;24.70;53.77;-280.02;-370.76;-39.20;-21.38;-11.58;-85.02;-20.86;-13.79;-189.14;-116.29;-183.07
21-01-2022;20:00:00;24.87;54.28;-279.97;-370.62;-39.14;-21.20;-11.41;-84.69;-20.72;-13.80;-189.24;-116.42;-183.11
22-01-2022;03:55:00;25.09;54.71;-280.00;-370.59;-38.88;-21.23;-11.79;-84.83;-20.98;-13.87;-189.07;-116.28;-183.15
22-01-2022;12:06:00;25.04;55.06;-280.28;-370.51;-39.85;-20.95;-11.83;-84.46;-20.79;-14.08;-188.80;-116.35;-183.32
22-01-2022;20:02:00;25.29;55.46;-280.73;-371.08;-39.86;-20.84;-11.76;-84.33;-20.72;-14.58;-188.89;-116.17;-183.58
23-01-2022;03:58:00;26.05;55.76;-280.82;-371.31;-40.04;-20.61;-11.13;-84.38;-20.39;-14.10;-188.63;-116.22;-183.29
23-01-2022;11:53:00;25.58;56.04;-280.89;-371.57;-39.91;-20.67;-11.24;-84.54;-20.49;-14.07;-188.65;-116.10;-183.28
23-01-2022;19:57:00;25.38;55.76;-280.96;-371.78;-39.98;-20.69;-11.19;-84.60;-20.46;-13.77;-188.54;-115.82;-183.32
24-01-2022;04:00:00;25.50;55.74;-280.81;-372.29;-39.71;-20.64;-11.25;-84.54;-20.46;-13.86;-188.76;-115.76;-183.36
24-01-2022;12:04:00;25.53;55.72;-280.80;-371.77;-39.39;-20.82;-11.13;-85.05;-20.75;-13.72;-189.11;-115.87;-183.33
24-01-2022;19:59:00;25.91;55.37;-280.07;-372.53;-39.28;-20.34;-11.30;-84.67;-20.41;-13.58;-189.06;-116.06;-183.45
25-01-2022;03:55:00;25.14;55.38;-280.01;-372.01;-38.80;-20.46;-12.03;-84.26;-20.48;-14.01;-189.13;-116.11;-183.87
25-01-2022;11:58:00;25.19;55.09;-280.01;-371.85;-38.99;-20.58;-12.21;-84.61;-20.66;-14.51;-189.01;-116.45;-183.81
25-01-2022;20:02:00;24.79;55.34;-280.03;-372.16;-39.03;-20.68;-12.09;-84.31;-20.69;-14.18;-189.06;-116.26;-183.92
26-01-2022;03:57:00;26.53;54.51;-280.18;-373.44;-39.23;-20.44;-11.71;-83.91;-20.52;-14.21;-188.84;-115.90;-183.57
26-01-2022;11:53:00;26.01;54.24;-280.33;-373.23;-39.29;-20.39;-11.91;-84.23;-20.61;-14.38;-188.93;-115.70;-183.39
26-01-2022;19:57:00;24.99;54.39;-280.30;-372.55;-38.93;-20.67;-12.24;-84.57;-20.77;-14.52;-188.97;-116.28;-183.65
27-01-2022;04:00:00;25.03;55.63;-279.98;-372.76;-38.93;-20.86;-12.14;-84.62;-20.83;-14.38;-189.51;-116.70;-184.16
27-01-2022;12:03:00;25.05;55.89;-280.05;-373.29;-38.56;-20.75;-12.84;-84.38;-20.79;-13.95;-189.27;-116.85;-183.52
27-01-2022;19:51:00;25.29;55.50;-279.87;-374.11;-38.94;-20.30;-13.01;-84.27;-20.51;-13.96;-189.33;-116.43;-183.29
28-01-2022;03:50:00;24.76;55.59;-279.77;-374.06;-39.04;-20.29;-13.34;-84.36;-20.41;-13.61;-189.38;-116.18;-183.22
28-01-2022;11:58:00;23.76;55.56;-279.97;-373.61;-38.84;-20.33;-13.02;-84.56;-20.32;-13.79;-189.47;-116.40;-183.26
28-01-2022;20:01:00;22.29;55.96;-279.86;-373.00;-38.34;-20.92;-13.15;-85.02;-20.82;-14.42;-189.81;-116.55;-183.88
29-01-2022;04:11:00;22.56;56.59;-279.97;-372.58;-38.01;-20.95;-13.27;-85.00;-21.02;-14.34;-189.83;-116.27;-183.95
29-01-2022;12:00:00;24.32;55.68;-280.47;-372.56;-39.44;-20.92;-13.04;-84.32;-21.10;-13.70;-189.42;-116.12;-183.77
29-01-2022;19:56:00;25.29;55.73;-280.72;-372.44;-39.37;-20.49;-11.98;-83.96;-20.61;-14.32;-189.48;-116.47;-183.70
30-01-2022;03:59:00;25.49;55.49;-280.32;-373.69;-40.63;-20.57;-11.94;-84.29;-20.33;-13.63;-189.14;-115.74;-183.27
30-01-2022;12:03:00;25.16;55.33;-280.79;-374.43;-39.96;-20.62;-12.50;-85.44;-20.25;-13.66;-189.14;-116.11;-183.10
30-01-2022;19:58:00;24.70;55.51;-280.82;-373.78;-40.15;-20.32;-12.81;-85.62;-20.18;-13.53;-189.62;-116.01;-182.82
31-01-2022;03:54:00;24.32;55.51;-280.69;-373.42;-40.15;-20.50;-13.02;-85.63;-20.29;-13.35;-189.95;-116.96;-183.07
31-01-2022;11:57:00;24.64;55.36;-280.61;-374.35;-40.54;-20.70;-12.84;-85.98;-20.58;-12.88;-190.25;-116.66;-183.23
31-01-2022;20:01:00;23.84;55.04;-280.86;-373.27;-40.46;-21.07;-13.00;-86.05;-20.87;-13.66;-190.52;-116.92;-183.95
01-02-2022;04:04:00;24.47;55.38;-280.51;-373.76;-40.32;-20.52;-12.46;-85.33;-20.54;-13.38;-190.34;-116.53;-183.59
01-02-2022;12:00:00;25.56;55.73;-279.79;-373.58;-40.55;-20.78;-12.99;-85.21;-20.76;-13.65;-190.16;-116.12;-183.12
01-02-2022;19:56:00;25.48;56.13;-279.46;-373.69;-39.48;-20.78;-13.52;-85.36;-20.71;-14.05;-191.09;-116.61;-184.12
02-02-2022;03:58:00;25.00;55.55;-279.89;-373.69;-39.44;-20.86;-14.39;-85.77;-20.92;-14.25;-190.95;-116.45;-183.88
02-02-2022;12:02:00;26.39;55.67;-279.96;-374.87;-40.63;-20.37;-13.79;-85.16;-20.47;-13.38;-190.84;-116.08;-183.23
02-02-2022;19:58:00;26.97;55.02;-279.91;-374.00;-40.14;-20.68;-14.01;-85.28;-20.83;-13.87;-191.13;-115.84;-183.13
03-02-2022;03:54:00;27.37;55.17;-279.64;-373.91;-39.47;-20.67;-14.25;-84.62;-20.78;-13.92;-191.34;-115.99;-183.30
03-02-2022;11:57:00;29.50;55.87;-279.60;-374.63;-39.84;-20.74;-14.46;-83.93;-20.83;-13.81;-191.55;-116.05;-183.42
03-02-2022;20:00:00;29.50;56.02;-279.64;-375.33;-40.06;-20.77;-13.71;-84.42;-20.84;-13.93;-191.35;-116.13;-183.60
04-02-2022;04:04:00;30.78;57.04;-280.98;-376.52;-41.75;-20.64;-13.90;-84.37;-20.89;-13.60;-191.49;-116.37;-183.59
04-02-2022;12:00:00;30.90;56.52;-280.82;-376.26;-41.64;-20.51;-13.99;-84.99;-20.82;-13.62;-191.52;-116.58;-183.97
04-02-2022;19:54:00;30.54;57.40;-280.97;-375.63;-41.27;-20.83;-14.04;-85.00;-20.98;-13.79;-192.05;-116.67;-184.05
05-02-2022;03:59:00;31.67;57.23;-280.23;-376.71;-41.44;-20.71;-13.87;-85.03;-20.90;-13.46;-191.31;-116.73;-183.57
05-02-2022;12:09:00;31.22;57.25;-280.55;-376.59;-41.22;-20.97;-13.35;-85.74;-21.02;-13.82;-191.84;-116.90;-184.02
05-02-2022;19:58:00;31.80;57.37;-280.71;-375.83;-41.18;-21.06;-13.33;-85.43;-21.17;-13.97;-192.03;-116.70;-184.33
06-02-2022;03:53:00;32.23;56.46;-279.81;-377.02;-41.07;-21.22;-14.03;-84.97;-21.14;-13.99;-191.98;-116.98;-184.29
06-02-2022;11:57:00;31.62;57.44;-280.26;-376.52;-41.01;-21.19;-14.34;-85.35;-21.29;-14.02;-192.30;-117.13;-184.97
06-02-2022;20:00:00;31.85;58.86;-280.17;-375.94;-39.97;-21.32;-15.51;-85.41;-21.28;-14.43;-192.24;-116.84;-184.76
07-02-2022;04:03:00;33.26;58.10;-280.56;-376.09;-40.10;-21.36;-15.90;-85.52;-21.27;-14.47;-192.34;-116.86;-184.54
07-02-2022;11:59:00;34.11;58.11;-280.30;-377.02;-40.82;-21.04;-14.93;-84.90;-20.83;-13.95;-191.62;-116.13;-184.21
07-02-2022;19:55:00;33.66;58.81;-280.28;-377.11;-41.56;-21.24;-15.69;-85.26;-20.84;-13.75;-191.93;-116.66;-184.45
08-02-2022;03:55:00;33.52;59.00;-279.26;-377.80;-42.11;-21.42;-16.18;-85.81;-21.09;-13.77;-191.52;-116.84;-184.12
08-02-2022;12:01:00;33.50;58.54;-279.59;-377.33;-42.87;-21.16;-16.38;-85.61;-20.87;-13.62;-191.59;-116.90;-183.72
08-02-2022;20:05:00;33.36;58.91;-279.99;-376.86;-42.60;-21.27;-16.43;-86.39;-20.89;-13.77;-191.88;-116.56;-183.86
09-02-2022;04:00:00;33.81;57.80;-279.34;-377.39;-43.28;-21.18;-16.09;-87.01;-20.89;-13.54;-191.81;-116.57;-183.42
09-02-2022;11:56:00;34.27;57.03;-279.38;-377.03;-43.48;-20.95;-16.73;-87.22;-20.84;-13.88;-192.03;-116.83;-183.88
09-02-2022;19:59:00;34.26;57.31;-278.93;-377.35;-42.43;-21.07;-16.74;-86.86;-20.82;-13.87;-192.32;-117.07;-184.31
10-02-2022;04:03:00;34.02;56.39;-278.73;-377.63;-42.79;-20.95;-16.43;-87.00;-20.76;-13.50;-192.01;-117.19;-184.54
10-02-2022;11:58:00;34.33;57.05;-278.69;-377.36;-42.64;-21.41;-17.65;-87.80;-21.12;-14.05;-192.51;-117.78;-184.90
10-02-2022;19:54:00;34.95;57.50;-278.70;-378.41;-43.33;-21.10;-16.48;-87.41;-20.65;-13.65;-192.03;-117.19;-184.55
11-02-2022;03:57:00;35.58;57.48;-278.56;-378.73;-43.98;-20.89;-16.28;-87.30;-20.56;-13.51;-192.01;-117.00;-184.43
11-02-2022;12:00:00;36.54;58.20;-278.50;-379.86;-44.59;-20.59;-16.24;-87.53;-20.21;-13.20;-191.98;-116.96;-184.35
11-02-2022;20:08:00;35.74;56.05;-278.75;-380.44;-44.35;-20.46;-16.20;-87.73;-20.15;-13.40;-191.90;-116.63;-184.56
12-02-2022;04:00:00;36.70;55.05;-278.84;-381.35;-44.64;-20.50;-16.18;-87.66;-20.05;-13.09;-191.73;-116.80;-184.50
12-02-2022;12:01:00;36.08;54.26;-278.86;-381.32;-44.51;-20.91;-16.72;-87.54;-20.33;-13.61;-193.04;-117.17;-184.90
12-02-2022;19:59:00;35.60;54.80;-278.85;-382.46;-44.31;-20.52;-15.92;-86.89;-20.15;-13.50;-192.55;-116.74;-184.13
13-02-2022;04:02:00;35.17;55.30;-278.60;-380.69;-43.40;-20.85;-15.02;-86.45;-20.35;-13.33;-192.74;-117.34;-184.32
13-02-2022;11:58:00;33.86;55.25;-278.54;-381.47;-43.78;-20.79;-15.32;-85.54;-20.38;-13.47;-191.95;-117.01;-184.02
13-02-2022;19:44:00;34.41;55.33;-278.39;-381.62;-44.13;-20.61;-15.35;-86.23;-20.39;-13.54;-191.74;-117.03;-184.01
14-02-2022;03:57:00;34.25;55.93;-277.87;-380.90;-43.71;-20.90;-15.04;-85.59;-20.76;-13.75;-191.66;-116.90;-184.46
14-02-2022;11:56:00;35.39;56.22;-276.46;-380.65;-43.60;-21.10;-15.73;-85.42;-20.86;-13.90;-191.58;-117.29;-184.63
14-02-2022;20:04:00;37.01;56.76;-276.87;-381.04;-45.11;-21.00;-15.55;-85.49;-20.77;-13.16;-191.94;-116.92;-184.38
15-02-2022;03:59:00;37.85;56.17;-277.46;-381.50;-44.56;-20.85;-15.36;-85.84;-20.55;-13.43;-191.78;-116.96;-184.76
15-02-2022;11:55:00;37.51;56.53;-277.65;-380.90;-44.68;-21.01;-16.09;-86.46;-20.58;-13.20;-192.26;-116.46;-185.06
15-02-2022;19:58:00;37.83;56.05;-277.48;-381.33;-45.22;-20.34;-14.89;-85.63;-20.02;-12.97;-191.49;-116.60;-184.95
16-02-2022;04:02:00;37.95;57.16;-277.00;-379.97;-43.92;-20.49;-15.70;-86.52;-20.34;-13.61;-191.73;-117.44;-185.29
16-02-2022;11:57:00;38.31;58.00;-277.25;-380.77;-43.39;-20.73;-15.75;-86.77;-20.69;-13.45;-192.33;-117.91;-185.68
16-02-2022;19:53:00;37.85;57.77;-277.34;-380.06;-42.86;-20.81;-15.90;-87.90;-21.07;-14.19;-192.29;-117.42;-185.50
17-02-2022;03:49:00;39.62;57.94;-277.49;-380.94;-43.92;-20.05;-15.03;-87.85;-20.38;-13.78;-191.63;-116.88;-185.45
17-02-2022;12:00:00;40.62;58.35;-277.50;-381.35;-44.05;-20.31;-14.84;-88.09;-20.51;-13.69;-191.82;-116.25;-185.48
17-02-2022;20:03:00;40.47;58.95;-278.36;-381.03;-44.01;-19.96;-14.43;-87.71;-20.07;-13.34;-191.10;-116.12;-185.14
18-02-2022;03:59:00;40.81;57.99;-279.56;-380.90;-44.04;-19.91;-15.23;-87.56;-20.20;-13.59;-191.48;-115.89;-184.91
18-02-2022;11:55:00;40.97;57.22;-279.35;-381.26;-45.11;-19.45;-14.83;-87.63;-19.92;-13.05;-191.18;-115.47;-184.94
18-02-2022;19:58:00;40.38;57.26;-279.87;-381.28;-45.43;-19.20;-14.67;-87.66;-19.64;-13.17;-191.18;-115.36;-184.64
19-02-2022;04:01:00;41.36;57.47;-279.92;-381.04;-45.46;-19.21;-14.75;-87.58;-19.59;-12.50;-190.66;-115.01;-184.56
19-02-2022;12:05:00;41.53;57.83;-280.38;-380.85;-45.53;-19.47;-14.71;-87.31;-19.74;-12.41;-190.49;-114.19;-184.15
19-02-2022;20:01:00;42.13;57.22;-280.82;-380.86;-45.40;-19.23;-13.72;-86.97;-19.40;-12.39;-190.30;-114.40;-184.42
20-02-2022;03:56:00;42.17;57.18;-281.35;-381.17;-45.69;-18.96;-13.90;-87.17;-19.01;-11.98;-190.36;-114.52;-184.60
20-02-2022;12:00:00;41.40;57.66;-281.17;-380.78;-45.75;-19.12;-14.04;-87.49;-19.06;-12.13;-190.73;-114.73;-185.01
20-02-2022;20:03:00;42.80;58.04;-280.49;-380.55;-44.54;-19.12;-13.68;-87.92;-19.22;-12.56;-190.12;-114.47;-185.59
21-02-2022;03:59:00;43.12;58.00;-279.82;-380.20;-44.57;-19.33;-13.88;-88.33;-19.65;-12.77;-190.64;-114.02;-185.73
21-02-2022;11:54:00;43.85;57.63;-279.73;-380.69;-44.60;-19.21;-14.02;-87.68;-19.74;-12.20;-190.12;-113.76;-185.66
21-02-2022;19:58:00;43.96;57.09;-279.80;-381.03;-44.25;-18.94;-14.20;-87.75;-19.39;-11.67;-189.91;-113.45;-185.80
22-02-2022;03:57:00;43.09;57.22;-279.97;-380.48;-44.21;-18.64;-13.95;-87.35;-18.89;-11.47;-189.69;-112.65;-185.49
22-02-2022;12:04:00;43.12;57.65;-280.22;-380.53;-43.85;-19.08;-15.10;-88.32;-19.45;-11.75;-189.86;-112.93;-185.73
22-02-2022;20:00:00;41.96;58.06;-279.10;-379.67;-43.09;-19.16;-14.51;-88.51;-19.47;-12.28;-190.36;-113.32;-185.94
23-02-2022;03:56:00;42.72;58.58;-278.85;-379.14;-43.08;-19.08;-15.14;-87.81;-19.70;-12.02;-190.72;-113.25;-186.52
23-02-2022;11:59:00;42.84;58.75;-279.28;-379.11;-43.20;-18.92;-14.32;-86.93;-19.55;-11.84;-190.47;-112.98;-186.24
23-02-2022;20:03:00;43.44;58.46;-278.20;-378.56;-43.48;-19.03;-13.85;-86.80;-19.77;-12.15;-191.14;-113.21;-186.29
24-02-2022;03:58:00;42.30;58.03;-279.22;-378.05;-43.14;-18.81;-13.43;-87.23;-19.55;-12.13;-190.98;-112.92;-186.57
24-02-2022;11:54:00;42.36;57.00;-279.63;-377.93;-42.08;-19.06;-13.22;-87.40;-19.65;-12.22;-191.36;-113.24;-186.77
24-02-2022;19:57:00;41.45;58.00;-278.35;-376.88;-41.28;-19.18;-13.31;-87.38;-19.91;-11.82;-191.56;-113.27;-186.53
25-02-2022;04:01:00;43.09;60.18;-278.89;-377.45;-42.17;-19.22;-12.02;-87.15;-19.85;-11.76;-191.15;-112.77;-185.74
25-02-2022;12:04:00;42.19;60.46;-279.22;-377.11;-42.04;-18.98;-10.60;-87.24;-19.91;-11.03;-190.72;-113.00;-185.98
25-02-2022;20:00:00;42.04;60.40;-279.20;-378.04;-42.33;-18.67;-10.17;-87.34;-19.65;-10.28;-190.52;-113.35;-185.88
26-02-2022;03:55:00;42.81;60.44;-278.77;-378.53;-42.68;-18.62;-10.39;-87.43;-19.68;-10.49;-191.11;-112.96;-186.23
26-02-2022;11:59:00;42.71;60.84;-278.80;-378.90;-42.99;-18.54;-10.52;-87.50;-19.49;-10.10;-190.81;-112.21;-186.16
26-02-2022;20:02:00;43.14;60.92;-279.00;-377.65;-43.24;-18.71;-10.28;-87.23;-19.39;-10.44;-191.02;-112.80;-186.73
27-02-2022;03:58:00;43.28;60.79;-279.23;-378.47;-43.09;-18.37;-8.69;-87.08;-19.11;-10.42;-190.99;-112.49;-186.35
27-02-2022;11:53:00;42.71;60.31;-278.76;-378.22;-42.97;-18.19;-8.81;-86.96;-18.91;-10.43;-190.88;-111.74;-186.47
27-02-2022;19:57:00;44.06;59.67;-278.54;-378.91;-43.15;-18.26;-7.88;-87.11;-18.58;-9.75;-190.75;-111.55;-186.70
28-02-2022;04:00:00;44.02;59.47;-278.57;-378.01;-42.81;-18.37;-8.27;-88.04;-18.65;-10.24;-190.26;-111.84;-186.89
28-02-2022;12:04:00;42.83;59.50;-278.72;-377.78;-43.45;-18.11;-8.51;-87.72;-18.39;-9.85;-189.67;-111.46;-186.57
28-02-2022;19:59:00;43.43;59.46;-278.98;-379.40;-43.90;-17.67;-7.30;-86.85;-17.90;-9.04;-189.16;-110.82;-186.04
01-03-2022;03:55:00;43.67;59.79;-278.53;-378.41;-43.37;-18.01;-7.46;-87.08;-18.11;-9.38;-189.78;-111.77;-186.71
01-03-2022;11:58:00;44.04;59.34;-279.06;-378.45;-44.66;-18.08;-7.93;-86.99;-17.82;-9.10;-189.98;-110.36;-186.52
01-03-2022;19:59:00;44.45;59.32;-278.82;-378.78;-45.19;-17.45;-7.39;-87.42;-17.73;-8.70;-190.67;-110.58;-186.94
02-03-2022;03:57:00;44.18;58.41;-279.39;-378.98;-45.20;-17.31;-7.51;-87.33;-17.58;-8.57;-190.96;-110.58;-186.70
02-03-2022;11:54:00;44.52;59.61;-278.64;-378.59;-43.90;-17.71;-7.33;-87.76;-17.97;-8.53;-190.99;-110.09;-186.81
02-03-2022;19:57:00;44.16;59.33;-279.14;-378.64;-43.17;-17.41;-6.95;-87.33;-17.55;-8.76;-190.45;-110.12;-185.98
03-03-2022;04:01:00;44.19;58.70;-279.11;-380.04;-42.98;-16.86;-6.71;-87.10;-16.94;-8.55;-189.84;-109.97;-185.46
03-03-2022;11:45:00;43.33;58.25;-278.90;-380.34;-42.99;-17.27;-7.66;-87.92;-17.46;-7.62;-190.21;-110.08;-185.60
03-03-2022;19:58:00;43.63;59.27;-279.14;-380.05;-42.71;-16.89;-7.27;-87.77;-16.84;-7.89;-189.52;-110.27;-184.99
04-03-2022;04:02:00;43.83;59.25;-279.32;-379.26;-42.78;-16.67;-7.24;-87.69;-16.45;-7.72;-189.37;-110.35;-184.89
04-03-2022;12:05:00;43.90;58.55;-279.64;-379.85;-42.53;-16.59;-6.67;-88.16;-16.37;-7.29;-189.66;-110.44;-185.30
04-03-2022;20:01:00;43.76;58.35;-279.54;-379.48;-42.75;-16.16;-6.57;-88.26;-15.73;-7.38;-189.73;-109.91;-185.27
05-03-2022;03:56:00;44.97;58.72;-279.79;-379.62;-42.52;-15.73;-6.48;-88.45;-15.40;-6.74;-189.31;-109.90;-185.22
05-03-2022;12:00:00;45.50;59.76;-280.32;-380.68;-42.78;-15.25;-5.59;-87.76;-14.92;-6.38;-188.79;-109.85;-185.07
05-03-2022;20:03:00;45.25;59.90;-279.85;-379.67;-42.39;-15.60;-6.36;-88.32;-15.33;-6.81;-189.08;-110.25;-185.30
06-03-2022;03:58:00;45.00;59.33;-280.05;-379.00;-41.90;-15.75;-6.54;-88.53;-15.53;-6.92;-189.24;-110.37;-185.40
06-03-2022;11:54:00;44.37;59.11;-279.95;-378.56;-42.45;-15.72;-6.34;-88.88;-15.65;-6.48;-189.42;-110.40;-185.82
06-03-2022;19:57:00;46.64;59.16;-280.30;-377.54;-42.43;-15.36;-6.73;-88.19;-15.20;-6.76;-189.21;-110.32;-185.63
07-03-2022;04:01:00;47.56;58.67;-280.63;-378.12;-42.89;-15.10;-6.71;-87.93;-14.73;-6.04;-189.12;-110.18;-185.45
07-03-2022;12:04:00;48.14;58.76;-280.63;-378.81;-43.00;-14.59;-6.12;-87.54;-14.21;-5.84;-188.73;-109.79;-185.16
07-03-2022;20:00:00;48.20;58.81;-280.60;-377.89;-42.77;-14.43;-6.32;-87.68;-14.06;-5.88;-188.55;-109.57;-184.93
08-03-2022;03:55:00;47.83;58.24;-280.34;-377.12;-42.61;-14.34;-6.66;-88.24;-14.18;-5.81;-188.68;-109.54;-185.01
08-03-2022;11:58:00;47.65;58.50;-280.22;-376.60;-42.46;-14.85;-7.00;-88.95;-14.50;-5.54;-189.41;-110.15;-185.53
08-03-2022;20:02:00;46.98;58.56;-280.08;-375.79;-41.90;-14.94;-7.31;-88.98;-14.45;-6.10;-189.19;-110.34;-185.27
09-03-2022;04:05:00;46.49;58.06;-279.84;-375.28;-40.90;-15.14;-7.96;-89.59;-14.86;-6.19;-189.09;-110.28;-185.36
09-03-2022;12:07:00;47.52;58.54;-279.26;-376.74;-42.47;-14.77;-7.21;-89.26;-14.46;-5.81;-188.08;-109.19;-184.84
09-03-2022;19:56:00;48.87;58.60;-279.68;-376.68;-44.20;-14.38;-6.58;-89.51;-14.47;-5.40;-187.99;-108.91;-184.92
10-03-2022;04:00:00;48.61;58.24;-279.66;-377.20;-44.59;-14.04;-6.54;-89.57;-14.09;-5.12;-187.73;-108.57;-184.58
10-03-2022;12:03:00;47.81;58.65;-279.98;-376.70;-43.79;-13.95;-6.37;-89.70;-14.24;-5.37;-187.87;-108.29;-184.75
10-03-2022;19:58:00;47.17;58.75;-280.51;-376.82;-43.49;-13.75;-6.24;-89.75;-14.20;-5.35;-187.95;-108.28;-184.41
11-03-2022;03:54:00;46.20;58.29;-280.93;-375.99;-42.91;-13.85;-5.37;-89.59;-14.09;-5.35;-187.90;-108.27;-184.60
11-03-2022;11:57:00;46.03;57.72;-280.59;-374.96;-42.69;-13.91;-4.91;-90.22;-14.25;-5.44;-187.77;-108.30;-184.60
11-03-2022;20:01:00;46.67;57.68;-280.21;-375.89;-42.76;-13.29;-4.41;-89.95;-13.82;-4.83;-187.23;-107.27;-184.09
12-03-2022;04:04:00;46.78;57.04;-280.06;-375.63;-42.65;-12.96;-4.75;-90.16;-13.62;-4.44;-187.26;-106.40;-183.40
12-03-2022;12:01:00;47.51;57.15;-280.18;-376.65;-42.77;-12.71;-4.46;-90.01;-13.20;-3.74;-187.48;-106.47;-183.41
12-03-2022;19:55:00;47.91;56.59;-280.57;-377.06;-42.44;-12.25;-5.18;-90.27;-12.77;-3.78;-187.89;-106.32;-183.63
13-03-2022;03:58:00;48.34;56.36;-281.04;-377.05;-42.33;-12.02;-5.65;-90.14;-12.42;-3.57;-187.92;-106.14;-183.56
13-03-2022;12:02:00;48.34;56.49;-281.65;-377.80;-42.11;-12.03;-5.46;-90.41;-12.40;-3.43;-187.72;-106.27;-183.76
13-03-2022;20:05:00;48.37;56.28;-281.85;-377.37;-42.64;-12.05;-5.70;-90.79;-12.29;-3.50;-187.55;-106.22;-183.87
14-03-2022;04:01:00;48.17;56.17;-282.05;-377.10;-42.30;-11.77;-5.82;-90.72;-12.02;-3.20;-187.52;-106.22;-183.80
14-03-2022;11:56:00;47.88;55.82;-282.62;-377.56;-42.16;-11.56;-6.20;-90.89;-11.95;-3.04;-187.61;-106.44;-183.50
14-03-2022;19:54:00;47.12;55.98;-282.98;-377.78;-42.00;-11.36;-6.56;-90.28;-11.77;-2.87;-187.64;-106.14;-183.26
15-03-2022;04:03:00;45.97;56.12;-283.87;-377.19;-41.42;-11.28;-6.40;-90.39;-11.60;-3.17;-187.44;-105.84;-183.13
15-03-2022;11:58:00;47.31;56.22;-284.45;-378.77;-42.69;-10.96;-5.93;-90.35;-11.15;-2.42;-187.04;-105.85;-182.59
15-03-2022;19:54:00;47.06;56.28;-284.93;-378.66;-42.71;-10.58;-5.27;-90.21;-10.85;-2.38;-187.19;-106.16;-182.53
16-03-2022;03:57:00;45.71;56.21;-285.22;-378.84;-42.28;-10.65;-4.60;-89.98;-10.73;-2.21;-187.41;-106.50;-182.75
16-03-2022;12:05:00;45.41;56.17;-285.30;-379.08;-43.01;-10.63;-4.23;-90.03;-10.76;-2.25;-187.33;-106.62;-182.74
16-03-2022;20:04:00;44.26;56.45;-285.18;-378.56;-42.27;-10.44;-4.28;-89.80;-11.15;-2.20;-187.44;-107.81;-182.55
17-03-2022;03:59:00;43.45;56.46;-285.27;-378.96;-41.51;-10.36;-5.14;-89.96;-11.05;-1.90;-187.83;-107.51;-182.42
17-03-2022;11:50:00;43.38;56.65;-285.00;-378.87;-41.26;-10.45;-4.53;-89.64;-11.11;-1.96;-187.32;-107.34;-182.68
17-03-2022;19:58:00;43.39;56.65;-284.57;-378.53;-41.05;-10.83;-4.11;-89.93;-11.37;-2.12;-187.57;-107.37;-182.79
18-03-2022;03:57:00;43.94;57.60;-284.23;-377.85;-40.84;-11.30;-4.39;-90.07;-11.70;-2.28;-188.35;-107.78;-183.45
18-03-2022;12:05:00;45.76;57.79;-284.87;-379.02;-41.04;-11.17;-4.63;-89.72;-11.76;-2.37;-188.66;-107.87;-183.61
18-03-2022;20:08:00;45.77;58.31;-284.60;-378.94;-41.19;-11.02;-4.56;-89.91;-11.50;-2.00;-188.37;-107.64;-183.24
19-03-2022;04:01:00;46.10;59.00;-284.17;-378.82;-40.51;-10.93;-4.78;-90.24;-11.41;-2.16;-188.86;-108.01;-183.58
19-03-2022;11:59:00;46.20;59.22;-284.19;-378.65;-40.24;-11.20;-4.58;-91.26;-11.70;-1.89;-188.47;-107.51;-182.88
19-03-2022;20:02:00;44.51;58.52;-284.78;-378.71;-39.96;-10.87;-4.67;-90.84;-11.10;-2.35;-188.79;-107.61;-182.52
20-03-2022;03:58:00;42.92;58.16;-284.66;-377.03;-38.94;-11.31;-5.81;-92.26;-11.63;-2.74;-189.20;-107.83;-182.69
20-03-2022;11:53:00;42.79;58.46;-284.67;-377.61;-39.23;-11.32;-5.73;-92.60;-11.55;-2.44;-189.00;-107.59;-182.61
20-03-2022;19:57:00;43.99;58.75;-285.30;-379.68;-40.36;-10.65;-5.16;-92.09;-10.96;-2.02;-188.52;-107.54;-182.46
21-03-2022;04:00:00;44.02;58.84;-285.08;-379.90;-39.70;-10.34;-5.58;-92.00;-10.70;-2.22;-188.67;-107.29;-182.30
21-03-2022;12:03:00;43.69;58.72;-285.45;-379.56;-39.45;-10.31;-5.62;-91.95;-10.81;-2.19;-188.58;-107.51;-182.31
21-03-2022;19:53:00;44.92;58.36;-285.12;-379.98;-39.66;-9.88;-5.55;-91.69;-10.36;-1.59;-187.44;-107.31;-181.70
22-03-2022;03:54:00;44.83;58.25;-284.89;-378.90;-39.66;-9.97;-6.11;-92.13;-10.53;-1.62;-187.45;-107.65;-181.58
22-03-2022;11:58:00;44.07;58.21;-284.55;-378.59;-39.73;-10.33;-7.04;-92.48;-10.83;-1.41;-187.52;-107.92;-181.89
22-03-2022;20:01:00;45.08;58.35;-284.75;-378.09;-40.39;-9.93;-7.00;-92.94;-10.26;-1.06;-187.25;-107.41;-181.55
23-03-2022;04:04:00;44.24;58.92;-284.41;-377.91;-40.49;-9.64;-7.36;-93.29;-10.06;-0.92;-187.33;-107.32;-181.90
23-03-2022;12:00:00;43.54;59.06;-284.69;-378.09;-40.50;-10.25;-7.85;-93.80;-10.74;-0.73;-187.58;-107.48;-181.80
23-03-2022;20:01:00;45.22;58.69;-285.28;-379.48;-40.95;-9.76;-7.41;-93.05;-10.15;-0.84;-187.18;-107.18;-181.06
24-03-2022;03:59:00;43.77;60.02;-285.68;-378.88;-40.50;-9.79;-8.20;-93.00;-10.23;-0.65;-188.00;-107.44;-181.31
24-03-2022;12:03:00;43.07;60.69;-285.41;-377.63;-39.86;-10.14;-8.66;-93.29;-10.59;-0.88;-188.56;-107.44;-181.30
24-03-2022;20:05:00;44.09;60.84;-285.34;-377.74;-40.05;-10.02;-8.93;-93.38;-10.71;-1.06;-188.15;-107.19;-181.17
25-03-2022;03:53:00;43.92;61.10;-285.15;-379.29;-39.97;-9.53;-8.97;-93.04;-10.41;-0.66;-188.03;-107.34;-181.16
25-03-2022;11:56:00;43.88;60.93;-284.78;-378.96;-40.28;-9.74;-8.74;-93.61;-10.50;-0.53;-188.48;-107.34;-181.23
25-03-2022;20:06:00;42.67;60.66;-284.65;-377.62;-39.35;-10.04;-8.86;-94.25;-10.90;-1.03;-189.26;-107.77;-181.43
26-03-2022;04:03:00;42.94;60.57;-283.98;-378.82;-40.38;-9.76;-9.11;-93.87;-10.52;-0.48;-189.14;-107.53;-180.78
26-03-2022;11:59:00;42.92;60.49;-283.31;-378.76;-40.84;-9.74;-10.22;-94.03;-10.52;-0.70;-189.37;-107.44;-180.74
26-03-2022;19:54:00;41.51;60.42;-283.98;-377.09;-40.63;-10.28;-10.22;-94.64;-10.93;-0.96;-190.19;-107.91;-181.18
27-03-2022;03:58:00;41.00;60.33;-283.57;-377.60;-40.44;-10.05;-10.33;-94.25;-10.65;-1.17;-190.53;-107.68;-181.08
27-03-2022;12:01:00;41.96;60.15;-283.93;-377.61;-40.12;-9.82;-9.72;-93.71;-10.55;-0.98;-190.43;-107.23;-180.46
27-03-2022;20:04:00;42.89;60.45;-284.40;-378.12;-40.53;-9.75;-10.03;-93.36;-10.58;-0.79;-190.55;-106.92;-180.61
28-03-2022;04:00:00;43.57;60.38;-284.16;-377.99;-40.89;-9.71;-9.84;-93.15;-10.61;-0.79;-190.29;-106.60;-180.48
28-03-2022;11:55:00;44.25;59.55;-283.33;-378.20;-41.24;-9.75;-9.90;-93.66;-10.44;-1.19;-190.71;-106.43;-180.68
28-03-2022;19:54:00;43.07;59.27;-283.28;-377.79;-41.75;-9.57;-9.70;-94.19;-10.41;-0.83;-190.89;-106.66;-180.53
29-03-2022;04:02:00;44.24;59.30;-283.37;-378.01;-41.53;-9.45;-9.80;-94.22;-10.35;-1.01;-190.75;-106.85;-180.21
29-03-2022;11:57:00;42.84;59.08;-283.02;-377.69;-40.58;-9.45;-10.09;-94.36;-10.29;-1.38;-190.64;-106.43;-180.01
29-03-2022;19:53:00;42.71;59.20;-282.68;-377.72;-40.32;-9.26;-10.48;-94.29;-10.20;-1.44;-190.74;-106.60;-180.28
30-03-2022;03:56:00;42.51;59.38;-282.77;-377.16;-40.83;-9.16;-10.97;-94.29;-10.08;-0.93;-190.65;-106.09;-179.96
30-03-2022;12:00:00;41.99;59.18;-282.48;-376.30;-40.80;-9.34;-11.20;-94.60;-10.25;-1.32;-190.84;-106.06;-179.89
30-03-2022;20:03:00;42.43;59.34;-282.24;-376.51;-40.96;-9.01;-11.21;-94.60;-9.95;-0.84;-190.63;-105.77;-179.91
31-03-2022;03:59:00;41.80;59.28;-282.48;-376.63;-40.82;-9.30;-11.85;-94.86;-10.12;-0.89;-190.61;-105.88;-179.64
31-03-2022;11:54:00;42.65;59.45;-281.97;-376.10;-40.04;-9.27;-11.64;-94.89;-10.17;-0.93;-190.66;-105.59;-179.51
31-03-2022;19:57:00;42.52;59.91;-281.97;-375.69;-39.80;-8.90;-11.60;-95.04;-9.85;-1.03;-190.36;-105.35;-179.61
01-04-2022;04:05:00;41.87;59.73;-281.69;-375.28;-40.76;-9.01;-11.83;-95.12;-10.03;-1.31;-190.35;-105.21;-179.36
01-04-2022;12:04:00;42.37;59.94;-281.64;-375.32;-40.52;-8.84;-11.47;-95.01;-9.98;-1.37;-190.46;-105.06;-179.39
01-04-2022;20:00:00;42.50;60.03;-281.71;-375.48;-40.53;-8.73;-11.45;-95.03;-9.72;-0.74;-190.44;-104.80;-179.29
02-04-2022;03:55:00;42.24;59.89;-281.54;-375.37;-40.04;-8.87;-11.81;-95.47;-9.94;-0.85;-190.57;-104.89;-179.15
02-04-2022;11:59:00;42.70;60.08;-281.46;-375.43;-40.29;-8.63;-11.34;-95.09;-9.73;-0.81;-190.39;-104.73;-179.25
02-04-2022;20:02:00;42.46;60.27;-281.75;-375.77;-39.97;-8.59;-11.61;-94.76;-9.59;-0.62;-190.53;-105.12;-179.35
03-04-2022;03:57:00;42.21;60.24;-281.53;-375.67;-39.76;-8.78;-11.94;-95.02;-9.82;-0.80;-190.73;-105.38;-179.55
03-04-2022;11:53:00;43.18;60.26;-281.80;-375.74;-40.49;-8.53;-11.01;-95.18;-9.61;-0.78;-190.44;-104.87;-179.43
03-04-2022;19:56:00;42.67;60.27;-281.60;-375.85;-40.44;-8.58;-11.19;-95.05;-9.57;-0.86;-190.46;-104.97;-179.47
04-04-2022;04:05:00;43.60;60.89;-280.70;-375.13;-39.26;-8.96;-10.75;-94.95;-9.83;-1.32;-190.90;-105.77;-179.78
04-04-2022;12:03:00;44.95;60.92;-281.15;-375.94;-39.98;-8.96;-10.81;-94.63;-9.92;-0.60;-190.61;-106.23;-179.52
04-04-2022;20:03:00;44.54;60.13;-281.58;-375.73;-40.32;-8.61;-11.32;-94.67;-9.47;-0.39;-191.13;-105.91;-179.51
05-04-2022;03:59:00;43.65;60.23;-281.46;-375.58;-40.59;-8.76;-11.87;-94.80;-9.77;-0.72;-191.43;-106.19;-179.61
05-04-2022;11:57:00;44.37;60.33;-280.81;-376.33;-40.79;-8.96;-11.57;-94.43;-9.88;-0.77;-191.86;-106.20;-179.41
05-04-2022;20:00:00;44.97;60.56;-281.27;-377.07;-41.57;-8.73;-11.67;-94.55;-9.79;-0.96;-191.96;-105.82;-178.93
06-04-2022;04:07:00;44.69;60.54;-281.72;-376.88;-41.31;-8.72;-12.06;-94.77;-9.80;-0.92;-192.03;-105.55;-178.74
06-04-2022;11:59:00;44.95;60.33;-281.34;-376.38;-41.08;-8.46;-11.66;-94.46;-9.93;-0.64;-191.83;-105.70;-178.57
06-04-2022;19:55:00;44.83;60.38;-282.01;-375.87;-41.37;-8.48;-12.07;-94.87;-9.83;-0.95;-192.02;-105.54;-178.47
07-04-2022;03:58:00;44.72;60.43;-282.48;-376.73;-41.55;-8.23;-12.29;-94.87;-9.69;-0.74;-192.03;-105.41;-178.31
07-04-2022;12:01:00;43.85;60.31;-281.96;-376.19;-41.34;-8.16;-12.18;-94.44;-9.66;-0.49;-191.83;-105.90;-178.33
07-04-2022;20:05:00;44.10;60.20;-281.79;-376.37;-41.68;-7.98;-12.02;-94.03;-9.45;-0.30;-191.75;-105.47;-178.09
08-04-2022;04:00:00;43.62;60.53;-281.66;-376.21;-41.78;-8.01;-12.30;-94.19;-9.32;-0.66;-191.68;-105.64;-177.75
08-04-2022;11:56:00;43.28;60.36;-281.36;-376.33;-41.83;-7.65;-12.15;-93.94;-9.10;-0.45;-191.44;-105.24;-177.72
08-04-2022;19:59:00;42.83;59.57;-281.25;-375.67;-42.48;-7.43;-12.27;-94.16;-8.98;-0.19;-191.41;-105.21;-177.91
09-04-2022;04:03:00;42.67;59.52;-281.27;-376.15;-42.60;-7.39;-12.73;-94.24;-8.87;0.29;-191.27;-105.18;-177.68
09-04-2022;12:06:00;42.54;59.15;-280.79;-376.38;-43.01;-7.22;-12.64;-94.37;-8.74;0.39;-190.73;-104.83;-177.40
09-04-2022;19:54:00;42.24;58.50;-280.80;-376.08;-43.21;-6.91;-12.70;-94.44;-8.47;0.62;-190.58;-104.89;-177.41
10-04-2022;03:57:00;41.89;58.76;-280.71;-375.61;-43.43;-6.86;-12.81;-94.63;-8.41;0.58;-190.45;-105.10;-177.40
10-04-2022;12:01:00;41.80;58.63;-280.73;-376.09;-44.07;-6.93;-12.85;-94.56;-8.35;1.05;-190.43;-105.16;-177.47
10-04-2022;20:04:00;41.69;58.45;-280.20;-375.38;-44.38;-7.13;-13.43;-94.77;-8.47;0.81;-190.41;-104.85;-177.34
11-04-2022;04:03:00;41.46;58.70;-280.20;-376.37;-44.66;-6.92;-13.70;-94.71;-8.31;0.58;-190.22;-104.70;-177.16
11-04-2022;11:55:00;41.77;58.46;-279.68;-375.59;-44.92;-6.94;-13.50;-94.89;-8.26;0.53;-190.17;-104.75;-177.14
11-04-2022;20:04:00;41.58;58.70;-279.57;-375.76;-45.54;-6.79;-13.93;-94.93;-8.14;0.61;-190.19;-104.51;-177.31
12-04-2022;04:02:00;41.17;58.83;-279.25;-376.06;-45.53;-6.67;-14.06;-94.72;-8.02;0.46;-190.37;-104.79;-177.51
12-04-2022;12:05:00;41.65;58.35;-279.03;-375.39;-45.58;-6.68;-14.19;-94.81;-8.20;0.52;-189.93;-104.21;-177.08
12-04-2022;20:00:00;41.62;59.13;-278.77;-375.57;-45.82;-6.69;-14.46;-94.74;-8.02;0.83;-189.91;-103.63;-176.83
13-04-2022;03:56:00;41.27;59.27;-279.33;-375.47;-45.99;-6.60;-14.45;-94.79;-8.04;0.56;-190.23;-103.70;-176.69
13-04-2022;11:59:00;41.29;59.23;-279.28;-375.72;-45.63;-6.62;-14.30;-94.55;-7.93;0.73;-190.40;-103.66;-176.94
13-04-2022;20:03:00;41.16;58.62;-278.85;-375.41;-45.36;-6.75;-13.55;-94.59;-8.02;0.69;-190.63;-103.53;-176.97
14-04-2022;03:58:00;41.41;58.61;-278.52;-375.05;-44.79;-6.76;-13.97;-95.17;-8.18;0.38;-190.70;-104.17;-177.07
14-04-2022;11:54:00;41.95;58.23;-278.49;-375.66;-45.79;-6.75;-14.17;-94.53;-8.07;0.42;-190.24;-103.44;-176.77
14-04-2022;19:57:00;42.46;58.51;-279.03;-375.26;-46.23;-6.62;-13.54;-94.60;-7.85;0.80;-190.35;-102.59;-176.58
15-04-2022;04:00:00;42.75;58.44;-279.45;-375.52;-46.16;-6.52;-13.31;-94.48;-7.76;0.83;-190.44;-103.27;-176.54
15-04-2022;12:04:00;42.28;58.59;-279.23;-376.48;-45.99;-6.51;-12.62;-94.40;-7.78;0.50;-190.54;-103.35;-176.62
15-04-2022;19:59:00;41.70;58.47;-278.65;-376.67;-45.49;-6.67;-13.05;-94.49;-7.79;0.29;-190.60;-103.67;-176.73
16-04-2022;03:55:00;41.71;58.01;-278.85;-376.07;-45.15;-6.82;-12.65;-94.92;-7.95;0.32;-190.16;-103.76;-176.63
16-04-2022;11:56:00;41.51;57.71;-278.58;-375.61;-45.31;-7.19;-12.94;-95.41;-8.61;0.13;-190.27;-103.60;-176.67
16-04-2022;20:01:00;41.12;57.66;-278.43;-376.07;-45.89;-6.88;-12.70;-94.81;-8.07;-0.37;-190.15;-103.56;-176.77
17-04-2022;04:04:00;40.89;56.62;-278.09;-376.09;-45.72;-6.96;-13.50;-94.72;-8.08;0.08;-189.92;-103.88;-176.63
17-04-2022;12:00:00;39.68;57.16;-278.43;-375.77;-46.02;-7.47;-14.54;-95.53;-9.07;-0.22;-190.50;-103.89;-177.11
17-04-2022;19:56:00;39.80;59.21;-278.38;-376.07;-46.32;-7.04;-14.18;-96.07;-8.26;0.04;-189.98;-103.85;-176.77
18-04-2022;03:59:00;38.58;59.27;-278.67;-375.07;-45.82;-7.41;-14.72;-96.69;-8.56;-0.34;-190.42;-103.90;-176.80
18-04-2022;10:52:00;38.81;59.42;-278.68;-375.67;-45.97;-7.69;-14.25;-96.79;-9.04;-0.14;-190.38;-103.83;-176.68
19-04-2022;13:47:00;38.25;59.52;-278.25;-376.37;-46.56;-6.94;-13.00;-95.21;-8.33;-0.05;-190.53;-103.56;-176.59
19-04-2022;19:53:00;37.31;59.60;-278.35;-376.28;-46.43;-6.99;-13.96;-95.38;-8.16;0.10;-190.37;-103.32;-176.68
20-04-2022;03:55:00;36.07;59.36;-278.32;-375.86;-46.07;-7.34;-14.91;-95.91;-8.41;-0.34;-189.92;-103.42;-176.51
20-04-2022;12:00:00;36.88;59.18;-278.33;-375.99;-46.04;-7.67;-14.71;-96.17;-8.93;-0.14;-189.94;-103.42;-176.73
20-04-2022;19:59:00;37.17;58.86;-278.35;-376.34;-46.17;-7.16;-13.91;-96.42;-8.30;0.08;-190.20;-103.16;-177.02
21-04-2022;03:50:00;36.39;58.89;-278.54;-376.06;-45.96;-7.32;-13.97;-96.65;-8.47;0.15;-190.35;-103.19;-177.62
21-04-2022;11:54:00;37.51;58.70;-278.85;-377.08;-46.45;-7.16;-13.66;-96.51;-8.35;0.63;-190.28;-102.83;-177.67
21-04-2022;19:55:00;37.38;59.30;-278.55;-377.04;-46.04;-7.13;-13.80;-96.73;-8.41;0.12;-190.14;-102.88;-177.04
22-04-2022;04:01:00;37.06;59.19;-278.47;-376.52;-45.62;-7.48;-14.16;-97.23;-8.78;-0.25;-191.06;-103.08;-178.02
22-04-2022;12:05:00;38.39;58.74;-278.22;-377.70;-46.50;-7.36;-13.81;-96.88;-8.72;0.27;-190.49;-102.50;-177.59
22-04-2022;20:00:00;37.50;59.08;-278.58;-377.88;-46.36;-7.08;-13.26;-96.55;-8.33;0.35;-190.68;-102.58;-177.42
23-04-2022;03:56:00;38.06;58.97;-278.49;-377.01;-45.80;-7.34;-13.77;-96.82;-8.55;-0.43;-190.83;-102.64;-177.55
23-04-2022;11:59:00;38.76;59.03;-278.53;-378.37;-46.76;-7.36;-13.14;-96.67;-8.73;0.25;-190.43;-102.18;-177.31
23-04-2022;20:02:00;37.22;58.95;-278.64;-377.96;-46.48;-7.38;-13.15;-97.03;-8.82;0.19;-190.44;-102.04;-177.23
24-04-2022;03:58:00;36.79;58.50;-278.86;-378.21;-46.79;-7.22;-13.43;-96.55;-8.59;0.05;-190.61;-101.73;-177.47
24-04-2022;11:50:00;36.93;58.59;-279.05;-378.69;-47.03;-7.37;-13.42;-96.96;-8.64;0.53;-190.59;-101.76;-177.59
24-04-2022;19:57:00;36.81;58.66;-278.87;-378.93;-46.78;-7.27;-12.99;-97.01;-8.54;0.27;-190.57;-102.15;-177.75
25-04-2022;04:00:00;36.28;58.82;-278.70;-378.19;-46.80;-7.46;-13.34;-97.38;-8.61;0.30;-190.74;-102.21;-177.69
25-04-2022;12:04:00;36.37;58.51;-278.70;-378.34;-46.97;-7.63;-13.11;-97.60;-8.91;0.18;-190.44;-102.12;-177.61
25-04-2022;19:59:00;36.55;59.23;-278.88;-379.21;-46.89;-7.29;-13.12;-97.03;-8.53;0.22;-190.57;-102.06;-177.76
26-04-2022;03:55:00;36.23;58.84;-278.80;-378.20;-46.19;-7.74;-13.32;-97.43;-8.95;-0.46;-190.93;-102.18;-177.92
26-04-2022;11:58:00;36.99;59.09;-279.05;-378.75;-47.00;-7.43;-12.79;-97.06;-8.71;0.05;-190.57;-102.21;-177.84
26-04-2022;20:02:00;36.15;58.91;-278.97;-378.65;-46.88;-7.37;-13.03;-97.47;-8.85;0.40;-190.61;-102.08;-177.66
27-04-2022;04:05:00;34.76;59.03;-278.76;-378.56;-46.52;-7.51;-13.06;-97.60;-8.81;0.01;-190.77;-102.10;-177.77
27-04-2022;12:01:00;34.95;59.13;-278.66;-379.35;-46.89;-7.46;-13.23;-97.37;-8.87;0.18;-190.64;-102.00;-177.76
27-04-2022;19:57:00;34.87;59.32;-278.83;-379.31;-47.07;-7.28;-13.06;-97.09;-8.59;0.51;-190.49;-101.54;-177.65
28-04-2022;04:00:00;34.14;59.23;-278.65;-378.77;-46.88;-7.49;-13.34;-97.74;-8.86;0.65;-190.99;-101.97;-177.97
28-04-2022;12:03:00;35.03;58.63;-278.37;-378.47;-46.88;-7.80;-13.13;-97.62;-9.12;0.12;-190.72;-101.75;-177.74
28-04-2022;19:59:00;35.91;59.01;-278.59;-379.15;-46.85;-7.36;-12.84;-97.06;-8.73;0.28;-190.51;-101.49;-177.54
29-04-2022;03:54:00;35.55;58.78;-278.50;-378.87;-46.67;-7.45;-12.70;-97.11;-8.81;0.14;-190.77;-101.54;-177.63
29-04-2022;11:58:00;36.30;59.09;-278.68;-379.09;-46.92;-7.49;-13.18;-96.82;-8.82;0.21;-190.45;-102.08;-177.55
29-04-2022;20:01:00;36.26;58.83;-278.55;-379.64;-46.84;-7.35;-12.95;-96.76;-8.75;0.23;-190.16;-102.35;-177.59
30-04-2022;04:04:00;35.69;58.80;-278.46;-379.57;-46.65;-7.47;-13.79;-96.97;-8.88;0.18;-190.18;-102.46;-177.62
30-04-2022;11:55:00;36.72;58.51;-278.58;-379.93;-46.88;-7.60;-13.62;-96.98;-9.10;0.52;-190.18;-102.23;-177.54
30-04-2022;19:57:00;35.94;58.88;-278.80;-380.29;-46.32;-7.29;-13.21;-96.64;-8.79;0.19;-190.34;-102.22;-177.54
01-05-2022;03:56:00;34.87;59.01;-278.79;-380.01;-46.02;-7.37;-13.21;-97.28;-8.78;-0.00;-190.61;-102.04;-177.76
01-05-2022;12:02:00;35.04;59.05;-278.97;-380.76;-46.62;-7.40;-13.36;-97.02;-8.91;-0.05;-190.27;-101.87;-177.59
01-05-2022;19:43:00;35.80;59.30;-279.19;-381.61;-46.53;-7.30;-12.55;-96.40;-8.81;0.40;-190.30;-102.09;-177.63
02-05-2022;03:54:00;35.88;59.26;-279.18;-381.88;-46.58;-7.23;-12.46;-96.84;-8.75;0.33;-190.47;-102.00;-177.70
02-05-2022;11:57:00;35.94;59.59;-279.25;-381.72;-46.30;-7.41;-12.79;-96.88;-8.89;0.23;-190.50;-102.03;-177.78
02-05-2022;20:00:00;36.26;59.34;-279.13;-382.01;-46.32;-7.34;-12.57;-96.77;-8.78;0.72;-190.30;-102.12;-177.56
03-05-2022;04:04:00;35.45;59.16;-279.02;-381.73;-46.14;-7.38;-12.78;-96.86;-8.90;0.96;-190.42;-102.07;-177.59
03-05-2022;12:02:00;34.65;59.25;-279.11;-382.37;-46.51;-7.33;-12.89;-96.46;-8.79;0.44;-190.38;-102.05;-177.74
03-05-2022;19:55:00;33.31;58.89;-279.26;-382.17;-46.61;-7.33;-13.19;-96.20;-8.95;0.44;-190.21;-102.22;-177.51
04-05-2022;03:58:00;32.72;57.95;-278.80;-381.99;-46.39;-7.69;-13.62;-96.30;-9.24;0.89;-190.50;-102.03;-177.72
04-05-2022;12:02:00;33.15;58.67;-279.00;-382.39;-46.60;-7.49;-13.50;-96.23;-9.05;0.98;-190.25;-101.93;-177.84
04-05-2022;20:05:00;32.57;59.02;-279.07;-382.39;-46.64;-7.26;-12.95;-95.86;-8.90;0.94;-190.21;-101.97;-177.91
05-05-2022;04:01:00;32.29;59.32;-279.12;-381.73;-45.95;-7.94;-14.21;-96.45;-9.56;0.54;-190.81;-102.20;-178.28
05-05-2022;11:56:00;32.20;58.85;-279.30;-382.99;-46.26;-7.35;-13.59;-95.75;-8.93;0.83;-190.40;-101.88;-177.70
05-05-2022;20:00:00;33.45;58.71;-279.31;-383.08;-46.44;-7.20;-13.36;-95.70;-8.83;0.95;-190.27;-102.21;-177.63
06-05-2022;04:03:00;33.52;59.10;-279.53;-383.22;-46.57;-7.07;-13.50;-95.62;-8.75;1.11;-190.31;-102.17;-177.39
06-05-2022;11:59:00;31.27;58.78;-278.98;-382.55;-46.23;-7.87;-14.15;-96.39;-9.42;1.13;-190.92;-101.91;-178.01
06-05-2022;19:54:00;32.10;59.25;-279.05;-382.24;-46.04;-7.81;-13.92;-95.97;-9.12;1.17;-190.81;-101.90;-177.94
07-05-2022;03:58:00;32.03;59.12;-279.35;-383.28;-46.61;-7.23;-12.69;-95.64;-8.77;1.76;-190.29;-102.05;-177.43
07-05-2022;12:01:00;32.41;58.96;-279.31;-383.66;-46.40;-7.22;-12.75;-95.67;-8.43;1.14;-190.21;-102.01;-177.38
07-05-2022;20:04:00;31.56;58.94;-279.42;-384.03;-46.18;-7.20;-13.39;-95.64;-8.54;1.43;-190.03;-101.68;-177.09
08-05-2022;03:54:00;31.12;58.88;-279.46;-384.83;-46.28;-7.29;-13.57;-95.36;-8.55;1.39;-190.44;-101.91;-177.28
08-05-2022;11:56:00;30.28;58.84;-279.31;-384.38;-46.42;-7.45;-13.30;-96.22;-8.99;1.33;-190.19;-101.73;-177.28
08-05-2022;19:59:00;29.87;59.11;-279.44;-384.35;-46.52;-7.40;-13.47;-95.48;-8.90;1.39;-190.26;-101.48;-177.38
09-05-2022;04:02:00;28.99;58.54;-279.07;-384.05;-45.72;-7.60;-14.66;-95.94;-9.06;0.98;-190.57;-101.72;-177.38
09-05-2022;11:58:00;29.44;58.70;-279.27;-383.71;-46.63;-7.78;-14.60;-95.92;-9.13;1.31;-190.55;-101.72;-177.50
09-05-2022;19:53:00;30.08;59.01;-279.18;-384.53;-46.45;-7.30;-13.74;-95.49;-8.56;1.32;-190.03;-101.50;-177.34
10-05-2022;03:55:00;30.21;59.35;-279.44;-385.48;-46.81;-7.30;-14.04;-95.73;-8.75;1.37;-189.97;-101.80;-177.43
10-05-2022;11:56:00;28.98;58.74;-279.24;-384.95;-45.35;-7.93;-14.40;-96.76;-9.58;1.19;-190.64;-101.71;-178.28
10-05-2022;20:04:00;29.33;58.65;-280.15;-384.52;-46.47;-7.27;-14.18;-95.52;-8.77;1.70;-189.87;-102.08;-177.56
11-05-2022;03:59:00;29.18;58.69;-280.01;-384.16;-45.94;-7.30;-13.75;-96.00;-8.81;1.45;-190.10;-102.18;-177.51
11-05-2022;11:50:00;27.98;58.61;-280.15;-384.46;-45.13;-7.65;-14.36;-96.48;-9.30;2.00;-190.21;-102.46;-177.79
11-05-2022;19:58:00;28.13;58.72;-279.98;-383.79;-45.13;-7.59;-14.16;-96.42;-9.12;1.20;-190.27;-102.40;-177.94
12-05-2022;04:02:00;29.84;58.96;-280.26;-384.64;-46.39;-7.23;-14.16;-95.47;-8.68;2.13;-189.82;-101.94;-177.42
12-05-2022;12:00:00;29.70;58.64;-280.13;-385.19;-46.49;-7.34;-14.16;-95.29;-8.57;1.89;-189.96;-101.92;-177.54
12-05-2022;20:01:00;30.13;58.69;-280.20;-385.64;-46.77;-7.40;-14.31;-95.29;-8.50;1.94;-190.08;-102.11;-177.51
13-05-2022;03:56:00;29.41;58.78;-280.08;-385.80;-46.53;-7.56;-14.94;-95.74;-8.73;1.85;-190.20;-102.13;-177.46
13-05-2022;11:59:00;29.85;58.90;-280.08;-386.23;-46.42;-7.64;-15.40;-96.02;-9.01;1.70;-190.41;-102.02;-178.09
13-05-2022;20:03:00;28.51;58.87;-280.24;-385.63;-45.77;-7.63;-15.71;-96.23;-8.90;1.19;-190.12;-101.86;-178.03
14-05-2022;03:58:00;30.39;58.83;-280.38;-386.63;-46.24;-7.33;-15.21;-95.71;-8.72;1.49;-190.07;-101.97;-177.82
14-05-2022;11:54:00;30.75;58.89;-280.35;-386.49;-46.48;-7.26;-14.45;-95.39;-8.43;1.81;-190.14;-101.99;-177.42
14-05-2022;20:03:00;30.67;59.21;-280.68;-386.12;-46.57;-7.50;-14.33;-95.54;-8.60;1.70;-190.23;-102.25;-177.26
15-05-2022;04:04:00;29.84;59.00;-280.70;-385.31;-45.52;-8.11;-15.03;-96.31;-9.37;1.26;-190.94;-103.02;-177.88
15-05-2022;12:04:00;30.07;58.65;-280.01;-385.28;-46.16;-8.21;-14.33;-96.62;-9.86;1.45;-190.79;-102.62;-177.63
15-05-2022;20:00:00;29.54;59.03;-280.20;-385.35;-46.07;-7.55;-13.41;-96.23;-9.18;1.09;-190.75;-102.43;-177.52
16-05-2022;03:55:00;30.01;59.26;-280.69;-386.01;-46.15;-7.44;-13.22;-95.83;-8.64;1.26;-190.87;-102.50;-177.30
16-05-2022;11:59:00;30.79;58.60;-280.46;-386.68;-46.76;-7.57;-13.17;-96.00;-9.32;1.62;-190.94;-102.17;-177.57
16-05-2022;20:02:00;30.81;58.96;-280.27;-387.13;-46.52;-7.38;-12.90;-95.62;-8.66;0.99;-190.52;-101.92;-176.91
17-05-2022;03:58:00;31.64;58.97;-280.40;-387.05;-46.36;-7.58;-13.49;-96.10;-8.76;1.36;-190.75;-102.05;-176.97
17-05-2022;11:53:00;31.78;58.55;-280.59;-387.30;-47.02;-7.97;-13.34;-96.66;-9.80;1.29;-191.17;-102.15;-177.63
17-05-2022;19:57:00;32.11;58.93;-280.65;-388.17;-46.62;-7.69;-12.97;-95.77;-9.22;1.24;-190.71;-102.05;-177.09
18-05-2022;04:00:00;31.29;58.66;-280.29;-387.64;-46.35;-7.69;-13.00;-96.18;-9.51;1.08;-191.34;-102.37;-177.59
18-05-2022;12:03:00;32.06;58.71;-281.33;-388.74;-46.97;-7.65;-12.41;-95.80;-9.27;1.72;-190.95;-102.22;-177.58
18-05-2022;19:59:00;32.25;58.81;-281.06;-389.23;-46.59;-7.63;-12.40;-95.90;-9.10;1.40;-190.83;-102.17;-177.28
19-05-2022;03:55:00;32.78;58.70;-281.35;-388.46;-46.26;-7.78;-12.90;-96.50;-9.27;1.62;-191.17;-102.36;-177.55
19-05-2022;11:58:00;32.16;58.44;-281.51;-388.37;-46.64;-8.26;-13.04;-97.02;-9.92;1.60;-192.04;-103.07;-178.41
19-05-2022;19:59:00;33.39;58.66;-281.52;-389.62;-46.82;-7.70;-12.05;-95.68;-8.92;1.74;-190.88;-102.24;-177.33
20-05-2022;04:04:00;33.64;58.65;-281.83;-389.30;-46.38;-7.70;-12.67;-96.27;-9.15;1.80;-191.06;-102.34;-177.62
20-05-2022;12:00:00;33.25;58.43;-281.74;-388.89;-46.90;-8.22;-12.48;-96.35;-9.65;1.97;-191.12;-102.45;-177.79
20-05-2022;19:56:00;33.07;58.78;-282.16;-389.56;-46.46;-7.82;-11.82;-95.81;-9.14;1.56;-190.97;-102.18;-177.46
21-05-2022;03:59:00;31.87;58.67;-282.16;-388.52;-46.29;-8.04;-12.90;-96.71;-9.42;1.17;-191.55;-102.72;-178.02
21-05-2022;12:03:00;31.89;58.26;-281.57;-389.40;-47.50;-8.57;-13.08;-96.72;-10.43;1.81;-191.68;-102.66;-178.05
21-05-2022;19:58:00;31.22;58.36;-281.95;-388.50;-46.25;-8.44;-13.33;-96.93;-10.22;1.20;-192.06;-103.52;-178.33
22-05-2022;03:54:00;30.81;58.50;-282.46;-388.46;-45.80;-8.76;-13.39;-97.29;-10.64;0.72;-192.25;-103.51;-178.40
22-05-2022;11:57:00;33.44;58.31;-282.21;-390.32;-46.82;-8.18;-12.43;-96.41;-10.22;1.64;-191.83;-102.86;-178.13
22-05-2022;20:01:00;33.33;58.39;-282.47;-391.27;-46.62;-7.88;-11.86;-95.74;-9.71;1.43;-191.70;-102.55;-177.98
23-05-2022;04:09:00;33.38;58.47;-282.83;-391.57;-46.76;-7.82;-11.60;-95.83;-9.76;1.35;-191.80;-102.63;-178.06
23-05-2022;12:00:00;33.37;58.07;-282.90;-391.05;-46.54;-7.85;-10.72;-95.80;-9.73;1.49;-191.91;-102.59;-178.14
23-05-2022;19:55:00;32.16;58.21;-283.18;-390.76;-45.91;-8.32;-11.60;-96.42;-9.95;1.20;-192.35;-103.08;-178.64
24-05-2022;03:59:00;31.65;57.88;-283.12;-390.77;-45.57;-8.45;-12.04;-96.96;-10.28;0.30;-192.45;-103.28;-178.65
24-05-2022;12:00:00;31.08;57.86;-282.72;-390.48;-45.02;-8.59;-11.55;-97.22;-10.85;0.19;-192.41;-103.67;-178.66
24-05-2022;19:58:00;32.37;57.98;-283.95;-390.73;-46.52;-8.23;-10.18;-96.07;-10.16;1.29;-192.10;-103.38;-178.53
25-05-2022;03:53:00;32.00;58.15;-284.16;-390.16;-46.47;-8.36;-10.33;-96.29;-10.34;1.31;-192.42;-103.63;-178.76
25-05-2022;11:57:00;32.47;57.99;-283.96;-390.31;-46.42;-8.20;-9.11;-96.05;-10.32;1.23;-192.37;-103.40;-178.63
25-05-2022;20:00:00;32.75;57.91;-284.15;-390.55;-46.26;-8.11;-8.77;-96.24;-10.10;1.06;-192.34;-103.11;-178.62
26-05-2022;04:03:00;31.99;58.12;-284.68;-391.63;-45.96;-8.55;-9.29;-96.85;-10.51;0.92;-192.84;-103.71;-179.16
26-05-2022;11:59:00;32.37;57.89;-284.74;-391.85;-46.00;-8.24;-9.26;-96.33;-10.26;0.69;-192.69;-103.92;-178.96
26-05-2022;19:54:00;32.40;57.86;-284.73;-391.64;-45.95;-8.30;-8.89;-96.39;-10.30;0.63;-192.79;-103.48;-178.83
27-05-2022;03:54:00;32.23;57.95;-285.04;-391.10;-45.71;-8.66;-8.93;-96.73;-10.40;0.46;-193.11;-104.28;-179.23
27-05-2022;12:01:00;31.91;57.48;-284.98;-391.30;-46.15;-8.59;-8.54;-96.81;-10.87;0.20;-193.28;-103.93;-179.27
27-05-2022;20:05:00;32.40;57.78;-285.59;-392.39;-46.41;-8.15;-7.52;-96.22;-10.14;0.77;-193.20;-103.83;-179.21
28-05-2022;04:00:00;32.12;57.78;-285.88;-392.32;-46.80;-8.21;-7.54;-96.31;-10.15;0.77;-193.20;-104.09;-179.15
28-05-2022;11:55:00;32.43;57.73;-286.04;-392.44;-46.31;-8.11;-7.05;-96.37;-10.25;0.69;-193.75;-104.20;-179.64
28-05-2022;19:59:00;33.09;57.75;-286.57;-392.61;-46.22;-8.04;-6.64;-96.09;-10.18;0.83;-193.69;-104.19;-179.74
29-05-2022;04:02:00;32.92;57.92;-286.85;-393.00;-46.42;-8.24;-6.72;-96.34;-10.41;1.00;-193.76;-104.48;-179.83
29-05-2022;11:58:00;32.69;57.62;-286.62;-392.51;-46.66;-8.82;-7.18;-97.18;-11.01;0.77;-194.10;-104.57;-179.87
29-05-2022;19:53:00;32.84;57.87;-287.11;-392.77;-46.73;-8.59;-7.09;-97.10;-10.50;0.46;-194.19;-104.77;-179.72
30-05-2022;03:57:00;32.17;57.93;-287.60;-392.61;-46.57;-8.71;-7.40;-96.90;-10.53;0.13;-194.61;-105.18;-180.09
30-05-2022;12:00:00;33.56;57.78;-287.90;-392.73;-46.80;-8.74;-7.09;-96.97;-10.75;0.83;-194.58;-105.03;-180.24
30-05-2022;20:03:00;33.81;57.81;-288.39;-394.27;-46.97;-8.10;-6.52;-96.51;-10.29;0.95;-194.46;-105.01;-180.10
31-05-2022;04:01:00;33.33;57.83;-288.59;-393.77;-46.22;-8.25;-6.91;-97.19;-10.39;0.54;-194.76;-105.18;-180.38
31-05-2022;11:54:00;34.41;57.25;-288.65;-393.62;-47.24;-8.57;-7.38;-97.28;-10.99;1.45;-194.81;-105.12;-180.38
31-05-2022;19:57:00;33.70;57.80;-288.94;-393.71;-46.23;-8.38;-7.10;-96.99;-10.49;0.64;-195.16;-105.52;-180.75
01-06-2022;04:00:00;33.91;57.59;-289.08;-393.85;-46.47;-8.56;-7.49;-97.22;-10.63;0.94;-195.38;-105.72;-181.00
01-06-2022;12:04:00;34.25;57.34;-289.46;-393.24;-47.00;-8.57;-7.44;-97.46;-11.24;1.20;-195.67;-105.92;-181.36
01-06-2022;20:00:00;33.28;57.81;-290.36;-393.11;-46.10;-8.73;-7.39;-97.26;-10.77;0.38;-196.22;-106.49;-181.73
02-06-2022;03:55:00;31.54;57.89;-290.71;-390.56;-45.56;-8.73;-7.70;-97.17;-10.65;-0.02;-196.75;-106.68;-182.47
02-06-2022;11:58:00;33.47;57.67;-290.93;-392.54;-46.54;-8.86;-8.10;-97.48;-11.21;1.82;-197.08;-107.34;-182.65
02-06-2022;20:02:00;32.52;57.84;-291.10;-392.83;-45.28;-8.82;-8.14;-97.50;-11.05;-0.06;-196.89;-107.07;-182.48
03-06-2022;04:05:00;32.91;57.83;-291.14;-393.24;-45.77;-8.60;-8.05;-97.24;-10.84;-0.23;-196.50;-107.12;-182.72
03-06-2022;12:03:00;35.25;57.42;-291.63;-394.86;-46.88;-8.56;-7.68;-96.70;-10.95;1.13;-195.97;-106.66;-182.00
03-06-2022;19:56:00;34.46;57.45;-292.07;-394.24;-46.06;-8.50;-7.89;-97.16;-10.90;0.41;-196.51;-106.89;-182.29
04-06-2022;03:59:00;34.02;57.53;-292.66;-394.18;-45.99;-8.69;-8.05;-97.16;-10.63;0.21;-196.75;-107.12;-182.41
04-06-2022;12:03:00;34.65;57.19;-293.03;-394.16;-46.22;-9.18;-8.87;-98.03;-11.54;0.42;-197.32;-107.43;-183.05
04-06-2022;19:58:00;35.39;57.72;-294.01;-395.98;-46.80;-8.26;-7.68;-96.73;-10.45;0.74;-197.03;-107.35;-182.65
05-06-2022;03:54:00;34.77;57.60;-294.44;-395.61;-46.97;-8.60;-8.04;-97.24;-10.82;0.80;-197.64;-107.66;-183.14
05-06-2022;11:57:00;35.01;56.86;-294.27;-394.88;-46.97;-8.45;-7.55;-97.11;-11.11;-0.01;-197.74;-107.17;-183.26
05-06-2022;20:00:00;34.45;57.56;-295.16;-395.32;-46.85;-8.36;-7.07;-96.92;-10.81;0.29;-197.87;-107.76;-183.34
06-06-2022;04:04:00;33.80;57.40;-295.65;-395.17;-46.51;-8.53;-7.15;-97.12;-10.96;0.33;-198.35;-108.34;-183.61
06-06-2022;11:59:00;34.13;56.92;-295.38;-394.86;-47.37;-9.45;-7.72;-98.39;-12.31;1.31;-199.18;-108.81;-184.27
06-06-2022;19:55:00;35.16;57.34;-296.08;-395.33;-47.25;-8.69;-5.82;-96.82;-11.37;0.52;-198.40;-108.27;-183.79
07-06-2022;03:57:00;34.44;57.55;-296.66;-395.91;-47.15;-8.76;-5.84;-96.78;-11.43;0.37;-198.88;-108.49;-184.16
07-06-2022;12:02:00;35.45;57.54;-297.16;-396.27;-48.07;-9.31;-6.49;-97.09;-12.23;1.57;-199.14;-109.02;-184.65
07-06-2022;20:04:00;35.00;58.08;-297.65;-397.02;-47.62;-8.57;-5.56;-96.14;-11.49;0.92;-199.15;-108.84;-184.47
08-06-2022;04:00:00;35.12;57.79;-297.87;-397.20;-47.84;-8.68;-5.56;-96.05;-11.52;1.30;-199.18;-108.96;-184.72
08-06-2022;11:56:00;36.03;57.36;-298.14;-396.31;-48.33;-8.95;-5.91;-96.65;-12.13;1.64;-199.32;-109.07;-184.85
08-06-2022;19:59:00;34.72;57.61;-299.02;-396.70;-47.25;-8.80;-5.85;-96.08;-11.65;0.22;-199.76;-109.43;-185.32
09-06-2022;04:03:00;35.42;57.59;-299.74;-397.80;-48.14;-8.54;-5.52;-95.30;-11.33;0.88;-199.76;-109.49;-185.50
09-06-2022;11:58:00;35.34;57.35;-299.78;-397.86;-48.62;-8.67;-5.72;-95.52;-11.98;1.12;-200.30;-109.95;-186.04
09-06-2022;19:54:00;33.52;57.66;-300.29;-396.38;-46.70;-8.99;-6.24;-95.67;-11.93;0.04;-200.65;-110.55;-186.72
10-06-2022;03:57:00;32.69;57.02;-300.76;-395.54;-46.89;-9.20;-6.40;-95.74;-11.85;-0.14;-201.34;-110.86;-187.15
10-06-2022;12:01:00;34.62;57.40;-301.49;-395.70;-47.86;-9.13;-6.52;-95.85;-12.33;0.14;-201.49;-111.32;-187.35
10-06-2022;20:04:00;35.22;57.66;-302.39;-397.06;-47.83;-8.39;-5.50;-94.92;-11.20;0.11;-200.92;-110.81;-186.96
11-06-2022;04:00:00;34.64;57.57;-302.85;-396.04;-47.07;-8.75;-6.06;-95.45;-11.60;0.28;-201.58;-111.21;-187.39
11-06-2022;11:55:00;34.81;57.56;-303.33;-395.99;-47.62;-8.80;-6.45;-96.02;-11.82;0.70;-202.13;-111.79;-187.88
11-06-2022;19:58:00;33.94;57.67;-303.93;-395.27;-46.70;-8.87;-6.74;-96.25;-11.91;-0.37;-201.88;-112.14;-188.47
12-06-2022;04:02:00;34.06;57.56;-304.37;-395.76;-46.06;-9.06;-6.09;-96.33;-11.99;-0.11;-202.13;-112.35;-188.55
12-06-2022;12:05:00;36.13;57.69;-305.25;-396.06;-47.73;-8.56;-4.75;-95.40;-11.43;1.38;-201.45;-112.38;-188.27
12-06-2022;20:01:00;36.49;57.51;-305.62;-397.60;-47.68;-8.23;-4.16;-95.46;-11.31;1.05;-201.28;-112.15;-188.68
13-06-2022;03:56:00;35.82;57.69;-306.32;-398.12;-47.24;-8.43;-4.64;-95.85;-11.17;0.99;-201.90;-112.35;-189.15
13-06-2022;12:00:00;35.79;57.63;-306.84;-398.87;-46.84;-8.56;-4.65;-96.16;-11.25;1.05;-202.31;-112.68;-189.22
13-06-2022;20:03:00;33.86;57.52;-307.19;-397.61;-45.92;-9.22;-5.45;-97.23;-12.03;0.12;-202.96;-113.31;-189.77
14-06-2022;03:58:00;35.64;57.81;-308.05;-399.18;-47.03;-8.61;-4.45;-96.15;-11.24;1.08;-202.73;-113.21;-189.60
14-06-2022;11:54:00;34.71;57.46;-308.59;-397.67;-46.75;-9.47;-5.95;-97.43;-12.27;0.98;-204.01;-114.04;-190.66
14-06-2022;19:57:00;34.77;56.96;-308.84;-396.87;-46.45;-8.86;-5.37;-96.92;-11.94;0.47;-203.85;-113.88;-190.37
15-06-2022;04:01:00;35.13;57.18;-309.67;-397.42;-46.50;-8.76;-4.94;-96.86;-11.34;0.46;-203.82;-113.72;-190.19
15-06-2022;12:04:00;36.31;56.71;-310.32;-396.31;-46.98;-8.46;-4.40;-96.46;-12.10;1.62;-204.61;-114.39;-190.82
15-06-2022;19:59:00;35.12;57.13;-311.36;-397.19;-46.48;-8.67;-4.62;-95.93;-11.43;0.61;-204.70;-114.54;-190.98
16-06-2022;03:55:00;34.58;56.89;-311.74;-394.99;-46.15;-9.29;-5.55;-97.35;-12.31;0.44;-205.70;-115.66;-191.75
16-06-2022;11:58:00;36.69;57.01;-312.52;-395.64;-47.10;-9.37;-4.95;-96.64;-12.08;0.88;-205.46;-115.37;-191.47
16-06-2022;20:02:00;35.59;57.10;-313.49;-395.05;-46.55;-9.13;-5.12;-96.39;-11.80;0.43;-206.04;-115.76;-192.17
17-06-2022;04:05:00;35.33;57.00;-314.13;-394.85;-45.93;-9.17;-5.16;-96.25;-11.93;-0.37;-206.24;-116.11;-192.37
17-06-2022;12:01:00;36.43;56.92;-314.93;-394.95;-46.57;-9.04;-5.05;-96.49;-11.88;0.41;-206.39;-115.64;-192.62
17-06-2022;19:56:00;36.14;57.03;-316.03;-394.12;-46.91;-8.93;-5.13;-95.94;-11.64;0.25;-207.02;-116.01;-193.29
18-06-2022;04:00:00;37.77;57.10;-316.82;-395.29;-47.94;-8.11;-4.22;-95.32;-11.17;1.18;-206.58;-115.97;-192.96
18-06-2022;12:03:00;37.01;57.09;-317.70;-395.37;-47.65;-8.36;-4.81;-95.74;-11.32;1.22;-207.23;-116.54;-193.70
18-06-2022;20:06:00;36.97;57.19;-318.75;-395.60;-46.95;-8.42;-4.83;-95.65;-11.48;1.05;-207.88;-116.87;-194.23
19-06-2022;03:54:00;36.96;57.06;-319.86;-396.49;-46.74;-8.65;-4.75;-96.00;-11.71;0.85;-208.62;-117.37;-194.83
19-06-2022;11:57:00;36.97;56.43;-320.41;-394.43;-47.00;-9.04;-5.47;-96.49;-12.44;1.35;-209.23;-117.75;-195.12
19-06-2022;20:01:00;36.18;56.91;-322.04;-394.67;-47.06;-8.45;-4.46;-96.59;-11.41;0.55;-209.70;-118.40;-195.49
20-06-2022;04:04:00;35.44;57.02;-323.18;-395.21;-47.01;-8.53;-4.42;-96.51;-11.26;0.57;-210.68;-119.12;-196.47
20-06-2022;12:00:00;36.33;57.20;-324.19;-394.68;-47.65;-8.83;-4.76;-96.71;-12.05;0.95;-211.35;-119.79;-197.06
20-06-2022;19:55:00;37.37;57.42;-324.89;-396.18;-47.70;-8.14;-3.87;-95.29;-11.17;0.88;-211.00;-119.63;-196.81
21-06-2022;03:59:00;37.05;57.33;-325.54;-396.03;-47.44;-8.33;-4.22;-95.32;-11.26;0.93;-211.61;-120.33;-197.12
21-06-2022;12:06:00;36.17;57.19;-326.06;-396.47;-47.39;-8.86;-5.18;-96.19;-11.86;0.55;-212.59;-120.76;-198.04
21-06-2022;19:57:00;35.36;56.95;-326.48;-394.77;-47.17;-9.01;-5.88;-96.49;-11.81;0.19;-213.38;-120.63;-198.84
22-06-2022;03:53:00;34.99;57.07;-327.05;-394.73;-46.88;-9.39;-6.30;-96.81;-12.13;-0.12;-214.01;-121.02;-199.40
22-06-2022;11:56:00;36.89;57.42;-328.54;-396.28;-47.93;-8.38;-4.93;-95.51;-11.39;0.34;-213.84;-120.93;-199.07
22-06-2022;20:00:00;36.75;57.40;-329.32;-396.50;-48.01;-8.32;-4.90;-95.44;-11.25;0.27;-214.02;-120.79;-199.38
23-06-2022;04:03:00;36.98;57.32;-330.19;-396.85;-48.06;-8.36;-5.01;-95.47;-11.35;0.28;-214.69;-121.33;-200.04
23-06-2022;11:59:00;36.81;57.55;-330.94;-396.27;-47.98;-8.53;-4.84;-95.66;-11.40;0.26;-215.25;-121.68;-200.56
23-06-2022;19:57:00;36.90;57.62;-331.25;-396.29;-47.95;-8.36;-4.78;-95.45;-11.21;0.53;-215.42;-121.84;-200.83
24-06-2022;03:58:00;36.25;57.11;-331.54;-395.84;-47.47;-8.65;-5.15;-95.98;-11.49;0.11;-216.06;-122.36;-201.49
24-06-2022;12:04:00;35.90;56.90;-331.59;-394.65;-48.07;-9.24;-5.95;-97.00;-12.74;1.23;-217.19;-123.05;-202.41
24-06-2022;20:04:00;37.85;57.32;-332.80;-394.69;-47.58;-8.66;-5.14;-95.80;-11.97;0.99;-216.32;-122.78;-201.89
25-06-2022;04:00:00;37.79;57.59;-333.58;-394.22;-46.98;-8.47;-4.34;-95.32;-11.63;0.40;-216.87;-123.02;-202.31
25-06-2022;11:55:00;38.00;57.55;-334.06;-393.52;-47.16;-8.59;-4.29;-95.51;-11.74;0.68;-217.30;-123.35;-202.72
25-06-2022;19:59:00;37.35;57.38;-334.44;-393.58;-46.76;-8.71;-4.61;-95.86;-11.93;0.54;-217.55;-123.57;-202.91
26-06-2022;04:02:00;36.48;57.38;-335.18;-392.96;-46.46;-8.90;-4.90;-95.96;-12.04;0.17;-218.46;-123.97;-203.61
26-06-2022;11:58:00;36.48;57.22;-335.94;-391.60;-47.28;-9.38;-5.56;-96.55;-12.73;0.48;-218.91;-124.56;-203.92
26-06-2022;19:53:00;37.14;57.44;-336.92;-392.72;-47.36;-8.86;-4.96;-95.44;-12.16;0.34;-218.92;-124.45;-204.10
27-06-2022;03:57:00;35.20;57.23;-336.92;-391.38;-45.13;-9.65;-6.02;-97.15;-13.01;-0.84;-220.25;-125.49;-205.36
27-06-2022;12:00:00;37.76;57.28;-337.47;-393.34;-47.63;-9.10;-4.51;-96.03;-12.55;1.18;-219.79;-125.11;-205.35
27-06-2022;20:04:00;36.38;57.24;-337.76;-393.47;-46.35;-9.29;-5.04;-96.46;-12.68;-0.03;-220.14;-125.12;-205.72
28-06-2022;03:59:00;34.75;57.18;-338.58;-391.38;-46.44;-9.27;-4.63;-96.51;-13.04;-0.41;-221.22;-125.94;-206.53
28-06-2022;11:55:00;36.62;57.14;-339.31;-390.95;-48.33;-9.69;-4.59;-96.92;-13.12;1.23;-222.55;-126.43;-207.53
28-06-2022;19:58:00;34.80;57.22;-340.06;-392.23;-47.40;-9.35;-4.36;-96.50;-12.30;-0.20;-221.92;-126.24;-207.04
29-06-2022;04:01:00;35.41;57.14;-339.96;-392.50;-47.85;-8.97;-4.06;-96.08;-11.84;-0.36;-221.47;-125.91;-206.79
29-06-2022;12:04:00;35.61;56.60;-341.36;-392.45;-49.31;-8.86;-3.94;-96.24;-12.52;1.30;-222.33;-126.56;-207.48
29-06-2022;20:00:00;35.61;57.16;-341.36;-393.31;-48.39;-8.81;-3.88;-95.74;-11.99;-0.04;-221.85;-126.51;-207.14
30-06-2022;03:56:00;35.26;57.43;-341.91;-393.36;-47.33;-8.99;-4.35;-95.61;-11.99;-0.58;-222.59;-127.00;-207.42
30-06-2022;11:59:00;36.26;57.35;-342.25;-393.08;-48.04;-9.67;-4.97;-96.58;-13.06;0.15;-223.36;-127.53;-208.24
30-06-2022;20:02:00;36.12;57.64;-343.13;-393.46;-47.80;-9.09;-4.15;-95.52;-12.16;0.03;-223.04;-127.41;-208.33
01-07-2022;03:50:00;36.08;58.13;-343.43;-394.11;-48.66;-8.91;-3.81;-95.29;-11.94;0.32;-223.42;-127.63;-208.67
01-07-2022;11:53:00;36.58;57.84;-344.29;-393.97;-49.73;-9.13;-3.81;-95.89;-12.34;1.31;-223.68;-128.02;-209.08
01-07-2022;19:56:00;35.96;58.07;-344.84;-394.54;-49.12;-8.74;-3.43;-95.14;-11.63;-0.04;-223.62;-128.25;-208.96
02-07-2022;04:00:00;36.92;58.30;-345.97;-396.05;-49.64;-8.84;-4.14;-95.57;-11.84;0.17;-224.23;-128.44;-209.92
02-07-2022;12:03:00;36.61;58.12;-346.31;-394.67;-49.87;-8.97;-3.96;-95.43;-11.77;0.01;-224.90;-128.63;-210.26
02-07-2022;19:59:00;36.23;58.40;-346.74;-394.82;-49.56;-9.06;-3.99;-95.43;-12.11;-0.71;-225.49;-129.11;-210.71
03-07-2022;03:54:00;36.25;57.68;-346.80;-394.77;-50.01;-8.99;-3.79;-95.37;-11.85;-0.56;-225.31;-129.01;-210.52
03-07-2022;11:58:00;36.43;57.81;-347.62;-394.67;-49.88;-9.07;-4.19;-95.44;-11.93;-0.38;-225.82;-129.38;-211.04
03-07-2022;19:55:00;36.39;57.85;-348.19;-394.73;-50.43;-9.00;-4.16;-95.56;-11.93;-0.52;-226.29;-129.52;-211.29
04-07-2022;04:04:00;35.96;57.81;-348.43;-394.64;-50.12;-9.35;-4.36;-95.97;-12.36;-0.78;-226.94;-129.95;-211.93
04-07-2022;12:00:00;36.40;57.96;-348.89;-395.59;-49.92;-9.37;-4.09;-95.93;-12.36;-0.72;-227.56;-130.29;-212.25
04-07-2022;20:01:00;36.73;58.15;-349.27;-396.15;-50.42;-8.89;-3.89;-95.16;-11.71;-0.51;-227.37;-130.18;-212.00
05-07-2022;03:52:00;36.39;58.33;-349.58;-397.16;-50.21;-9.07;-4.19;-95.43;-11.91;-0.81;-227.70;-130.45;-212.30
05-07-2022;12:02:00;36.68;58.25;-350.55;-397.61;-50.53;-8.91;-4.05;-95.37;-11.67;-0.81;-228.05;-130.61;-212.60
05-07-2022;19:58:00;36.65;58.37;-350.63;-398.48;-50.45;-8.91;-3.78;-95.09;-11.74;-1.00;-228.34;-130.82;-212.84
06-07-2022;03:54:00;36.22;58.40;-351.28;-397.51;-50.14;-9.15;-4.03;-95.71;-12.07;-1.11;-229.03;-131.29;-213.44
06-07-2022;11:57:00;36.12;58.19;-351.88;-396.51;-50.46;-9.19;-4.20;-95.69;-12.01;-1.09;-229.36;-131.42;-213.66
06-07-2022;20:02:00;35.68;57.81;-352.96;-396.20;-49.65;-9.25;-4.76;-95.43;-12.15;-1.34;-229.90;-132.17;-214.05
07-07-2022;04:05:00;36.30;57.77;-353.28;-395.92;-49.58;-9.21;-4.16;-95.64;-12.27;-1.06;-229.54;-131.95;-214.16
07-07-2022;11:59:00;37.03;57.79;-353.69;-397.61;-49.77;-8.80;-3.47;-95.32;-11.84;-0.74;-229.32;-131.52;-214.62
07-07-2022;19:52:00;36.34;58.47;-353.81;-397.69;-50.28;-8.94;-3.84;-95.26;-11.84;-0.51;-229.92;-132.00;-214.88
08-07-2022;03:58:00;35.21;58.73;-354.54;-397.24;-49.49;-9.19;-4.29;-95.65;-12.14;-1.44;-230.52;-132.60;-215.43
08-07-2022;12:01:00;35.80;58.42;-354.46;-396.33;-49.61;-8.82;-3.92;-95.38;-11.84;-0.91;-230.71;-132.65;-215.37
08-07-2022;20:05:00;36.35;57.99;-354.53;-395.44;-50.03;-8.68;-3.47;-94.89;-11.73;-0.75;-230.94;-132.77;-215.66
09-07-2022;04:00:00;36.75;57.76;-355.03;-395.08;-49.94;-8.73;-3.59;-94.98;-11.61;-0.73;-231.20;-132.94;-215.91
09-07-2022;11:56:00;36.50;58.09;-355.37;-394.91;-49.81;-8.91;-3.60;-95.32;-11.83;-0.71;-231.46;-133.22;-216.22
09-07-2022;19:59:00;35.96;58.23;-355.44;-394.66;-49.70;-9.04;-4.02;-95.37;-12.10;-0.78;-232.26;-133.72;-216.65
10-07-2022;04:02:00;35.70;58.06;-355.90;-394.13;-49.58;-8.90;-3.67;-95.10;-11.87;-0.93;-232.13;-133.89;-216.71
10-07-2022;11:58:00;35.23;57.35;-355.96;-394.17;-49.65;-8.76;-3.61;-95.19;-12.13;-0.85;-232.17;-133.52;-216.77
10-07-2022;19:53:00;35.02;57.66;-356.70;-394.24;-49.24;-8.95;-3.99;-95.28;-12.01;-0.71;-232.66;-133.83;-216.92
11-07-2022;03:56:00;33.72;57.55;-356.62;-393.60;-48.82;-9.07;-4.21;-95.73;-12.13;-1.25;-233.00;-134.65;-217.49
11-07-2022;12:00:00;34.90;57.47;-356.70;-393.93;-48.92;-9.02;-4.04;-95.64;-12.51;-0.39;-232.94;-134.24;-217.44
11-07-2022;20:03:00;34.23;57.81;-357.41;-395.15;-48.10;-9.01;-4.03;-95.06;-12.15;-1.49;-233.37;-134.50;-217.59
12-07-2022;03:59:00;33.82;57.93;-357.64;-394.77;-46.98;-9.66;-4.82;-95.81;-12.51;-1.91;-234.51;-135.42;-218.38
12-07-2022;11:54:00;34.58;57.87;-358.15;-395.51;-47.94;-9.48;-4.38;-95.66;-12.44;-1.10;-234.24;-135.48;-218.51
12-07-2022;19:58:00;33.77;57.89;-358.72;-395.89;-47.45;-9.46;-4.71;-95.52;-12.54;-2.00;-234.27;-135.86;-219.04
13-07-2022;04:01:00;34.14;57.74;-359.20;-397.80;-47.18;-9.65;-5.28;-96.23;-12.78;-1.40;-234.23;-135.73;-219.01
13-07-2022;12:05:00;35.06;57.89;-359.38;-399.30;-48.51;-9.30;-4.52;-95.50;-12.73;-0.67;-234.41;-135.44;-219.22
13-07-2022;20:00:00;35.36;57.67;-359.67;-399.44;-48.31;-8.79;-4.03;-95.01;-12.19;-0.85;-234.35;-135.44;-219.04
14-07-2022;03:56:00;35.30;57.54;-359.85;-399.57;-48.26;-8.81;-3.93;-94.73;-12.20;-0.61;-234.53;-135.72;-219.16
14-07-2022;11:59:00;35.63;57.37;-360.03;-399.13;-48.07;-8.97;-4.09;-94.96;-12.54;-0.55;-234.46;-135.92;-219.47
14-07-2022;20:06:00;36.09;57.71;-360.46;-399.20;-48.26;-8.67;-3.55;-94.58;-12.25;-0.48;-234.43;-135.77;-219.18
15-07-2022;03:55:00;36.74;57.84;-361.19;-399.22;-48.67;-8.57;-3.46;-94.34;-12.05;-0.66;-234.95;-136.23;-219.69
15-07-2022;11:54:00;36.49;57.64;-361.11;-399.80;-48.43;-8.93;-4.04;-94.74;-12.45;-0.43;-235.09;-136.26;-219.82
15-07-2022;19:57:00;36.03;57.38;-361.72;-398.62;-47.77;-9.10;-4.68;-95.23;-12.94;-1.05;-235.76;-136.95;-220.45
16-07-2022;04:00:00;35.49;57.23;-361.68;-397.76;-46.71;-9.35;-4.66;-95.41;-13.09;-1.92;-236.62;-137.44;-220.84
16-07-2022;12:04:00;36.21;57.34;-362.08;-399.40;-47.90;-8.88;-3.84;-94.73;-12.66;-1.09;-235.36;-136.47;-220.13
16-07-2022;19:59:00;35.87;57.86;-363.10;-400.09;-48.09;-8.88;-3.81;-94.59;-12.33;-0.90;-235.71;-136.85;-220.60
17-07-2022;03:55:00;35.84;57.85;-363.27;-399.55;-48.54;-9.09;-4.11;-94.60;-12.49;-0.87;-236.50;-137.40;-221.14
17-07-2022;11:58:00;35.28;58.03;-363.59;-399.96;-48.34;-9.29;-4.43;-94.92;-12.78;-1.29;-236.65;-137.70;-221.54
17-07-2022;20:01:00;34.75;57.78;-363.76;-399.33;-48.19;-9.29;-4.46;-94.60;-12.69;-1.50;-236.60;-137.77;-221.77
18-07-2022;04:11:00;32.93;57.75;-363.88;-398.90;-47.38;-9.77;-5.51;-95.28;-13.19;-2.32;-237.66;-138.56;-223.04
18-07-2022;12:00:00;34.63;57.84;-364.20;-399.98;-47.86;-9.44;-4.61;-95.35;-12.90;-1.79;-237.29;-138.24;-222.32
18-07-2022;19:56:00;35.90;58.04;-364.65;-401.10;-48.25;-9.01;-3.78;-94.60;-12.53;-1.42;-237.16;-137.90;-222.06
19-07-2022;03:53:00;34.15;58.04;-364.41;-399.65;-46.76;-9.57;-4.56;-95.49;-12.97;-2.39;-237.75;-138.44;-222.56
19-07-2022;12:02:00;34.84;57.29;-364.26;-400.27;-47.97;-9.98;-4.86;-96.11;-13.87;-0.84;-238.20;-138.86;-222.56
19-07-2022;19:58:00;34.16;58.00;-364.85;-400.54;-47.53;-9.54;-3.96;-95.63;-13.03;-2.47;-237.85;-138.72;-222.86
20-07-2022;03:54:00;33.39;58.22;-364.41;-401.12;-46.18;-10.27;-5.18;-96.51;-13.75;-3.56;-238.46;-139.19;-223.51
20-07-2022;11:57:00;34.51;57.90;-364.67;-401.64;-47.01;-10.25;-5.46;-96.69;-13.71;-2.17;-238.55;-139.23;-223.53
20-07-2022;20:00:00;34.14;58.51;-365.61;-400.99;-47.28;-9.34;-4.92;-95.36;-12.81;-2.95;-238.47;-138.94;-223.34
21-07-2022;04:04:00;35.27;58.43;-365.93;-401.93;-47.87;-9.01;-4.09;-94.22;-12.64;-2.28;-238.10;-139.08;-222.94
21-07-2022;11:59:00;36.95;58.20;-366.32;-402.84;-49.30;-8.42;-3.38;-93.41;-12.12;-0.51;-237.33;-138.55;-222.28
21-07-2022;19:55:00;36.30;57.89;-366.27;-402.16;-48.63;-8.58;-3.34;-93.20;-11.96;-1.41;-237.37;-138.86;-222.30
22-07-2022;03:58:00;35.56;58.03;-366.21;-401.41;-48.03;-8.76;-3.86;-93.53;-12.07;-1.41;-238.14;-139.33;-222.93
22-07-2022;12:01:00;36.69;57.84;-366.51;-402.53;-48.95;-8.56;-3.52;-93.01;-11.99;-0.47;-237.66;-139.17;-222.53
22-07-2022;20:05:00;35.22;57.83;-366.72;-401.85;-47.89;-9.05;-3.52;-93.40;-12.49;-1.52;-238.22;-139.58;-223.05
23-07-2022;04:00:00;35.75;57.93;-367.29;-401.45;-47.77;-9.23;-3.95;-93.41;-12.62;-1.70;-238.46;-139.72;-223.23
23-07-2022;11:56:00;34.85;57.85;-367.46;-401.42;-48.48;-9.61;-4.32;-93.92;-12.92;-0.96;-239.40;-140.54;-224.17
23-07-2022;19:59:00;36.28;58.41;-368.35;-402.94;-48.50;-8.49;-3.15;-92.56;-11.80;-1.35;-238.59;-139.94;-223.52
24-07-2022;04:02:00;34.55;58.15;-368.38;-402.04;-47.78;-8.90;-3.73;-93.04;-12.19;-1.99;-239.62;-140.88;-224.45
24-07-2022;11:58:00;35.67;58.11;-368.77;-400.86;-48.87;-9.10;-3.73;-93.76;-13.22;-0.96;-240.27;-140.69;-224.66
24-07-2022;19:47:00;35.60;58.30;-369.41;-401.54;-48.81;-9.65;-4.28;-94.05;-13.02;-2.07;-240.37;-140.98;-224.82
25-07-2022;03:57:00;36.58;58.53;-369.26;-402.55;-49.13;-9.17;-3.37;-93.45;-12.44;-1.67;-239.89;-140.66;-224.22
25-07-2022;12:00:00;36.01;58.33;-369.60;-402.92;-48.45;-9.79;-3.92;-94.53;-13.38;-1.95;-240.80;-141.37;-225.07
25-07-2022;20:04:00;37.29;58.48;-370.40;-404.29;-49.15;-8.84;-3.14;-93.72;-12.15;-0.98;-240.23;-140.91;-224.22
26-07-2022;03:59:00;37.21;58.51;-370.31;-405.25;-48.66;-8.49;-2.74;-93.59;-11.79;-0.69;-240.31;-141.25;-224.59
26-07-2022;11:55:00;36.29;58.26;-370.53;-404.99;-48.83;-9.00;-3.27;-94.72;-12.33;-0.45;-240.97;-141.80;-225.13
26-07-2022;19:58:00;35.12;58.29;-370.76;-403.89;-48.09;-9.21;-3.72;-95.02;-12.58;-1.85;-241.48;-142.24;-225.41
27-07-2022;04:01:00;35.49;58.18;-371.15;-404.22;-48.76;-9.01;-3.00;-94.52;-12.34;-1.44;-241.29;-142.05;-225.09
27-07-2022;12:05:00;37.13;57.92;-371.02;-404.84;-49.18;-8.92;-2.88;-93.99;-12.50;-1.01;-240.90;-141.71;-224.37
27-07-2022;20:00:00;35.66;58.37;-371.69;-404.74;-48.84;-8.74;-2.82;-93.68;-12.07;-1.56;-241.07;-142.31;-224.44
28-07-2022;03:56:00;34.53;58.39;-372.09;-404.55;-48.94;-9.04;-3.27;-93.79;-12.02;-1.26;-241.51;-142.87;-224.89
28-07-2022;11:59:00;35.34;57.89;-371.93;-403.93;-49.30;-8.90;-2.95;-93.77;-12.63;-0.91;-241.53;-142.90;-224.84
28-07-2022;20:02:00;34.51;58.08;-372.03;-404.73;-49.77;-9.04;-3.05;-93.47;-12.35;-1.82;-241.37;-143.00;-224.52
29-07-2022;03:55:00;32.79;58.32;-372.36;-403.60;-49.09;-9.45;-3.73;-94.03;-12.71;-2.25;-242.39;-143.79;-225.33
29-07-2022;11:53:00;33.19;58.20;-372.75;-403.99;-49.80;-10.06;-4.46;-94.77;-13.58;-1.34;-243.60;-144.74;-226.38
29-07-2022;19:57:00;33.28;58.47;-372.66;-404.49;-49.80;-9.29;-3.27;-93.40;-12.62;-1.48;-242.53;-144.03;-225.57
30-07-2022;04:00:00;30.53;59.20;-373.75;-402.30;-48.17;-9.69;-3.42;-93.72;-12.47;-2.55;-243.88;-145.22;-226.80
30-07-2022;12:04:00;30.12;58.83;-373.81;-402.96;-50.13;-9.06;-2.60;-92.91;-12.35;-1.31;-242.48;-144.19;-225.64
30-07-2022;19:59:00;30.37;58.83;-373.86;-403.10;-50.17;-8.80;-2.29;-92.55;-12.24;-1.34;-242.73;-144.27;-225.78
31-07-2022;03:58:00;29.91;58.68;-373.80;-402.54;-49.66;-9.07;-2.16;-92.97;-12.33;-1.78;-242.90;-144.40;-225.85
31-07-2022;11:58:00;29.17;58.65;-374.01;-401.12;-49.91;-9.70;-2.65;-93.99;-13.09;-1.75;-243.99;-145.04;-226.62
31-07-2022;20:01:00;29.60;58.98;-374.40;-401.07;-50.13;-9.24;-2.99;-93.30;-12.74;-2.26;-243.63;-144.61;-226.67
01-08-2022;04:05:00;29.25;58.96;-374.57;-400.84;-49.56;-9.52;-3.27;-93.13;-12.82;-2.17;-243.48;-144.76;-226.40
01-08-2022;12:00:00;31.08;58.70;-375.12;-401.54;-51.14;-9.76;-2.82;-93.01;-12.65;-2.25;-243.83;-144.64;-226.54
01-08-2022;19:56:00;29.54;58.95;-375.39;-400.90;-50.12;-9.47;-3.40;-92.89;-12.83;-2.56;-243.79;-144.46;-226.31
02-08-2022;03:59:00;29.14;58.98;-375.94;-400.86;-49.90;-9.82;-4.24;-93.40;-13.16;-2.79;-244.49;-145.02;-227.01
02-08-2022;12:02:00;28.76;59.38;-376.47;-401.89;-48.81;-10.12;-4.27;-93.94;-13.76;-2.80;-244.96;-145.85;-227.32
02-08-2022;19:58:00;28.59;59.35;-377.02;-402.89;-48.85;-9.92;-4.85;-93.43;-13.58;-3.05;-244.97;-145.74;-227.50
03-08-2022;03:54:00;28.47;59.23;-377.74;-403.59;-49.03;-10.10;-5.87;-93.10;-13.67;-2.78;-245.38;-146.05;-227.83
03-08-2022;11:58:00;27.80;59.15;-377.73;-402.93;-48.93;-10.16;-5.80;-93.96;-13.70;-2.61;-246.10;-146.71;-228.59
03-08-2022;20:00:00;29.88;59.28;-378.56;-404.07;-49.17;-9.50;-4.29;-92.23;-12.90;-1.50;-245.18;-146.16;-227.63
04-08-2022;04:03:00;28.89;59.48;-379.02;-402.89;-48.83;-9.79;-4.69;-92.85;-13.18;-2.07;-245.83;-146.70;-228.16
04-08-2022;11:59:00;27.82;59.09;-379.04;-402.61;-48.91;-10.03;-5.96;-94.00;-13.86;-2.02;-246.97;-147.53;-229.27
04-08-2022;19:54:00;27.26;59.40;-379.45;-401.95;-48.46;-10.15;-6.08;-93.86;-13.54;-2.16;-247.27;-147.64;-229.49
05-08-2022;03:58:00;27.59;59.20;-379.81;-402.09;-47.63;-10.41;-5.42;-93.80;-13.83;-2.83;-247.16;-147.89;-229.27
05-08-2022;12:01:00;29.15;58.85;-380.09;-401.56;-48.49;-10.12;-4.34;-93.87;-13.80;-1.58;-247.07;-147.51;-228.77
05-08-2022;20:04:00;29.37;58.99;-380.90;-403.18;-48.60;-9.49;-3.48;-92.87;-13.07;-1.66;-247.07;-147.41;-228.68
06-08-2022;04:00:00;28.49;59.15;-381.41;-402.60;-48.54;-9.64;-3.77;-93.25;-12.92;-1.74;-247.41;-147.82;-229.18
06-08-2022;11:55:00;28.45;59.02;-381.80;-401.36;-48.82;-9.69;-3.42;-93.31;-13.08;-2.11;-247.89;-148.06;-229.46
06-08-2022;19:59:00;28.29;59.23;-382.44;-401.93;-47.93;-9.54;-3.14;-92.93;-12.89;-2.35;-248.03;-148.55;-229.79
07-08-2022;03:55:00;27.22;59.17;-382.81;-401.97;-47.57;-9.98;-3.84;-93.39;-13.49;-2.94;-248.75;-149.09;-230.94
07-08-2022;11:58:00;27.53;58.87;-382.70;-402.43;-48.26;-9.93;-4.05;-93.58;-14.54;-1.96;-249.13;-149.17;-231.42
07-08-2022;19:51:00;26.96;59.12;-383.69;-403.18;-47.78;-9.73;-3.63;-92.98;-13.37;-2.37;-248.91;-148.85;-231.22
08-08-2022;03:56:00;24.64;59.10;-384.24;-401.27;-47.15;-10.29;-4.57;-93.62;-13.80;-3.33;-250.16;-149.87;-231.84
08-08-2022;12:00:00;25.30;58.88;-384.04;-401.61;-48.23;-10.94;-4.21;-94.18;-14.63;-1.72;-250.58;-149.99;-231.79
08-08-2022;20:03:00;27.03;58.93;-384.77;-401.57;-46.85;-10.04;-2.56;-93.87;-14.10;-3.22;-249.99;-149.63;-231.48
09-08-2022;03:59:00;26.25;59.22;-385.89;-401.64;-46.27;-10.34;-2.71;-94.17;-13.99;-3.30;-250.72;-150.26;-232.02
09-08-2022;12:00:00;26.56;59.15;-386.66;-401.68;-46.79;-10.76;-3.18;-94.63;-14.40;-2.65;-251.29;-150.84;-232.45
09-08-2022;19:58:00;26.65;59.54;-387.00;-402.45;-47.19;-10.19;-2.43;-93.70;-13.70;-2.96;-251.19;-150.82;-232.42
10-08-2022;04:01:00;27.39;59.47;-387.66;-402.69;-47.71;-9.61;-1.69;-93.08;-13.10;-2.36;-251.07;-150.81;-232.40
10-08-2022;12:04:00;27.15;59.52;-388.16;-402.85;-47.32;-9.78;-1.29;-93.06;-13.27;-2.59;-251.68;-151.02;-232.79
10-08-2022;20:00:00;27.73;59.50;-388.46;-402.09;-47.41;-9.53;-1.12;-92.35;-13.04;-2.52;-251.78;-150.86;-233.04
11-08-2022;03:55:00;27.44;59.49;-388.47;-402.80;-47.34;-9.75;-1.38;-92.42;-13.17;-2.59;-252.12;-151.31;-233.48
11-08-2022;11:59:00;26.49;59.62;-388.04;-401.37;-46.54;-10.29;-2.29;-93.21;-13.94;-2.79;-253.19;-152.07;-234.47
11-08-2022;20:02:00;25.30;59.62;-388.39;-399.31;-45.24;-10.38;-2.50;-93.29;-14.20;-3.41;-253.70;-152.78;-235.12
12-08-2022;03:58:00;24.96;59.90;-388.52;-399.68;-46.14;-10.37;-2.39;-93.58;-13.82;-3.38;-253.94;-152.86;-235.38
12-08-2022;11:53:00;26.36;59.19;-388.30;-401.18;-47.23;-10.07;-1.89;-93.49;-13.95;-2.30;-253.86;-152.48;-235.24
12-08-2022;19:57:00;25.85;59.92;-389.07;-400.82;-46.84;-9.95;-1.94;-93.13;-13.47;-2.74;-254.15;-152.87;-235.71
13-08-2022;04:00:00;24.52;59.51;-389.43;-398.14;-44.91;-11.14;-3.52;-94.57;-14.50;-4.60;-255.08;-153.71;-236.62
13-08-2022;12:03:00;25.09;59.11;-389.15;-397.88;-46.45;-10.77;-3.97;-94.52;-14.71;-3.19;-255.95;-154.01;-237.24
13-08-2022;19:59:00;26.39;59.84;-390.79;-399.38;-46.54;-10.11;-2.59;-93.26;-13.59;-3.26;-254.84;-153.62;-236.49
14-08-2022;03:54:00;24.89;59.78;-391.57;-398.42;-46.23;-10.87;-3.79;-94.04;-14.15;-4.14;-256.02;-154.51;-237.55
14-08-2022;11:58:00;25.83;59.39;-391.76;-398.00;-46.80;-11.61;-4.48;-94.30;-14.68;-2.73;-256.75;-154.68;-237.90
14-08-2022;20:01:00;26.70;59.80;-392.07;-399.89;-46.38;-10.89;-3.83;-93.43;-14.40;-3.17;-256.30;-154.18;-237.79
15-08-2022;04:04:00;26.65;60.05;-392.56;-399.78;-46.96;-10.41;-3.41;-92.70;-13.87;-3.15;-256.33;-154.13;-237.87
15-08-2022;12:00:00;24.95;59.21;-392.45;-397.87;-46.82;-11.04;-4.63;-94.28;-15.15;-3.23;-257.06;-155.00;-238.26
15-08-2022;19:55:00;24.51;59.07;-392.93;-398.05;-46.20;-11.12;-4.80;-94.29;-15.05;-4.53;-257.72;-155.38;-238.77
16-08-2022;04:00:00;25.49;59.98;-393.73;-398.82;-46.52;-10.71;-4.01;-93.51;-14.53;-3.95;-257.61;-155.05;-238.85
16-08-2022;12:00:00;26.19;59.56;-394.02;-397.93;-46.64;-11.16;-4.39;-94.33;-15.19;-3.22;-257.96;-155.30;-239.00
16-08-2022;20:00:00;25.58;59.50;-394.30;-397.83;-46.48;-11.00;-4.43;-94.12;-14.61;-3.37;-258.08;-155.54;-239.28
17-08-2022;04:03:00;26.82;59.25;-395.47;-398.01;-46.79;-10.55;-4.90;-93.18;-14.44;-3.34;-258.67;-156.55;-240.26
17-08-2022;11:58:00;27.76;59.23;-396.24;-397.09;-48.01;-10.64;-5.37;-92.75;-14.38;-2.86;-258.55;-156.76;-239.86
17-08-2022;19:46:00;28.05;58.98;-397.16;-395.23;-48.81;-10.40;-5.50;-92.33;-13.83;-3.01;-258.37;-156.52;-239.70
18-08-2022;03:57:00;27.45;58.99;-397.63;-394.99;-49.22;-10.29;-5.77;-92.54;-14.13;-3.34;-259.17;-157.12;-240.43
18-08-2022;12:00:00;25.50;58.69;-397.53;-393.85;-51.10;-9.77;-6.32;-92.90;-13.81;-2.20;-261.01;-158.01;-241.88
18-08-2022;20:04:00;24.03;58.40;-397.96;-392.12;-50.44;-9.91;-5.49;-92.85;-13.64;-2.90;-260.89;-157.81;-241.95
19-08-2022;03:59:00;24.29;58.57;-398.62;-391.85;-49.89;-9.93;-5.45;-93.05;-13.73;-2.88;-260.88;-157.70;-241.87
19-08-2022;11:55:00;26.20;58.49;-399.23;-392.10;-51.36;-9.46;-5.03;-92.64;-13.41;-1.46;-260.94;-157.64;-241.99
19-08-2022;19:58:00;26.04;58.05;-399.70;-391.44;-51.49;-9.94;-6.16;-93.30;-13.82;-2.20;-261.88;-158.33;-242.65
20-08-2022;04:01:00;25.47;58.30;-400.57;-391.77;-50.51;-10.25;-7.35;-93.85;-13.77;-2.59;-262.74;-159.06;-243.52
20-08-2022;12:05:00;26.38;57.84;-400.84;-392.70;-52.41;-10.25;-6.46;-92.89;-13.18;-2.56;-261.75;-157.97;-242.51
20-08-2022;19:54:00;27.20;58.23;-401.69;-393.16;-52.31;-9.48;-4.81;-92.11;-12.82;-1.99;-261.76;-158.25;-242.89
21-08-2022;03:56:00;26.08;58.26;-402.19;-391.98;-52.13;-9.84;-5.37;-93.17;-13.40;-2.48;-263.17;-159.43;-244.05
21-08-2022;11:59:00;26.75;57.96;-402.45;-391.27;-52.64;-9.79;-5.59;-93.50;-13.76;-1.30;-263.26;-159.52;-244.27
21-08-2022;20:02:00;27.21;58.50;-403.87;-391.27;-52.51;-9.49;-5.36;-92.74;-13.08;-1.86;-263.46;-159.61;-244.16
22-08-2022;03:58:00;27.95;59.20;-404.32;-392.22;-52.91;-9.03;-4.46;-92.14;-12.59;-1.65;-263.21;-159.53;-244.10
22-08-2022;11:53:00;27.42;58.88;-404.99;-392.14;-52.49;-9.20;-4.28;-92.05;-13.00;-1.72;-264.03;-160.06;-244.89
22-08-2022;19:57:00;25.27;58.84;-405.77;-391.24;-50.70;-9.64;-5.28;-92.84;-13.45;-3.23;-265.07;-160.87;-245.95
23-08-2022;04:00:00;25.06;58.47;-405.92;-390.87;-51.16;-9.71;-5.02;-92.61;-13.39;-2.33;-265.25;-160.97;-245.99
23-08-2022;12:03:00;24.31;57.75;-405.84;-390.66;-52.30;-9.62;-5.24;-93.12;-14.12;-1.03;-267.08;-162.42;-247.50
23-08-2022;19:59:00;25.25;58.63;-407.63;-391.60;-51.04;-9.85;-5.03;-92.93;-13.56;-2.65;-266.62;-161.98;-247.59
24-08-2022;03:54:00;26.26;58.39;-407.96;-391.61;-50.83;-9.53;-4.35;-92.60;-13.30;-2.77;-266.06;-161.66;-247.41
24-08-2022;11:58:00;25.98;58.62;-408.68;-391.14;-51.28;-9.60;-4.33;-92.72;-13.25;-2.52;-266.36;-161.86;-247.61
24-08-2022;20:01:00;26.16;58.60;-409.28;-391.80;-51.72;-9.32;-3.83;-92.15;-12.89;-2.03;-266.80;-162.11;-247.96
25-08-2022;04:04:00;26.77;58.62;-409.72;-392.95;-51.93;-9.13;-3.42;-92.06;-12.76;-2.08;-266.97;-162.11;-248.28
25-08-2022;12:00:00;26.71;58.87;-410.23;-392.50;-51.80;-9.42;-3.98;-92.71;-13.14;-2.24;-267.75;-162.89;-248.78
25-08-2022;19:55:00;26.49;58.69;-410.67;-392.27;-50.97;-9.65;-5.13;-92.87;-13.42;-3.12;-268.02;-163.45;-248.63
26-08-2022;03:59:00;27.80;58.97;-411.38;-393.37;-51.96;-9.21;-3.98;-92.26;-12.93;-2.29;-267.84;-163.35;-248.56
26-08-2022;12:02:00;27.06;58.48;-411.55;-392.37;-51.66;-9.69;-5.01;-92.85;-13.75;-2.64;-268.33;-163.92;-249.22
26-08-2022;19:58:00;26.81;58.39;-412.42;-392.83;-51.74;-9.35;-5.09;-92.32;-13.07;-2.71;-268.71;-163.90;-249.43
27-08-2022;03:53:00;25.40;58.32;-412.83;-391.85;-51.55;-9.90;-5.68;-93.20;-13.50;-2.96;-270.28;-165.02;-250.74
27-08-2022;11:57:00;27.75;57.97;-412.84;-391.01;-52.65;-9.64;-5.37;-92.85;-13.58;-1.91;-270.33;-164.75;-250.12
27-08-2022;20:00:00;26.83;58.89;-414.40;-392.04;-52.65;-9.05;-4.51;-92.55;-12.72;-2.54;-270.41;-164.82;-250.46
28-08-2022;04:03:00;25.30;58.70;-414.45;-390.66;-53.19;-9.70;-4.91;-92.72;-12.71;-2.73;-270.97;-164.72;-250.48
28-08-2022;11:59:00;27.55;58.38;-415.24;-392.02;-53.86;-9.29;-3.92;-92.53;-13.34;-1.98;-271.25;-164.88;-250.89
28-08-2022;19:55:00;27.03;58.72;-416.60;-391.41;-52.59;-9.35;-4.40;-92.74;-13.22;-2.54;-271.99;-165.76;-252.08
29-08-2022;03:54:00;26.55;58.81;-417.40;-390.39;-51.63;-9.76;-5.21;-93.47;-13.44;-3.73;-272.90;-166.56;-252.95
29-08-2022;12:01:00;26.97;58.31;-417.75;-389.97;-52.08;-9.80;-4.78;-93.42;-13.87;-1.86;-273.43;-166.92;-253.32
29-08-2022;20:12:00;25.16;59.02;-418.81;-389.46;-50.79;-10.13;-5.49;-93.77;-13.52;-3.87;-273.98;-167.80;-254.29
30-08-2022;04:00:00;26.65;58.97;-419.42;-391.53;-51.29;-9.66;-4.83;-93.27;-13.25;-3.68;-273.56;-167.37;-253.98
30-08-2022;11:56:00;27.34;58.76;-419.67;-390.61;-52.59;-9.50;-4.29;-93.23;-13.70;-1.91;-274.45;-167.94;-254.40
30-08-2022;19:59:00;25.93;58.92;-420.55;-389.04;-50.65;-10.02;-5.43;-93.64;-13.58;-3.47;-275.28;-168.54;-255.51
31-08-2022;04:09:00;27.02;59.18;-421.32;-389.96;-51.15;-9.58;-4.73;-93.27;-13.22;-3.25;-275.05;-168.51;-255.30
31-08-2022;11:58:00;27.74;58.60;-421.63;-389.19;-51.57;-9.34;-4.15;-93.24;-13.89;-1.50;-275.84;-168.95;-255.56
31-08-2022;19:49:00;26.58;58.84;-422.29;-390.20;-51.33;-9.68;-5.03;-93.72;-13.26;-2.35;-276.17;-169.21;-256.32
01-09-2022;03:57:00;27.41;59.02;-423.06;-389.46;-50.96;-9.43;-4.68;-93.33;-13.05;-2.78;-276.11;-169.29;-256.49
01-09-2022;12:00:00;27.36;58.77;-422.99;-389.57;-52.37;-9.60;-4.21;-93.13;-13.30;-1.80;-276.92;-169.38;-256.54
01-09-2022;20:03:00;26.22;59.26;-424.20;-389.26;-51.62;-9.30;-4.27;-93.15;-12.51;-2.75;-277.59;-170.36;-257.44
02-09-2022;03:59:00;28.02;59.65;-425.61;-390.52;-51.98;-9.13;-4.22;-92.75;-11.97;-2.00;-277.24;-170.47;-257.67
02-09-2022;11:54:00;28.68;58.83;-425.12;-388.46;-52.50;-9.27;-4.13;-92.95;-12.73;-1.90;-278.17;-170.82;-257.65
02-09-2022;19:57:00;26.55;58.91;-426.14;-389.38;-51.70;-9.79;-5.12;-93.98;-13.02;-3.82;-278.89;-171.58;-258.84
03-09-2022;04:01:00;28.02;59.06;-426.70;-389.95;-52.46;-9.45;-4.54;-93.38;-12.61;-3.16;-278.33;-171.21;-258.52
03-09-2022;12:04:00;28.16;58.71;-426.78;-387.48;-52.72;-9.34;-4.22;-93.77;-13.53;-1.83;-279.46;-171.87;-258.83
03-09-2022;20:02:00;27.36;59.09;-427.62;-388.57;-52.83;-9.32;-4.22;-93.29;-12.76;-3.05;-279.12;-171.76;-258.75
04-09-2022;03:55:00;28.09;58.90;-427.85;-387.51;-53.03;-9.56;-4.44;-93.51;-13.04;-3.12;-279.44;-172.05;-258.91
04-09-2022;11:58:00;28.23;58.81;-428.37;-386.45;-53.28;-9.92;-4.73;-93.95;-13.70;-2.18;-280.38;-172.62;-259.63
04-09-2022;20:02:00;28.82;59.11;-428.98;-385.87;-52.45;-9.96;-5.20;-93.77;-13.28;-3.45;-280.11;-172.55;-259.57
05-09-2022;04:05:00;28.95;59.03;-429.43;-386.09;-52.47;-9.70;-4.72;-93.63;-13.02;-3.65;-280.23;-172.60;-259.59
05-09-2022;12:01:00;29.35;58.56;-429.66;-385.45;-52.76;-10.30;-5.31;-94.72;-14.14;-2.49;-281.36;-173.29;-260.10
05-09-2022;19:56:00;28.96;58.78;-430.13;-385.91;-52.22;-9.80;-4.71;-94.02;-13.22;-3.33;-280.85;-172.82;-260.14
06-09-2022;03:59:00;28.55;59.03;-430.68;-386.21;-52.02;-9.88;-5.03;-93.88;-13.04;-3.52;-281.16;-173.28;-260.11
06-09-2022;12:03:00;28.41;58.77;-430.69;-384.46;-52.89;-10.18;-5.00;-94.31;-13.61;-3.11;-281.97;-173.92;-260.61
06-09-2022;19:58:00;28.93;59.08;-431.31;-385.88;-52.28;-9.67;-4.67;-93.75;-12.99;-3.23;-281.56;-173.78;-260.62
07-09-2022;03:54:00;28.44;59.21;-431.78;-385.79;-51.78;-9.88;-5.16;-94.05;-13.14;-3.38;-281.80;-173.99;-260.81
07-09-2022;11:57:00;28.86;58.98;-432.03;-385.11;-52.39;-10.61;-5.33;-95.03;-13.91;-2.87;-283.03;-174.82;-261.80
07-09-2022;20:00:00;29.94;59.12;-432.60;-384.85;-53.13;-9.50;-4.06;-93.77;-12.92;-2.36;-281.99;-174.36;-261.15
08-09-2022;04:04:00;29.75;59.44;-433.01;-384.26;-52.66;-9.53;-4.09;-93.63;-12.72;-2.48;-282.07;-174.54;-261.06
08-09-2022;11:59:00;29.57;59.32;-433.35;-384.00;-52.85;-9.57;-4.10;-93.82;-12.88;-2.32;-282.58;-174.91;-261.30
08-09-2022;19:55:00;29.46;59.35;-433.49;-384.28;-53.17;-9.10;-3.30;-93.05;-12.47;-2.50;-282.36;-174.93;-261.51
09-09-2022;03:55:00;29.27;59.73;-434.05;-384.23;-52.85;-9.26;-3.56;-93.24;-12.49;-2.48;-282.92;-175.30;-261.80
09-09-2022;12:01:00;29.67;59.39;-434.43;-384.86;-52.73;-9.27;-3.54;-93.36;-12.60;-2.48;-283.34;-175.71;-261.98
09-09-2022;20:05:00;29.22;59.34;-434.85;-384.95;-52.08;-9.47;-3.81;-93.62;-12.61;-2.68;-283.31;-175.66;-261.87
10-09-2022;04:00:00;28.94;59.30;-435.23;-384.55;-52.06;-9.64;-4.26;-94.05;-12.79;-2.82;-283.93;-176.01;-262.43
10-09-2022;11:56:00;29.35;59.25;-435.29;-384.81;-53.05;-9.92;-4.32;-94.34;-13.33;-1.93;-284.55;-176.69;-262.68
10-09-2022;19:59:00;28.22;59.45;-435.99;-383.41;-52.49;-9.78;-4.37;-94.28;-13.01;-3.29;-284.82;-177.10;-263.22
11-09-2022;04:03:00;28.15;59.81;-436.27;-383.17;-51.85;-10.04;-4.70;-94.61;-13.19;-3.53;-285.38;-177.56;-263.70
11-09-2022;11:58:00;26.86;59.43;-436.43;-382.17;-52.17;-10.72;-5.71;-95.42;-13.88;-3.64;-286.35;-178.29;-264.40
11-09-2022;19:54:00;28.30;59.62;-437.01;-383.61;-52.87;-9.97;-4.74;-94.42;-13.27;-3.69;-285.69;-177.92;-264.08
12-09-2022;04:03:00;28.65;59.46;-437.18;-382.93;-52.23;-10.11;-4.84;-94.80;-13.46;-3.46;-285.69;-178.11;-264.05
12-09-2022;12:01:00;28.31;59.09;-437.80;-381.11;-52.09;-10.34;-5.86;-95.28;-13.81;-3.48;-286.03;-178.41;-264.42
12-09-2022;20:04:00;28.42;58.94;-438.22;-381.89;-52.71;-9.59;-5.92;-94.53;-13.23;-3.20;-286.14;-177.94;-264.09
13-09-2022;04:00:00;28.27;59.46;-439.07;-381.63;-52.40;-9.73;-6.60;-94.33;-13.57;-2.95;-287.10;-178.69;-264.62
13-09-2022;11:55:00;28.73;58.70;-438.76;-382.66;-52.46;-9.79;-7.62;-94.35;-13.88;-2.61;-287.40;-178.27;-264.26
13-09-2022;19:58:00;28.53;59.41;-439.83;-381.75;-51.54;-10.04;-7.83;-93.76;-13.74;-3.53;-288.00;-179.67;-265.13
14-09-2022;04:07:00;28.49;59.57;-441.19;-382.16;-51.64;-9.97;-7.27;-93.75;-13.77;-3.46;-288.73;-180.22;-265.33
14-09-2022;12:10:00;29.22;59.44;-441.87;-382.88;-52.67;-9.81;-6.49;-93.68;-13.82;-1.79;-289.16;-180.53;-265.74
14-09-2022;20:01:00;29.04;59.29;-443.21;-382.74;-52.07;-9.48;-6.03;-93.31;-13.19;-3.11;-289.26;-180.49;-266.01
15-09-2022;03:56:00;28.60;59.20;-444.35;-382.21;-51.73;-9.63;-6.32;-93.54;-13.24;-3.45;-289.96;-181.00;-266.89
15-09-2022;12:00:00;29.66;59.43;-445.39;-384.20;-52.49;-9.65;-6.18;-93.19;-13.43;-1.83;-291.13;-181.11;-267.72
15-09-2022;19:56:00;28.43;59.23;-446.46;-383.64;-51.78;-9.56;-6.69;-94.09;-13.16;-2.91;-292.01;-181.65;-268.85
16-09-2022;03:59:00;28.36;59.35;-447.49;-384.06;-51.21;-9.45;-6.55;-93.76;-13.17;-3.04;-292.72;-181.64;-269.35
16-09-2022;11:54:00;28.47;59.29;-448.19;-384.06;-50.71;-10.03;-6.80;-94.17;-13.71;-2.69;-293.86;-182.56;-269.70
16-09-2022;19:58:00;28.59;59.28;-449.67;-385.65;-50.95;-9.20;-5.64;-93.14;-12.51;-2.20;-294.00;-182.81;-269.96
17-09-2022;04:01:00;28.43;59.37;-450.82;-385.09;-50.68;-9.28;-5.81;-93.21;-12.65;-2.64;-294.88;-182.85;-270.55
17-09-2022;12:04:00;28.62;59.12;-451.45;-384.47;-51.01;-9.42;-6.16;-93.50;-13.04;-2.30;-295.74;-183.60;-271.41
17-09-2022;20:00:00;28.09;59.46;-452.74;-385.42;-50.50;-9.40;-6.42;-93.57;-13.06;-2.75;-296.27;-184.31;-272.00
18-09-2022;03:55:00;27.63;59.47;-453.64;-385.83;-50.22;-9.27;-6.00;-93.37;-12.82;-2.81;-297.30;-184.74;-272.65
18-09-2022;11:59:00;27.51;59.09;-454.33;-385.31;-49.85;-9.97;-6.95;-94.21;-13.64;-2.57;-297.74;-185.31;-273.30
18-09-2022;20:06:00;28.08;59.24;-455.52;-386.91;-49.76;-9.51;-6.41;-93.68;-13.15;-2.72;-298.07;-185.59;-273.40
19-09-2022;04:05:00;26.77;59.31;-456.47;-386.06;-50.01;-9.52;-6.61;-93.79;-13.20;-3.26;-299.10;-186.16;-274.33
19-09-2022;12:01:00;27.55;59.06;-456.97;-385.75;-50.07;-9.93;-6.87;-94.21;-13.40;-2.83;-299.80;-186.76;-274.85
19-09-2022;20:00:00;27.17;59.45;-457.95;-387.21;-50.28;-9.53;-6.57;-93.75;-13.16;-3.02;-300.20;-186.99;-275.10
20-09-2022;03:59:00;26.59;59.74;-458.64;-387.44;-50.62;-9.77;-6.67;-94.12;-13.23;-3.00;-300.73;-187.37;-275.46
20-09-2022;12:03:00;26.59;59.72;-459.36;-386.70;-51.00;-9.42;-6.07;-93.77;-13.60;-2.08;-302.10;-188.65;-276.62
20-09-2022;19:58:00;26.16;59.91;-460.22;-387.39;-50.08;-9.72;-6.65;-94.04;-13.59;-2.99;-302.41;-188.71;-276.87
21-09-2022;03:54:00;26.13;59.74;-460.68;-387.64;-50.14;-10.00;-6.67;-94.19;-13.59;-3.26;-302.83;-188.79;-277.20
21-09-2022;11:57:00;25.26;59.15;-460.76;-386.29;-49.96;-10.62;-7.14;-95.00;-14.55;-2.19;-304.09;-189.74;-278.09
21-09-2022;20:00:00;26.73;59.67;-461.68;-386.56;-49.98;-10.36;-7.06;-94.67;-14.12;-2.70;-304.15;-189.82;-278.42
22-09-2022;04:04:00;25.42;59.82;-462.53;-386.80;-49.53;-10.16;-7.00;-94.56;-13.84;-3.29;-304.57;-189.98;-278.64
22-09-2022;11:59:00;25.89;59.98;-463.26;-387.24;-49.96;-9.71;-6.45;-94.07;-13.48;-3.03;-304.84;-190.20;-279.28
22-09-2022;19:55:00;26.36;59.74;-464.07;-387.29;-49.90;-10.06;-7.02;-94.53;-13.75;-3.61;-305.46;-190.63;-280.12
23-09-2022;03:58:00;25.81;59.75;-465.21;-388.18;-49.99;-9.77;-7.09;-94.66;-13.60;-3.68;-307.27;-191.17;-281.41
23-09-2022;12:01:00;26.44;59.76;-465.17;-387.86;-50.83;-9.87;-7.04;-94.80;-14.12;-3.13;-307.46;-191.39;-281.48
23-09-2022;20:05:00;25.11;60.22;-466.07;-387.89;-50.67;-9.77;-7.25;-94.74;-13.50;-3.94;-307.69;-191.60;-281.66
24-09-2022;04:00:00;25.64;60.52;-466.76;-388.80;-50.38;-9.60;-7.18;-94.37;-13.19;-3.41;-308.17;-191.98;-282.03
24-09-2022;11:56:00;26.14;59.90;-466.77;-388.15;-51.10;-9.95;-6.32;-94.63;-14.16;-2.74;-308.98;-192.04;-282.28
24-09-2022;19:59:00;25.74;60.08;-468.36;-389.97;-50.94;-9.79;-6.66;-94.37;-13.42;-3.46;-309.20;-192.31;-282.64
25-09-2022;04:04:00;26.16;59.93;-468.87;-389.66;-50.63;-10.09;-6.32;-94.60;-13.61;-3.44;-309.79;-192.69;-283.23
25-09-2022;12:04:00;26.46;59.91;-470.03;-389.92;-50.90;-10.18;-6.67;-94.69;-13.74;-2.96;-310.45;-193.45;-283.87
25-09-2022;19:54:00;27.07;59.82;-470.12;-389.39;-51.40;-9.79;-6.19;-94.59;-13.53;-3.44;-310.50;-193.18;-283.30
26-09-2022;04:06:00;27.59;60.10;-470.91;-390.47;-51.73;-9.71;-6.01;-94.36;-13.40;-2.99;-311.00;-193.52;-283.79
26-09-2022;12:00:00;27.05;59.74;-471.38;-389.31;-51.01;-10.17;-6.74;-95.27;-14.27;-3.51;-312.00;-194.23;-284.47
26-09-2022;19:57:00;26.21;59.70;-472.10;-389.01;-50.43;-10.03;-7.21;-95.08;-13.95;-3.80;-312.48;-194.68;-284.85
27-09-2022;03:59:00;25.81;59.59;-472.66;-389.16;-51.02;-9.94;-6.64;-94.84;-13.87;-3.62;-312.81;-195.25;-284.84
27-09-2022;11:54:00;26.50;59.41;-473.43;-388.48;-50.72;-10.43;-7.11;-95.73;-14.67;-3.09;-313.85;-196.22;-285.63
27-09-2022;19:58:00;27.92;59.68;-473.96;-389.21;-51.27;-9.52;-5.91;-94.72;-13.78;-2.78;-313.33;-195.85;-285.15
28-09-2022;04:01:00;26.27;59.32;-474.59;-388.10;-49.88;-9.99;-6.79;-95.58;-14.22;-3.62;-314.44;-196.66;-286.20
28-09-2022;12:04:00;26.20;59.42;-475.37;-389.04;-50.18;-10.16;-6.95;-95.87;-14.62;-2.99;-314.99;-197.10;-286.76
28-09-2022;20:00:00;26.04;59.70;-476.30;-389.41;-50.20;-9.82;-6.53;-95.46;-14.28;-3.38;-315.23;-196.89;-286.95
29-09-2022;03:55:00;25.34;59.81;-477.17;-389.16;-49.81;-10.05;-6.79;-95.45;-14.27;-3.76;-316.00;-196.89;-287.38
29-09-2022;11:59:00;25.63;59.52;-477.65;-388.75;-49.89;-10.72;-7.56;-96.25;-15.12;-3.17;-316.96;-197.36;-288.26
29-09-2022;20:02:00;25.23;59.84;-478.34;-390.33;-49.38;-10.31;-7.51;-95.83;-14.62;-4.26;-317.41;-197.66;-288.53
30-09-2022;03:58:00;26.03;59.83;-479.08;-390.42;-49.57;-10.12;-6.98;-95.59;-14.31;-3.85;-317.81;-197.83;-288.80
30-09-2022;11:53:00;26.27;59.70;-479.69;-389.95;-49.67;-10.20;-6.96;-95.97;-14.50;-3.44;-318.03;-198.14;-289.28
30-09-2022;20:03:00;27.26;59.95;-480.51;-391.80;-50.24;-9.80;-6.81;-95.20;-14.12;-3.22;-318.09;-198.34;-289.07
01-10-2022;04:06:00;26.63;59.99;-481.13;-390.17;-49.94;-9.95;-6.81;-95.13;-14.33;-3.25;-318.53;-198.62;-289.62
01-10-2022;12:03:00;25.65;59.43;-481.43;-389.39;-49.61;-10.79;-7.79;-96.55;-15.64;-3.29;-319.72;-199.51;-290.56
01-10-2022;19:58:00;23.57;59.24;-482.30;-388.69;-49.14;-10.43;-7.24;-96.32;-15.14;-3.82;-320.52;-200.27;-290.91
02-10-2022;03:58:00;23.70;59.51;-482.55;-389.13;-48.89;-10.42;-6.98;-95.71;-15.08;-4.20;-320.95;-199.93;-291.26
02-10-2022;11:57:00;25.07;59.37;-482.62;-389.86;-48.99;-10.95;-7.72;-96.27;-15.62;-3.40;-321.27;-200.37;-291.45
02-10-2022;20:01:00;25.58;59.69;-483.41;-390.21;-48.85;-10.28;-7.14;-95.39;-14.87;-4.09;-321.51;-201.07;-291.30
03-10-2022;04:04:00;24.92;59.35;-484.32;-389.67;-48.16;-10.65;-6.78;-95.86;-15.28;-4.35;-322.68;-201.89;-292.18
03-10-2022;11:59:00;25.23;59.48;-484.77;-389.53;-49.22;-10.75;-6.20;-96.04;-15.57;-3.49;-323.19;-202.27;-292.55
03-10-2022;19:55:00;25.67;59.47;-485.24;-389.55;-48.99;-10.25;-5.60;-95.20;-14.79;-4.03;-322.98;-202.10;-292.16
04-10-2022;03:58:00;25.83;59.42;-485.62;-389.30;-49.21;-10.33;-5.92;-95.49;-14.86;-4.00;-323.56;-202.44;-292.49
04-10-2022;12:02:00;25.75;59.79;-486.58;-389.27;-48.84;-10.32;-5.79;-96.01;-14.99;-3.71;-323.97;-202.75;-292.91
04-10-2022;20:05:00;23.84;59.89;-486.99;-388.63;-48.38;-10.52;-6.86;-96.60;-15.06;-4.08;-324.79;-203.75;-293.58
05-10-2022;04:00:00;25.40;59.76;-487.70;-387.56;-49.07;-10.16;-5.91;-95.86;-14.76;-4.08;-324.76;-203.74;-292.88
05-10-2022;11:56:00;25.49;59.54;-488.30;-386.67;-49.10;-10.28;-6.20;-96.16;-15.08;-3.52;-325.32;-204.16;-293.43
05-10-2022;19:59:00;26.56;59.84;-489.05;-388.20;-49.78;-9.93;-5.58;-95.31;-14.59;-2.91;-325.48;-204.10;-293.58
06-10-2022;03:59:00;26.97;60.04;-489.94;-389.86;-49.88;-9.74;-5.28;-94.86;-14.35;-2.52;-325.83;-204.25;-293.71
06-10-2022;11:58:00;26.57;60.25;-490.86;-390.21;-49.93;-9.68;-5.46;-95.05;-14.35;-2.35;-326.31;-204.63;-293.65
06-10-2022;19:54:00;26.85;60.08;-491.72;-389.96;-50.32;-9.74;-5.84;-95.22;-14.33;-2.33;-326.86;-205.17;-293.71
07-10-2022;03:57:00;25.56;60.10;-492.78;-389.29;-49.36;-10.06;-5.95;-95.84;-14.40;-3.42;-328.11;-206.32;-294.41
07-10-2022;12:00:00;27.02;59.99;-494.03;-390.91;-50.28;-9.73;-5.56;-95.23;-14.14;-2.72;-328.51;-206.62;-294.25
07-10-2022;20:04:00;26.83;60.14;-495.82;-391.00;-50.23;-9.76;-5.03;-94.91;-14.15;-2.43;-329.52;-207.30;-294.89
08-10-2022;03:59:00;26.00;59.94;-497.47;-390.73;-49.74;-10.21;-5.85;-95.71;-14.57;-3.11;-331.13;-208.28;-296.01
08-10-2022;11:55:00;27.02;60.24;-499.24;-392.17;-50.48;-9.80;-4.73;-94.80;-14.09;-2.88;-331.58;-208.97;-295.98
08-10-2022;19:58:00;27.11;60.42;-501.13;-392.74;-50.49;-9.83;-5.29;-95.07;-14.12;-2.94;-332.32;-209.89;-296.51
09-10-2022;04:07:00;26.46;60.41;-502.72;-391.45;-49.67;-9.97;-5.51;-95.27;-14.39;-3.19;-333.87;-211.20;-297.45
09-10-2022;12:05:00;26.44;60.45;-504.05;-390.52;-49.81;-10.06;-5.87;-95.31;-14.54;-3.23;-334.43;-211.86;-298.29
09-10-2022;20:00:00;27.15;60.50;-505.69;-391.21;-50.19;-9.81;-5.41;-95.27;-14.22;-2.82;-334.78;-212.20;-298.81
10-10-2022;03:56:00;27.24;60.64;-507.28;-391.33;-50.08;-9.83;-5.46;-95.54;-14.20;-2.95;-335.72;-212.64;-300.08
10-10-2022;11:59:00;26.98;60.69;-508.37;-391.20;-49.87;-10.06;-5.39;-95.66;-14.37;-2.74;-337.57;-213.84;-302.00
10-10-2022;20:03:00;27.35;60.51;-509.92;-391.47;-50.21;-9.93;-4.89;-95.22;-14.22;-2.86;-338.03;-214.61;-302.47
11-10-2022;03:58:00;26.79;60.61;-511.64;-392.15;-50.17;-10.00;-4.46;-95.29;-14.16;-3.14;-338.45;-215.14;-302.74
11-10-2022;11:54:00;26.96;60.55;-512.81;-392.44;-50.13;-9.94;-4.40;-95.41;-14.25;-3.13;-339.15;-215.74;-303.38
11-10-2022;19:59:00;27.08;60.59;-513.62;-392.45;-50.00;-9.82;-4.35;-95.15;-14.14;-3.15;-339.62;-216.33;-303.80
12-10-2022;04:00:00;27.15;60.41;-514.71;-392.73;-50.25;-9.85;-4.72;-95.38;-14.30;-2.96;-340.64;-216.98;-305.00
12-10-2022;12:04:00;26.42;60.48;-515.75;-391.98;-49.93;-10.33;-5.27;-96.01;-14.85;-3.30;-341.55;-217.58;-306.01
12-10-2022;20:04:00;26.20;61.02;-516.93;-391.73;-49.57;-10.27;-5.71;-96.18;-14.69;-3.54;-342.44;-218.07;-306.60
13-10-2022;03:55:00;25.63;61.18;-518.08;-391.58;-48.98;-10.46;-6.18;-96.29;-14.96;-3.33;-343.45;-218.37;-307.40
13-10-2022;11:58:00;24.36;61.08;-519.18;-389.73;-48.56;-11.31;-6.12;-96.92;-15.76;-4.07;-344.67;-219.21;-308.32
13-10-2022;20:01:00;24.96;61.52;-520.44;-391.80;-49.35;-10.36;-5.23;-96.09;-14.75;-4.12;-344.49;-218.96;-308.39
14-10-2022;04:05:00;24.88;61.38;-521.20;-391.06;-49.49;-10.44;-5.14;-95.98;-14.95;-4.10;-344.94;-219.30;-308.78
14-10-2022;12:00:00;26.16;61.44;-521.90;-391.27;-49.82;-10.36;-5.50;-95.82;-14.93;-3.31;-345.31;-219.41;-309.25
14-10-2022;19:56:00;25.07;61.47;-522.46;-391.51;-49.76;-10.29;-6.13;-95.59;-14.85;-3.22;-346.61;-219.55;-310.06
15-10-2022;03:59:00;25.04;61.68;-523.81;-390.25;-49.73;-10.59;-6.25;-95.98;-15.07;-3.40;-347.64;-220.50;-311.26
15-10-2022;12:02:00;26.25;61.44;-525.10;-390.32;-50.04;-10.38;-5.14;-95.70;-15.12;-3.25;-347.61;-221.01;-311.07
15-10-2022;19:58:00;26.98;61.56;-526.47;-392.04;-50.59;-10.03;-4.98;-95.33;-14.73;-2.94;-347.73;-221.26;-311.50
16-10-2022;03:49:00;27.18;61.73;-527.94;-392.87;-50.60;-9.97;-4.79;-95.23;-14.57;-2.89;-347.72;-221.56;-311.38
16-10-2022;11:57:00;26.56;61.67;-528.68;-390.88;-50.06;-10.41;-6.19;-95.98;-15.34;-3.32;-348.75;-222.22;-311.73
16-10-2022;20:00:00;27.27;61.90;-529.91;-392.56;-50.76;-9.82;-5.74;-95.07;-14.62;-2.44;-349.15;-222.19;-311.89
17-10-2022;04:04:00;27.34;61.75;-530.95;-392.77;-50.56;-9.71;-5.02;-94.84;-14.35;-2.61;-349.86;-222.75;-312.77
17-10-2022;11:59:00;26.63;61.57;-531.71;-391.62;-49.94;-10.01;-5.98;-95.70;-14.87;-3.06;-350.72;-222.95;-313.66
17-10-2022;19:55:00;25.90;61.70;-532.58;-390.46;-49.24;-10.11;-6.15;-95.97;-15.09;-3.27;-351.74;-223.52;-314.16
18-10-2022;03:58:00;25.52;61.61;-533.88;-391.01;-49.23;-10.12;-6.07;-95.89;-14.87;-3.21;-352.18;-223.78;-314.71
18-10-2022;12:01:00;25.78;61.39;-535.04;-391.09;-49.70;-10.47;-5.91;-96.20;-15.34;-2.89;-353.25;-224.39;-315.81
18-10-2022;20:06:00;25.21;61.57;-536.89;-390.72;-48.48;-10.43;-5.78;-96.33;-15.10;-4.19;-353.88;-224.71;-316.36
19-10-2022;04:00:00;25.28;61.28;-537.75;-391.00;-48.30;-10.88;-6.57;-96.73;-15.48;-3.76;-354.78;-225.10;-317.01
19-10-2022;11:56:00;26.14;61.22;-539.05;-391.98;-49.08;-10.63;-6.09;-96.40;-15.39;-3.26;-355.24;-225.40;-317.60
19-10-2022;19:59:00;25.66;61.74;-540.13;-393.07;-49.38;-10.22;-5.88;-95.84;-14.74;-3.26;-355.60;-225.85;-318.25
20-10-2022;04:08:00;24.32;60.68;-541.16;-392.11;-48.70;-10.89;-7.03;-97.08;-15.66;-4.10;-356.26;-226.70;-319.56
20-10-2022;11:58:00;24.35;60.36;-542.21;-392.88;-48.85;-11.32;-6.82;-97.52;-16.31;-4.15;-357.34;-227.12;-320.56
20-10-2022;19:54:00;25.29;60.87;-542.87;-392.53;-48.71;-10.99;-6.19;-97.53;-15.81;-4.42;-357.64;-227.56;-320.84
21-10-2022;03:57:00;25.01;60.87;-542.98;-391.69;-48.44;-11.26;-6.54;-97.78;-16.43;-4.98;-358.53;-227.88;-321.88
21-10-2022;12:00:00;25.81;60.74;-543.99;-392.43;-49.20;-11.44;-6.66;-97.25;-16.58;-4.12;-359.35;-228.18;-322.55
21-10-2022;20:05:00;26.65;61.21;-544.56;-393.16;-49.27;-10.88;-6.07;-96.80;-15.93;-4.25;-359.25;-228.19;-322.01
22-10-2022;03:59:00;26.52;61.21;-545.48;-393.53;-50.00;-10.70;-6.17;-96.79;-15.76;-4.17;-359.97;-228.93;-322.63
22-10-2022;11:55:00;26.57;61.08;-546.43;-393.56;-50.27;-11.34;-6.87;-97.42;-16.37;-3.23;-360.54;-229.64;-323.48
22-10-2022;19:58:00;26.76;61.53;-547.01;-393.49;-49.64;-10.78;-6.16;-96.98;-15.66;-3.79;-360.75;-229.72;-323.46
23-10-2022;04:02:00;26.67;61.79;-548.00;-393.63;-49.88;-10.72;-6.12;-96.71;-15.52;-3.73;-361.32;-230.26;-324.24
23-10-2022;12:04:00;26.85;62.31;-548.59;-393.46;-50.74;-10.34;-6.22;-95.66;-15.34;-3.31;-362.02;-230.05;-324.68
23-10-2022;20:00:00;26.56;62.25;-549.51;-392.72;-50.23;-10.66;-6.07;-95.73;-15.49;-3.44;-362.40;-230.24;-324.84
24-10-2022;03:56:00;25.61;61.70;-550.28;-391.92;-49.18;-11.09;-7.01;-96.92;-16.31;-4.26;-363.05;-231.36;-325.49
24-10-2022;11:59:00;26.20;61.64;-551.15;-392.21;-49.12;-10.97;-6.66;-96.67;-16.42;-4.35;-363.02;-231.34;-325.63
24-10-2022;20:03:00;26.73;61.89;-552.11;-393.40;-49.41;-10.83;-6.08;-96.37;-16.11;-4.03;-363.89;-231.66;-326.15
25-10-2022;03:58:00;26.85;61.85;-552.76;-394.00;-49.49;-10.75;-6.28;-96.43;-16.18;-4.05;-364.34;-231.55;-326.24
25-10-2022;11:54:00;26.90;61.55;-553.77;-393.97;-50.17;-11.28;-6.53;-96.80;-16.55;-3.78;-364.97;-231.56;-326.98
25-10-2022;19:57:00;26.71;62.00;-554.48;-393.91;-49.95;-10.75;-6.05;-96.26;-16.06;-3.57;-364.89;-231.82;-327.06
26-10-2022;04:00:00;26.06;62.01;-554.90;-393.91;-49.12;-11.20;-6.51;-96.94;-16.59;-4.34;-365.50;-232.12;-327.40
26-10-2022;12:09:00;25.04;61.62;-555.58;-393.15;-48.75;-11.92;-7.36;-97.76;-17.27;-4.87;-366.03;-232.57;-328.08
26-10-2022;19:59:00;25.84;61.81;-556.03;-392.61;-48.93;-11.63;-6.50;-97.60;-17.04;-4.83;-365.92;-232.60;-328.09
27-10-2022;03:55:00;26.11;62.30;-556.67;-393.14;-49.88;-11.23;-6.50;-96.99;-16.41;-4.10;-365.91;-233.70;-328.49
27-10-2022;11:58:00;27.61;62.45;-557.48;-393.78;-50.53;-10.60;-5.48;-96.12;-15.74;-3.37;-366.09;-233.57;-328.55
27-10-2022;19:55:00;27.24;62.38;-558.16;-393.12;-50.29;-10.57;-5.49;-96.69;-15.75;-3.80;-366.62;-233.70;-329.01
28-10-2022;04:05:00;26.63;62.40;-558.45;-392.59;-50.07;-10.74;-5.62;-96.83;-16.01;-3.60;-367.26;-234.61;-329.69
28-10-2022;12:01:00;26.33;62.37;-559.20;-392.56;-49.39;-11.22;-5.98;-97.31;-16.47;-4.14;-368.06;-235.29;-330.58
28-10-2022;19:51:00;26.29;62.37;-559.76;-391.94;-49.54;-11.13;-6.18;-97.00;-16.40;-4.10;-368.44;-235.41;-330.64
29-10-2022;03:59:00;27.72;62.47;-560.65;-393.07;-50.34;-10.68;-5.29;-96.43;-15.74;-3.36;-368.40;-235.14;-330.25
29-10-2022;12:03:00;28.04;62.61;-561.35;-393.13;-50.28;-10.58;-5.47;-96.64;-15.79;-3.48;-369.28;-235.67;-331.01
29-10-2022;19:58:00;27.45;62.43;-561.91;-393.18;-49.88;-10.69;-5.74;-96.92;-15.76;-3.55;-369.99;-235.68;-331.60
30-10-2022;03:54:00;26.96;62.25;-562.42;-392.26;-49.10;-10.81;-6.17;-97.40;-16.01;-3.99;-370.62;-235.98;-332.07
30-10-2022;11:57:00;26.97;62.14;-562.93;-393.26;-49.95;-10.86;-5.96;-97.80;-16.05;-3.25;-371.18;-236.64;-332.83
30-10-2022;20:01:00;26.81;62.56;-563.58;-392.04;-49.91;-10.90;-6.15;-98.16;-16.12;-3.53;-371.20;-237.18;-332.50
31-10-2022;03:59:00;25.86;62.73;-564.76;-391.01;-48.80;-11.43;-7.11;-98.81;-16.49;-4.16;-372.42;-238.34;-333.36
31-10-2022;11:56:00;26.21;63.02;-565.62;-390.41;-49.10;-11.32;-6.86;-98.77;-16.33;-4.02;-372.66;-238.64;-333.78
31-10-2022;19:55:00;26.65;62.70;-566.55;-391.77;-48.83;-10.98;-6.41;-98.97;-16.11;-4.36;-373.99;-238.80;-334.40
01-11-2022;03:58:00;26.86;62.56;-567.72;-392.13;-48.91;-10.90;-6.20;-99.20;-16.06;-4.20;-374.06;-238.82;-334.74
01-11-2022;12:02:00;27.91;62.69;-569.27;-393.28;-49.84;-10.62;-6.00;-98.79;-15.73;-3.52;-374.59;-239.11;-335.20
01-11-2022;20:05:00;28.00;62.64;-570.72;-393.37;-49.98;-10.74;-5.85;-99.12;-15.77;-3.35;-375.43;-239.90;-335.97
02-11-2022;04:01:00;27.32;62.72;-572.16;-392.59;-49.37;-10.91;-6.26;-99.38;-15.98;-3.64;-376.23;-241.00;-336.53
02-11-2022;11:56:00;26.89;62.33;-573.71;-393.03;-50.10;-11.20;-6.81;-99.60;-16.28;-4.01;-377.26;-241.69;-337.26
02-11-2022;19:57:00;27.29;62.76;-575.65;-393.02;-50.22;-10.78;-6.25;-98.76;-15.74;-3.90;-378.11;-242.02;-337.67
03-11-2022;04:03:00;27.65;62.75;-577.64;-393.39;-50.00;-10.80;-6.26;-98.86;-15.88;-3.59;-378.74;-242.69;-338.07
03-11-2022;11:59:00;27.84;62.89;-579.45;-393.78;-49.77;-10.85;-6.14;-98.54;-15.86;-3.34;-380.25;-243.35;-339.02
03-11-2022;19:54:00;27.11;62.89;-581.19;-394.35;-49.15;-10.86;-6.36;-98.79;-16.10;-3.79;-380.68;-244.18;-339.55
04-11-2022;03:57:00;25.77;62.59;-583.13;-394.28;-48.68;-11.12;-6.54;-99.14;-16.07;-4.13;-381.66;-245.08;-340.56
04-11-2022;12:01:00;25.16;62.84;-585.28;-393.89;-48.17;-11.54;-7.10;-99.57;-16.75;-4.38;-383.04;-246.30;-340.85
04-11-2022;20:04:00;25.50;63.17;-587.82;-394.46;-48.12;-10.98;-6.75;-99.29;-16.13;-4.00;-383.85;-246.98;-341.70
05-11-2022;04:00:00;25.44;63.01;-590.70;-394.38;-48.48;-10.96;-6.91;-99.31;-16.06;-4.09;-385.62;-247.94;-343.08
05-11-2022;11:55:00;26.26;62.94;-594.27;-393.97;-49.02;-11.17;-7.18;-99.64;-16.29;-4.09;-385.89;-249.07;-343.83
05-11-2022;19:57:00;26.33;63.25;-594.78;-393.97;-49.24;-10.84;-7.40;-99.27;-15.89;-3.69;-387.68;-250.24;-345.29
06-11-2022;04:02:00;27.33;63.27;-597.35;-394.95;-49.60;-10.57;-6.69;-99.05;-15.89;-3.70;-389.41;-251.26;-346.80
06-11-2022;11:58:00;26.58;63.21;-600.03;-394.67;-49.33;-10.95;-6.79;-99.70;-16.21;-3.54;-391.83;-252.76;-348.70
06-11-2022;19:53:00;25.01;63.01;-603.28;-393.31;-48.19;-11.41;-7.04;-100.09;-16.70;-4.69;-393.87;-254.96;-350.08
07-11-2022;03:56:00;26.09;63.08;-605.69;-394.44;-49.01;-11.01;-6.02;-99.91;-16.40;-3.97;-395.78;-256.36;-351.31
07-11-2022;12:00:00;25.80;62.62;-608.16;-395.03;-49.50;-11.09;-6.09;-99.99;-16.59;-3.28;-397.62;-257.56;-352.97
07-11-2022;20:03:00;25.60;62.91;-610.94;-394.17;-48.34;-11.21;-6.27;-99.74;-16.41;-4.61;-399.12;-259.43;-354.87
08-11-2022;04:01:00;25.08;63.00;-613.16;-394.57;-48.70;-11.25;-6.48;-99.98;-16.62;-4.47;-400.81;-260.96;-356.93
08-11-2022;11:54:00;26.89;62.91;-615.34;-396.14;-49.42;-10.99;-6.18;-99.75;-16.42;-3.37;-402.42;-261.70;-358.23
08-11-2022;19:58:00;26.48;63.26;-617.65;-395.25;-49.18;-11.29;-5.90;-99.89;-16.57;-4.04;-403.96;-263.65;-359.18
09-11-2022;04:06:00;26.10;63.00;-620.07;-394.97;-48.85;-11.53;-6.33;-100.17;-16.76;-4.49;-405.43;-264.87;-360.48
09-11-2022;12:04:00;27.03;63.16;-622.20;-395.96;-49.47;-11.07;-5.75;-99.69;-16.43;-3.99;-406.39;-265.61;-361.45
09-11-2022;20:00:00;26.86;63.42;-624.84;-396.06;-49.53;-10.79;-5.63;-99.34;-15.99;-3.96;-408.05;-266.51;-362.77
10-11-2022;03:55:00;26.36;63.37;-627.32;-396.24;-49.51;-11.25;-6.08;-99.90;-16.31;-3.93;-409.98;-268.14;-364.40
10-11-2022;13:07:00;26.88;63.47;-629.88;-396.89;-49.25;-11.04;-6.11;-99.68;-16.18;-3.80;-411.08;-269.23;-365.49
10-11-2022;19:57:00;26.56;63.29;-631.67;-397.89;-49.47;-10.90;-6.23;-99.89;-16.03;-3.45;-412.03;-269.88;-366.08
11-11-2022;03:59:00;26.13;63.08;-633.97;-397.60;-49.06;-11.02;-6.72;-100.25;-16.37;-3.78;-413.71;-271.02;-367.36
11-11-2022;12:01:00;25.07;63.34;-636.53;-397.12;-48.58;-11.18;-7.25;-100.53;-16.73;-4.08;-415.38;-272.52;-369.31
11-11-2022;20:00:00;26.92;63.54;-639.23;-398.71;-49.72;-10.52;-6.21;-99.74;-16.27;-3.05;-416.67;-273.32;-370.51
12-11-2022;04:00:00;28.62;63.25;-641.86;-399.33;-50.05;-10.14;-5.46;-98.47;-15.87;-3.20;-417.43;-274.28;-371.34
12-11-2022;11:59:00;28.29;63.28;-643.99;-399.08;-49.93;-10.19;-5.71;-98.36;-15.79;-3.23;-418.46;-274.88;-372.16
12-11-2022;19:59:00;27.39;62.95;-646.36;-398.00;-49.20;-10.38;-6.22;-98.89;-16.15;-3.72;-419.34;-276.13;-373.84
13-11-2022;03:58:00;26.83;62.64;-649.23;-397.56;-48.94;-10.61;-6.74;-99.48;-16.49;-4.16;-420.94;-277.64;-375.89
13-11-2022;11:58:00;26.92;62.59;-651.45;-398.09;-48.95;-10.99;-7.05;-100.01;-16.88;-4.21;-422.53;-278.77;-377.25
13-11-2022;19:59:00;27.54;62.69;-653.42;-399.40;-49.18;-10.81;-6.58;-99.78;-16.73;-4.13;-423.82;-279.57;-378.28
14-11-2022;04:04:00;26.60;62.70;-655.71;-399.47;-48.92;-10.99;-6.90;-99.91;-16.73;-4.32;-426.07;-281.07;-379.87
14-11-2022;12:00:00;26.45;62.65;-658.20;-399.62;-48.93;-11.14;-6.94;-100.22;-16.97;-4.55;-427.30;-282.20;-381.35
14-11-2022;20:00:00;26.78;62.55;-660.43;-399.89;-48.81;-11.12;-7.12;-100.00;-16.99;-4.71;-428.55;-282.89;-382.76
15-11-2022;03:59:00;27.51;62.85;-662.58;-401.07;-49.54;-10.86;-6.43;-99.18;-16.57;-4.13;-429.25;-283.59;-383.87
15-11-2022;11:59:00;28.37;62.98;-664.52;-402.94;-50.55;-10.60;-5.89;-98.89;-16.20;-3.76;-430.30;-284.23;-384.96
15-11-2022;19:58:00;28.62;63.04;-666.45;-403.09;-50.68;-10.58;-5.71;-99.08;-16.22;-3.87;-431.34;-285.03;-386.08
16-11-2022;03:57:00;28.71;62.72;-668.23;-403.38;-50.81;-10.56;-5.83;-99.07;-16.14;-3.83;-432.52;-285.74;-387.18
16-11-2022;11:57:00;29.03;62.30;-670.00;-403.30;-50.85;-10.64;-6.08;-98.71;-16.16;-4.06;-433.75;-286.35;-388.13
16-11-2022;19:59:00;29.27;62.28;-671.59;-403.83;-51.02;-10.67;-6.03;-99.04;-16.13;-3.93;-434.53;-286.82;-389.03
17-11-2022;04:00:00;28.82;61.92;-672.75;-404.01;-51.01;-10.62;-6.38;-99.70;-16.03;-4.07;-435.70;-287.91;-390.17
17-11-2022;12:00:00;28.62;61.98;-673.88;-404.34;-50.71;-10.54;-6.76;-99.51;-16.15;-4.16;-436.55;-288.38;-390.92
17-11-2022;19:59:00;29.06;62.08;-675.12;-404.26;-51.44;-10.35;-7.39;-98.80;-16.00;-3.87;-437.22;-288.57;-391.47
18-11-2022;03:58:00;26.72;60.81;-674.27;-406.61;-52.02;-11.41;-9.17;-99.33;-15.87;-4.48;-436.37;-287.52;-390.53
18-11-2022;11:58:00;26.73;60.96;-675.15;-407.26;-51.73;-11.34;-9.44;-99.18;-15.87;-4.17;-436.92;-288.24;-391.30
18-11-2022;19:57:00;26.08;61.23;-675.86;-406.94;-51.97;-11.48;-10.50;-99.64;-15.82;-4.44;-437.74;-289.12;-392.35
19-11-2022;03:59:00;25.80;60.58;-676.50;-406.55;-51.62;-11.65;-10.94;-99.75;-16.03;-4.67;-438.59;-289.48;-393.34
19-11-2022;12:01:00;25.64;60.18;-676.92;-405.54;-51.29;-12.04;-11.24;-100.00;-16.56;-5.06;-439.03;-289.93;-394.10
19-11-2022;19:59:00;25.22;60.51;-677.65;-405.92;-51.30;-11.88;-11.52;-99.92;-16.44;-5.08;-439.70;-290.40;-394.41
20-11-2022;03:59:00;26.77;60.41;-678.17;-406.54;-52.08;-11.19;-10.86;-99.49;-15.77;-4.40;-439.20;-290.09;-394.02
20-11-2022;11:59:00;27.32;60.68;-678.68;-406.81;-52.38;-11.19;-10.72;-99.76;-15.84;-4.36;-439.72;-290.50;-394.49
20-11-2022;20:02:00;26.99;60.26;-679.11;-406.68;-52.00;-11.43;-10.72;-99.98;-16.02;-4.62;-440.22;-290.82;-395.03
21-11-2022;03:57:00;27.07;60.03;-679.48;-405.91;-52.22;-11.62;-11.15;-100.23;-16.19;-4.97;-440.85;-291.33;-395.63
21-11-2022;11:52:00;27.93;60.23;-679.94;-406.19;-52.59;-11.28;-10.22;-99.68;-15.93;-4.53;-440.93;-291.32;-395.83
21-11-2022;19:59:00;28.27;60.46;-680.12;-406.48;-52.52;-11.10;-10.09;-99.66;-15.84;-4.30;-440.99;-291.16;-395.80
22-11-2022;03:58:00;28.57;60.29;-680.23;-405.75;-53.03;-10.99;-10.25;-99.89;-15.72;-4.26;-441.30;-291.70;-396.29
22-11-2022;12:01:00;28.26;60.09;-680.52;-406.36;-53.12;-11.05;-10.31;-99.84;-15.82;-4.50;-441.58;-291.90;-396.58
22-11-2022;19:59:00;28.13;59.93;-680.66;-407.15;-52.95;-11.07;-10.28;-99.30;-15.78;-4.44;-441.77;-291.97;-396.81
23-11-2022;04:00:00;28.24;59.88;-680.69;-407.50;-53.46;-10.97;-10.34;-98.89;-15.75;-4.24;-441.81;-291.94;-396.73
23-11-2022;11:57:00;28.16;59.69;-680.65;-407.32;-53.55;-11.05;-9.70;-98.88;-15.73;-4.16;-441.86;-292.41;-396.93
23-11-2022;19:59:00;28.52;59.65;-680.65;-407.42;-54.35;-10.98;-9.52;-98.81;-15.78;-4.07;-441.92;-292.76;-397.10
24-11-2022;03:59:00;28.33;59.61;-680.81;-407.49;-54.67;-10.96;-9.09;-98.86;-15.73;-4.20;-442.08;-292.72;-397.08
24-11-2022;12:01:00;28.45;59.59;-680.89;-407.11;-54.25;-10.92;-9.06;-98.92;-15.71;-4.27;-442.02;-292.60;-396.79
24-11-2022;20:02:00;28.66;59.82;-681.12;-407.44;-53.80;-10.94;-9.09;-98.89;-15.68;-4.14;-442.49;-292.75;-396.94
25-11-2022;04:00:00;28.88;59.84;-681.14;-407.26;-53.16;-10.88;-8.96;-98.63;-15.66;-4.07;-442.51;-292.79;-397.12
25-11-2022;11:58:00;28.72;59.76;-681.24;-407.87;-53.05;-10.82;-8.48;-98.24;-15.66;-4.03;-442.60;-292.72;-397.02
25-11-2022;19:57:00;28.75;59.88;-681.41;-407.88;-53.16;-10.85;-8.49;-98.24;-15.67;-3.98;-442.73;-292.67;-396.99
26-11-2022;03:58:00;28.61;60.21;-681.71;-407.58;-52.82;-10.97;-8.50;-98.38;-15.69;-4.20;-443.05;-292.97;-397.42
26-11-2022;11:57:00;28.75;60.10;-682.01;-408.01;-53.24;-11.01;-8.41;-98.45;-15.68;-4.22;-443.09;-293.13;-397.58
26-11-2022;20:02:00;28.55;60.33;-682.49;-408.19;-53.34;-10.98;-8.22;-98.53;-15.56;-4.31;-443.34;-293.37;-397.81
27-11-2022;04:01:00;28.47;60.16;-683.03;-408.47;-53.13;-10.98;-8.16;-98.62;-15.68;-4.28;-443.65;-293.68;-398.13
27-11-2022;12:00:00;28.51;60.25;-683.58;-408.43;-53.43;-11.20;-8.13;-98.46;-15.98;-4.01;-443.62;-293.82;-397.66
27-11-2022;20:00:00;28.92;60.71;-684.57;-408.26;-53.29;-11.24;-7.99;-98.26;-16.04;-4.01;-444.12;-294.10;-398.33
28-11-2022;03:59:00;28.98;60.69;-684.99;-408.26;-53.08;-11.24;-8.18;-98.48;-16.06;-4.27;-444.27;-294.21;-398.49
28-11-2022;11:59:00;28.82;60.54;-685.40;-408.35;-53.04;-11.40;-8.48;-98.38;-16.15;-4.57;-444.37;-294.22;-398.64
28-11-2022;19:58:00;28.27;60.47;-685.91;-408.07;-53.20;-11.51;-8.81;-98.31;-16.29;-4.60;-444.68;-294.32;-399.09
29-11-2022;03:57:00;28.77;60.46;-686.20;-409.07;-53.25;-11.30;-8.68;-98.36;-16.19;-4.63;-444.64;-294.42;-398.95
29-11-2022;12:01:00;28.74;60.55;-686.73;-408.85;-53.39;-11.33;-8.68;-98.42;-16.20;-4.57;-445.00;-294.80;-399.44
29-11-2022;20:02:00;28.76;60.28;-687.02;-408.82;-53.05;-11.20;-9.00;-98.33;-16.06;-4.31;-445.43;-295.04;-399.63
30-11-2022;04:00:00;28.17;60.07;-687.48;-408.43;-53.36;-11.35;-9.37;-98.45;-16.19;-4.63;-446.39;-295.35;-400.34
30-11-2022;12:00:00;27.79;59.78;-687.73;-408.09;-54.05;-11.38;-9.34;-98.78;-16.26;-4.40;-446.74;-295.79;-400.76
30-11-2022;19:57:00;27.29;60.28;-687.96;-407.95;-53.56;-11.37;-9.67;-98.84;-16.24;-4.38;-447.33;-296.04;-401.17
01-12-2022;03:57:00;26.63;60.17;-688.19;-407.38;-53.04;-11.43;-9.82;-99.36;-16.17;-4.46;-448.08;-296.49;-401.66
01-12-2022;11:56:00;25.41;59.98;-688.46;-407.17;-53.20;-11.45;-9.74;-99.74;-16.30;-4.12;-448.72;-297.08;-402.32
01-12-2022;19:55:00;25.96;60.27;-688.87;-407.90;-52.68;-11.61;-10.15;-99.62;-15.96;-4.38;-448.44;-297.23;-401.61
02-12-2022;03:58:00;26.63;60.28;-689.20;-408.64;-53.04;-11.13;-8.96;-99.54;-15.98;-4.30;-448.06;-297.11;-401.45
02-12-2022;12:00:00;26.38;60.13;-689.43;-409.02;-52.52;-11.32;-9.00;-99.78;-16.19;-4.68;-448.29;-297.46;-401.88
02-12-2022;20:00:00;26.08;60.33;-689.46;-408.43;-52.93;-11.29;-9.08;-99.77;-16.23;-4.68;-448.49;-297.59;-402.07
03-12-2022;04:00:00;24.97;59.92;-689.42;-407.03;-52.36;-11.77;-9.74;-100.25;-16.77;-5.28;-449.05;-298.09;-402.65
03-12-2022;11:59:00;25.29;60.28;-689.74;-408.14;-53.14;-11.28;-9.37;-99.79;-16.41;-4.60;-449.21;-298.06;-402.88
03-12-2022;20:01:00;24.93;60.37;-689.78;-409.22;-52.83;-10.84;-9.43;-99.83;-15.94;-4.28;-449.14;-297.59;-402.33
04-12-2022;03:59:00;23.98;60.70;-689.96;-409.16;-52.77;-10.82;-9.05;-99.90;-15.90;-4.24;-449.69;-297.58;-402.69
04-12-2022;11:57:00;23.22;60.71;-689.90;-408.87;-52.54;-11.00;-9.39;-100.14;-16.12;-4.46;-450.19;-297.95;-402.98
04-12-2022;19:57:00;22.49;60.68;-689.90;-408.27;-52.05;-11.18;-9.76;-100.36;-16.25;-4.85;-450.84;-298.32;-403.44
05-12-2022;04:00:00;22.12;60.78;-689.96;-408.37;-51.44;-11.31;-9.83;-100.60;-16.42;-5.06;-451.18;-298.61;-403.69
05-12-2022;12:00:00;22.67;60.40;-689.58;-408.37;-51.16;-11.69;-9.58;-100.96;-16.71;-4.37;-450.91;-298.54;-403.01
05-12-2022;20:00:00;23.54;60.66;-689.73;-409.08;-51.31;-11.16;-8.75;-100.38;-16.18;-4.51;-450.78;-298.41;-402.93
06-12-2022;03:59:00;23.10;60.67;-689.74;-409.31;-51.46;-10.62;-8.72;-99.89;-15.65;-4.12;-450.77;-298.14;-402.56
06-12-2022;11:59:00;22.54;60.40;-689.64;-408.34;-50.50;-10.98;-8.82;-100.32;-15.90;-4.49;-451.22;-298.32;-402.88
06-12-2022;19:58:00;22.66;60.50;-689.70;-408.29;-50.32;-10.87;-8.89;-100.31;-15.93;-4.87;-451.17;-298.50;-403.08
07-12-2022;03:57:00;24.33;61.11;-690.16;-409.50;-51.21;-10.29;-8.46;-99.41;-15.40;-3.81;-451.43;-297.82;-402.47
07-12-2022;11:59:00;24.09;61.26;-689.93;-410.23;-50.62;-10.12;-8.49;-99.57;-15.58;-3.61;-451.39;-298.26;-403.08
07-12-2022;19:59:00;23.74;61.12;-689.99;-410.15;-51.09;-10.08;-8.75;-99.80;-15.61;-3.56;-451.54;-297.89;-402.92
08-12-2022;04:01:00;23.12;61.84;-690.30;-409.15;-51.01;-10.23;-9.11;-100.01;-15.83;-3.98;-451.94;-298.62;-403.06
08-12-2022;11:53:00;22.75;61.87;-690.39;-409.06;-51.13;-10.10;-9.05;-100.08;-15.69;-3.84;-451.90;-298.54;-402.88
08-12-2022;19:59:00;23.32;61.79;-690.52;-409.84;-51.46;-9.82;-9.01;-100.13;-15.74;-3.73;-451.59;-297.99;-402.68
09-12-2022;03:58:00;24.45;61.56;-690.39;-410.22;-51.67;-9.59;-8.89;-100.42;-15.67;-3.76;-450.91;-297.54;-402.33
09-12-2022;11:53:00;24.65;61.31;-690.41;-409.74;-51.44;-9.55;-9.14;-100.84;-15.67;-3.69;-451.18;-297.69;-402.34
09-12-2022;19:56:00;24.76;61.50;-690.46;-409.30;-51.30;-9.38;-8.96;-100.82;-15.59;-3.68;-451.25;-297.86;-402.60
10-12-2022;03:59:00;24.47;61.36;-690.39;-409.17;-51.13;-9.43;-9.14;-100.95;-15.52;-3.98;-451.50;-297.79;-402.73
10-12-2022;12:10:00;24.55;61.31;-690.47;-409.62;-51.34;-9.34;-9.46;-101.05;-15.60;-3.90;-451.54;-297.94;-402.65
10-12-2022;20:05:00;24.89;61.37;-690.68;-409.94;-50.92;-9.19;-9.40;-100.95;-15.41;-3.80;-451.29;-297.87;-402.70
11-12-2022;03:59:00;25.25;61.52;-690.61;-410.04;-50.79;-9.34;-9.27;-101.00;-15.42;-3.59;-451.36;-297.99;-402.62
11-12-2022;11:47:00;25.29;61.50;-690.68;-410.33;-51.32;-9.38;-9.07;-100.69;-15.45;-3.49;-451.94;-297.92;-402.79
11-12-2022;19:57:00;25.42;61.65;-690.55;-410.47;-51.15;-9.33;-8.96;-100.68;-15.39;-3.63;-451.62;-297.80;-402.58
12-12-2022;04:00:00;25.43;61.55;-690.58;-410.41;-50.82;-9.20;-9.41;-100.77;-15.24;-3.53;-451.51;-297.96;-402.84
12-12-2022;12:01:00;25.37;61.74;-690.61;-410.64;-50.73;-9.30;-9.56;-100.85;-15.32;-3.61;-451.51;-298.10;-403.08
12-12-2022;20:05:00;25.69;61.46;-690.55;-410.72;-50.86;-9.02;-9.50;-100.81;-15.19;-3.50;-451.49;-298.17;-403.39
13-12-2022;04:00:00;25.79;61.55;-690.58;-410.40;-51.03;-8.93;-9.43;-100.75;-15.20;-3.37;-451.46;-298.06;-403.33
13-12-2022;11:55:00;25.84;61.63;-690.66;-410.36;-50.98;-8.89;-9.65;-100.73;-15.30;-3.37;-451.62;-298.07;-403.46
13-12-2022;19:58:00;25.57;61.75;-690.93;-410.51;-51.07;-8.59;-9.32;-100.68;-15.10;-3.10;-451.64;-297.98;-403.51
14-12-2022;03:46:00;24.55;61.64;-691.00;-408.94;-50.50;-8.80;-9.71;-100.86;-15.32;-3.50;-451.86;-297.70;-403.06
14-12-2022;12:03:00;24.22;61.27;-690.99;-408.41;-49.95;-9.15;-9.94;-101.24;-15.63;-3.52;-452.04;-298.38;-403.66
14-12-2022;19:58:00;25.07;61.55;-690.92;-409.03;-50.03;-8.91;-9.80;-100.92;-15.40;-3.47;-451.68;-298.05;-403.33
15-12-2022;03:53:00;24.86;61.51;-690.85;-409.54;-49.84;-8.76;-9.75;-100.87;-15.32;-3.51;-451.59;-298.00;-403.15
15-12-2022;11:56:00;24.99;61.16;-690.98;-409.91;-50.01;-9.02;-9.54;-101.05;-15.57;-3.70;-451.68;-298.07;-403.40
15-12-2022;19:59:00;25.61;61.51;-690.85;-410.77;-50.60;-8.42;-9.27;-100.74;-15.20;-3.35;-451.46;-297.81;-402.94
16-12-2022;04:02:00;25.51;61.70;-690.85;-410.54;-50.12;-8.24;-9.28;-100.68;-15.11;-3.15;-451.59;-297.91;-403.23
16-12-2022;12:04:00;25.53;61.34;-690.84;-409.94;-50.41;-8.48;-9.22;-100.74;-15.33;-3.40;-451.62;-298.00;-403.32
16-12-2022;19:59:00;25.30;62.23;-690.88;-409.78;-50.28;-8.85;-9.02;-101.25;-15.51;-3.53;-450.77;-298.15;-403.15
17-12-2022;03:54:00;26.33;63.38;-690.57;-410.79;-50.50;-9.02;-9.32;-100.87;-15.42;-3.55;-450.60;-298.69;-403.10
17-12-2022;11:57:00;25.72;63.65;-691.00;-410.15;-50.18;-9.30;-9.52;-101.30;-15.66;-3.63;-450.73;-298.82;-403.08
17-12-2022;20:00:00;25.25;64.87;-691.26;-411.34;-50.14;-9.30;-8.94;-100.99;-15.55;-3.69;-451.02;-298.88;-403.67
18-12-2022;04:02:00;25.63;65.29;-691.51;-411.19;-50.21;-9.27;-9.30;-100.68;-15.70;-3.50;-451.68;-299.65;-403.67
18-12-2022;12:05:00;26.02;65.44;-691.89;-412.12;-50.70;-8.92;-8.49;-100.73;-15.29;-3.11;-452.04;-299.19;-403.61
18-12-2022;20:00:00;25.83;65.29;-691.41;-413.22;-50.18;-9.05;-8.15;-101.19;-15.41;-3.60;-452.71;-299.12;-403.21
19-12-2022;03:49:00;24.43;64.94;-691.49;-412.39;-49.20;-9.64;-8.49;-101.76;-16.00;-4.07;-453.05;-299.67;-403.62
19-12-2022;11:58:00;25.08;65.26;-691.56;-412.36;-50.17;-9.19;-8.60;-101.18;-15.53;-3.67;-452.59;-299.32;-403.50
19-12-2022;20:08:00;23.10;64.83;-691.24;-411.43;-49.69;-9.15;-8.66;-101.02;-15.68;-3.92;-452.60;-299.60;-404.05
20-12-2022;04:03:00;24.04;65.14;-690.96;-411.81;-49.58;-9.23;-7.88;-100.66;-15.75;-3.79;-452.37;-299.85;-404.44
20-12-2022;11:58:00;24.37;64.72;-691.32;-411.59;-49.73;-9.34;-8.62;-99.97;-15.78;-3.65;-452.73;-299.89;-404.39
20-12-2022;19:53:00;22.73;65.80;-691.38;-411.60;-49.24;-9.62;-9.22;-100.31;-15.89;-4.07;-453.22;-299.47;-404.65
21-12-2022;03:54:00;23.79;66.22;-690.92;-411.39;-49.66;-9.46;-9.05;-101.21;-15.64;-3.63;-452.79;-299.25;-404.36
21-12-2022;11:58:00;23.77;66.03;-690.53;-411.26;-49.22;-9.54;-9.48;-101.67;-15.87;-3.81;-453.10;-299.39;-404.49
21-12-2022;20:06:00;23.91;64.95;-690.48;-410.90;-48.64;-9.55;-10.02;-102.10;-15.95;-4.00;-453.04;-299.59;-404.66
22-12-2022;04:04:00;25.92;64.70;-690.58;-411.07;-49.10;-9.22;-8.68;-102.33;-15.96;-3.95;-452.61;-299.63;-404.37
22-12-2022;11:59:00;26.95;65.23;-690.25;-411.62;-48.76;-9.15;-8.71;-103.24;-16.01;-4.28;-453.02;-300.16;-404.57
22-12-2022;19:53:00;26.75;65.25;-690.65;-411.98;-49.01;-8.92;-8.78;-103.02;-15.69;-4.05;-453.39;-300.20;-405.12
23-12-2022;03:56:00;26.51;65.49;-690.50;-412.05;-49.09;-9.04;-7.79;-102.77;-15.68;-3.90;-453.17;-299.89;-404.02
23-12-2022;11:59:00;27.27;65.87;-690.47;-412.74;-49.11;-8.92;-7.67;-103.13;-15.61;-3.92;-453.78;-300.37;-403.75
23-12-2022;19:56:00;27.13;66.02;-690.34;-413.20;-49.56;-9.01;-8.12;-103.27;-15.71;-3.69;-454.01;-300.43;-404.05
24-12-2022;04:04:00;27.20;66.35;-690.58;-412.57;-49.66;-9.02;-8.41;-103.25;-15.58;-3.54;-453.76;-300.73;-404.00
24-12-2022;11:59:00;26.99;66.90;-690.67;-412.82;-48.79;-9.00;-8.49;-103.00;-15.57;-3.48;-453.41;-300.88;-403.44
24-12-2022;19:54:00;27.06;67.01;-690.52;-412.43;-49.32;-8.92;-8.76;-102.85;-15.44;-3.33;-454.03;-301.36;-403.72
25-12-2022;03:57:00;26.64;67.77;-690.49;-411.55;-48.98;-9.17;-9.35;-103.75;-15.79;-3.71;-454.02;-301.47;-404.03
25-12-2022;12:05:00;27.14;67.89;-690.38;-412.36;-48.89;-8.93;-9.33;-103.76;-15.56;-3.34;-453.15;-300.94;-403.74
25-12-2022;20:02:00;27.52;67.53;-690.20;-412.69;-49.43;-8.93;-8.95;-103.85;-15.56;-3.26;-453.13;-301.05;-403.91
26-12-2022;04:05:00;26.88;66.73;-690.26;-411.86;-48.23;-8.91;-8.55;-104.17;-15.60;-3.61;-453.32;-301.03;-404.01
26-12-2022;12:00:00;27.53;66.79;-690.46;-412.32;-48.66;-8.80;-8.77;-104.52;-15.40;-3.31;-453.12;-301.01;-403.98
26-12-2022;19:53:00;28.02;67.43;-690.75;-412.64;-48.51;-8.81;-9.86;-104.92;-15.49;-3.41;-453.07;-301.18;-403.58
27-12-2022;04:01:00;27.75;66.93;-690.50;-411.65;-49.13;-9.00;-10.03;-104.08;-15.29;-3.26;-452.73;-301.24;-403.83
27-12-2022;12:00:00;28.14;66.44;-690.67;-412.52;-49.68;-8.60;-10.37;-104.43;-14.91;-2.74;-452.39;-301.25;-403.80
27-12-2022;20:03:00;27.60;66.08;-690.62;-412.57;-49.35;-8.60;-9.72;-105.41;-14.58;-2.94;-452.20;-301.13;-403.53
28-12-2022;03:58:00;26.35;66.34;-690.54;-412.03;-49.10;-8.59;-10.19;-106.08;-14.75;-2.92;-452.74;-301.40;-403.66
28-12-2022;11:53:00;27.38;66.01;-690.80;-412.41;-49.12;-8.48;-9.83;-106.07;-14.47;-2.73;-452.66;-301.21;-403.68
28-12-2022;19:55:00;27.42;65.72;-690.96;-412.63;-49.45;-8.38;-10.11;-106.13;-14.39;-2.58;-452.20;-300.80;-403.11
29-12-2022;04:04:00;28.19;66.08;-691.17;-412.49;-49.42;-8.56;-9.47;-106.06;-14.80;-2.71;-453.10;-300.95;-403.75
29-12-2022;11:54:00;28.47;65.86;-691.00;-412.88;-49.40;-8.30;-9.76;-105.99;-14.71;-2.61;-451.94;-300.46;-403.26
29-12-2022;20:03:00;30.11;66.33;-691.57;-412.66;-49.36;-8.28;-9.94;-105.74;-14.85;-2.74;-451.74;-300.24;-403.58
30-12-2022;03:58:00;31.05;66.65;-691.41;-411.45;-49.40;-8.70;-10.49;-105.29;-15.06;-2.98;-451.94;-300.65;-404.55
30-12-2022;11:53:00;30.70;65.20;-691.50;-412.22;-50.34;-8.31;-10.16;-105.47;-14.72;-3.07;-452.06;-300.68;-404.45
30-12-2022;19:50:00;29.66;65.14;-690.65;-412.28;-49.67;-8.51;-10.84;-104.68;-15.09;-3.13;-452.54;-300.39;-404.12
31-12-2022;03:59:00;29.56;64.56;-689.89;-411.98;-49.57;-8.59;-9.76;-104.99;-15.23;-2.98;-452.44;-299.69;-403.85
31-12-2022;12:01:00;27.95;65.22;-690.03;-411.82;-49.72;-8.37;-10.22;-104.87;-15.17;-3.03;-451.68;-298.75;-402.60
31-12-2022;19:59:00;28.92;64.80;-690.02;-411.91;-49.91;-8.28;-10.25;-104.41;-14.86;-3.03;-451.35;-299.16;-401.85
01-01-2023;03:59:00;29.15;64.90;-689.85;-411.93;-49.85;-8.26;-10.15;-104.34;-14.77;-2.83;-451.33;-298.39;-401.29
01-01-2023;11:54:00;27.83;64.49;-689.41;-411.61;-48.99;-8.31;-10.41;-104.89;-14.78;-2.97;-451.52;-298.53;-401.46
01-01-2023;19:56:00;27.06;64.57;-689.43;-410.59;-49.06;-8.13;-10.74;-104.73;-14.64;-2.98;-451.79;-298.53;-401.68
02-01-2023;03:59:00;25.89;64.88;-689.67;-410.50;-48.81;-8.04;-10.87;-104.79;-14.65;-3.10;-452.01;-299.20;-401.72
02-01-2023;12:02:00;26.21;64.78;-690.08;-411.67;-49.12;-7.87;-10.88;-104.36;-14.37;-2.85;-451.78;-299.13;-401.54
02-01-2023;20:08:00;26.00;64.17;-690.02;-412.62;-49.32;-7.79;-10.89;-104.33;-14.16;-2.80;-451.10;-299.40;-401.55
03-01-2023;03:59:00;25.03;63.87;-689.84;-411.74;-48.99;-7.80;-10.70;-104.36;-14.25;-2.92;-451.22;-299.51;-401.66
03-01-2023;11:54:00;24.60;65.25;-690.21;-411.11;-48.89;-7.79;-11.02;-104.19;-14.42;-2.62;-451.44;-299.20;-401.97
03-01-2023;19:57:00;25.51;65.25;-690.77;-411.04;-48.83;-7.52;-10.85;-104.07;-14.12;-2.38;-451.05;-298.97;-401.38
04-01-2023;04:06:00;25.42;65.06;-690.97;-412.05;-48.44;-7.48;-11.04;-103.96;-13.93;-2.45;-450.94;-299.40;-401.22
04-01-2023;12:03:00;24.74;64.20;-690.47;-412.49;-48.51;-6.95;-10.94;-103.75;-13.27;-1.68;-450.33;-299.07;-401.03
04-01-2023;20:08:00;24.13;64.31;-690.16;-412.59;-47.79;-6.99;-10.59;-103.42;-13.14;-1.81;-450.99;-299.42;-401.54
05-01-2023;04:00:00;24.25;64.03;-690.32;-412.06;-47.74;-7.03;-10.24;-103.45;-13.20;-1.90;-451.20;-299.41;-401.78
05-01-2023;11:55:00;24.15;63.58;-690.34;-412.08;-47.52;-7.16;-10.72;-103.69;-13.19;-1.91;-451.35;-299.33;-402.00
05-01-2023;19:58:00;24.50;63.95;-690.04;-411.36;-46.70;-7.42;-10.89;-103.77;-13.47;-1.87;-451.78;-299.67;-402.59
06-01-2023;04:01:00;25.59;64.35;-690.10;-411.61;-46.90;-7.46;-10.33;-103.87;-13.47;-2.00;-451.88;-300.01;-402.33
06-01-2023;12:03:00;25.02;64.64;-689.01;-411.85;-45.67;-7.35;-10.52;-104.40;-13.82;-1.94;-451.97;-299.92;-402.16
06-01-2023;19:58:00;25.76;64.96;-688.98;-412.14;-45.60;-7.56;-9.76;-104.61;-13.86;-2.05;-451.91;-300.54;-402.17
07-01-2023;03:52:00;26.16;66.10;-687.79;-411.41;-45.72;-7.66;-10.65;-104.93;-14.01;-2.18;-452.17;-300.93;-402.85
07-01-2023;11:56:00;25.87;66.30;-686.97;-411.45;-45.23;-7.84;-11.04;-104.97;-14.36;-2.42;-452.42;-300.81;-402.63
07-01-2023;19:57:00;26.60;67.08;-685.63;-411.27;-45.69;-8.06;-11.08;-105.65;-14.40;-2.32;-452.08;-301.11;-401.88
08-01-2023;04:01:00;28.17;67.04;-685.30;-412.21;-46.62;-7.83;-11.06;-105.93;-14.25;-1.78;-451.91;-300.63;-401.32
08-01-2023;12:04:00;28.84;65.58;-685.06;-412.51;-46.12;-7.83;-11.08;-106.12;-14.20;-1.89;-451.93;-301.02;-401.66
08-01-2023;19:59:00;29.35;64.96;-684.86;-412.82;-46.04;-7.72;-11.57;-106.07;-14.03;-2.07;-451.91;-301.06;-401.45
09-01-2023;03:54:00;27.24;64.07;-685.02;-413.25;-46.28;-7.85;-12.46;-106.90;-14.12;-2.13;-452.02;-300.68;-401.74
09-01-2023;12:03:00;25.79;63.21;-685.24;-413.23;-46.16;-7.85;-12.66;-106.89;-14.20;-2.18;-451.69;-300.24;-401.70
09-01-2023;19:59:00;25.17;63.20;-684.81;-412.83;-45.75;-8.14;-12.62;-107.55;-14.52;-2.85;-452.09;-300.64;-402.41
10-01-2023;04:02:00;26.18;63.44;-684.97;-412.77;-45.82;-8.06;-12.12;-107.52;-14.36;-2.51;-452.11;-300.57;-402.03
10-01-2023;12:05:00;25.55;63.71;-684.85;-412.96;-46.00;-7.92;-11.59;-108.13;-14.25;-2.26;-452.84;-300.82;-402.24
10-01-2023;20:01:00;25.52;64.08;-684.84;-412.55;-45.53;-7.93;-11.89;-108.31;-14.27;-2.41;-454.08;-301.21;-402.87
11-01-2023;03:55:00;25.27;63.73;-683.88;-412.07;-45.93;-7.96;-11.37;-107.46;-14.30;-1.98;-453.79;-301.01;-402.15
11-01-2023;11:57:00;26.14;64.63;-684.09;-411.46;-46.35;-8.09;-11.80;-106.64;-14.50;-2.18;-453.78;-301.60;-401.86
11-01-2023;19:59:00;28.01;65.05;-683.69;-411.88;-46.78;-7.92;-12.53;-105.12;-14.47;-1.90;-454.27;-300.40;-400.95
12-01-2023;04:03:00;28.66;65.32;-683.59;-411.72;-47.33;-7.60;-13.20;-105.29;-14.19;-1.97;-453.93;-301.10;-400.91
12-01-2023;11:58:00;27.66;64.52;-683.69;-411.38;-47.16;-7.99;-13.46;-105.66;-14.36;-1.98;-454.22;-301.46;-400.71
12-01-2023;19:53:00;28.20;64.66;-684.03;-411.03;-46.60;-8.03;-13.48;-106.34;-14.25;-2.35;-454.22;-300.76;-400.82
13-01-2023;03:55:00;29.64;64.46;-683.89;-410.30;-46.56;-7.72;-13.65;-106.54;-14.26;-2.06;-454.68;-301.02;-400.78
13-01-2023;11:58:00;29.40;64.14;-684.15;-410.10;-46.30;-7.73;-14.47;-106.90;-14.17;-2.14;-454.89;-300.87;-400.88
13-01-2023;20:01:00;28.29;63.98;-684.34;-410.04;-46.01;-7.51;-14.54;-106.69;-13.91;-1.81;-455.24;-300.13;-401.36
14-01-2023;04:03:00;27.58;64.12;-684.32;-409.59;-45.59;-7.44;-14.14;-106.31;-14.15;-1.64;-456.01;-300.31;-401.93
14-01-2023;11:58:00;26.43;64.50;-684.73;-408.62;-45.78;-7.63;-14.68;-106.56;-14.24;-1.73;-456.51;-300.42;-402.47
14-01-2023;19:53:00;26.73;64.84;-685.03;-409.14;-46.19;-7.41;-14.69;-106.21;-13.87;-1.65;-456.50;-300.17;-402.29
15-01-2023;03:56:00;26.18;64.86;-685.01;-408.88;-45.52;-7.43;-14.94;-106.54;-13.84;-1.79;-457.05;-300.06;-402.39
15-01-2023;11:59:00;25.52;64.21;-684.47;-408.92;-45.11;-7.49;-15.32;-106.74;-14.01;-1.65;-457.01;-300.28;-402.40
15-01-2023;20:01:00;25.25;63.89;-684.01;-407.47;-45.03;-7.89;-15.87;-106.50;-14.13;-2.19;-456.36;-301.05;-402.55
16-01-2023;04:04:00;25.29;63.30;-683.71;-408.32;-45.70;-7.49;-15.76;-106.29;-13.85;-1.70;-456.22;-300.57;-402.06
16-01-2023;11:59:00;25.08;63.38;-684.62;-407.93;-46.40;-7.18;-15.29;-106.30;-13.60;-1.40;-456.56;-300.78;-402.43
16-01-2023;19:54:00;24.92;63.19;-684.73;-408.09;-46.67;-7.20;-15.49;-106.51;-13.77;-1.60;-456.52;-300.89;-402.57
17-01-2023;03:57:00;24.28;64.15;-684.49;-407.70;-46.11;-7.89;-16.94;-107.22;-14.43;-2.20;-457.27;-301.42;-403.11
17-01-2023;11:59:00;24.97;63.74;-684.76;-407.79;-46.85;-7.76;-16.63;-107.17;-14.47;-2.21;-457.00;-301.43;-403.05
17-01-2023;20:02:00;25.62;63.75;-684.62;-409.58;-46.88;-7.09;-16.44;-106.27;-13.94;-1.48;-455.87;-300.79;-401.86
18-01-2023;04:05:00;25.59;63.63;-684.44;-409.48;-46.84;-6.89;-16.61;-105.85;-13.69;-1.22;-455.46;-300.81;-401.65
18-01-2023;12:00:00;25.35;63.18;-684.58;-408.22;-46.75;-6.83;-17.30;-106.13;-13.52;-1.09;-455.39;-300.99;-401.71
18-01-2023;19:55:00;24.97;62.98;-684.68;-408.34;-46.91;-6.67;-17.51;-105.97;-13.51;-0.97;-455.28;-301.12;-401.76
19-01-2023;03:57:00;25.00;62.91;-684.80;-408.43;-47.31;-6.51;-17.92;-105.70;-13.39;-0.83;-455.07;-301.28;-401.78
19-01-2023;12:00:00;24.37;62.68;-684.76;-408.04;-46.86;-6.87;-18.20;-106.11;-13.68;-1.13;-455.60;-301.51;-401.83
19-01-2023;20:03:00;24.51;62.73;-684.47;-408.53;-46.84;-6.65;-18.14;-106.23;-13.50;-1.10;-455.56;-301.55;-401.52
20-01-2023;04:05:00;24.30;62.83;-684.43;-408.31;-46.56;-6.72;-18.18;-106.48;-13.59;-1.03;-455.50;-301.56;-401.46
20-01-2023;12:00:00;23.57;62.93;-684.43;-407.74;-46.17;-6.66;-18.86;-106.60;-13.59;-0.93;-455.52;-301.51;-401.33
20-01-2023;19:55:00;22.80;62.65;-684.35;-407.80;-46.60;-6.61;-19.33;-106.80;-13.60;-0.97;-455.71;-301.22;-401.30
21-01-2023;03:58:00;21.71;62.55;-684.06;-407.01;-46.08;-6.75;-19.97;-107.33;-13.88;-1.36;-455.96;-301.12;-401.54
21-01-2023;12:01:00;20.19;62.39;-684.37;-405.59;-45.63;-7.17;-21.32;-108.32;-14.50;-1.93;-457.15;-301.91;-402.26
21-01-2023;20:03:00;20.30;62.36;-684.68;-404.43;-44.53;-7.37;-22.24;-108.84;-14.71;-2.32;-457.65;-302.03;-402.60
22-01-2023;03:58:00;19.98;62.09;-685.02;-404.45;-44.56;-7.21;-22.13;-108.71;-14.60;-2.34;-458.04;-302.09;-402.46
22-01-2023;11:53:00;19.51;61.52;-685.11;-403.71;-43.87;-7.40;-22.10;-108.87;-14.88;-2.46;-458.83;-302.31;-402.76
22-01-2023;19:56:00;20.84;61.40;-685.74;-404.08;-43.07;-7.08;-22.14;-108.76;-14.81;-1.92;-458.79;-302.11;-402.75
23-01-2023;03:59:00;23.13;60.90;-686.93;-405.82;-45.21;-5.54;-20.42;-107.42;-13.65;-0.58;-457.84;-301.16;-401.83
23-01-2023;12:01:00;22.63;61.21;-687.46;-405.84;-44.88;-5.84;-20.61;-107.46;-13.78;-0.64;-458.08;-301.56;-402.26
23-01-2023;20:04:00;22.13;62.64;-687.28;-405.77;-45.01;-6.16;-20.01;-107.83;-13.85;-0.66;-458.23;-302.54;-403.53
24-01-2023;03:59:00;23.00;61.99;-687.33;-406.83;-46.14;-6.45;-19.61;-107.61;-13.70;-0.85;-457.96;-301.97;-402.51
24-01-2023;11:54:00;22.96;61.18;-687.65;-405.57;-45.59;-6.70;-19.54;-107.60;-14.32;-1.00;-458.45;-302.05;-403.08
24-01-2023;20:04:00;21.33;61.77;-687.11;-405.10;-44.72;-6.52;-19.84;-107.33;-14.09;-0.39;-458.37;-302.52;-402.61
25-01-2023;03:59:00;22.48;62.13;-687.03;-405.80;-45.35;-6.41;-19.16;-107.48;-13.90;-0.29;-458.76;-302.76;-402.98
25-01-2023;12:02:00;23.42;62.43;-687.16;-407.30;-44.92;-6.29;-18.29;-107.21;-13.86;-0.28;-458.55;-302.64;-403.05
25-01-2023;20:04:00;24.97;62.35;-686.95;-406.59;-44.43;-6.51;-18.60;-107.81;-14.04;-1.12;-459.11;-303.33;-403.40
26-01-2023;03:59:00;24.00;61.59;-687.00;-405.06;-43.77;-6.48;-18.78;-108.12;-13.98;-1.55;-459.21;-303.29;-403.26
26-01-2023;11:54:00;25.07;61.20;-686.78;-405.10;-43.52;-6.65;-20.48;-108.62;-14.26;-2.05;-459.11;-302.67;-403.04
26-01-2023;19:57:00;25.45;61.37;-686.14;-406.31;-43.87;-6.50;-21.30;-108.87;-13.78;-1.97;-458.38;-302.03;-402.15
27-01-2023;04:00:00;25.48;60.99;-685.75;-405.85;-44.44;-6.56;-21.73;-109.16;-13.97;-1.09;-458.32;-301.87;-401.77
27-01-2023;12:03:00;25.66;61.16;-686.21;-405.43;-44.57;-6.72;-22.50;-109.16;-14.03;-0.93;-458.37;-302.34;-402.06
27-01-2023;20:05:00;25.84;61.34;-686.53;-405.98;-44.39;-6.30;-21.84;-108.75;-13.55;-0.66;-458.45;-302.06;-401.95
28-01-2023;04:00:00;26.77;61.82;-686.56;-406.04;-44.53;-6.17;-21.56;-108.90;-13.58;-0.74;-458.77;-302.55;-401.98
28-01-2023;11:55:00;27.12;61.90;-686.61;-406.45;-44.45;-6.00;-21.94;-108.83;-13.33;-0.65;-458.54;-302.46;-401.84
28-01-2023;19:58:00;27.95;61.80;-686.79;-406.40;-44.06;-5.89;-22.37;-109.12;-13.22;-0.52;-458.55;-302.47;-401.81
29-01-2023;04:01:00;27.95;62.17;-686.47;-406.64;-43.83;-5.94;-22.25;-109.20;-13.46;-0.40;-458.38;-302.22;-401.82
29-01-2023;12:03:00;26.53;61.58;-685.77;-405.24;-44.31;-5.99;-22.51;-109.27;-13.63;-0.13;-457.58;-302.43;-401.53
29-01-2023;19:58:00;27.79;61.62;-686.21;-406.36;-43.83;-5.66;-23.16;-108.49;-13.67;-0.14;-457.77;-301.73;-401.09
30-01-2023;03:53:00;27.32;61.29;-685.95;-404.86;-43.15;-5.97;-23.27;-108.84;-13.90;-0.30;-457.63;-301.93;-401.56
30-01-2023;11:56:00;26.32;60.10;-685.82;-406.57;-44.62;-5.62;-22.92;-108.82;-13.49;-0.27;-457.40;-301.51;-401.16
30-01-2023;19:58:00;25.69;59.27;-685.87;-406.50;-44.86;-5.47;-23.43;-109.08;-13.35;-0.38;-457.63;-301.42;-401.06
31-01-2023;04:01:00;24.92;59.30;-685.97;-405.76;-45.38;-5.11;-23.84;-109.24;-13.30;-0.23;-457.58;-301.98;-400.97
31-01-2023;12:04:00;25.22;60.06;-685.45;-404.66;-45.73;-5.46;-24.50;-109.56;-13.64;-0.34;-457.61;-301.38;-401.04
31-01-2023;19:59:00;26.00;60.96;-684.84;-403.79;-46.13;-5.59;-24.86;-109.48;-13.62;-0.46;-457.34;-301.23;-400.66
01-02-2023;03:52:00;26.08;60.59;-685.74;-403.53;-46.79;-5.25;-25.75;-108.73;-13.55;-0.49;-457.68;-301.54;-401.66
01-02-2023;11:50:00;25.08;59.97;-685.51;-403.50;-46.24;-5.52;-26.51;-108.98;-13.74;-1.00;-458.04;-302.03;-401.83
01-02-2023;19:59:00;24.94;59.98;-685.66;-403.33;-45.97;-5.22;-26.10;-108.59;-13.79;-0.96;-457.69;-301.83;-401.92
02-02-2023;04:02:00;25.13;60.01;-685.54;-403.70;-46.26;-5.05;-26.01;-108.43;-13.77;-0.65;-458.12;-301.87;-401.94
02-02-2023;12:05:00;25.02;60.20;-685.74;-404.32;-47.52;-4.92;-26.08;-108.36;-13.53;-0.50;-458.05;-302.15;-401.83
02-02-2023;19:59:00;24.21;59.80;-685.58;-403.08;-47.49;-5.36;-27.01;-108.69;-13.72;-1.09;-458.30;-302.33;-401.95
03-02-2023;03:54:00;25.36;60.82;-685.59;-403.04;-46.93;-5.64;-26.31;-108.60;-13.73;-1.03;-458.18;-302.45;-402.05
03-02-2023;11:57:00;26.24;60.99;-686.26;-403.29;-46.25;-5.61;-26.70;-108.30;-13.32;-1.68;-457.91;-302.29;-402.48
03-02-2023;20:00:00;26.33;61.02;-686.27;-403.86;-45.60;-5.61;-26.61;-108.57;-13.48;-1.28;-457.62;-302.17;-402.03
04-02-2023;04:03:00;26.02;60.68;-685.89;-403.18;-44.68;-5.68;-26.61;-108.83;-13.72;-1.15;-457.19;-302.45;-402.15
04-02-2023;11:58:00;25.76;60.35;-685.37;-403.06;-44.35;-6.33;-27.17;-109.23;-14.29;-1.15;-457.11;-302.30;-401.68
04-02-2023;19:53:00;26.43;60.80;-685.64;-403.94;-44.40;-5.82;-26.41;-108.45;-13.75;-1.25;-456.70;-301.89;-402.22
05-02-2023;04:00:00;26.67;61.63;-683.66;-402.64;-42.80;-5.98;-26.56;-108.40;-14.14;-1.64;-457.50;-302.41;-402.14
05-02-2023;11:58:00;28.00;60.84;-683.51;-403.02;-43.21;-5.91;-26.36;-108.24;-14.05;-1.54;-457.57;-302.22;-401.76
05-02-2023;20:01:00;27.64;60.80;-683.84;-403.45;-43.77;-5.64;-25.77;-108.18;-13.73;-1.32;-457.36;-302.28;-402.13
06-02-2023;04:04:00;27.33;60.80;-683.47;-403.47;-43.23;-5.79;-26.18;-108.34;-13.93;-1.19;-457.73;-302.48;-402.48
06-02-2023;11:59:00;27.62;61.01;-683.35;-403.60;-43.36;-5.71;-26.15;-108.47;-14.02;-1.30;-458.27;-302.54;-402.99
06-02-2023;19:53:00;27.42;60.91;-683.32;-403.29;-42.75;-5.74;-26.35;-108.78;-14.05;-1.37;-458.27;-302.30;-403.08
07-02-2023;03:56:00;27.98;60.99;-683.62;-404.42;-43.31;-5.33;-27.13;-108.95;-13.80;-0.81;-457.98;-302.20;-403.04
07-02-2023;11:59:00;28.74;60.74;-682.45;-405.25;-43.72;-5.15;-27.84;-108.96;-13.72;-0.66;-458.57;-302.16;-403.27
07-02-2023;20:02:00;27.62;60.59;-682.85;-404.45;-42.90;-5.70;-27.90;-109.23;-14.35;-0.97;-459.21;-302.48;-403.06
08-02-2023;04:04:00;27.60;59.37;-683.05;-404.56;-43.40;-5.47;-27.05;-109.39;-14.10;-0.71;-458.90;-302.10;-402.37
08-02-2023;11:59:00;27.35;58.00;-682.62;-404.38;-43.70;-5.57;-27.21;-109.66;-14.11;-0.84;-458.46;-301.86;-401.77
08-02-2023;19:54:00;26.84;57.31;-684.30;-404.60;-43.84;-5.33;-26.67;-109.77;-14.07;-0.79;-459.32;-302.15;-402.61
09-02-2023;03:57:00;25.27;57.34;-683.32;-404.73;-43.62;-5.53;-27.01;-109.35;-14.24;-0.57;-459.62;-302.18;-402.74
09-02-2023;12:00:00;24.00;57.32;-683.29;-404.50;-43.34;-5.62;-28.30;-109.03;-14.36;-0.72;-459.55;-302.38;-402.27
09-02-2023;20:02:00;23.04;58.23;-683.44;-406.14;-43.70;-5.89;-29.97;-109.57;-14.47;-1.41;-459.72;-302.57;-402.97
10-02-2023;04:05:00;24.56;57.77;-683.43;-406.61;-43.83;-5.87;-29.83;-109.29;-14.36;-1.28;-459.09;-302.85;-402.86
10-02-2023;12:00:00;24.02;57.45;-682.85;-405.72;-43.67;-5.94;-29.22;-109.18;-14.71;-1.60;-459.15;-303.40;-402.70
10-02-2023;19:55:00;24.82;57.52;-683.42;-406.29;-44.00;-5.94;-28.45;-107.56;-14.93;-1.14;-459.07;-303.14;-403.45
11-02-2023;04:01:00;24.70;57.53;-682.34;-405.90;-42.93;-5.86;-28.70;-107.22;-15.12;-1.16;-460.66;-303.59;-404.53
11-02-2023;12:08:00;25.03;58.18;-682.95;-406.84;-43.32;-5.99;-28.22;-107.52;-15.30;-1.50;-460.50;-304.10;-404.93
11-02-2023;20:03:00;25.77;58.03;-683.03;-407.29;-43.24;-6.02;-28.03;-107.70;-15.27;-1.15;-460.51;-303.62;-404.83
12-02-2023;03:58:00;26.70;58.08;-682.52;-407.07;-43.63;-5.78;-28.32;-107.60;-14.96;-1.03;-460.42;-302.89;-404.64
12-02-2023;11:53:00;26.66;58.54;-682.89;-407.72;-43.91;-5.86;-28.30;-107.23;-14.95;-1.03;-460.78;-303.65;-404.81
12-02-2023;19:56:00;26.08;58.97;-683.08;-407.79;-44.15;-5.83;-28.26;-107.02;-14.87;-0.99;-460.71;-303.40;-404.96
13-02-2023;03:58:00;26.54;59.38;-683.17;-407.78;-43.85;-5.97;-28.09;-107.87;-14.91;-1.16;-460.62;-303.38;-404.96
13-02-2023;12:01:00;26.32;59.19;-683.28;-408.24;-44.02;-6.12;-28.58;-108.05;-15.04;-1.57;-460.72;-303.78;-404.96
13-02-2023;20:04:00;26.24;59.01;-683.02;-408.56;-43.66;-5.97;-27.75;-107.71;-14.84;-1.40;-460.89;-303.94;-405.35
14-02-2023;04:03:00;24.22;58.89;-683.39;-408.59;-43.23;-6.06;-28.40;-108.02;-15.09;-1.53;-461.71;-303.66;-405.82
14-02-2023;11:54:00;24.06;58.70;-683.90;-408.07;-43.12;-6.52;-28.33;-109.00;-15.45;-1.64;-461.72;-304.00;-405.98
14-02-2023;19:57:00;23.19;58.02;-684.30;-408.06;-43.20;-6.48;-28.94;-109.02;-15.42;-1.95;-462.01;-304.44;-405.92
15-02-2023;03:59:00;22.43;57.65;-684.22;-408.50;-43.55;-6.49;-29.50;-108.92;-15.57;-2.09;-462.49;-304.39;-405.63
15-02-2023;12:02:00;22.92;57.47;-683.68;-408.59;-44.72;-6.44;-29.46;-108.75;-15.74;-1.62;-463.30;-304.29;-405.83
15-02-2023;20:05:00;21.71;58.05;-683.57;-407.80;-43.86;-6.52;-29.43;-108.63;-15.79;-1.85;-464.36;-304.95;-406.31
16-02-2023;03:59:00;21.10;58.23;-683.92;-408.31;-44.72;-6.23;-28.84;-108.19;-15.48;-1.31;-464.08;-304.34;-406.41
16-02-2023;12:00:00;19.25;58.37;-684.00;-408.68;-44.67;-5.96;-28.55;-107.67;-15.29;-1.38;-463.51;-303.48;-404.73
16-02-2023;19:57:00;19.47;58.08;-683.99;-409.34;-44.53;-6.00;-28.41;-107.49;-15.28;-1.62;-463.68;-303.49;-404.66
17-02-2023;04:00:00;19.25;57.81;-683.84;-408.84;-44.26;-6.37;-28.55;-106.92;-15.54;-1.99;-462.95;-304.56;-405.03
17-02-2023;12:07:00;18.50;58.98;-683.97;-408.40;-44.22;-6.50;-28.22;-107.09;-15.70;-2.05;-462.33;-304.47;-404.73
17-02-2023;20:05:00;18.03;60.61;-684.41;-410.50;-45.55;-6.10;-27.90;-106.31;-15.34;-1.27;-462.83;-305.17;-405.24
18-02-2023;04:00:00;18.00;60.04;-683.94;-409.59;-45.31;-6.30;-28.27;-106.61;-15.41;-1.40;-463.47;-305.54;-405.72
18-02-2023;11:55:00;18.48;60.01;-683.97;-409.90;-45.41;-6.15;-28.47;-106.92;-15.47;-1.44;-462.87;-304.93;-404.95
18-02-2023;19:58:00;18.61;59.79;-684.13;-410.61;-45.20;-5.76;-28.84;-106.41;-14.98;-1.45;-462.75;-304.44;-404.72
19-02-2023;04:01:00;18.84;59.52;-683.95;-409.77;-45.16;-5.78;-29.78;-106.74;-15.06;-1.09;-462.74;-304.32;-404.59
19-02-2023;12:04:00;18.50;59.49;-684.02;-410.38;-45.17;-5.86;-30.11;-106.65;-15.11;-1.26;-462.81;-304.11;-404.48
19-02-2023;19:59:00;18.50;59.35;-684.44;-410.18;-44.43;-6.03;-30.31;-106.76;-15.20;-1.45;-462.48;-303.66;-404.58
20-02-2023;03:54:00;19.17;59.29;-684.74;-409.11;-44.78;-6.22;-29.97;-106.57;-15.22;-1.33;-463.16;-302.82;-404.16
20-02-2023;11:56:00;19.28;60.73;-684.73;-410.09;-44.92;-6.05;-30.04;-106.34;-15.06;-1.31;-463.51;-302.83;-403.82
20-02-2023;19:59:00;19.44;59.54;-684.46;-409.20;-44.78;-6.16;-30.06;-106.32;-15.25;-1.33;-463.88;-302.77;-404.10
21-02-2023;04:02:00;20.23;58.09;-684.43;-409.70;-44.03;-6.01;-30.16;-106.07;-15.13;-1.66;-463.84;-303.32;-404.13
21-02-2023;11:57:00;21.04;57.38;-684.21;-409.43;-43.59;-6.10;-30.38;-106.48;-14.98;-1.68;-463.86;-303.63;-403.78
21-02-2023;19:59:00;21.02;56.76;-683.99;-408.66;-42.76;-6.42;-31.36;-107.25;-15.42;-2.22;-464.53;-303.74;-404.14
22-02-2023;03:54:00;21.54;56.60;-683.90;-409.05;-42.92;-6.24;-31.14;-106.97;-15.25;-1.85;-464.45;-303.60;-404.09
22-02-2023;12:03:00;20.79;56.78;-684.15;-408.53;-43.11;-6.45;-31.07;-106.78;-15.71;-1.87;-464.44;-303.70;-404.99
22-02-2023;20:00:00;20.30;56.21;-684.03;-408.68;-44.32;-6.04;-30.39;-106.08;-15.36;-1.78;-463.64;-302.65;-404.60
23-02-2023;04:03:00;21.72;56.24;-684.29;-409.21;-44.08;-6.02;-29.66;-106.80;-15.26;-1.46;-463.79;-303.25;-404.58
23-02-2023;12:05:00;21.94;56.36;-685.12;-409.93;-45.68;-5.89;-29.49;-106.88;-15.13;-0.83;-463.98;-303.30;-404.49
23-02-2023;20:02:00;20.28;56.60;-684.95;-408.75;-44.73;-6.29;-30.70;-107.08;-15.39;-1.62;-463.87;-303.41;-404.98
24-02-2023;03:55:00;20.28;57.11;-685.29;-408.52;-44.04;-6.37;-30.61;-106.48;-15.46;-2.04;-463.55;-303.35;-405.00
24-02-2023;11:54:00;19.64;56.47;-685.27;-408.26;-43.18;-6.49;-30.92;-107.42;-15.89;-1.89;-464.05;-303.69;-405.54
24-02-2023;20:01:00;20.08;56.34;-686.19;-408.89;-44.30;-6.22;-31.16;-108.02;-15.55;-1.02;-464.43;-303.45;-406.23
25-02-2023;04:04:00;19.53;56.48;-686.06;-408.31;-43.82;-6.12;-30.72;-108.42;-15.38;-1.51;-464.96;-302.57;-405.84
25-02-2023;11:59:00;19.80;56.57;-686.01;-408.76;-43.56;-6.07;-30.64;-108.60;-15.44;-1.36;-464.83;-302.17;-405.68
25-02-2023;19:53:00;20.02;56.51;-686.24;-408.88;-44.26;-5.65;-30.67;-108.49;-15.12;-1.34;-464.46;-302.34;-405.57
26-02-2023;03:56:00;19.66;56.43;-686.12;-408.08;-43.89;-5.77;-31.08;-109.15;-15.26;-1.54;-464.50;-302.81;-405.88
26-02-2023;11:59:00;19.90;56.57;-685.94;-408.45;-44.54;-5.99;-31.42;-109.93;-15.58;-1.04;-464.93;-303.34;-406.20
26-02-2023;20:08:00;20.03;56.62;-685.93;-408.84;-44.03;-5.68;-31.45;-109.50;-15.16;-1.34;-464.82;-303.21;-406.12
27-02-2023;04:04:00;19.73;56.89;-686.16;-409.43;-43.86;-5.50;-31.92;-109.44;-14.82;-1.11;-464.83;-302.64;-406.16
27-02-2023;11:59:00;18.24;56.76;-686.10;-409.09;-43.70;-5.85;-33.33;-110.17;-15.25;-1.43;-465.51;-303.36;-406.61
27-02-2023;19:54:00;17.47;56.51;-686.27;-407.96;-43.41;-6.02;-33.91;-110.81;-15.49;-2.02;-465.65;-303.36;-406.68
28-02-2023;03:57:00;16.26;55.96;-686.25;-406.93;-42.06;-6.21;-34.47;-111.20;-15.69;-2.55;-466.27;-303.78;-406.94
28-02-2023;12:01:00;17.44;56.13;-686.19;-407.12;-42.84;-6.02;-34.23;-110.64;-15.51;-1.34;-466.06;-303.49;-406.67
28-02-2023;19:58:00;18.31;56.30;-686.29;-408.44;-43.61;-5.56;-33.80;-109.72;-15.01;-1.06;-465.46;-302.99;-406.33
01-03-2023;03:53:00;18.71;56.37;-686.45;-407.94;-42.77;-5.59;-33.66;-109.67;-14.87;-1.02;-465.98;-302.93;-406.48
01-03-2023;11:57:00;18.83;56.26;-686.49;-408.07;-42.67;-5.69;-34.13;-109.43;-14.99;-1.00;-465.75;-302.95;-406.40
01-03-2023;19:58:00;18.53;56.28;-686.58;-406.95;-42.56;-5.59;-34.39;-109.65;-14.90;-1.10;-465.61;-302.82;-406.57
02-03-2023;04:01:00;17.27;56.08;-686.69;-406.26;-41.87;-5.59;-34.67;-109.99;-14.95;-1.45;-466.17;-303.36;-406.65
02-03-2023;12:11:00;16.98;55.71;-686.43;-405.87;-42.38;-5.79;-35.34;-110.68;-15.40;-1.34;-465.97;-303.45;-406.71
02-03-2023;19:59:00;18.12;55.86;-686.53;-406.51;-42.29;-5.23;-35.25;-110.20;-14.66;-0.92;-466.06;-303.17;-406.28
03-03-2023;03:54:00;18.58;55.97;-686.36;-407.15;-41.36;-4.97;-35.17;-110.06;-14.38;-0.62;-465.90;-303.01;-406.00
03-03-2023;11:56:00;19.10;56.14;-686.74;-407.95;-42.05;-4.70;-34.63;-110.27;-14.15;-0.49;-466.16;-302.89;-406.06
03-03-2023;19:59:00;18.76;56.36;-687.01;-407.82;-42.16;-4.61;-34.82;-111.00;-14.30;-0.38;-465.97;-302.82;-405.82
04-03-2023;03:51:00;18.79;56.33;-687.22;-407.94;-42.18;-4.14;-35.27;-110.96;-14.03;-0.18;-465.53;-302.32;-405.30
04-03-2023;12:05:00;18.88;56.17;-687.39;-407.90;-42.84;-3.97;-35.65;-110.81;-13.87;-0.02;-464.91;-302.40;-404.68
04-03-2023;20:00:00;18.70;56.17;-687.37;-408.30;-42.82;-3.85;-35.87;-111.01;-13.77;0.16;-464.63;-302.25;-404.73
05-03-2023;03:58:00;18.68;56.22;-687.45;-407.69;-42.47;-3.79;-35.94;-111.12;-13.84;0.04;-464.60;-302.54;-404.80
05-03-2023;11:55:00;18.80;56.48;-687.46;-407.80;-43.42;-3.84;-35.87;-111.09;-13.71;0.33;-464.60;-302.39;-404.86
05-03-2023;20:00:00;18.90;56.52;-687.21;-407.47;-43.52;-3.75;-35.54;-110.77;-13.60;0.33;-464.36;-302.23;-404.92
06-03-2023;04:03:00;18.81;56.49;-687.22;-407.75;-44.38;-3.87;-35.71;-110.76;-13.52;0.43;-464.60;-302.45;-404.99
06-03-2023;11:58:00;18.65;56.35;-687.05;-407.79;-44.74;-3.78;-35.91;-110.65;-13.40;0.49;-464.29;-302.09;-404.90
06-03-2023;19:41:00;18.44;56.31;-687.00;-408.22;-44.45;-3.75;-36.12;-110.57;-13.52;0.70;-464.10;-301.85;-404.77
07-03-2023;03:51:00;18.09;56.06;-687.32;-408.35;-43.79;-3.79;-36.29;-110.72;-13.86;0.40;-463.89;-301.91;-404.95
07-03-2023;11:58:00;18.12;56.02;-687.23;-408.41;-44.40;-3.70;-36.20;-110.63;-13.61;0.49;-463.75;-301.68;-405.00
07-03-2023;20:01:00;17.71;55.96;-687.27;-407.77;-44.27;-3.95;-36.30;-110.88;-13.46;0.54;-463.94;-301.60;-404.69
08-03-2023;04:04:00;17.27;55.96;-687.37;-407.71;-44.14;-3.70;-36.33;-110.85;-13.37;0.66;-464.06;-301.63;-404.71
08-03-2023;11:59:00;17.98;56.09;-687.18;-408.34;-44.17;-3.74;-36.05;-110.58;-13.15;0.95;-463.86;-301.46;-404.64
08-03-2023;20:05:00;16.87;56.90;-686.90;-408.05;-43.76;-4.25;-35.48;-110.69;-13.57;0.60;-464.43;-302.15;-405.31
09-03-2023;03:53:00;17.98;56.62;-687.03;-408.63;-43.91;-4.24;-34.85;-110.44;-13.35;1.03;-464.32;-301.86;-405.09
09-03-2023;11:55:00;18.03;56.32;-686.78;-408.54;-43.90;-4.09;-35.21;-110.41;-13.42;0.85;-463.81;-301.89;-404.97
09-03-2023;19:58:00;17.74;56.36;-686.97;-408.94;-43.30;-4.18;-35.36;-110.46;-13.22;0.77;-463.84;-302.12;-404.89
10-03-2023;04:01:00;17.35;56.38;-687.01;-409.25;-43.61;-4.33;-35.72;-110.74;-13.30;0.76;-463.81;-302.14;-404.86
10-03-2023;12:04:00;17.07;56.27;-687.28;-408.30;-44.08;-4.52;-35.77;-110.95;-13.59;0.78;-464.01;-302.22;-405.05
10-03-2023;19:59:00;17.84;56.11;-687.33;-409.00;-43.71;-4.31;-35.63;-110.94;-13.49;0.61;-464.00;-302.07;-405.04
11-03-2023;03:55:00;17.82;56.20;-687.26;-408.90;-43.47;-4.29;-35.31;-111.14;-13.61;0.35;-464.27;-302.42;-405.27
11-03-2023;11:57:00;18.23;56.74;-686.68;-409.56;-43.89;-4.51;-34.99;-111.20;-14.04;0.21;-464.21;-302.68;-405.94
11-03-2023;19:59:00;19.49;56.47;-686.89;-410.35;-44.09;-4.22;-34.35;-110.55;-13.67;0.48;-463.43;-302.54;-405.52
12-03-2023;04:02:00;19.48;56.60;-686.83;-410.43;-44.19;-4.11;-34.37;-110.10;-13.58;0.39;-463.18;-302.47;-405.33
12-03-2023;12:02:00;19.81;56.39;-686.68;-410.79;-43.91;-4.08;-34.71;-110.20;-13.54;0.34;-463.13;-302.26;-405.28
12-03-2023;20:00:00;19.79;56.66;-686.85;-410.71;-43.67;-4.33;-34.79;-110.30;-13.48;0.38;-463.24;-302.14;-405.31
13-03-2023;03:55:00;20.04;56.84;-686.92;-410.87;-44.47;-4.01;-34.70;-110.21;-13.39;0.33;-463.03;-302.18;-405.16
13-03-2023;11:57:00;20.49;57.13;-687.04;-410.49;-43.54;-4.27;-35.36;-110.49;-13.81;0.06;-462.69;-302.40;-405.33
13-03-2023;20:00:00;20.38;57.87;-686.41;-410.80;-43.70;-4.02;-35.82;-110.14;-13.77;-0.38;-462.19;-302.52;-406.00
14-03-2023;04:03:00;20.52;57.80;-686.05;-411.10;-43.04;-4.18;-36.41;-110.23;-14.08;-0.86;-463.84;-303.54;-407.08
14-03-2023;11:58:00;21.99;58.11;-686.49;-411.25;-43.76;-3.72;-35.62;-109.28;-13.49;-0.15;-463.30;-302.70;-406.73
14-03-2023;19:53:00;22.77;58.53;-687.06;-411.37;-43.97;-3.67;-35.24;-109.04;-13.35;0.10;-463.24;-302.56;-406.52
15-03-2023;03:55:00;22.59;58.33;-687.08;-410.68;-43.79;-3.84;-35.65;-109.07;-13.57;-0.72;-463.98;-302.82;-407.04
15-03-2023;11:58:00;23.17;58.32;-687.21;-411.41;-44.65;-3.92;-35.62;-108.67;-13.61;0.08;-463.96;-302.68;-406.77
15-03-2023;20:01:00;23.09;58.32;-687.29;-410.92;-44.38;-3.82;-35.73;-109.05;-13.57;0.31;-463.70;-302.77;-406.60
16-03-2023;04:04:00;22.67;58.71;-687.47;-410.68;-44.52;-3.88;-36.54;-109.12;-13.54;0.24;-464.03;-302.93;-406.58
16-03-2023;11:53:00;22.85;58.89;-687.78;-411.03;-44.89;-3.53;-35.97;-108.56;-13.23;0.75;-463.59;-302.53;-406.04
16-03-2023;19:53:00;21.83;59.17;-687.37;-411.49;-44.70;-3.73;-36.25;-108.45;-13.66;0.55;-463.39;-302.45;-405.36
17-03-2023;03:56:00;22.93;58.62;-688.04;-410.38;-43.60;-3.93;-36.54;-109.09;-13.90;0.05;-464.15;-302.42;-405.41
17-03-2023;11:59:00;22.84;59.07;-687.98;-410.44;-43.54;-3.93;-36.23;-108.66;-14.20;-0.22;-464.08;-302.47;-405.84
17-03-2023;20:02:00;22.78;58.23;-687.83;-410.45;-43.42;-3.68;-36.70;-108.91;-14.28;-0.05;-462.98;-302.16;-404.71
18-03-2023;03:58:00;23.37;58.25;-687.77;-410.63;-43.03;-3.58;-36.35;-109.70;-13.92;-0.27;-462.99;-301.89;-404.60
18-03-2023;11:59:00;24.37;57.68;-687.50;-411.28;-43.57;-3.03;-35.87;-109.14;-13.66;-0.08;-462.86;-301.42;-404.66
18-03-2023;19:54:00;24.47;57.59;-687.26;-412.51;-43.65;-3.02;-36.70;-108.62;-13.37;0.77;-462.15;-301.96;-404.79
19-03-2023;03:57:00;23.65;57.54;-687.23;-411.60;-44.15;-3.01;-36.89;-108.52;-13.35;0.94;-462.40;-302.40;-405.43
19-03-2023;12:00:00;23.55;57.13;-687.50;-412.45;-44.90;-3.17;-36.57;-109.10;-13.61;1.26;-463.69;-301.82;-405.52
19-03-2023;20:02:00;23.95;56.06;-687.15;-411.74;-44.02;-3.28;-36.42;-108.92;-13.69;0.97;-462.86;-301.45;-405.35
20-03-2023;04:05:00;24.26;55.52;-687.14;-412.15;-44.47;-3.08;-36.27;-108.71;-13.61;0.57;-462.75;-301.67;-405.70
20-03-2023;12:00:00;25.90;54.66;-686.92;-411.99;-44.88;-3.24;-35.78;-108.63;-13.88;1.31;-462.67;-301.61;-405.07
20-03-2023;19:57:00;26.25;55.19;-687.00;-413.14;-44.38;-2.78;-35.59;-107.89;-13.22;0.76;-462.00;-301.58;-404.94
21-03-2023;04:03:00;25.85;54.89;-687.08;-413.18;-44.23;-3.05;-36.37;-108.35;-13.52;0.90;-462.13;-302.22;-405.24
21-03-2023;12:01:00;24.05;54.46;-687.01;-412.86;-44.32;-3.28;-36.74;-108.04;-13.86;0.79;-462.01;-302.26;-405.68
21-03-2023;20:03:00;23.94;55.04;-686.51;-410.95;-43.71;-3.47;-36.68;-107.43;-13.76;0.28;-461.09;-301.33;-404.42
22-03-2023;03:59:00;24.41;53.83;-686.95;-411.06;-43.19;-3.45;-35.94;-106.62;-13.82;0.42;-460.49;-301.44;-404.74
22-03-2023;11:53:00;23.79;54.67;-685.95;-410.72;-43.00;-3.28;-35.51;-106.51;-13.99;0.26;-459.09;-301.41;-403.31
22-03-2023;19:56:00;23.55;55.28;-685.65;-411.15;-44.09;-3.22;-35.39;-106.49;-13.92;0.70;-459.18;-301.45;-403.36
23-03-2023;03:59:00;24.03;55.32;-685.80;-411.47;-43.83;-3.44;-35.99;-106.23;-14.00;0.55;-459.41;-301.68;-403.41
23-03-2023;11:55:00;24.87;55.06;-684.69;-411.45;-43.32;-3.45;-35.60;-106.34;-13.95;0.53;-458.50;-301.35;-403.01
23-03-2023;20:04:00;25.64;54.89;-685.10;-411.02;-43.21;-3.58;-35.13;-106.82;-14.08;0.36;-458.80;-301.73;-403.25
24-03-2023;04:07:00;25.25;55.16;-685.85;-412.19;-43.19;-3.51;-35.20;-106.18;-13.91;0.21;-459.10;-301.14;-403.77
24-03-2023;11:54:00;24.86;55.26;-685.81;-411.13;-43.44;-4.38;-36.85;-107.22;-15.08;0.15;-459.55;-302.28;-404.93
24-03-2023;19:57:00;25.26;55.57;-686.61;-412.87;-44.04;-3.47;-36.33;-106.47;-13.88;0.79;-459.07;-301.58;-405.11
25-03-2023;03:59:00;24.78;56.21;-686.24;-412.24;-43.91;-3.50;-36.21;-106.43;-14.00;0.42;-458.56;-301.73;-404.49
25-03-2023;12:02:00;23.91;57.43;-685.75;-413.00;-43.68;-3.73;-36.25;-105.87;-14.22;0.26;-458.18;-301.37;-404.48
25-03-2023;20:05:00;23.96;57.40;-685.83;-412.87;-44.20;-3.79;-36.98;-106.08;-14.05;1.47;-458.19;-301.21;-405.11
26-03-2023;04:00:00;23.71;57.54;-685.97;-411.80;-44.32;-3.80;-36.11;-106.36;-13.84;0.71;-458.38;-301.11;-405.61
26-03-2023;11:55:00;23.81;57.76;-685.87;-411.92;-44.09;-3.84;-35.73;-106.27;-13.63;0.69;-458.04;-301.17;-405.90
26-03-2023;20:01:00;23.72;57.95;-685.50;-412.18;-43.62;-3.82;-36.11;-106.56;-13.72;1.00;-458.15;-301.61;-406.04
27-03-2023;04:00:00;23.01;58.06;-686.04;-411.92;-43.54;-4.32;-36.65;-106.71;-13.95;0.74;-458.52;-302.46;-406.33
27-03-2023;12:03:00;23.34;58.02;-686.25;-411.55;-43.16;-4.30;-36.48;-106.64;-14.14;0.57;-458.40;-302.09;-406.16
27-03-2023;19:58:00;23.40;58.18;-686.57;-412.02;-43.01;-3.79;-37.25;-106.47;-13.68;0.58;-458.98;-301.59;-405.75
28-03-2023;03:53:00;22.96;58.03;-686.85;-411.47;-43.17;-4.04;-38.18;-106.91;-13.80;0.21;-459.32;-301.79;-406.25
28-03-2023;11:52:00;22.98;57.84;-686.98;-411.33;-42.69;-4.11;-38.29;-106.66;-14.10;0.07;-458.89;-302.47;-406.65