Sensor name;Date;Distance
ekstensometer (ny);12.11.2020 13:55:30;0.000
ekstensometer (ny);12.11.2020 14:00:02;0.000
ekstensometer (ny);12.11.2020 15:00:03;0.000
ekstensometer (ny);12.11.2020 16:00:05;0.000
ekstensometer (ny);12.11.2020 17:00:03;0.000
ekstensometer (ny);12.11.2020 18:00:03;0.000
ekstensometer (ny);12.11.2020 19:00:03;0.000
ekstensometer (ny);12.11.2020 20:00:05;0.000
ekstensometer (ny);12.11.2020 21:00:02;0.000
ekstensometer (ny);12.11.2020 22:00:03;0.000
ekstensometer (ny);12.11.2020 23:00:03;0.000
ekstensometer (ny);13.11.2020 00:00:06;0.000
ekstensometer (ny);13.11.2020 01:00:03;0.000
ekstensometer (ny);13.11.2020 02:00:02;0.000
ekstensometer (ny);13.11.2020 03:00:02;0.000
ekstensometer (ny);13.11.2020 04:00:05;0.000
ekstensometer (ny);13.11.2020 05:00:03;0.000
ekstensometer (ny);13.11.2020 06:00:03;0.000
ekstensometer (ny);13.11.2020 07:00:03;0.000
ekstensometer (ny);13.11.2020 08:00:24;0.000
ekstensometer (ny);13.11.2020 09:00:02;0.000
ekstensometer (ny);13.11.2020 10:00:02;0.562
ekstensometer (ny);13.11.2020 11:00:03;0.562
ekstensometer (ny);13.11.2020 12:00:05;0.562
ekstensometer (ny);13.11.2020 13:00:03;0.000
ekstensometer (ny);13.11.2020 14:00:03;0.000
ekstensometer (ny);13.11.2020 15:00:02;0.000
ekstensometer (ny);13.11.2020 16:00:39;0.000
ekstensometer (ny);13.11.2020 17:00:03;0.000
ekstensometer (ny);13.11.2020 18:00:03;0.562
ekstensometer (ny);13.11.2020 19:00:03;0.562
ekstensometer (ny);13.11.2020 20:00:25;0.562
ekstensometer (ny);13.11.2020 21:00:03;0.562
ekstensometer (ny);13.11.2020 22:00:02;0.562
ekstensometer (ny);13.11.2020 23:00:02;0.562
ekstensometer (ny);14.11.2020 00:00:05;0.562
ekstensometer (ny);14.11.2020 01:00:03;0.562
ekstensometer (ny);14.11.2020 02:00:03;0.562
ekstensometer (ny);14.11.2020 03:00:03;0.562
ekstensometer (ny);14.11.2020 04:00:04;0.562
ekstensometer (ny);14.11.2020 05:00:02;0.562
ekstensometer (ny);14.11.2020 06:00:03;0.562
ekstensometer (ny);14.11.2020 07:00:03;0.562
ekstensometer (ny);14.11.2020 08:00:06;0.562
ekstensometer (ny);14.11.2020 09:00:03;0.562
ekstensometer (ny);14.11.2020 10:00:03;0.562
ekstensometer (ny);14.11.2020 11:00:03;0.562
ekstensometer (ny);14.11.2020 12:00:05;0.562
ekstensometer (ny);14.11.2020 13:00:02;0.562
ekstensometer (ny);14.11.2020 14:00:02;0.562
ekstensometer (ny);14.11.2020 15:00:03;0.562
ekstensometer (ny);14.11.2020 16:00:05;0.562
ekstensometer (ny);14.11.2020 17:00:03;0.562
ekstensometer (ny);14.11.2020 18:00:03;0.562
ekstensometer (ny);14.11.2020 19:00:02;0.562
ekstensometer (ny);14.11.2020 20:00:05;0.562
ekstensometer (ny);14.11.2020 21:00:02;0.562
ekstensometer (ny);14.11.2020 22:00:03;0.562
ekstensometer (ny);14.11.2020 23:00:03;0.562
ekstensometer (ny);15.11.2020 00:00:05;0.562
ekstensometer (ny);15.11.2020 01:00:03;0.562
ekstensometer (ny);15.11.2020 02:00:02;0.562
ekstensometer (ny);15.11.2020 03:00:02;0.562
ekstensometer (ny);15.11.2020 04:00:05;0.562
ekstensometer (ny);15.11.2020 05:00:03;0.562
ekstensometer (ny);15.11.2020 06:00:03;0.562
ekstensometer (ny);15.11.2020 07:00:03;0.562
ekstensometer (ny);15.11.2020 08:00:04;0.562
ekstensometer (ny);15.11.2020 09:00:02;0.562
ekstensometer (ny);15.11.2020 10:00:03;0.562
ekstensometer (ny);15.11.2020 11:00:03;0.562
ekstensometer (ny);15.11.2020 12:00:05;0.562
ekstensometer (ny);15.11.2020 13:00:03;0.562
ekstensometer (ny);15.11.2020 14:00:02;0.562
ekstensometer (ny);15.11.2020 15:00:02;0.562
ekstensometer (ny);15.11.2020 16:00:05;0.562
ekstensometer (ny);15.11.2020 17:00:03;0.562
ekstensometer (ny);15.11.2020 18:00:03;0.562
ekstensometer (ny);15.11.2020 19:00:03;0.562
ekstensometer (ny);15.11.2020 20:00:04;0.562
ekstensometer (ny);15.11.2020 21:00:02;0.562
ekstensometer (ny);15.11.2020 22:00:03;1.125
ekstensometer (ny);15.11.2020 23:00:03;1.125
ekstensometer (ny);16.11.2020 00:00:05;1.125
ekstensometer (ny);16.11.2020 01:00:03;1.125
ekstensometer (ny);16.11.2020 02:00:03;1.125
ekstensometer (ny);16.11.2020 03:00:02;1.125
ekstensometer (ny);16.11.2020 04:00:05;1.688
ekstensometer (ny);16.11.2020 05:00:03;1.688
ekstensometer (ny);16.11.2020 06:00:03;1.688
ekstensometer (ny);16.11.2020 07:00:03;1.688
ekstensometer (ny);16.11.2020 08:00:24;1.688
ekstensometer (ny);16.11.2020 09:00:02;1.688
ekstensometer (ny);16.11.2020 10:00:03;1.688
ekstensometer (ny);16.11.2020 11:00:03;1.688
ekstensometer (ny);16.11.2020 12:00:05;1.688
ekstensometer (ny);16.11.2020 13:00:02;1.688
ekstensometer (ny);16.11.2020 14:00:02;1.688
ekstensometer (ny);16.11.2020 15:00:02;1.688
ekstensometer (ny);16.11.2020 16:00:06;1.688
ekstensometer (ny);16.11.2020 17:00:03;1.688
ekstensometer (ny);16.11.2020 18:00:03;1.688
ekstensometer (ny);16.11.2020 19:00:03;1.688
ekstensometer (ny);16.11.2020 20:00:25;2.812
ekstensometer (ny);16.11.2020 21:00:02;2.250
ekstensometer (ny);16.11.2020 22:00:03;2.812
ekstensometer (ny);16.11.2020 23:00:03;2.812
ekstensometer (ny);17.11.2020 00:00:05;2.812
ekstensometer (ny);17.11.2020 01:00:03;2.812
ekstensometer (ny);17.11.2020 02:00:02;2.812
ekstensometer (ny);17.11.2020 03:00:02;2.812
ekstensometer (ny);17.11.2020 04:00:05;2.812
ekstensometer (ny);17.11.2020 05:00:03;2.925
ekstensometer (ny);17.11.2020 06:00:03;2.812
ekstensometer (ny);17.11.2020 07:00:03;2.812
ekstensometer (ny);17.11.2020 08:00:05;2.812
ekstensometer (ny);17.11.2020 09:00:02;2.812
ekstensometer (ny);17.11.2020 10:00:03;2.812
ekstensometer (ny);17.11.2020 11:00:02;2.812
ekstensometer (ny);17.11.2020 12:00:05;2.812
ekstensometer (ny);17.11.2020 13:00:03;2.812
ekstensometer (ny);17.11.2020 14:00:03;2.812
ekstensometer (ny);17.11.2020 15:00:03;2.812
ekstensometer (ny);17.11.2020 16:00:05;2.812
ekstensometer (ny);17.11.2020 17:00:02;2.812
ekstensometer (ny);17.11.2020 18:00:02;2.700
ekstensometer (ny);17.11.2020 19:00:03;2.812
ekstensometer (ny);17.11.2020 20:00:05;2.812
ekstensometer (ny);17.11.2020 21:00:03;2.812
ekstensometer (ny);17.11.2020 22:00:03;2.812
ekstensometer (ny);17.11.2020 23:00:02;2.812
ekstensometer (ny);18.11.2020 00:00:05;2.812
ekstensometer (ny);18.11.2020 01:00:02;2.812
ekstensometer (ny);18.11.2020 02:00:03;3.037
ekstensometer (ny);18.11.2020 03:00:03;2.812
ekstensometer (ny);18.11.2020 04:00:05;2.812
ekstensometer (ny);18.11.2020 05:00:03;2.925
ekstensometer (ny);18.11.2020 06:00:02;2.812
ekstensometer (ny);18.11.2020 07:00:02;3.037
ekstensometer (ny);18.11.2020 08:00:25;3.037
ekstensometer (ny);18.11.2020 09:00:03;3.375
ekstensometer (ny);18.11.2020 10:00:03;2.812
ekstensometer (ny);18.11.2020 11:00:03;2.812
ekstensometer (ny);18.11.2020 12:00:25;2.812
ekstensometer (ny);18.11.2020 13:00:02;2.812
ekstensometer (ny);18.11.2020 14:00:02;3.375
ekstensometer (ny);18.11.2020 15:00:03;3.375
ekstensometer (ny);18.11.2020 16:00:05;2.812
ekstensometer (ny);18.11.2020 17:00:03;3.150
ekstensometer (ny);18.11.2020 18:00:03;2.812
ekstensometer (ny);18.11.2020 19:00:02;2.812
ekstensometer (ny);18.11.2020 20:00:05;3.037
ekstensometer (ny);18.11.2020 21:00:03;2.812
ekstensometer (ny);18.11.2020 22:00:03;2.812
ekstensometer (ny);18.11.2020 23:00:03;3.375
ekstensometer (ny);19.11.2020 00:00:25;3.375
ekstensometer (ny);19.11.2020 01:00:02;3.375
ekstensometer (ny);19.11.2020 02:00:02;5.175
ekstensometer (ny);19.11.2020 03:00:02;24.075
ekstensometer (ny);19.11.2020 04:00:40;77.625
ekstensometer (ny);19.11.2020 05:00:03;276.413
ekstensometer (ny);19.11.2020 06:00:03;409.050
ekstensometer (ny);19.11.2020 07:00:03;515.025
ekstensometer (ny);19.11.2020 08:00:25;574.875
ekstensometer (ny);19.11.2020 09:00:02;592.650
ekstensometer (ny);19.11.2020 10:00:03;606.600
ekstensometer (ny);19.11.2020 11:00:02;611.100
ekstensometer (ny);19.11.2020 12:00:05;634.500
ekstensometer (ny);19.11.2020 13:00:03;637.763
ekstensometer (ny);19.11.2020 14:00:03;635.062
ekstensometer (ny);19.11.2020 15:00:03;622.575
ekstensometer (ny);19.11.2020 16:00:05;617.400
ekstensometer (ny);19.11.2020 17:00:03;616.838
ekstensometer (ny);19.11.2020 18:00:02;621.338
ekstensometer (ny);19.11.2020 19:00:02;622.013
ekstensometer (ny);19.11.2020 20:00:05;624.263
ekstensometer (ny);19.11.2020 21:00:03;622.013
ekstensometer (ny);19.11.2020 22:00:03;619.650
ekstensometer (ny);19.11.2020 23:00:03;625.950
ekstensometer (ny);20.11.2020 00:00:04;615.150
ekstensometer (ny);20.11.2020 01:00:02;615.713
ekstensometer (ny);20.11.2020 02:00:03;616.275
ekstensometer (ny);20.11.2020 03:00:03;614.588
ekstensometer (ny);20.11.2020 04:00:05;613.463
ekstensometer (ny);20.11.2020 05:00:03;613.463
ekstensometer (ny);20.11.2020 06:00:03;613.463
ekstensometer (ny);20.11.2020 07:00:02;613.463
ekstensometer (ny);20.11.2020 08:00:05;613.463
ekstensometer (ny);20.11.2020 09:00:03;613.463
ekstensometer (ny);20.11.2020 10:00:03;613.463
ekstensometer (ny);20.11.2020 11:00:03;613.463
ekstensometer (ny);20.11.2020 12:00:05;613.463
ekstensometer (ny);20.11.2020 13:00:03;613.463
ekstensometer (ny);20.11.2020 14:00:03;613.463
ekstensometer (ny);20.11.2020 15:00:02;613.463
ekstensometer (ny);20.11.2020 16:00:11;613.463
ekstensometer (ny);20.11.2020 17:00:03;613.463
ekstensometer (ny);20.11.2020 18:00:03;613.463
ekstensometer (ny);20.11.2020 19:00:03;613.463
ekstensometer (ny);20.11.2020 20:00:05;613.463
ekstensometer (ny);20.11.2020 21:00:02;613.463
ekstensometer (ny);20.11.2020 22:00:02;613.463
ekstensometer (ny);20.11.2020 23:00:03;614.025
ekstensometer (ny);21.11.2020 00:00:05;614.025
ekstensometer (ny);21.11.2020 01:00:03;614.025
ekstensometer (ny);21.11.2020 02:00:03;618.525
ekstensometer (ny);21.11.2020 03:00:03;620.662
ekstensometer (ny);21.11.2020 04:00:05;614.475
ekstensometer (ny);21.11.2020 05:00:03;599.625
ekstensometer (ny);21.11.2020 06:00:03;1711.012
ekstensometer (ny);21.11.2020 07:00:03;1711.575
ekstensometer (ny);21.11.2020 08:00:05;1711.575
ekstensometer (ny);21.11.2020 09:00:03;1711.575
ekstensometer (ny);21.11.2020 10:00:03;1711.575
ekstensometer (ny);21.11.2020 11:00:02;1711.012
ekstensometer (ny);21.11.2020 12:00:05;1711.012
ekstensometer (ny);21.11.2020 13:00:03;1710.900
ekstensometer (ny);21.11.2020 14:00:03;1711.575
ekstensometer (ny);21.11.2020 15:00:03;1711.575
ekstensometer (ny);21.11.2020 16:00:05;1711.575
ekstensometer (ny);21.11.2020 17:00:02;1711.688
ekstensometer (ny);21.11.2020 18:00:02;1711.688
ekstensometer (ny);21.11.2020 19:00:02;1711.688
ekstensometer (ny);21.11.2020 20:00:05;1711.688
ekstensometer (ny);21.11.2020 21:00:03;1711.688
ekstensometer (ny);21.11.2020 22:00:03;1711.688
ekstensometer (ny);21.11.2020 23:00:03;1711.688
ekstensometer (ny);22.11.2020 00:00:04;1711.688
ekstensometer (ny);22.11.2020 01:00:02;1711.688
ekstensometer (ny);22.11.2020 02:00:03;1711.125
ekstensometer (ny);22.11.2020 03:00:03;1711.125
ekstensometer (ny);22.11.2020 04:00:38;1711.125
ekstensometer (ny);22.11.2020 05:00:03;1711.012
ekstensometer (ny);22.11.2020 06:00:02;1711.012
ekstensometer (ny);22.11.2020 07:00:02;1711.012
ekstensometer (ny);22.11.2020 08:00:05;1711.012
ekstensometer (ny);22.11.2020 09:00:03;1711.012
ekstensometer (ny);22.11.2020 10:00:03;1711.012
ekstensometer (ny);22.11.2020 11:00:03;1711.012
ekstensometer (ny);22.11.2020 12:00:05;1711.012
ekstensometer (ny);22.11.2020 13:00:03;1711.012
ekstensometer (ny);22.11.2020 14:00:03;1711.012
ekstensometer (ny);22.11.2020 15:00:02;1711.012
ekstensometer (ny);22.11.2020 16:00:25;1711.012
ekstensometer (ny);22.11.2020 17:00:03;1711.012
ekstensometer (ny);22.11.2020 18:00:03;1711.125
ekstensometer (ny);22.11.2020 19:00:03;1711.125
ekstensometer (ny);22.11.2020 20:00:05;1711.125
ekstensometer (ny);22.11.2020 21:00:02;1711.125
ekstensometer (ny);22.11.2020 22:00:02;1711.012
ekstensometer (ny);22.11.2020 23:00:03;1711.125
ekstensometer (ny);23.11.2020 00:00:25;1711.125
ekstensometer (ny);23.11.2020 01:00:03;1711.125
ekstensometer (ny);23.11.2020 02:00:03;1711.125
ekstensometer (ny);23.11.2020 03:00:03;1711.125
ekstensometer (ny);23.11.2020 04:00:05;1711.125
ekstensometer (ny);23.11.2020 05:00:02;1711.125
ekstensometer (ny);23.11.2020 06:00:03;1711.125
ekstensometer (ny);23.11.2020 07:00:03;1711.125
ekstensometer (ny);23.11.2020 08:00:25;1711.125
ekstensometer (ny);23.11.2020 09:00:03;1711.125
ekstensometer (ny);23.11.2020 10:00:03;1711.125
ekstensometer (ny);23.11.2020 11:00:03;1711.012
ekstensometer (ny);23.11.2020 12:00:05;1711.012
ekstensometer (ny);23.11.2020 13:00:02;1711.012
ekstensometer (ny);23.11.2020 14:00:03;1711.125
ekstensometer (ny);23.11.2020 15:00:03;1711.125
ekstensometer (ny);23.11.2020 16:00:26;1711.012
ekstensometer (ny);23.11.2020 17:00:03;1711.012
ekstensometer (ny);23.11.2020 18:00:02;1710.900
ekstensometer (ny);23.11.2020 18:10:50;1710.900
ekstensometer (ny);23.11.2020 18:12:48;1710.900
ekstensometer (ny);23.11.2020 19:00:04;1711.012
ekstensometer (ny);23.11.2020 20:00:07;1711.012
ekstensometer (ny);23.11.2020 21:00:05;1711.012
ekstensometer (ny);23.11.2020 22:00:05;1711.012
ekstensometer (ny);23.11.2020 23:00:05;1711.012
ekstensometer (ny);24.11.2020 00:00:06;1711.012
ekstensometer (ny);24.11.2020 01:00:05;1711.012
ekstensometer (ny);24.11.2020 02:00:05;1711.012
ekstensometer (ny);24.11.2020 03:00:05;1711.012
ekstensometer (ny);24.11.2020 04:00:06;1711.012
ekstensometer (ny);24.11.2020 05:00:04;1711.012
ekstensometer (ny);24.11.2020 06:00:05;1711.125
ekstensometer (ny);24.11.2020 07:00:05;1711.012
ekstensometer (ny);24.11.2020 08:00:27;1711.012
ekstensometer (ny);24.11.2020 09:00:04;1710.900
ekstensometer (ny);24.11.2020 10:00:04;1710.900
ekstensometer (ny);24.11.2020 11:00:04;1710.900
ekstensometer (ny);24.11.2020 12:00:07;1710.900
ekstensometer (ny);24.11.2020 13:00:05;1710.225
ekstensometer (ny);24.11.2020 14:00:05;1710.338
ekstensometer (ny);24.11.2020 15:00:04;1709.662
ekstensometer (ny);24.11.2020 16:00:07;1709.662
ekstensometer (ny);24.11.2020 17:00:05;1709.100
ekstensometer (ny);24.11.2020 18:00:05;1708.537
ekstensometer (ny);24.11.2020 19:00:04;1707.412
ekstensometer (ny);24.11.2020 20:00:07;1706.963
ekstensometer (ny);24.11.2020 21:00:05;1704.713
ekstensometer (ny);24.11.2020 22:00:05;1700.775
ekstensometer (ny);24.11.2020 23:00:05;1696.275
ekstensometer (ny);25.11.2020 00:00:07;1544.287
ekstensometer (ny);25.11.2020 01:00:05;1248.300
ekstensometer (ny);25.11.2020 02:00:05;961.200
ekstensometer (ny);25.11.2020 03:00:05;511.538
ekstensometer (ny);25.11.2020 04:00:06;456.975
ekstensometer (ny);25.11.2020 05:00:04;6.863
ekstensometer (ny);25.11.2020 06:00:05;6.863
ekstensometer (ny);25.11.2020 07:00:05;6.863
ekstensometer (ny);25.11.2020 08:00:07;7.425
ekstensometer (ny);25.11.2020 09:00:04;6.863
ekstensometer (ny);25.11.2020 10:00:05;7.537
ekstensometer (ny);25.11.2020 11:00:05;7.537
ekstensometer (ny);25.11.2020 12:00:07;7.537
ekstensometer (ny);25.11.2020 13:00:04;7.537
ekstensometer (ny);25.11.2020 14:00:05;7.537
ekstensometer (ny);25.11.2020 15:00:05;7.537
ekstensometer (ny);25.11.2020 16:00:27;7.537
ekstensometer (ny);25.11.2020 17:00:05;7.537
ekstensometer (ny);25.11.2020 18:00:04;7.537
ekstensometer (ny);25.11.2020 19:00:05;7.537
ekstensometer (ny);25.11.2020 20:00:07;8.100
ekstensometer (ny);25.11.2020 21:00:05;8.100
ekstensometer (ny);25.11.2020 22:00:04;8.100
ekstensometer (ny);25.11.2020 23:00:05;8.100
ekstensometer (ny);26.11.2020 00:00:07;8.100
ekstensometer (ny);26.11.2020 01:00:05;8.100
ekstensometer (ny);26.11.2020 02:00:05;8.100
ekstensometer (ny);26.11.2020 03:00:04;8.663
ekstensometer (ny);26.11.2020 04:00:07;8.663
ekstensometer (ny);26.11.2020 05:00:05;8.663
ekstensometer (ny);26.11.2020 06:00:05;8.663
ekstensometer (ny);26.11.2020 07:00:04;8.663
ekstensometer (ny);26.11.2020 08:00:07;8.663
ekstensometer (ny);26.11.2020 09:00:05;8.663
ekstensometer (ny);26.11.2020 10:00:05;8.663
ekstensometer (ny);26.11.2020 11:00:05;8.663
ekstensometer (ny);26.11.2020 12:00:39;8.663
ekstensometer (ny);26.11.2020 13:00:04;8.663
ekstensometer (ny);26.11.2020 14:00:04;9.000
ekstensometer (ny);26.11.2020 15:00:05;9.225
ekstensometer (ny);26.11.2020 16:00:07;9.225
ekstensometer (ny);26.11.2020 17:00:05;9.225
ekstensometer (ny);26.11.2020 18:00:05;9.225
ekstensometer (ny);26.11.2020 19:00:05;9.225
ekstensometer (ny);26.11.2020 20:00:26;9.225
ekstensometer (ny);26.11.2020 21:00:05;9.788
ekstensometer (ny);26.11.2020 22:00:05;9.900
ekstensometer (ny);26.11.2020 23:00:05;10.350
ekstensometer (ny);27.11.2020 00:00:07;10.125
ekstensometer (ny);27.11.2020 01:00:05;10.012
ekstensometer (ny);27.11.2020 02:00:04;10.350
ekstensometer (ny);27.11.2020 03:00:05;10.125
ekstensometer (ny);27.11.2020 04:00:07;9.788
ekstensometer (ny);27.11.2020 05:00:05;9.788
ekstensometer (ny);27.11.2020 06:00:05;9.788
ekstensometer (ny);27.11.2020 07:00:05;9.788
ekstensometer (ny);27.11.2020 08:00:07;9.788
ekstensometer (ny);27.11.2020 09:00:04;9.788
ekstensometer (ny);27.11.2020 10:00:05;9.788
ekstensometer (ny);27.11.2020 11:00:05;9.788
ekstensometer (ny);27.11.2020 12:00:07;10.350
ekstensometer (ny);27.11.2020 13:00:05;10.350
ekstensometer (ny);27.11.2020 14:00:05;10.350
ekstensometer (ny);27.11.2020 15:00:04;10.350
ekstensometer (ny);27.11.2020 16:00:27;10.350
ekstensometer (ny);27.11.2020 17:00:05;10.350
ekstensometer (ny);27.11.2020 18:00:05;10.350
ekstensometer (ny);27.11.2020 19:00:05;10.350
ekstensometer (ny);27.11.2020 20:00:07;10.350
ekstensometer (ny);27.11.2020 21:00:05;10.350
ekstensometer (ny);27.11.2020 22:00:04;10.350
ekstensometer (ny);27.11.2020 23:00:05;10.350
ekstensometer (ny);28.11.2020 00:00:07;10.350
ekstensometer (ny);28.11.2020 01:00:05;10.350
ekstensometer (ny);28.11.2020 02:00:05;10.350
ekstensometer (ny);28.11.2020 03:00:05;10.350
ekstensometer (ny);28.11.2020 04:00:07;10.350
ekstensometer (ny);28.11.2020 05:00:05;10.350
ekstensometer (ny);28.11.2020 06:00:04;11.475
ekstensometer (ny);28.11.2020 07:00:05;11.475
ekstensometer (ny);28.11.2020 08:00:07;11.475
ekstensometer (ny);28.11.2020 09:00:05;12.038
ekstensometer (ny);28.11.2020 10:00:05;11.587
ekstensometer (ny);28.11.2020 11:00:05;12.038
ekstensometer (ny);28.11.2020 12:00:07;12.038
ekstensometer (ny);28.11.2020 13:00:04;11.925
ekstensometer (ny);28.11.2020 14:00:05;11.925
ekstensometer (ny);28.11.2020 15:00:05;11.925
ekstensometer (ny);28.11.2020 16:00:27;11.925
ekstensometer (ny);28.11.2020 17:00:05;11.925
ekstensometer (ny);28.11.2020 18:00:04;11.925
ekstensometer (ny);28.11.2020 19:00:05;11.925
ekstensometer (ny);28.11.2020 20:00:07;11.925
ekstensometer (ny);28.11.2020 21:00:05;11.925
ekstensometer (ny);28.11.2020 22:00:05;11.925
ekstensometer (ny);28.11.2020 23:00:05;11.925
ekstensometer (ny);29.11.2020 00:00:07;11.925
ekstensometer (ny);29.11.2020 01:00:05;11.925
ekstensometer (ny);29.11.2020 02:00:04;11.925
ekstensometer (ny);29.11.2020 03:00:05;11.925
ekstensometer (ny);29.11.2020 04:00:07;11.925
ekstensometer (ny);29.11.2020 05:00:05;12.488
ekstensometer (ny);29.11.2020 06:00:05;12.488
ekstensometer (ny);29.11.2020 07:00:05;12.488
ekstensometer (ny);29.11.2020 08:00:27;12.375
ekstensometer (ny);29.11.2020 09:00:04;12.488
ekstensometer (ny);29.11.2020 10:00:05;12.488
ekstensometer (ny);29.11.2020 11:00:05;12.488
ekstensometer (ny);29.11.2020 12:00:07;12.488
ekstensometer (ny);29.11.2020 13:00:05;12.488
ekstensometer (ny);29.11.2020 14:00:05;12.488
ekstensometer (ny);29.11.2020 15:00:04;12.488
ekstensometer (ny);29.11.2020 16:00:07;12.488
ekstensometer (ny);29.11.2020 17:00:05;12.938
ekstensometer (ny);29.11.2020 18:00:05;12.938
ekstensometer (ny);29.11.2020 19:00:05;12.938
ekstensometer (ny);29.11.2020 20:00:07;12.938
ekstensometer (ny);29.11.2020 21:00:05;12.938
ekstensometer (ny);29.11.2020 22:00:04;12.938
ekstensometer (ny);29.11.2020 23:00:05;12.938
ekstensometer (ny);30.11.2020 00:00:27;12.938
ekstensometer (ny);30.11.2020 01:00:05;12.938
ekstensometer (ny);30.11.2020 02:00:05;12.938
ekstensometer (ny);30.11.2020 03:00:05;12.938
ekstensometer (ny);30.11.2020 04:00:06;12.938
ekstensometer (ny);30.11.2020 05:00:04;13.500
ekstensometer (ny);30.11.2020 06:00:05;13.500
ekstensometer (ny);30.11.2020 07:00:05;13.500
ekstensometer (ny);30.11.2020 08:00:27;13.500
ekstensometer (ny);30.11.2020 09:00:05;13.500
ekstensometer (ny);30.11.2020 10:00:05;13.500
ekstensometer (ny);30.11.2020 11:00:04;13.500
ekstensometer (ny);30.11.2020 12:00:07;13.500
ekstensometer (ny);30.11.2020 13:00:05;13.500
ekstensometer (ny);30.11.2020 14:00:05;13.500
ekstensometer (ny);30.11.2020 15:00:05;13.613
ekstensometer (ny);30.11.2020 16:00:27;13.500
ekstensometer (ny);30.11.2020 17:00:04;13.613
ekstensometer (ny);30.11.2020 18:00:05;13.613
ekstensometer (ny);30.11.2020 19:00:05;13.613
ekstensometer (ny);30.11.2020 20:00:07;13.613
ekstensometer (ny);30.11.2020 21:00:05;13.613
ekstensometer (ny);30.11.2020 22:00:05;13.837
ekstensometer (ny);30.11.2020 23:00:05;14.175
ekstensometer (ny);01.12.2020 00:00:07;14.175
ekstensometer (ny);01.12.2020 01:00:05;14.175
ekstensometer (ny);01.12.2020 02:00:05;14.175
ekstensometer (ny);01.12.2020 03:00:04;14.850
ekstensometer (ny);01.12.2020 04:00:07;14.850
ekstensometer (ny);01.12.2020 05:00:05;14.850
ekstensometer (ny);01.12.2020 06:00:05;14.850
ekstensometer (ny);01.12.2020 07:00:05;14.850
ekstensometer (ny);01.12.2020 08:00:07;14.850
ekstensometer (ny);01.12.2020 09:00:04;14.850
ekstensometer (ny);01.12.2020 10:00:04;14.850
ekstensometer (ny);01.12.2020 11:00:05;14.850
ekstensometer (ny);01.12.2020 12:00:07;14.850
ekstensometer (ny);01.12.2020 13:00:05;14.850
ekstensometer (ny);01.12.2020 14:00:05;14.850
ekstensometer (ny);01.12.2020 15:00:05;14.850
ekstensometer (ny);01.12.2020 16:00:06;14.850
ekstensometer (ny);01.12.2020 17:00:04;14.850
ekstensometer (ny);01.12.2020 18:00:05;14.850
ekstensometer (ny);01.12.2020 19:00:05;14.850
ekstensometer (ny);01.12.2020 20:00:07;14.850
ekstensometer (ny);01.12.2020 21:00:05;14.850
ekstensometer (ny);01.12.2020 22:00:06;14.850
ekstensometer (ny);01.12.2020 23:00:04;14.850
ekstensometer (ny);02.12.2020 00:00:39;14.850
ekstensometer (ny);02.12.2020 01:00:04;15.975
ekstensometer (ny);02.12.2020 02:00:05;15.975
ekstensometer (ny);02.12.2020 03:00:05;15.975
ekstensometer (ny);02.12.2020 04:00:07;15.975
ekstensometer (ny);02.12.2020 05:00:05;15.975
ekstensometer (ny);02.12.2020 06:00:06;15.975
ekstensometer (ny);02.12.2020 07:00:04;16.087
ekstensometer (ny);02.12.2020 08:00:07;15.975
ekstensometer (ny);02.12.2020 09:00:05;15.975
ekstensometer (ny);02.12.2020 10:00:05;15.975
ekstensometer (ny);02.12.2020 11:00:05;15.975
ekstensometer (ny);02.12.2020 12:00:07;15.975
ekstensometer (ny);02.12.2020 13:00:04;15.975
ekstensometer (ny);02.12.2020 14:00:05;15.975
ekstensometer (ny);02.12.2020 15:00:05;15.975
ekstensometer (ny);02.12.2020 16:00:07;15.975
ekstensometer (ny);02.12.2020 17:00:05;15.975
ekstensometer (ny);02.12.2020 18:00:05;16.087
ekstensometer (ny);02.12.2020 19:00:05;15.975
ekstensometer (ny);02.12.2020 20:00:07;15.975
ekstensometer (ny);02.12.2020 21:00:04;15.975
ekstensometer (ny);02.12.2020 22:00:05;15.975
ekstensometer (ny);02.12.2020 23:00:05;15.975
ekstensometer (ny);03.12.2020 00:00:07;15.975
ekstensometer (ny);03.12.2020 01:00:05;16.087
ekstensometer (ny);03.12.2020 02:00:05;16.087
ekstensometer (ny);03.12.2020 03:00:05;15.975
ekstensometer (ny);03.12.2020 04:00:06;16.312
ekstensometer (ny);03.12.2020 05:00:04;16.087
ekstensometer (ny);03.12.2020 06:00:05;15.975
ekstensometer (ny);03.12.2020 07:00:05;16.650
ekstensometer (ny);03.12.2020 08:00:07;16.650
ekstensometer (ny);03.12.2020 09:00:05;16.650
ekstensometer (ny);03.12.2020 10:00:05;16.650
ekstensometer (ny);03.12.2020 11:00:05;16.650
ekstensometer (ny);03.12.2020 12:00:07;17.775
ekstensometer (ny);03.12.2020 13:00:05;17.775
ekstensometer (ny);03.12.2020 14:00:06;17.775
ekstensometer (ny);03.12.2020 15:00:04;17.775
ekstensometer (ny);03.12.2020 16:00:07;17.775
ekstensometer (ny);03.12.2020 17:00:05;17.775
ekstensometer (ny);03.12.2020 18:00:04;17.775
ekstensometer (ny);03.12.2020 19:00:04;17.775
ekstensometer (ny);03.12.2020 20:00:07;17.775
ekstensometer (ny);03.12.2020 21:00:05;17.775
ekstensometer (ny);03.12.2020 22:00:05;17.775
ekstensometer (ny);03.12.2020 23:00:05;17.888
ekstensometer (ny);04.12.2020 00:00:07;17.888
ekstensometer (ny);04.12.2020 01:00:04;17.775
ekstensometer (ny);04.12.2020 02:00:04;17.775
ekstensometer (ny);04.12.2020 03:00:05;17.888
ekstensometer (ny);04.12.2020 04:00:07;17.888
ekstensometer (ny);04.12.2020 05:00:05;17.888
ekstensometer (ny);04.12.2020 06:00:05;17.888
ekstensometer (ny);04.12.2020 07:00:04;17.888
ekstensometer (ny);04.12.2020 08:00:25;17.888
ekstensometer (ny);04.12.2020 09:00:04;17.888
ekstensometer (ny);04.12.2020 10:00:05;17.888
ekstensometer (ny);04.12.2020 11:00:05;17.888
ekstensometer (ny);04.12.2020 12:00:07;17.888
ekstensometer (ny);04.12.2020 13:00:05;17.888
ekstensometer (ny);04.12.2020 14:00:04;17.888
ekstensometer (ny);04.12.2020 15:00:05;17.888
ekstensometer (ny);04.12.2020 16:00:07;17.888
ekstensometer (ny);04.12.2020 17:00:05;17.888
ekstensometer (ny);04.12.2020 18:00:05;17.888
ekstensometer (ny);04.12.2020 19:00:05;18.450
ekstensometer (ny);04.12.2020 20:00:07;18.562
ekstensometer (ny);04.12.2020 21:00:05;18.562
ekstensometer (ny);04.12.2020 22:00:04;18.450
ekstensometer (ny);04.12.2020 23:00:04;18.562
ekstensometer (ny);05.12.2020 00:00:07;18.562
ekstensometer (ny);05.12.2020 01:00:05;18.562
ekstensometer (ny);05.12.2020 02:00:05;18.450
ekstensometer (ny);05.12.2020 03:00:05;18.562
ekstensometer (ny);05.12.2020 04:00:07;18.562
ekstensometer (ny);05.12.2020 05:00:04;19.013
ekstensometer (ny);05.12.2020 06:00:05;19.013
ekstensometer (ny);05.12.2020 07:00:05;19.125
ekstensometer (ny);05.12.2020 08:00:07;19.013
ekstensometer (ny);05.12.2020 09:00:05;19.013
ekstensometer (ny);05.12.2020 10:00:04;19.013
ekstensometer (ny);05.12.2020 11:00:05;19.013
ekstensometer (ny);05.12.2020 12:00:07;19.013
ekstensometer (ny);05.12.2020 13:00:05;19.013
ekstensometer (ny);05.12.2020 14:00:05;19.013
ekstensometer (ny);05.12.2020 15:00:05;19.013
ekstensometer (ny);05.12.2020 16:00:07;19.013
ekstensometer (ny);05.12.2020 17:00:04;19.013
ekstensometer (ny);05.12.2020 18:00:04;19.125
ekstensometer (ny);05.12.2020 19:00:04;19.125
ekstensometer (ny);05.12.2020 20:00:07;19.013
ekstensometer (ny);05.12.2020 21:00:05;19.013
ekstensometer (ny);05.12.2020 22:00:05;19.575
ekstensometer (ny);05.12.2020 23:00:05;19.575
ekstensometer (ny);06.12.2020 00:00:07;19.462
ekstensometer (ny);06.12.2020 01:00:04;19.575
ekstensometer (ny);06.12.2020 02:00:04;19.575
ekstensometer (ny);06.12.2020 03:00:05;19.575
ekstensometer (ny);06.12.2020 04:00:07;19.575
ekstensometer (ny);06.12.2020 05:00:05;19.575
ekstensometer (ny);06.12.2020 06:00:05;19.575
ekstensometer (ny);06.12.2020 07:00:04;19.575
ekstensometer (ny);06.12.2020 08:00:07;19.575
ekstensometer (ny);06.12.2020 09:00:05;19.575
ekstensometer (ny);06.12.2020 10:00:05;19.575
ekstensometer (ny);06.12.2020 11:00:05;19.575
ekstensometer (ny);06.12.2020 12:00:07;19.575
ekstensometer (ny);06.12.2020 13:00:05;19.575
ekstensometer (ny);06.12.2020 14:00:04;19.575
ekstensometer (ny);06.12.2020 15:00:05;19.575
ekstensometer (ny);06.12.2020 16:00:27;19.575
ekstensometer (ny);06.12.2020 17:00:05;19.575
ekstensometer (ny);06.12.2020 18:00:05;19.575
ekstensometer (ny);06.12.2020 19:00:05;19.575
ekstensometer (ny);06.12.2020 20:00:28;19.575
ekstensometer (ny);06.12.2020 21:00:05;19.575
ekstensometer (ny);06.12.2020 22:00:04;19.575
ekstensometer (ny);06.12.2020 23:00:04;19.575
ekstensometer (ny);07.12.2020 00:00:07;19.575
ekstensometer (ny);07.12.2020 01:00:05;19.575
ekstensometer (ny);07.12.2020 02:00:05;19.575
ekstensometer (ny);07.12.2020 03:00:05;19.575
ekstensometer (ny);07.12.2020 04:00:07;19.575
ekstensometer (ny);07.12.2020 05:00:04;19.575
ekstensometer (ny);07.12.2020 06:00:05;19.575
ekstensometer (ny);07.12.2020 07:00:05;19.575
ekstensometer (ny);07.12.2020 08:00:07;19.575
ekstensometer (ny);07.12.2020 09:00:05;19.575
ekstensometer (ny);07.12.2020 10:00:06;287.100
ekstensometer (ny);07.12.2020 11:00:04;170.663
ekstensometer (ny);07.12.2020 12:00:07;203.962
ekstensometer (ny);07.12.2020 13:00:05;290.812
ekstensometer (ny);07.12.2020 14:00:05;307.350
ekstensometer (ny);07.12.2020 15:00:05;397.913
ekstensometer (ny);07.12.2020 16:00:07;483.300
ekstensometer (ny);07.12.2020 17:00:04;468.225
ekstensometer (ny);07.12.2020 18:00:05;347.400
ekstensometer (ny);07.12.2020 19:00:04;309.938
ekstensometer (ny);07.12.2020 20:00:07;194.738
ekstensometer (ny);07.12.2020 21:00:05;315.900
ekstensometer (ny);07.12.2020 22:00:05;79.312
ekstensometer (ny);07.12.2020 23:00:05;86.512
ekstensometer (ny);08.12.2020 00:00:07;98.325
ekstensometer (ny);08.12.2020 01:00:04;161.663
ekstensometer (ny);08.12.2020 02:00:04;111.938
ekstensometer (ny);08.12.2020 03:00:05;20.700
ekstensometer (ny);08.12.2020 04:00:07;189.225
ekstensometer (ny);08.12.2020 05:00:05;184.500
ekstensometer (ny);08.12.2020 06:00:05;193.163
ekstensometer (ny);08.12.2020 07:00:05;169.200
ekstensometer (ny);08.12.2020 08:00:07;384.075
ekstensometer (ny);08.12.2020 09:00:04;95.625
ekstensometer (ny);08.12.2020 10:00:05;50.400
ekstensometer (ny);08.12.2020 11:00:05;34.875
ekstensometer (ny);08.12.2020 12:00:27;220.163
ekstensometer (ny);08.12.2020 13:00:05;28.913
ekstensometer (ny);08.12.2020 14:00:04;24.413
ekstensometer (ny);08.12.2020 15:00:05;22.275
ekstensometer (ny);08.12.2020 16:00:07;58.838
ekstensometer (ny);08.12.2020 17:00:05;22.725
ekstensometer (ny);08.12.2020 18:00:05;21.038
ekstensometer (ny);08.12.2020 19:00:05;21.487
ekstensometer (ny);08.12.2020 20:00:07;21.600
ekstensometer (ny);08.12.2020 21:00:05;23.737
ekstensometer (ny);08.12.2020 22:00:04;25.200
ekstensometer (ny);08.12.2020 23:00:04;21.038
ekstensometer (ny);09.12.2020 00:00:07;21.263
ekstensometer (ny);09.12.2020 01:00:05;20.925
ekstensometer (ny);09.12.2020 02:00:05;21.038
ekstensometer (ny);09.12.2020 03:00:05;20.812
ekstensometer (ny);09.12.2020 04:00:07;20.700
ekstensometer (ny);09.12.2020 05:00:04;20.700
ekstensometer (ny);09.12.2020 06:00:04;20.700
ekstensometer (ny);09.12.2020 07:00:05;20.700
ekstensometer (ny);09.12.2020 08:00:07;20.700
ekstensometer (ny);09.12.2020 09:00:05;20.700
ekstensometer (ny);09.12.2020 10:00:05;20.700
ekstensometer (ny);09.12.2020 11:00:05;20.700
ekstensometer (ny);09.12.2020 12:00:07;20.700
ekstensometer (ny);09.12.2020 13:00:04;21.375
ekstensometer (ny);09.12.2020 14:00:05;21.375
ekstensometer (ny);09.12.2020 15:00:05;21.375
ekstensometer (ny);09.12.2020 16:00:07;21.375
ekstensometer (ny);09.12.2020 17:00:05;21.375
ekstensometer (ny);09.12.2020 18:00:05;21.375
ekstensometer (ny);09.12.2020 19:00:05;21.375
ekstensometer (ny);09.12.2020 20:00:27;21.375
ekstensometer (ny);09.12.2020 21:00:04;21.375
ekstensometer (ny);09.12.2020 22:00:05;21.375
ekstensometer (ny);09.12.2020 23:00:05;21.375
ekstensometer (ny);10.12.2020 00:00:07;21.375
ekstensometer (ny);10.12.2020 01:00:05;21.375
ekstensometer (ny);10.12.2020 02:00:05;21.375
ekstensometer (ny);10.12.2020 03:00:04;21.375
ekstensometer (ny);10.12.2020 04:00:27;21.375
ekstensometer (ny);10.12.2020 05:00:05;21.375
ekstensometer (ny);10.12.2020 06:00:05;21.375
ekstensometer (ny);10.12.2020 07:00:05;21.263
ekstensometer (ny);10.12.2020 08:00:07;21.375
ekstensometer (ny);10.12.2020 09:00:04;21.375
ekstensometer (ny);10.12.2020 10:00:04;21.375
ekstensometer (ny);10.12.2020 11:00:05;21.263
ekstensometer (ny);10.12.2020 12:00:07;21.375
ekstensometer (ny);10.12.2020 13:00:05;21.375
ekstensometer (ny);10.12.2020 14:00:05;21.263
ekstensometer (ny);10.12.2020 15:00:05;21.375
ekstensometer (ny);10.12.2020 16:00:07;21.375
ekstensometer (ny);10.12.2020 17:00:04;21.375
ekstensometer (ny);10.12.2020 18:00:04;21.375
ekstensometer (ny);10.12.2020 19:00:04;21.375
ekstensometer (ny);10.12.2020 20:00:07;21.375
ekstensometer (ny);10.12.2020 21:00:05;21.375
ekstensometer (ny);10.12.2020 22:00:05;21.375
ekstensometer (ny);10.12.2020 23:00:05;21.375
ekstensometer (ny);11.12.2020 00:00:06;21.375
ekstensometer (ny);11.12.2020 01:00:04;21.938
ekstensometer (ny);11.12.2020 02:00:04;21.938
ekstensometer (ny);11.12.2020 03:00:05;21.938
ekstensometer (ny);11.12.2020 04:00:07;21.938
ekstensometer (ny);11.12.2020 05:00:05;22.500
ekstensometer (ny);11.12.2020 06:00:05;22.500
ekstensometer (ny);11.12.2020 07:00:04;22.500
ekstensometer (ny);11.12.2020 08:00:07;22.500
ekstensometer (ny);11.12.2020 09:00:05;22.500
ekstensometer (ny);11.12.2020 10:00:05;22.500
ekstensometer (ny);11.12.2020 11:00:05;22.500
ekstensometer (ny);11.12.2020 12:00:07;22.500
ekstensometer (ny);11.12.2020 13:00:04;22.500
ekstensometer (ny);11.12.2020 14:00:05;22.500
ekstensometer (ny);11.12.2020 15:00:05;22.500
ekstensometer (ny);11.12.2020 16:00:07;22.500
ekstensometer (ny);11.12.2020 17:00:05;22.500
ekstensometer (ny);11.12.2020 18:00:05;22.500
ekstensometer (ny);11.12.2020 19:00:05;22.500
ekstensometer (ny);11.12.2020 20:00:39;22.500
ekstensometer (ny);11.12.2020 21:00:04;22.500
ekstensometer (ny);11.12.2020 22:00:04;22.500
ekstensometer (ny);11.12.2020 23:00:05;22.500
ekstensometer (ny);12.12.2020 00:00:07;22.500
ekstensometer (ny);12.12.2020 01:00:05;22.500
ekstensometer (ny);12.12.2020 02:00:05;22.500
ekstensometer (ny);12.12.2020 03:00:06;22.500
ekstensometer (ny);12.12.2020 04:00:07;22.500
ekstensometer (ny);12.12.2020 05:00:04;22.500
ekstensometer (ny);12.12.2020 06:00:05;22.500
ekstensometer (ny);12.12.2020 07:00:05;22.500
ekstensometer (ny);12.12.2020 08:00:08;22.500
ekstensometer (ny);12.12.2020 09:00:05;22.500
ekstensometer (ny);12.12.2020 10:00:04;22.500
ekstensometer (ny);12.12.2020 11:00:05;22.500
ekstensometer (ny);12.12.2020 12:00:26;22.500
ekstensometer (ny);12.12.2020 13:00:05;22.500
ekstensometer (ny);12.12.2020 14:00:05;22.500
ekstensometer (ny);12.12.2020 15:00:05;22.500
ekstensometer (ny);12.12.2020 16:00:06;22.500
ekstensometer (ny);12.12.2020 17:00:04;22.500
ekstensometer (ny);12.12.2020 18:00:04;22.500
ekstensometer (ny);12.12.2020 19:00:04;22.500
ekstensometer (ny);12.12.2020 20:00:07;22.500
ekstensometer (ny);12.12.2020 21:00:05;22.500
ekstensometer (ny);12.12.2020 22:00:05;22.500
ekstensometer (ny);12.12.2020 23:00:05;22.500
ekstensometer (ny);13.12.2020 00:00:08;22.500
ekstensometer (ny);13.12.2020 01:00:04;22.500
ekstensometer (ny);13.12.2020 02:00:05;22.500
ekstensometer (ny);13.12.2020 03:00:05;22.500
ekstensometer (ny);13.12.2020 04:00:07;22.500
ekstensometer (ny);13.12.2020 05:00:05;22.500
ekstensometer (ny);13.12.2020 06:00:05;22.500
ekstensometer (ny);13.12.2020 07:00:04;22.500
ekstensometer (ny);13.12.2020 08:00:07;22.500
ekstensometer (ny);13.12.2020 09:00:05;22.500
ekstensometer (ny);13.12.2020 10:00:05;22.500
ekstensometer (ny);13.12.2020 11:00:05;22.500
ekstensometer (ny);13.12.2020 12:00:27;22.500
ekstensometer (ny);13.12.2020 13:00:04;22.500
ekstensometer (ny);13.12.2020 14:00:05;22.500
ekstensometer (ny);13.12.2020 15:00:05;22.500
ekstensometer (ny);13.12.2020 16:00:07;22.500
ekstensometer (ny);13.12.2020 17:00:05;22.500
ekstensometer (ny);13.12.2020 18:00:05;22.500
ekstensometer (ny);13.12.2020 19:00:05;22.500
ekstensometer (ny);13.12.2020 20:00:07;22.500
ekstensometer (ny);13.12.2020 21:00:04;22.500
ekstensometer (ny);13.12.2020 22:00:04;22.500
ekstensometer (ny);13.12.2020 23:00:05;22.500
ekstensometer (ny);14.12.2020 00:00:07;23.062
ekstensometer (ny);14.12.2020 01:00:05;23.062
ekstensometer (ny);14.12.2020 02:00:05;23.062
ekstensometer (ny);14.12.2020 03:00:04;23.062
ekstensometer (ny);14.12.2020 04:00:07;23.062
ekstensometer (ny);14.12.2020 05:00:05;23.062
ekstensometer (ny);14.12.2020 06:00:05;23.062
ekstensometer (ny);14.12.2020 07:00:05;23.062
ekstensometer (ny);14.12.2020 08:00:07;23.062
ekstensometer (ny);14.12.2020 09:00:05;23.062
ekstensometer (ny);14.12.2020 10:00:04;23.062
ekstensometer (ny);14.12.2020 11:00:05;23.062
ekstensometer (ny);14.12.2020 12:00:07;23.062
ekstensometer (ny);14.12.2020 13:00:05;23.062
ekstensometer (ny);14.12.2020 14:00:05;23.062
ekstensometer (ny);14.12.2020 15:00:05;23.062
ekstensometer (ny);14.12.2020 16:00:06;23.062
ekstensometer (ny);14.12.2020 17:00:04;23.625
ekstensometer (ny);14.12.2020 18:00:05;23.625
ekstensometer (ny);14.12.2020 19:00:05;23.625
ekstensometer (ny);14.12.2020 20:00:27;23.962
ekstensometer (ny);14.12.2020 21:00:05;24.075
ekstensometer (ny);14.12.2020 22:00:04;88.650
ekstensometer (ny);14.12.2020 23:00:05;48.375
ekstensometer (ny);15.12.2020 00:00:28;23.625
ekstensometer (ny);15.12.2020 01:00:05;24.188
ekstensometer (ny);15.12.2020 02:00:05;23.625
ekstensometer (ny);15.12.2020 03:00:05;23.625
ekstensometer (ny);15.12.2020 04:00:07;23.625
ekstensometer (ny);15.12.2020 05:00:04;23.962
ekstensometer (ny);15.12.2020 06:00:05;131.512
ekstensometer (ny);15.12.2020 07:00:05;83.700
ekstensometer (ny);15.12.2020 08:00:07;38.362
ekstensometer (ny);15.12.2020 09:00:05;23.625
ekstensometer (ny);15.12.2020 10:00:05;23.625
ekstensometer (ny);15.12.2020 11:00:04;23.625
ekstensometer (ny);15.12.2020 12:00:07;23.625
ekstensometer (ny);15.12.2020 13:00:04;42.412
ekstensometer (ny);15.12.2020 14:00:05;58.838
ekstensometer (ny);15.12.2020 15:00:05;201.938
ekstensometer (ny);15.12.2020 16:00:07;48.600
ekstensometer (ny);15.12.2020 17:00:05;30.712
ekstensometer (ny);15.12.2020 18:00:05;43.875
ekstensometer (ny);15.12.2020 19:00:05;43.425
ekstensometer (ny);15.12.2020 20:00:40;23.625
ekstensometer (ny);15.12.2020 21:00:04;23.625
ekstensometer (ny);15.12.2020 22:00:04;23.625
ekstensometer (ny);15.12.2020 23:00:05;23.625
ekstensometer (ny);16.12.2020 00:00:07;23.625
ekstensometer (ny);16.12.2020 01:00:05;23.625
ekstensometer (ny);16.12.2020 02:00:05;23.625
ekstensometer (ny);16.12.2020 03:00:05;23.625
ekstensometer (ny);16.12.2020 04:00:07;23.625
ekstensometer (ny);16.12.2020 05:00:04;23.625
ekstensometer (ny);16.12.2020 06:00:05;23.625
ekstensometer (ny);16.12.2020 07:00:05;23.625
ekstensometer (ny);16.12.2020 08:00:07;23.625
ekstensometer (ny);16.12.2020 09:00:05;23.625
ekstensometer (ny);16.12.2020 10:00:06;23.625
ekstensometer (ny);16.12.2020 11:00:04;23.625
ekstensometer (ny);16.12.2020 12:00:07;23.625
ekstensometer (ny);16.12.2020 13:00:05;23.625
ekstensometer (ny);16.12.2020 14:00:05;23.625
ekstensometer (ny);16.12.2020 15:00:05;23.625
ekstensometer (ny);16.12.2020 16:00:07;23.625
ekstensometer (ny);16.12.2020 17:00:04;23.625
ekstensometer (ny);16.12.2020 18:00:05;23.625
ekstensometer (ny);16.12.2020 19:00:04;23.625
ekstensometer (ny);16.12.2020 20:00:07;23.625
ekstensometer (ny);16.12.2020 21:00:05;23.625
ekstensometer (ny);16.12.2020 22:00:05;23.625
ekstensometer (ny);16.12.2020 23:00:05;23.625
ekstensometer (ny);17.12.2020 00:00:07;23.625
ekstensometer (ny);17.12.2020 01:00:04;23.625
ekstensometer (ny);17.12.2020 02:00:04;23.625
ekstensometer (ny);17.12.2020 03:00:05;23.625
ekstensometer (ny);17.12.2020 04:00:07;23.625
ekstensometer (ny);17.12.2020 05:00:05;23.625
ekstensometer (ny);17.12.2020 06:00:05;23.625
ekstensometer (ny);17.12.2020 07:00:05;23.625
ekstensometer (ny);17.12.2020 08:00:07;23.625
ekstensometer (ny);17.12.2020 09:00:04;23.625
ekstensometer (ny);17.12.2020 10:00:05;23.625
ekstensometer (ny);17.12.2020 11:00:05;23.625
ekstensometer (ny);17.12.2020 12:00:07;23.625
ekstensometer (ny);17.12.2020 13:00:05;23.625
ekstensometer (ny);17.12.2020 14:00:04;23.625
ekstensometer (ny);17.12.2020 15:00:05;23.625
ekstensometer (ny);17.12.2020 16:00:07;23.625
ekstensometer (ny);17.12.2020 17:00:05;23.625
ekstensometer (ny);17.12.2020 18:00:05;23.625
ekstensometer (ny);17.12.2020 19:00:05;23.625
ekstensometer (ny);17.12.2020 20:00:07;23.625
ekstensometer (ny);17.12.2020 21:00:05;23.625
ekstensometer (ny);17.12.2020 22:00:05;23.625
ekstensometer (ny);17.12.2020 23:00:04;24.188
ekstensometer (ny);18.12.2020 00:00:07;24.300
ekstensometer (ny);18.12.2020 01:00:05;24.300
ekstensometer (ny);18.12.2020 02:00:05;24.188
ekstensometer (ny);18.12.2020 03:00:05;24.188
ekstensometer (ny);18.12.2020 04:00:07;24.300
ekstensometer (ny);18.12.2020 05:00:04;24.300
ekstensometer (ny);18.12.2020 06:00:04;24.188
ekstensometer (ny);18.12.2020 07:00:05;24.188
ekstensometer (ny);18.12.2020 08:00:07;24.188
ekstensometer (ny);18.12.2020 09:00:05;24.188
ekstensometer (ny);18.12.2020 10:00:05;24.188
ekstensometer (ny);18.12.2020 11:00:04;24.188
ekstensometer (ny);18.12.2020 12:00:27;24.188
ekstensometer (ny);18.12.2020 13:00:04;24.188
ekstensometer (ny);18.12.2020 14:00:05;24.188
ekstensometer (ny);18.12.2020 15:00:05;24.188
ekstensometer (ny);18.12.2020 16:00:28;24.188
ekstensometer (ny);18.12.2020 17:00:05;24.188
ekstensometer (ny);18.12.2020 18:00:05;24.188
ekstensometer (ny);18.12.2020 19:00:05;24.188
ekstensometer (ny);18.12.2020 20:00:07;24.188
ekstensometer (ny);18.12.2020 21:00:04;24.188
ekstensometer (ny);18.12.2020 22:00:05;24.188
ekstensometer (ny);18.12.2020 23:00:05;24.188
ekstensometer (ny);19.12.2020 00:00:07;24.188
ekstensometer (ny);19.12.2020 01:00:05;24.188
ekstensometer (ny);19.12.2020 02:00:04;24.188
ekstensometer (ny);19.12.2020 03:00:04;24.188
ekstensometer (ny);19.12.2020 04:00:27;24.188
ekstensometer (ny);19.12.2020 05:00:05;24.188
ekstensometer (ny);19.12.2020 06:00:05;24.188
ekstensometer (ny);19.12.2020 07:00:05;24.188
ekstensometer (ny);19.12.2020 08:00:06;24.188
ekstensometer (ny);19.12.2020 09:00:04;24.188
ekstensometer (ny);19.12.2020 10:00:05;24.188
ekstensometer (ny);19.12.2020 11:00:05;24.188
ekstensometer (ny);19.12.2020 12:00:40;24.750
ekstensometer (ny);19.12.2020 13:00:05;24.862
ekstensometer (ny);19.12.2020 14:00:05;24.862
ekstensometer (ny);19.12.2020 15:00:04;24.862
ekstensometer (ny);19.12.2020 16:00:07;24.750
ekstensometer (ny);19.12.2020 17:00:05;25.987
ekstensometer (ny);19.12.2020 18:00:05;24.750
ekstensometer (ny);19.12.2020 19:00:05;24.750
ekstensometer (ny);19.12.2020 20:00:07;24.862
ekstensometer (ny);19.12.2020 21:00:05;24.862
ekstensometer (ny);19.12.2020 22:00:05;24.862
ekstensometer (ny);19.12.2020 23:00:04;24.862
ekstensometer (ny);20.12.2020 00:00:07;24.862
ekstensometer (ny);20.12.2020 01:00:05;24.862
ekstensometer (ny);20.12.2020 02:00:05;24.862
ekstensometer (ny);20.12.2020 03:00:05;24.862
ekstensometer (ny);20.12.2020 04:00:07;24.862
ekstensometer (ny);20.12.2020 05:00:04;24.862
ekstensometer (ny);20.12.2020 06:00:04;25.425
ekstensometer (ny);20.12.2020 07:00:05;25.425
ekstensometer (ny);20.12.2020 08:00:27;25.425
ekstensometer (ny);20.12.2020 09:00:05;25.425
ekstensometer (ny);20.12.2020 10:00:05;25.425
ekstensometer (ny);20.12.2020 11:00:04;25.425
ekstensometer (ny);20.12.2020 12:00:07;25.425
ekstensometer (ny);20.12.2020 13:00:04;25.425
ekstensometer (ny);20.12.2020 14:00:05;25.425
ekstensometer (ny);20.12.2020 15:00:05;25.425
ekstensometer (ny);20.12.2020 16:00:07;25.425
ekstensometer (ny);20.12.2020 17:00:05;25.425
ekstensometer (ny);20.12.2020 18:00:05;25.425
ekstensometer (ny);20.12.2020 19:00:04;25.538
ekstensometer (ny);20.12.2020 20:00:07;26.100
ekstensometer (ny);20.12.2020 21:00:05;26.100
ekstensometer (ny);20.12.2020 22:00:05;26.100
ekstensometer (ny);20.12.2020 23:00:05;26.100
ekstensometer (ny);21.12.2020 00:00:07;26.100
ekstensometer (ny);21.12.2020 01:00:04;26.100
ekstensometer (ny);21.12.2020 02:00:04;26.100
ekstensometer (ny);21.12.2020 03:00:05;26.100
ekstensometer (ny);21.12.2020 04:00:07;26.100
ekstensometer (ny);21.12.2020 05:00:05;26.100
ekstensometer (ny);21.12.2020 06:00:05;26.100
ekstensometer (ny);21.12.2020 07:00:06;26.100
ekstensometer (ny);21.12.2020 08:00:07;26.663
ekstensometer (ny);21.12.2020 09:00:04;26.663
ekstensometer (ny);21.12.2020 10:00:05;26.663
ekstensometer (ny);21.12.2020 11:00:05;26.663
ekstensometer (ny);21.12.2020 12:00:07;26.663
ekstensometer (ny);21.12.2020 13:00:05;26.663
ekstensometer (ny);21.12.2020 14:00:04;26.663
ekstensometer (ny);21.12.2020 15:00:05;26.663
ekstensometer (ny);21.12.2020 16:00:07;26.663
ekstensometer (ny);21.12.2020 17:00:05;26.663
ekstensometer (ny);21.12.2020 18:00:05;26.663
ekstensometer (ny);21.12.2020 19:00:05;26.663
ekstensometer (ny);21.12.2020 20:00:07;26.663
ekstensometer (ny);21.12.2020 21:00:05;26.663
ekstensometer (ny);21.12.2020 22:00:04;27.225
ekstensometer (ny);21.12.2020 23:00:04;27.225
ekstensometer (ny);22.12.2020 00:00:07;27.225
ekstensometer (ny);22.12.2020 01:00:05;27.225
ekstensometer (ny);22.12.2020 02:00:05;27.225
ekstensometer (ny);22.12.2020 03:00:05;27.900
ekstensometer (ny);22.12.2020 04:00:07;27.900
ekstensometer (ny);22.12.2020 05:00:04;27.900
ekstensometer (ny);22.12.2020 06:00:04;27.900
ekstensometer (ny);22.12.2020 07:00:05;27.900
ekstensometer (ny);22.12.2020 08:00:07;27.900
ekstensometer (ny);22.12.2020 09:00:05;27.900
ekstensometer (ny);22.12.2020 10:00:05;27.900
ekstensometer (ny);22.12.2020 11:00:04;27.900
ekstensometer (ny);22.12.2020 12:00:32;27.900
ekstensometer (ny);22.12.2020 13:00:05;27.900
ekstensometer (ny);22.12.2020 14:00:05;27.900
ekstensometer (ny);22.12.2020 15:00:05;27.900
ekstensometer (ny);22.12.2020 16:00:27;28.913
ekstensometer (ny);22.12.2020 17:00:05;28.913
ekstensometer (ny);22.12.2020 18:00:05;28.913
ekstensometer (ny);22.12.2020 19:00:05;28.913
ekstensometer (ny);22.12.2020 20:00:06;29.475
ekstensometer (ny);22.12.2020 21:00:04;28.913
ekstensometer (ny);22.12.2020 22:00:05;29.138
ekstensometer (ny);22.12.2020 23:00:05;55.688
ekstensometer (ny);23.12.2020 00:00:26;97.762
ekstensometer (ny);23.12.2020 01:00:05;171.450
ekstensometer (ny);23.12.2020 02:00:05;220.950
ekstensometer (ny);23.12.2020 03:00:04;290.587
ekstensometer (ny);23.12.2020 04:00:07;311.625
ekstensometer (ny);23.12.2020 05:00:05;317.587
ekstensometer (ny);23.12.2020 06:00:05;351.112
ekstensometer (ny);23.12.2020 07:00:05;365.737
ekstensometer (ny);23.12.2020 08:00:07;383.962
ekstensometer (ny);23.12.2020 09:00:04;419.625
ekstensometer (ny);23.12.2020 10:00:04;423.562
ekstensometer (ny);23.12.2020 11:00:05;30.038
ekstensometer (ny);23.12.2020 12:00:39;30.038
ekstensometer (ny);23.12.2020 13:00:05;30.038
ekstensometer (ny);23.12.2020 14:00:05;30.038
ekstensometer (ny);23.12.2020 15:00:06;30.038
ekstensometer (ny);23.12.2020 16:00:07;30.038
ekstensometer (ny);23.12.2020 17:00:04;30.150
ekstensometer (ny);23.12.2020 18:00:04;30.150
ekstensometer (ny);23.12.2020 19:00:05;30.150
ekstensometer (ny);23.12.2020 20:00:07;30.150
ekstensometer (ny);23.12.2020 21:00:05;30.150
ekstensometer (ny);23.12.2020 22:00:05;30.150
ekstensometer (ny);23.12.2020 23:00:04;30.150
ekstensometer (ny);24.12.2020 00:00:07;30.150
ekstensometer (ny);24.12.2020 01:00:05;30.150
ekstensometer (ny);24.12.2020 02:00:05;30.150
ekstensometer (ny);24.12.2020 03:00:05;30.150
ekstensometer (ny);24.12.2020 04:00:07;30.712
ekstensometer (ny);24.12.2020 05:00:05;30.712
ekstensometer (ny);24.12.2020 06:00:04;30.712
ekstensometer (ny);24.12.2020 07:00:05;31.275
ekstensometer (ny);24.12.2020 08:00:07;31.275
ekstensometer (ny);24.12.2020 09:00:05;31.275
ekstensometer (ny);24.12.2020 10:00:05;31.275
ekstensometer (ny);24.12.2020 11:00:05;31.275
ekstensometer (ny);24.12.2020 12:00:07;31.275
ekstensometer (ny);24.12.2020 13:00:04;31.275
ekstensometer (ny);24.12.2020 14:00:05;31.837
ekstensometer (ny);24.12.2020 15:00:05;31.837
ekstensometer (ny);24.12.2020 16:00:07;31.837
ekstensometer (ny);24.12.2020 17:00:05;32.513
ekstensometer (ny);24.12.2020 18:00:04;32.513
ekstensometer (ny);24.12.2020 19:00:04;32.400
ekstensometer (ny);24.12.2020 20:00:07;32.400
ekstensometer (ny);24.12.2020 21:00:05;32.400
ekstensometer (ny);24.12.2020 22:00:05;32.400
ekstensometer (ny);24.12.2020 23:00:05;32.513
ekstensometer (ny);25.12.2020 00:00:07;32.513
ekstensometer (ny);25.12.2020 01:00:04;32.513
ekstensometer (ny);25.12.2020 02:00:05;32.513
ekstensometer (ny);25.12.2020 03:00:05;33.075
ekstensometer (ny);25.12.2020 04:00:07;33.075
ekstensometer (ny);25.12.2020 05:00:05;33.075
ekstensometer (ny);25.12.2020 06:00:06;33.075
ekstensometer (ny);25.12.2020 07:00:04;33.075
ekstensometer (ny);25.12.2020 08:00:07;33.075
ekstensometer (ny);25.12.2020 09:00:05;33.075
ekstensometer (ny);25.12.2020 10:00:05;33.075
ekstensometer (ny);25.12.2020 11:00:05;33.075
ekstensometer (ny);25.12.2020 12:00:07;33.075
ekstensometer (ny);25.12.2020 13:00:04;33.750
ekstensometer (ny);25.12.2020 14:00:05;33.750
ekstensometer (ny);25.12.2020 15:00:05;33.750
ekstensometer (ny);25.12.2020 16:00:07;33.750
ekstensometer (ny);25.12.2020 17:00:05;33.750
ekstensometer (ny);25.12.2020 18:00:05;33.750
ekstensometer (ny);25.12.2020 19:00:05;33.638
ekstensometer (ny);25.12.2020 20:00:41;33.750
ekstensometer (ny);25.12.2020 21:00:04;33.638
ekstensometer (ny);25.12.2020 22:00:04;33.638
ekstensometer (ny);25.12.2020 23:00:05;33.638
ekstensometer (ny);26.12.2020 00:00:07;33.638
ekstensometer (ny);26.12.2020 01:00:05;33.638
ekstensometer (ny);26.12.2020 02:00:05;33.525
ekstensometer (ny);26.12.2020 03:00:06;33.525
ekstensometer (ny);26.12.2020 04:00:07;33.525
ekstensometer (ny);26.12.2020 05:00:04;33.525
ekstensometer (ny);26.12.2020 06:00:05;33.525
ekstensometer (ny);26.12.2020 07:00:05;33.525
ekstensometer (ny);26.12.2020 08:00:07;33.525
ekstensometer (ny);26.12.2020 09:00:05;33.525
ekstensometer (ny);26.12.2020 10:00:06;33.525
ekstensometer (ny);26.12.2020 11:00:04;33.525
ekstensometer (ny);26.12.2020 12:00:27;33.525
ekstensometer (ny);26.12.2020 13:00:05;33.525
ekstensometer (ny);26.12.2020 14:00:05;33.525
ekstensometer (ny);26.12.2020 15:00:05;33.525
ekstensometer (ny);26.12.2020 16:00:07;33.525
ekstensometer (ny);26.12.2020 17:00:04;33.525
ekstensometer (ny);26.12.2020 18:00:05;33.525
ekstensometer (ny);26.12.2020 19:00:05;33.525
ekstensometer (ny);26.12.2020 20:00:07;33.525
ekstensometer (ny);26.12.2020 21:00:04;33.525
ekstensometer (ny);26.12.2020 22:00:04;33.525
ekstensometer (ny);26.12.2020 23:00:05;33.525
ekstensometer (ny);27.12.2020 00:00:39;33.525
ekstensometer (ny);27.12.2020 01:00:05;33.525
ekstensometer (ny);27.12.2020 02:00:05;33.525
ekstensometer (ny);27.12.2020 03:00:05;33.525
ekstensometer (ny);27.12.2020 04:00:25;33.525
ekstensometer (ny);27.12.2020 05:00:04;34.200
ekstensometer (ny);27.12.2020 06:00:05;34.200
ekstensometer (ny);27.12.2020 07:00:05;34.763
ekstensometer (ny);27.12.2020 08:00:27;34.763
ekstensometer (ny);27.12.2020 09:00:05;34.763
ekstensometer (ny);27.12.2020 10:00:04;34.763
ekstensometer (ny);27.12.2020 11:00:05;34.650
ekstensometer (ny);27.12.2020 12:00:26;34.650
ekstensometer (ny);27.12.2020 13:00:05;34.650
ekstensometer (ny);27.12.2020 14:00:05;34.650
ekstensometer (ny);27.12.2020 15:00:05;35.325
ekstensometer (ny);27.12.2020 16:00:06;34.763
ekstensometer (ny);27.12.2020 17:00:04;35.325
ekstensometer (ny);27.12.2020 18:00:04;35.325
ekstensometer (ny);27.12.2020 19:00:04;35.325
ekstensometer (ny);27.12.2020 20:00:08;35.325
ekstensometer (ny);27.12.2020 21:00:05;35.325
ekstensometer (ny);27.12.2020 22:00:05;35.438
ekstensometer (ny);27.12.2020 23:00:05;35.325
ekstensometer (ny);28.12.2020 00:00:28;35.325
ekstensometer (ny);28.12.2020 01:00:04;35.325
ekstensometer (ny);28.12.2020 02:00:04;35.325
ekstensometer (ny);28.12.2020 03:00:05;35.325
ekstensometer (ny);28.12.2020 04:00:27;35.325
ekstensometer (ny);28.12.2020 05:00:05;35.325
ekstensometer (ny);28.12.2020 06:00:05;35.325
ekstensometer (ny);28.12.2020 07:00:04;35.325
ekstensometer (ny);28.12.2020 08:00:07;35.325
ekstensometer (ny);28.12.2020 09:00:05;35.325
ekstensometer (ny);28.12.2020 10:00:05;35.325
ekstensometer (ny);28.12.2020 11:00:05;35.325
ekstensometer (ny);28.12.2020 12:00:27;35.325
ekstensometer (ny);28.12.2020 13:00:05;35.325
ekstensometer (ny);28.12.2020 14:00:04;35.325
ekstensometer (ny);28.12.2020 15:00:05;35.325
ekstensometer (ny);28.12.2020 16:00:07;35.325
ekstensometer (ny);28.12.2020 17:00:05;35.438
ekstensometer (ny);28.12.2020 18:00:05;35.325
ekstensometer (ny);28.12.2020 19:00:05;35.325
ekstensometer (ny);28.12.2020 20:00:39;35.438
ekstensometer (ny);28.12.2020 21:00:05;35.438
ekstensometer (ny);28.12.2020 22:00:04;35.438
ekstensometer (ny);28.12.2020 23:00:04;35.438
ekstensometer (ny);29.12.2020 00:00:07;35.438
ekstensometer (ny);29.12.2020 01:00:05;35.438
ekstensometer (ny);29.12.2020 02:00:05;35.325
ekstensometer (ny);29.12.2020 03:00:05;35.438
ekstensometer (ny);29.12.2020 04:00:06;35.325
ekstensometer (ny);29.12.2020 05:00:04;35.325
ekstensometer (ny);29.12.2020 06:00:05;35.438
ekstensometer (ny);29.12.2020 07:00:05;35.325
ekstensometer (ny);29.12.2020 08:00:07;36.000
ekstensometer (ny);29.12.2020 09:00:05;36.000
ekstensometer (ny);29.12.2020 10:00:05;36.000
ekstensometer (ny);29.12.2020 11:00:04;36.000
ekstensometer (ny);29.12.2020 12:00:07;36.000
ekstensometer (ny);29.12.2020 13:00:05;36.000
ekstensometer (ny);29.12.2020 14:00:05;36.000
ekstensometer (ny);29.12.2020 15:00:05;36.000
ekstensometer (ny);29.12.2020 16:00:07;36.000
ekstensometer (ny);29.12.2020 17:00:04;36.000
ekstensometer (ny);29.12.2020 18:00:04;36.000
ekstensometer (ny);29.12.2020 19:00:04;36.000
ekstensometer (ny);29.12.2020 20:00:07;36.000
ekstensometer (ny);29.12.2020 21:00:05;36.000
ekstensometer (ny);29.12.2020 22:00:05;36.000
ekstensometer (ny);29.12.2020 23:00:05;36.000
ekstensometer (ny);30.12.2020 00:00:07;36.000
ekstensometer (ny);30.12.2020 01:00:04;36.000
ekstensometer (ny);30.12.2020 02:00:04;36.000
ekstensometer (ny);30.12.2020 03:00:05;36.000
ekstensometer (ny);30.12.2020 04:00:07;36.000
ekstensometer (ny);30.12.2020 05:00:05;36.000
ekstensometer (ny);30.12.2020 06:00:05;36.000
ekstensometer (ny);30.12.2020 07:00:04;36.000
ekstensometer (ny);30.12.2020 08:00:07;36.000
ekstensometer (ny);30.12.2020 09:00:04;36.000
ekstensometer (ny);30.12.2020 10:00:05;36.000
ekstensometer (ny);30.12.2020 11:00:05;36.000
ekstensometer (ny);30.12.2020 12:00:40;36.000
ekstensometer (ny);30.12.2020 13:00:05;36.000
ekstensometer (ny);30.12.2020 14:00:04;36.000
ekstensometer (ny);30.12.2020 15:00:04;36.000
ekstensometer (ny);30.12.2020 16:00:07;36.000
ekstensometer (ny);30.12.2020 17:00:05;36.000
ekstensometer (ny);30.12.2020 18:00:05;36.338
ekstensometer (ny);30.12.2020 19:00:05;36.562
ekstensometer (ny);30.12.2020 20:00:07;36.562
ekstensometer (ny);30.12.2020 21:00:05;36.562
ekstensometer (ny);30.12.2020 22:00:04;36.562
ekstensometer (ny);30.12.2020 23:00:04;36.562
ekstensometer (ny);31.12.2020 00:00:07;36.562
ekstensometer (ny);31.12.2020 01:00:05;36.562
ekstensometer (ny);31.12.2020 02:00:05;36.562
ekstensometer (ny);31.12.2020 03:00:05;36.562
ekstensometer (ny);31.12.2020 04:00:06;36.562
ekstensometer (ny);31.12.2020 05:00:04;36.562
ekstensometer (ny);31.12.2020 06:00:05;36.562
ekstensometer (ny);31.12.2020 07:00:05;36.562
ekstensometer (ny);31.12.2020 08:00:07;36.562
ekstensometer (ny);31.12.2020 09:00:05;36.562
ekstensometer (ny);31.12.2020 10:00:05;36.562
ekstensometer (ny);31.12.2020 11:00:04;36.562
ekstensometer (ny);31.12.2020 12:00:07;36.562
ekstensometer (ny);31.12.2020 13:00:05;36.562
ekstensometer (ny);31.12.2020 14:00:05;36.562
ekstensometer (ny);31.12.2020 15:00:05;36.562
ekstensometer (ny);31.12.2020 16:00:07;36.562
ekstensometer (ny);31.12.2020 17:00:04;36.562
ekstensometer (ny);31.12.2020 18:00:05;36.562
ekstensometer (ny);31.12.2020 19:00:04;36.562
ekstensometer (ny);31.12.2020 20:00:07;36.562
ekstensometer (ny);31.12.2020 21:00:05;36.562
ekstensometer (ny);31.12.2020 22:00:05;36.562
ekstensometer (ny);31.12.2020 23:00:05;36.562
ekstensometer (ny);01.01.2021 00:00:07;36.562
ekstensometer (ny);01.01.2021 01:00:05;36.562
ekstensometer (ny);01.01.2021 02:00:04;36.562
ekstensometer (ny);01.01.2021 03:00:05;36.562
ekstensometer (ny);01.01.2021 04:00:07;36.562
ekstensometer (ny);01.01.2021 05:00:05;36.562
ekstensometer (ny);01.01.2021 06:00:05;36.562
ekstensometer (ny);01.01.2021 07:00:05;36.562
ekstensometer (ny);01.01.2021 08:00:06;36.562
ekstensometer (ny);01.01.2021 09:00:04;37.125
ekstensometer (ny);01.01.2021 10:00:05;37.125
ekstensometer (ny);01.01.2021 11:00:05;37.125
ekstensometer (ny);01.01.2021 12:00:27;37.125
ekstensometer (ny);01.01.2021 13:00:05;37.688
ekstensometer (ny);01.01.2021 14:00:04;37.688
ekstensometer (ny);01.01.2021 15:00:05;37.688
ekstensometer (ny);01.01.2021 16:00:07;37.688
ekstensometer (ny);01.01.2021 17:00:05;37.688
ekstensometer (ny);01.01.2021 18:00:05;37.688
ekstensometer (ny);01.01.2021 19:00:05;37.688
ekstensometer (ny);01.01.2021 20:00:06;37.688
ekstensometer (ny);01.01.2021 21:00:04;37.688
ekstensometer (ny);01.01.2021 22:00:05;37.800
ekstensometer (ny);01.01.2021 23:00:05;37.800
ekstensometer (ny);02.01.2021 00:00:27;37.800
ekstensometer (ny);02.01.2021 01:00:05;37.688
ekstensometer (ny);02.01.2021 02:00:04;37.688
ekstensometer (ny);02.01.2021 03:00:04;37.800
ekstensometer (ny);02.01.2021 04:00:07;37.688
ekstensometer (ny);02.01.2021 05:00:05;37.688
ekstensometer (ny);02.01.2021 06:00:05;37.688
ekstensometer (ny);02.01.2021 07:00:05;37.688
ekstensometer (ny);02.01.2021 08:00:07;37.800
ekstensometer (ny);02.01.2021 09:00:04;37.800
ekstensometer (ny);02.01.2021 10:00:04;37.688
ekstensometer (ny);02.01.2021 11:00:05;37.688
ekstensometer (ny);02.01.2021 12:00:07;37.688
ekstensometer (ny);02.01.2021 13:00:05;37.688
ekstensometer (ny);02.01.2021 14:00:05;37.688
ekstensometer (ny);02.01.2021 15:00:05;37.688
ekstensometer (ny);02.01.2021 16:00:07;37.800
ekstensometer (ny);02.01.2021 17:00:04;38.250
ekstensometer (ny);02.01.2021 18:00:05;37.800
ekstensometer (ny);02.01.2021 19:00:05;38.250
ekstensometer (ny);02.01.2021 20:00:26;38.250
ekstensometer (ny);02.01.2021 21:00:04;38.250
ekstensometer (ny);02.01.2021 22:00:05;38.250
ekstensometer (ny);02.01.2021 23:00:05;38.250
ekstensometer (ny);03.01.2021 00:00:27;38.362
ekstensometer (ny);03.01.2021 01:00:05;38.362
ekstensometer (ny);03.01.2021 02:00:04;38.250
ekstensometer (ny);03.01.2021 03:00:05;38.362
ekstensometer (ny);03.01.2021 04:00:07;38.250
ekstensometer (ny);03.01.2021 05:00:05;38.588
ekstensometer (ny);03.01.2021 06:00:05;38.925
ekstensometer (ny);03.01.2021 07:00:05;38.925
ekstensometer (ny);03.01.2021 08:00:07;38.925
ekstensometer (ny);03.01.2021 09:00:04;38.925
ekstensometer (ny);03.01.2021 10:00:05;38.925
ekstensometer (ny);03.01.2021 11:00:05;38.925
ekstensometer (ny);03.01.2021 12:00:07;38.925
ekstensometer (ny);03.01.2021 13:00:05;38.925
ekstensometer (ny);03.01.2021 14:00:05;38.925
ekstensometer (ny);03.01.2021 15:00:05;38.925
ekstensometer (ny);03.01.2021 16:00:07;38.925
ekstensometer (ny);03.01.2021 17:00:04;38.812
ekstensometer (ny);03.01.2021 18:00:04;38.925
ekstensometer (ny);03.01.2021 19:00:05;38.812
ekstensometer (ny);03.01.2021 20:00:07;38.812
ekstensometer (ny);03.01.2021 21:00:05;38.812
ekstensometer (ny);03.01.2021 22:00:05;38.812
ekstensometer (ny);03.01.2021 23:00:04;38.812
ekstensometer (ny);04.01.2021 00:00:07;38.812
ekstensometer (ny);04.01.2021 01:00:05;38.812
ekstensometer (ny);04.01.2021 02:00:05;38.812
ekstensometer (ny);04.01.2021 03:00:05;38.812
ekstensometer (ny);04.01.2021 04:00:27;38.812
ekstensometer (ny);04.01.2021 05:00:05;38.812
ekstensometer (ny);04.01.2021 06:00:04;38.812
ekstensometer (ny);04.01.2021 07:00:05;38.812
ekstensometer (ny);04.01.2021 08:00:40;38.812
ekstensometer (ny);04.01.2021 09:00:05;38.812
ekstensometer (ny);04.01.2021 10:00:05;38.812
ekstensometer (ny);04.01.2021 11:00:05;38.812
ekstensometer (ny);04.01.2021 12:00:06;38.812
ekstensometer (ny);04.01.2021 13:00:04;38.812
ekstensometer (ny);04.01.2021 14:00:05;38.812
ekstensometer (ny);04.01.2021 15:00:05;38.812
ekstensometer (ny);04.01.2021 16:00:07;38.812
ekstensometer (ny);04.01.2021 17:00:05;38.812
ekstensometer (ny);04.01.2021 18:00:05;38.925
ekstensometer (ny);04.01.2021 19:00:04;38.812
ekstensometer (ny);04.01.2021 20:00:27;38.925
ekstensometer (ny);04.01.2021 21:00:04;38.925
ekstensometer (ny);04.01.2021 22:00:05;38.812
ekstensometer (ny);04.01.2021 23:00:05;38.812
ekstensometer (ny);05.01.2021 00:00:07;38.812
ekstensometer (ny);05.01.2021 01:00:05;38.812
ekstensometer (ny);05.01.2021 02:00:04;38.812
ekstensometer (ny);05.01.2021 03:00:05;38.812
ekstensometer (ny);05.01.2021 04:00:07;38.812
ekstensometer (ny);05.01.2021 05:00:05;38.812
ekstensometer (ny);05.01.2021 06:00:05;38.812
ekstensometer (ny);05.01.2021 07:00:05;38.812
ekstensometer (ny);05.01.2021 08:00:07;38.812
ekstensometer (ny);05.01.2021 09:00:04;38.812
ekstensometer (ny);05.01.2021 10:00:05;38.812
ekstensometer (ny);05.01.2021 11:00:05;38.812
ekstensometer (ny);05.01.2021 12:00:07;38.812
ekstensometer (ny);05.01.2021 13:00:05;38.812
ekstensometer (ny);05.01.2021 14:00:05;39.263
ekstensometer (ny);05.01.2021 15:00:04;39.375
ekstensometer (ny);05.01.2021 16:00:26;39.375
ekstensometer (ny);05.01.2021 17:00:05;39.375
ekstensometer (ny);05.01.2021 18:00:05;39.375
ekstensometer (ny);05.01.2021 19:00:05;39.375
ekstensometer (ny);05.01.2021 20:00:07;39.487
ekstensometer (ny);05.01.2021 21:00:05;39.487
ekstensometer (ny);05.01.2021 22:00:04;39.487
ekstensometer (ny);05.01.2021 23:00:04;39.487
ekstensometer (ny);06.01.2021 00:00:07;39.487
ekstensometer (ny);06.01.2021 01:00:05;39.487
ekstensometer (ny);06.01.2021 02:00:05;39.375
ekstensometer (ny);06.01.2021 03:00:05;39.375
ekstensometer (ny);06.01.2021 04:00:07;39.487
ekstensometer (ny);06.01.2021 05:00:04;39.487
ekstensometer (ny);06.01.2021 06:00:04;39.375
ekstensometer (ny);06.01.2021 07:00:05;39.375
ekstensometer (ny);06.01.2021 08:00:27;39.375
ekstensometer (ny);06.01.2021 09:00:05;39.375
ekstensometer (ny);06.01.2021 10:00:05;39.375
ekstensometer (ny);06.01.2021 11:00:05;39.375
ekstensometer (ny);06.01.2021 12:00:07;39.375
ekstensometer (ny);06.01.2021 13:00:04;39.375
ekstensometer (ny);06.01.2021 14:00:05;39.375
ekstensometer (ny);06.01.2021 15:00:05;39.375
ekstensometer (ny);06.01.2021 16:00:07;39.375
ekstensometer (ny);06.01.2021 17:00:05;39.375
ekstensometer (ny);06.01.2021 18:00:05;39.375
ekstensometer (ny);06.01.2021 19:00:04;39.375
ekstensometer (ny);06.01.2021 20:00:07;39.375
ekstensometer (ny);06.01.2021 21:00:05;39.825
ekstensometer (ny);06.01.2021 22:00:05;40.050
ekstensometer (ny);06.01.2021 23:00:05;40.050
ekstensometer (ny);07.01.2021 00:00:07;40.050
ekstensometer (ny);07.01.2021 01:00:04;40.050
ekstensometer (ny);07.01.2021 02:00:04;40.050
ekstensometer (ny);07.01.2021 03:00:05;40.050
ekstensometer (ny);07.01.2021 04:00:07;40.050
ekstensometer (ny);07.01.2021 05:00:05;40.050
ekstensometer (ny);07.01.2021 06:00:05;40.050
ekstensometer (ny);07.01.2021 07:00:05;40.050
ekstensometer (ny);07.01.2021 08:00:07;40.050
ekstensometer (ny);07.01.2021 09:00:04;40.050
ekstensometer (ny);07.01.2021 10:00:05;40.050
ekstensometer (ny);07.01.2021 11:00:05;40.050
ekstensometer (ny);07.01.2021 12:00:07;40.050
ekstensometer (ny);07.01.2021 13:00:05;40.050
ekstensometer (ny);07.01.2021 14:00:04;40.050
ekstensometer (ny);07.01.2021 15:00:05;40.050
ekstensometer (ny);07.01.2021 16:00:27;40.050
ekstensometer (ny);07.01.2021 17:00:05;40.050
ekstensometer (ny);07.01.2021 18:00:05;40.050
ekstensometer (ny);07.01.2021 19:00:05;40.050
ekstensometer (ny);07.01.2021 20:00:07;40.050
ekstensometer (ny);07.01.2021 21:00:05;40.050
ekstensometer (ny);07.01.2021 22:00:04;40.050
ekstensometer (ny);07.01.2021 23:00:04;40.050
ekstensometer (ny);08.01.2021 00:00:07;40.050
ekstensometer (ny);08.01.2021 01:00:05;40.050
ekstensometer (ny);08.01.2021 02:00:05;40.050
ekstensometer (ny);08.01.2021 03:00:05;40.050
ekstensometer (ny);08.01.2021 04:00:07;40.050
ekstensometer (ny);08.01.2021 05:00:04;40.050
ekstensometer (ny);08.01.2021 06:00:04;40.050
ekstensometer (ny);08.01.2021 07:00:05;40.050
ekstensometer (ny);08.01.2021 08:00:07;40.050
ekstensometer (ny);08.01.2021 09:00:05;40.050
ekstensometer (ny);08.01.2021 10:00:05;40.050
ekstensometer (ny);08.01.2021 11:00:04;40.050
ekstensometer (ny);08.01.2021 12:00:07;40.050
ekstensometer (ny);08.01.2021 13:00:05;40.050
ekstensometer (ny);08.01.2021 14:00:05;40.050
ekstensometer (ny);08.01.2021 15:00:05;40.050
ekstensometer (ny);08.01.2021 16:00:07;40.050
ekstensometer (ny);08.01.2021 17:00:05;40.050
ekstensometer (ny);08.01.2021 18:00:04;40.050
ekstensometer (ny);08.01.2021 19:00:04;40.050
ekstensometer (ny);08.01.2021 20:00:07;40.050
ekstensometer (ny);08.01.2021 21:00:05;40.050
ekstensometer (ny);08.01.2021 22:00:05;40.050
ekstensometer (ny);08.01.2021 23:00:05;40.050
ekstensometer (ny);09.01.2021 00:00:07;40.050
ekstensometer (ny);09.01.2021 01:00:04;40.050
ekstensometer (ny);09.01.2021 02:00:04;40.050
ekstensometer (ny);09.01.2021 03:00:05;40.050
ekstensometer (ny);09.01.2021 04:00:07;40.050
ekstensometer (ny);09.01.2021 05:00:05;40.050
ekstensometer (ny);09.01.2021 06:00:05;39.938
ekstensometer (ny);09.01.2021 07:00:04;39.938
ekstensometer (ny);09.01.2021 08:00:07;39.938
ekstensometer (ny);09.01.2021 09:00:05;39.938
ekstensometer (ny);09.01.2021 10:00:05;39.938
ekstensometer (ny);09.01.2021 11:00:05;39.938
ekstensometer (ny);09.01.2021 12:00:07;39.938
ekstensometer (ny);09.01.2021 13:00:05;39.938
ekstensometer (ny);09.01.2021 14:00:04;40.500
ekstensometer (ny);09.01.2021 15:00:05;40.500
ekstensometer (ny);09.01.2021 16:00:07;39.938
ekstensometer (ny);09.01.2021 17:00:05;39.825
ekstensometer (ny);09.01.2021 18:00:05;39.375
ekstensometer (ny);09.01.2021 19:00:05;39.375
ekstensometer (ny);09.01.2021 20:00:07;39.375
ekstensometer (ny);09.01.2021 21:00:05;39.375
ekstensometer (ny);09.01.2021 22:00:04;39.938
ekstensometer (ny);09.01.2021 23:00:04;39.375
ekstensometer (ny);10.01.2021 00:00:07;39.375
ekstensometer (ny);10.01.2021 01:00:05;39.375
ekstensometer (ny);10.01.2021 02:00:05;39.375
ekstensometer (ny);10.01.2021 03:00:05;39.375
ekstensometer (ny);10.01.2021 04:00:27;39.375
ekstensometer (ny);10.01.2021 05:00:04;39.938
ekstensometer (ny);10.01.2021 06:00:04;39.938
ekstensometer (ny);10.01.2021 07:00:05;39.938
ekstensometer (ny);10.01.2021 08:00:07;39.938
ekstensometer (ny);10.01.2021 09:00:05;39.938
ekstensometer (ny);10.01.2021 10:00:05;39.938
ekstensometer (ny);10.01.2021 11:00:04;39.938
ekstensometer (ny);10.01.2021 12:00:07;39.938
ekstensometer (ny);10.01.2021 13:00:05;39.938
ekstensometer (ny);10.01.2021 14:00:05;39.938
ekstensometer (ny);10.01.2021 15:00:05;39.938
ekstensometer (ny);10.01.2021 16:00:07;39.938
ekstensometer (ny);10.01.2021 17:00:05;39.938
ekstensometer (ny);10.01.2021 18:00:05;39.938
ekstensometer (ny);10.01.2021 19:00:05;39.938
ekstensometer (ny);10.01.2021 20:00:07;39.938
ekstensometer (ny);10.01.2021 21:00:04;39.938
ekstensometer (ny);10.01.2021 22:00:05;39.938
ekstensometer (ny);10.01.2021 23:00:05;39.938
ekstensometer (ny);11.01.2021 00:00:07;39.938
ekstensometer (ny);11.01.2021 01:00:05;39.938
ekstensometer (ny);11.01.2021 02:00:05;39.938
ekstensometer (ny);11.01.2021 03:00:04;39.938
ekstensometer (ny);11.01.2021 04:00:07;39.938
ekstensometer (ny);11.01.2021 05:00:05;39.938
ekstensometer (ny);11.01.2021 06:00:05;39.938
ekstensometer (ny);11.01.2021 07:00:05;39.938
ekstensometer (ny);11.01.2021 08:00:07;39.938
ekstensometer (ny);11.01.2021 09:00:04;39.938
ekstensometer (ny);11.01.2021 10:00:04;39.938
ekstensometer (ny);11.01.2021 11:00:05;39.938
ekstensometer (ny);11.01.2021 12:00:07;39.938
ekstensometer (ny);11.01.2021 13:00:05;39.938
ekstensometer (ny);11.01.2021 14:00:05;39.938
ekstensometer (ny);11.01.2021 15:00:05;39.938
ekstensometer (ny);11.01.2021 16:00:07;40.500
ekstensometer (ny);11.01.2021 17:00:04;40.612
ekstensometer (ny);11.01.2021 18:00:04;40.612
ekstensometer (ny);11.01.2021 19:00:05;40.612
ekstensometer (ny);11.01.2021 20:00:07;40.612
ekstensometer (ny);11.01.2021 21:00:05;40.612
ekstensometer (ny);11.01.2021 22:00:05;40.612
ekstensometer (ny);11.01.2021 23:00:06;40.612
ekstensometer (ny);12.01.2021 00:00:07;40.612
ekstensometer (ny);12.01.2021 01:00:04;40.612
ekstensometer (ny);12.01.2021 02:00:05;40.612
ekstensometer (ny);12.01.2021 03:00:05;40.612
ekstensometer (ny);12.01.2021 04:00:07;40.612
ekstensometer (ny);12.01.2021 05:00:05;40.500
ekstensometer (ny);12.01.2021 06:00:04;40.500
ekstensometer (ny);12.01.2021 07:00:05;40.500
ekstensometer (ny);12.01.2021 08:00:07;40.500
ekstensometer (ny);12.01.2021 09:00:05;40.500
ekstensometer (ny);12.01.2021 10:00:05;40.500
ekstensometer (ny);12.01.2021 11:00:05;40.500
ekstensometer (ny);12.01.2021 12:00:07;40.500
ekstensometer (ny);12.01.2021 13:00:04;40.500
ekstensometer (ny);12.01.2021 14:00:05;40.500
ekstensometer (ny);12.01.2021 15:00:05;40.500
ekstensometer (ny);12.01.2021 16:00:07;40.500
ekstensometer (ny);12.01.2021 17:00:05;40.500
ekstensometer (ny);12.01.2021 18:00:05;40.500
ekstensometer (ny);12.01.2021 19:00:05;40.500
ekstensometer (ny);12.01.2021 20:00:07;40.500
ekstensometer (ny);12.01.2021 21:00:04;40.500
ekstensometer (ny);12.01.2021 22:00:05;40.500
ekstensometer (ny);12.01.2021 23:00:05;41.062
ekstensometer (ny);13.01.2021 00:00:07;41.062
ekstensometer (ny);13.01.2021 01:00:05;41.062
ekstensometer (ny);13.01.2021 02:00:05;41.062
ekstensometer (ny);13.01.2021 03:00:04;41.062
ekstensometer (ny);13.01.2021 04:00:07;41.062
ekstensometer (ny);13.01.2021 05:00:05;41.062
ekstensometer (ny);13.01.2021 06:00:05;41.175
ekstensometer (ny);13.01.2021 07:00:05;41.175
ekstensometer (ny);13.01.2021 08:00:07;41.175
ekstensometer (ny);13.01.2021 09:00:04;41.175
ekstensometer (ny);13.01.2021 10:00:04;41.175
ekstensometer (ny);13.01.2021 11:00:05;41.175
ekstensometer (ny);13.01.2021 12:00:07;41.062
ekstensometer (ny);13.01.2021 13:00:05;41.175
ekstensometer (ny);13.01.2021 14:00:05;41.175
ekstensometer (ny);13.01.2021 15:00:05;41.175
ekstensometer (ny);13.01.2021 16:00:06;41.175
ekstensometer (ny);13.01.2021 17:00:04;41.175
ekstensometer (ny);13.01.2021 18:00:05;41.175
ekstensometer (ny);13.01.2021 19:00:05;41.175
ekstensometer (ny);13.01.2021 20:00:07;41.175
ekstensometer (ny);13.01.2021 21:00:04;41.175
ekstensometer (ny);13.01.2021 22:00:04;41.850
ekstensometer (ny);13.01.2021 23:00:04;41.850
ekstensometer (ny);14.01.2021 00:00:07;41.850
ekstensometer (ny);14.01.2021 01:00:05;41.850
ekstensometer (ny);14.01.2021 02:00:05;41.850
ekstensometer (ny);14.01.2021 03:00:05;41.850
ekstensometer (ny);14.01.2021 04:00:07;41.850
ekstensometer (ny);14.01.2021 05:00:04;41.850
ekstensometer (ny);14.01.2021 06:00:05;41.850
ekstensometer (ny);14.01.2021 07:00:05;41.850
ekstensometer (ny);14.01.2021 08:00:07;41.850
ekstensometer (ny);14.01.2021 09:00:05;41.850
ekstensometer (ny);14.01.2021 10:00:04;41.850
ekstensometer (ny);14.01.2021 11:00:05;41.737
ekstensometer (ny);14.01.2021 12:00:07;41.737
ekstensometer (ny);14.01.2021 13:00:05;41.737
ekstensometer (ny);14.01.2021 14:00:05;41.737
ekstensometer (ny);14.01.2021 15:00:05;41.737
ekstensometer (ny);14.01.2021 16:00:07;41.850
ekstensometer (ny);14.01.2021 17:00:04;41.850
ekstensometer (ny);14.01.2021 18:00:05;41.850
ekstensometer (ny);14.01.2021 19:00:05;41.850
ekstensometer (ny);14.01.2021 20:00:39;41.850
ekstensometer (ny);14.01.2021 21:00:04;41.850
ekstensometer (ny);14.01.2021 22:00:05;41.850
ekstensometer (ny);14.01.2021 23:00:05;41.850
ekstensometer (ny);15.01.2021 00:00:07;41.850
ekstensometer (ny);15.01.2021 01:00:05;41.850
ekstensometer (ny);15.01.2021 02:00:06;41.850
ekstensometer (ny);15.01.2021 03:00:04;41.850
ekstensometer (ny);15.01.2021 04:00:07;41.850
ekstensometer (ny);15.01.2021 05:00:05;41.850
ekstensometer (ny);15.01.2021 06:00:05;41.850
ekstensometer (ny);15.01.2021 07:00:05;41.737
ekstensometer (ny);15.01.2021 08:00:07;41.737
ekstensometer (ny);15.01.2021 09:00:04;41.737
ekstensometer (ny);15.01.2021 10:00:05;41.737
ekstensometer (ny);15.01.2021 11:00:05;41.737
ekstensometer (ny);15.01.2021 12:00:07;41.737
ekstensometer (ny);15.01.2021 13:00:05;41.737
ekstensometer (ny);15.01.2021 14:00:05;41.737
ekstensometer (ny);15.01.2021 15:00:05;41.737
ekstensometer (ny);15.01.2021 16:00:07;41.737
ekstensometer (ny);15.01.2021 17:00:04;41.737
ekstensometer (ny);15.01.2021 18:00:05;41.737
ekstensometer (ny);15.01.2021 19:00:05;41.737
ekstensometer (ny);15.01.2021 20:00:06;41.737
ekstensometer (ny);15.01.2021 21:00:04;41.737
ekstensometer (ny);15.01.2021 22:00:05;41.737
ekstensometer (ny);15.01.2021 23:00:05;41.737
ekstensometer (ny);16.01.2021 00:00:07;41.737
ekstensometer (ny);16.01.2021 01:00:05;41.737
ekstensometer (ny);16.01.2021 02:00:05;41.737
ekstensometer (ny);16.01.2021 03:00:04;41.737
ekstensometer (ny);16.01.2021 04:00:07;41.737
ekstensometer (ny);16.01.2021 05:00:05;41.737
ekstensometer (ny);16.01.2021 06:00:05;41.737
ekstensometer (ny);16.01.2021 07:00:05;41.737
ekstensometer (ny);16.01.2021 08:00:07;41.737
ekstensometer (ny);16.01.2021 09:00:05;41.737
ekstensometer (ny);16.01.2021 10:00:04;41.625
ekstensometer (ny);16.01.2021 11:00:05;41.625
ekstensometer (ny);16.01.2021 12:00:07;41.625
ekstensometer (ny);16.01.2021 13:00:05;41.625
ekstensometer (ny);16.01.2021 14:00:05;41.625
ekstensometer (ny);16.01.2021 15:00:05;41.625
ekstensometer (ny);16.01.2021 16:00:07;41.625
ekstensometer (ny);16.01.2021 17:00:04;41.625
ekstensometer (ny);16.01.2021 18:00:05;41.625
ekstensometer (ny);16.01.2021 19:00:05;41.625
ekstensometer (ny);16.01.2021 20:00:07;41.625
ekstensometer (ny);16.01.2021 21:00:04;41.625
ekstensometer (ny);16.01.2021 22:00:05;41.625
ekstensometer (ny);16.01.2021 23:00:05;41.625
ekstensometer (ny);17.01.2021 00:00:07;41.625
ekstensometer (ny);17.01.2021 01:00:05;41.625
ekstensometer (ny);17.01.2021 02:00:04;41.625
ekstensometer (ny);17.01.2021 03:00:05;41.625
ekstensometer (ny);17.01.2021 04:00:07;41.625
ekstensometer (ny);17.01.2021 05:00:05;41.625
ekstensometer (ny);17.01.2021 06:00:05;41.625
ekstensometer (ny);17.01.2021 07:00:05;41.625
ekstensometer (ny);17.01.2021 08:00:28;41.625
ekstensometer (ny);17.01.2021 09:00:04;41.625
ekstensometer (ny);17.01.2021 10:00:05;41.625
ekstensometer (ny);17.01.2021 11:00:05;41.625
ekstensometer (ny);17.01.2021 12:00:07;41.625
ekstensometer (ny);17.01.2021 13:00:05;41.625
ekstensometer (ny);17.01.2021 14:00:05;41.625
ekstensometer (ny);17.01.2021 15:00:04;41.625
ekstensometer (ny);17.01.2021 16:00:07;41.625
ekstensometer (ny);17.01.2021 17:00:05;41.625
ekstensometer (ny);17.01.2021 18:00:04;41.625
ekstensometer (ny);17.01.2021 19:00:05;41.625
ekstensometer (ny);17.01.2021 20:00:07;41.625
ekstensometer (ny);17.01.2021 21:00:05;41.625
ekstensometer (ny);17.01.2021 22:00:05;41.625
ekstensometer (ny);17.01.2021 23:00:04;41.625
ekstensometer (ny);18.01.2021 00:00:07;41.625
ekstensometer (ny);18.01.2021 01:00:05;41.625
ekstensometer (ny);18.01.2021 02:00:05;41.625
ekstensometer (ny);18.01.2021 03:00:05;41.625
ekstensometer (ny);18.01.2021 04:00:07;41.625
ekstensometer (ny);18.01.2021 05:00:05;41.625
ekstensometer (ny);18.01.2021 06:00:04;41.625
ekstensometer (ny);18.01.2021 07:00:05;41.625
ekstensometer (ny);18.01.2021 08:00:07;41.625
ekstensometer (ny);18.01.2021 09:00:05;41.625
ekstensometer (ny);18.01.2021 10:00:05;41.625
ekstensometer (ny);18.01.2021 11:00:05;41.625
ekstensometer (ny);18.01.2021 12:00:07;41.625
ekstensometer (ny);18.01.2021 13:00:04;41.625
ekstensometer (ny);18.01.2021 14:00:05;41.625
ekstensometer (ny);18.01.2021 15:00:05;41.625
ekstensometer (ny);18.01.2021 16:00:07;41.625
ekstensometer (ny);18.01.2021 17:00:05;41.625
ekstensometer (ny);18.01.2021 18:00:05;41.625
ekstensometer (ny);18.01.2021 19:00:05;41.625
ekstensometer (ny);18.01.2021 20:00:07;41.625
ekstensometer (ny);18.01.2021 21:00:04;41.625
ekstensometer (ny);18.01.2021 22:00:05;41.625
ekstensometer (ny);18.01.2021 23:00:05;41.625
ekstensometer (ny);19.01.2021 00:00:07;41.625
ekstensometer (ny);19.01.2021 01:00:05;41.625
ekstensometer (ny);19.01.2021 02:00:04;41.625
ekstensometer (ny);19.01.2021 03:00:04;41.625
ekstensometer (ny);19.01.2021 04:00:07;41.625
ekstensometer (ny);19.01.2021 05:00:05;41.625
ekstensometer (ny);19.01.2021 06:00:05;41.625
ekstensometer (ny);19.01.2021 07:00:05;41.625
ekstensometer (ny);19.01.2021 08:00:07;41.625
ekstensometer (ny);19.01.2021 09:00:04;41.625
ekstensometer (ny);19.01.2021 10:00:04;41.625
ekstensometer (ny);19.01.2021 11:00:05;41.625
ekstensometer (ny);19.01.2021 12:00:07;41.625
ekstensometer (ny);19.01.2021 13:00:05;41.625
ekstensometer (ny);19.01.2021 14:00:05;41.625
ekstensometer (ny);19.01.2021 15:00:05;41.625
ekstensometer (ny);19.01.2021 16:00:39;41.625
ekstensometer (ny);19.01.2021 17:00:04;41.625
ekstensometer (ny);19.01.2021 18:00:04;41.625
ekstensometer (ny);19.01.2021 19:00:05;41.625
ekstensometer (ny);19.01.2021 20:00:07;41.625
ekstensometer (ny);19.01.2021 21:00:05;41.625
ekstensometer (ny);19.01.2021 22:00:05;41.625
ekstensometer (ny);19.01.2021 23:00:06;41.625
ekstensometer (ny);20.01.2021 00:00:07;41.625
ekstensometer (ny);20.01.2021 01:00:05;41.625
ekstensometer (ny);20.01.2021 02:00:05;41.625
ekstensometer (ny);20.01.2021 03:00:05;41.625
ekstensometer (ny);20.01.2021 04:00:07;41.625
ekstensometer (ny);20.01.2021 05:00:05;41.625
ekstensometer (ny);20.01.2021 06:00:04;41.625
ekstensometer (ny);20.01.2021 07:00:05;41.625
ekstensometer (ny);20.01.2021 08:00:07;41.625
ekstensometer (ny);20.01.2021 09:00:05;41.625
ekstensometer (ny);20.01.2021 10:00:05;41.625
ekstensometer (ny);20.01.2021 11:00:05;41.625
ekstensometer (ny);20.01.2021 12:00:07;41.625
ekstensometer (ny);20.01.2021 13:00:04;41.625
ekstensometer (ny);20.01.2021 14:00:05;41.625
ekstensometer (ny);20.01.2021 15:00:05;41.625
ekstensometer (ny);20.01.2021 16:00:27;41.625
ekstensometer (ny);20.01.2021 17:00:05;41.625
ekstensometer (ny);20.01.2021 18:00:05;41.625
ekstensometer (ny);20.01.2021 19:00:05;41.625
ekstensometer (ny);20.01.2021 20:00:07;41.625
ekstensometer (ny);20.01.2021 21:00:04;41.625
ekstensometer (ny);20.01.2021 22:00:04;41.625
ekstensometer (ny);20.01.2021 23:00:05;41.625
ekstensometer (ny);21.01.2021 00:00:39;41.625
ekstensometer (ny);21.01.2021 01:00:05;41.625
ekstensometer (ny);21.01.2021 02:00:05;42.188
ekstensometer (ny);21.01.2021 03:00:06;42.188
ekstensometer (ny);21.01.2021 04:00:27;42.188
ekstensometer (ny);21.01.2021 05:00:05;42.188
ekstensometer (ny);21.01.2021 06:00:05;42.188
ekstensometer (ny);21.01.2021 07:00:05;42.188
ekstensometer (ny);21.01.2021 08:00:07;42.188
ekstensometer (ny);21.01.2021 09:00:05;42.188
ekstensometer (ny);21.01.2021 10:00:04;42.188
ekstensometer (ny);21.01.2021 11:00:05;42.188
ekstensometer (ny);21.01.2021 12:00:07;42.750
ekstensometer (ny);21.01.2021 13:00:05;42.750
ekstensometer (ny);21.01.2021 14:00:05;42.750
ekstensometer (ny);21.01.2021 15:00:05;42.750
ekstensometer (ny);21.01.2021 16:00:06;42.750
ekstensometer (ny);21.01.2021 17:00:04;42.750
ekstensometer (ny);21.01.2021 18:00:05;42.750
ekstensometer (ny);21.01.2021 19:00:05;43.312
ekstensometer (ny);21.01.2021 20:00:07;43.312
ekstensometer (ny);21.01.2021 21:00:05;43.312
ekstensometer (ny);21.01.2021 22:00:04;43.312
ekstensometer (ny);21.01.2021 23:00:04;43.312
ekstensometer (ny);22.01.2021 00:00:59;43.312
ekstensometer (ny);22.01.2021 01:00:05;43.312
ekstensometer (ny);22.01.2021 02:00:05;43.312
ekstensometer (ny);22.01.2021 03:00:05;43.312
ekstensometer (ny);22.01.2021 04:00:27;43.312
ekstensometer (ny);22.01.2021 05:00:04;43.312
ekstensometer (ny);22.01.2021 06:00:05;43.312
ekstensometer (ny);22.01.2021 07:00:05;43.312
ekstensometer (ny);22.01.2021 08:00:07;43.312
ekstensometer (ny);22.01.2021 09:00:05;43.312
ekstensometer (ny);22.01.2021 10:00:06;43.312
ekstensometer (ny);22.01.2021 11:00:04;43.312
ekstensometer (ny);22.01.2021 12:00:07;43.312
ekstensometer (ny);22.01.2021 13:00:05;43.312
ekstensometer (ny);22.01.2021 14:00:05;43.312
ekstensometer (ny);22.01.2021 15:00:05;43.312
ekstensometer (ny);22.01.2021 16:00:07;43.875
ekstensometer (ny);22.01.2021 17:00:04;43.875
ekstensometer (ny);22.01.2021 18:00:05;43.875
ekstensometer (ny);22.01.2021 19:00:05;43.875
ekstensometer (ny);22.01.2021 20:00:07;43.875
ekstensometer (ny);22.01.2021 21:00:04;43.875
ekstensometer (ny);22.01.2021 22:00:04;43.875
ekstensometer (ny);22.01.2021 23:00:05;43.875
ekstensometer (ny);23.01.2021 00:00:07;43.875
ekstensometer (ny);23.01.2021 01:00:05;43.875
ekstensometer (ny);23.01.2021 02:00:05;43.875
ekstensometer (ny);23.01.2021 03:00:05;43.875
ekstensometer (ny);23.01.2021 04:00:07;43.875
ekstensometer (ny);23.01.2021 05:00:04;43.875
ekstensometer (ny);23.01.2021 06:00:05;43.875
ekstensometer (ny);23.01.2021 07:00:05;43.875
ekstensometer (ny);23.01.2021 08:00:07;43.875
ekstensometer (ny);23.01.2021 09:00:05;43.875
ekstensometer (ny);23.01.2021 10:00:04;44.438
ekstensometer (ny);23.01.2021 11:00:05;43.875
ekstensometer (ny);23.01.2021 12:00:07;44.213
ekstensometer (ny);23.01.2021 13:00:05;43.875
ekstensometer (ny);23.01.2021 14:00:05;43.875
ekstensometer (ny);23.01.2021 15:00:05;44.100
ekstensometer (ny);23.01.2021 16:00:07;44.100
ekstensometer (ny);23.01.2021 17:00:04;44.325
ekstensometer (ny);23.01.2021 18:00:04;44.550
ekstensometer (ny);23.01.2021 19:00:04;44.550
ekstensometer (ny);23.01.2021 20:00:07;44.550
ekstensometer (ny);23.01.2021 21:00:05;44.550
ekstensometer (ny);23.01.2021 22:00:05;44.550
ekstensometer (ny);23.01.2021 23:00:05;44.550
ekstensometer (ny);24.01.2021 00:00:07;44.550
ekstensometer (ny);24.01.2021 01:00:04;44.550
ekstensometer (ny);24.01.2021 02:00:04;44.550
ekstensometer (ny);24.01.2021 03:00:05;44.550
ekstensometer (ny);24.01.2021 04:00:07;44.550
ekstensometer (ny);24.01.2021 05:00:05;44.550
ekstensometer (ny);24.01.2021 06:00:05;44.550
ekstensometer (ny);24.01.2021 07:00:04;44.550
ekstensometer (ny);24.01.2021 08:00:07;44.550
ekstensometer (ny);24.01.2021 09:00:05;44.550
ekstensometer (ny);24.01.2021 10:00:05;44.550
ekstensometer (ny);24.01.2021 11:00:05;44.438
ekstensometer (ny);24.01.2021 12:00:07;44.662
ekstensometer (ny);24.01.2021 13:00:04;44.775
ekstensometer (ny);24.01.2021 14:00:05;45.112
ekstensometer (ny);24.01.2021 15:00:05;45.112
ekstensometer (ny);24.01.2021 16:00:07;45.225
ekstensometer (ny);24.01.2021 17:00:05;45.225
ekstensometer (ny);24.01.2021 18:00:04;45.225
ekstensometer (ny);24.01.2021 19:00:04;45.225
ekstensometer (ny);24.01.2021 20:00:07;45.225
ekstensometer (ny);24.01.2021 21:00:05;45.787
ekstensometer (ny);24.01.2021 22:00:05;45.787
ekstensometer (ny);24.01.2021 23:00:05;45.787
ekstensometer (ny);25.01.2021 00:00:06;45.787
ekstensometer (ny);25.01.2021 01:00:04;45.787
ekstensometer (ny);25.01.2021 02:00:05;45.787
ekstensometer (ny);25.01.2021 03:00:05;45.787
ekstensometer (ny);25.01.2021 04:00:07;45.787
ekstensometer (ny);25.01.2021 05:00:05;45.787
ekstensometer (ny);25.01.2021 06:00:05;45.787
ekstensometer (ny);25.01.2021 07:00:04;46.463
ekstensometer (ny);25.01.2021 08:00:07;46.463
ekstensometer (ny);25.01.2021 09:00:05;46.463
ekstensometer (ny);25.01.2021 10:00:05;46.463
ekstensometer (ny);25.01.2021 11:00:05;46.350
ekstensometer (ny);25.01.2021 12:00:07;46.350
ekstensometer (ny);25.01.2021 13:00:05;46.350
ekstensometer (ny);25.01.2021 14:00:04;46.350
ekstensometer (ny);25.01.2021 15:00:05;46.350
ekstensometer (ny);25.01.2021 16:00:07;46.463
ekstensometer (ny);25.01.2021 17:00:05;46.463
ekstensometer (ny);25.01.2021 18:00:04;46.350
ekstensometer (ny);25.01.2021 19:00:04;46.350
ekstensometer (ny);25.01.2021 20:00:40;46.463
ekstensometer (ny);25.01.2021 21:00:05;46.350
ekstensometer (ny);25.01.2021 22:00:05;46.350
ekstensometer (ny);25.01.2021 23:00:05;46.350
ekstensometer (ny);26.01.2021 00:00:07;46.350
ekstensometer (ny);26.01.2021 01:00:04;46.350
ekstensometer (ny);26.01.2021 02:00:05;46.350
ekstensometer (ny);26.01.2021 03:00:05;46.350
ekstensometer (ny);26.01.2021 04:00:07;46.350
ekstensometer (ny);26.01.2021 05:00:05;46.350
ekstensometer (ny);26.01.2021 06:00:06;46.350
ekstensometer (ny);26.01.2021 07:00:04;46.350
ekstensometer (ny);26.01.2021 08:00:07;46.350
ekstensometer (ny);26.01.2021 09:00:05;46.350
ekstensometer (ny);26.01.2021 10:00:05;46.350
ekstensometer (ny);26.01.2021 11:00:05;46.350
ekstensometer (ny);26.01.2021 12:00:07;46.350
ekstensometer (ny);26.01.2021 13:00:04;46.350
ekstensometer (ny);26.01.2021 14:00:05;46.350
ekstensometer (ny);26.01.2021 15:00:05;46.350
ekstensometer (ny);26.01.2021 16:00:27;46.350
ekstensometer (ny);26.01.2021 17:00:05;46.350
ekstensometer (ny);26.01.2021 18:00:05;46.350
ekstensometer (ny);26.01.2021 19:00:05;46.350
ekstensometer (ny);26.01.2021 20:00:28;46.350
ekstensometer (ny);26.01.2021 21:00:04;46.350
ekstensometer (ny);26.01.2021 22:00:04;46.350
ekstensometer (ny);26.01.2021 23:00:05;46.350
ekstensometer (ny);27.01.2021 00:00:07;46.350
ekstensometer (ny);27.01.2021 01:00:05;46.350
ekstensometer (ny);27.01.2021 02:00:05;46.350
ekstensometer (ny);27.01.2021 03:00:06;46.350
ekstensometer (ny);27.01.2021 04:00:07;46.350
ekstensometer (ny);27.01.2021 05:00:04;46.350
ekstensometer (ny);27.01.2021 06:00:05;46.463
ekstensometer (ny);27.01.2021 07:00:05;46.912
ekstensometer (ny);27.01.2021 08:00:07;46.912
ekstensometer (ny);27.01.2021 09:00:05;46.912
ekstensometer (ny);27.01.2021 10:00:04;46.912
ekstensometer (ny);27.01.2021 11:00:05;46.912
ekstensometer (ny);27.01.2021 12:00:07;46.912
ekstensometer (ny);27.01.2021 13:00:05;46.912
ekstensometer (ny);27.01.2021 14:00:05;46.912
ekstensometer (ny);27.01.2021 15:00:05;46.912
ekstensometer (ny);27.01.2021 16:00:07;46.912
ekstensometer (ny);27.01.2021 17:00:04;46.912
ekstensometer (ny);27.01.2021 18:00:04;46.912
ekstensometer (ny);27.01.2021 19:00:04;46.912
ekstensometer (ny);27.01.2021 20:00:07;46.912
ekstensometer (ny);27.01.2021 21:00:05;46.912
ekstensometer (ny);27.01.2021 22:00:05;46.912
ekstensometer (ny);27.01.2021 23:00:05;46.912
ekstensometer (ny);28.01.2021 00:00:07;46.912
ekstensometer (ny);28.01.2021 01:00:04;46.912
ekstensometer (ny);28.01.2021 02:00:05;46.912
ekstensometer (ny);28.01.2021 03:00:05;46.912
ekstensometer (ny);28.01.2021 04:00:07;46.912
ekstensometer (ny);28.01.2021 05:00:05;46.912
ekstensometer (ny);28.01.2021 06:00:04;46.912
ekstensometer (ny);28.01.2021 07:00:05;46.912
ekstensometer (ny);28.01.2021 08:00:07;46.912
ekstensometer (ny);28.01.2021 09:00:05;46.912
ekstensometer (ny);28.01.2021 10:00:05;46.912
ekstensometer (ny);28.01.2021 11:00:05;46.912
ekstensometer (ny);28.01.2021 12:00:07;46.912
ekstensometer (ny);28.01.2021 13:00:04;46.800
ekstensometer (ny);28.01.2021 14:00:05;46.912
ekstensometer (ny);28.01.2021 15:00:05;46.912
ekstensometer (ny);28.01.2021 16:00:07;46.912
ekstensometer (ny);28.01.2021 17:00:05;46.912
ekstensometer (ny);28.01.2021 18:00:04;46.912
ekstensometer (ny);28.01.2021 19:00:05;46.912
ekstensometer (ny);28.01.2021 20:00:07;46.912
ekstensometer (ny);28.01.2021 21:00:05;46.912
ekstensometer (ny);28.01.2021 22:00:05;46.912
ekstensometer (ny);28.01.2021 23:00:06;46.912
ekstensometer (ny);29.01.2021 00:00:07;46.912
ekstensometer (ny);29.01.2021 01:00:04;46.912
ekstensometer (ny);29.01.2021 02:00:05;46.912
ekstensometer (ny);29.01.2021 03:00:05;47.475
ekstensometer (ny);29.01.2021 04:00:07;47.475
ekstensometer (ny);29.01.2021 05:00:05;47.475
ekstensometer (ny);29.01.2021 06:00:04;47.475
ekstensometer (ny);29.01.2021 07:00:05;47.475
ekstensometer (ny);29.01.2021 08:00:08;47.475
ekstensometer (ny);29.01.2021 09:00:05;47.475
ekstensometer (ny);29.01.2021 10:00:05;47.475
ekstensometer (ny);29.01.2021 11:00:05;47.475
ekstensometer (ny);29.01.2021 12:00:06;47.475
ekstensometer (ny);29.01.2021 13:00:04;47.475
ekstensometer (ny);29.01.2021 14:00:05;47.475
ekstensometer (ny);29.01.2021 15:00:05;47.475
ekstensometer (ny);29.01.2021 16:00:07;47.475
ekstensometer (ny);29.01.2021 17:00:05;47.475
ekstensometer (ny);29.01.2021 18:00:05;47.475
ekstensometer (ny);29.01.2021 19:00:05;47.475
ekstensometer (ny);29.01.2021 20:00:07;47.475
ekstensometer (ny);29.01.2021 21:00:05;47.362
ekstensometer (ny);29.01.2021 22:00:05;47.362
ekstensometer (ny);29.01.2021 23:00:04;47.362
ekstensometer (ny);30.01.2021 00:00:07;47.362
ekstensometer (ny);30.01.2021 01:00:05;47.362
ekstensometer (ny);30.01.2021 02:00:05;47.362
ekstensometer (ny);30.01.2021 03:00:05;47.362
ekstensometer (ny);30.01.2021 04:00:07;47.362
ekstensometer (ny);30.01.2021 05:00:04;47.362
ekstensometer (ny);30.01.2021 06:00:04;47.362
ekstensometer (ny);30.01.2021 07:00:05;47.362
ekstensometer (ny);30.01.2021 08:00:07;47.475
ekstensometer (ny);30.01.2021 09:00:05;47.362
ekstensometer (ny);30.01.2021 10:00:05;47.362
ekstensometer (ny);30.01.2021 11:00:05;47.362
ekstensometer (ny);30.01.2021 12:00:07;47.250
ekstensometer (ny);30.01.2021 13:00:04;47.250
ekstensometer (ny);30.01.2021 14:00:05;47.250
ekstensometer (ny);30.01.2021 15:00:05;47.250
ekstensometer (ny);30.01.2021 16:00:07;47.362
ekstensometer (ny);30.01.2021 17:00:05;47.362
ekstensometer (ny);30.01.2021 18:00:04;47.362
ekstensometer (ny);30.01.2021 19:00:05;47.475
ekstensometer (ny);30.01.2021 20:00:07;47.362
ekstensometer (ny);30.01.2021 21:00:05;47.362
ekstensometer (ny);30.01.2021 22:00:05;47.362
ekstensometer (ny);30.01.2021 23:00:04;47.362
ekstensometer (ny);31.01.2021 00:00:07;47.362
ekstensometer (ny);31.01.2021 01:00:05;47.362
ekstensometer (ny);31.01.2021 02:00:05;47.362
ekstensometer (ny);31.01.2021 03:00:05;47.362
ekstensometer (ny);31.01.2021 04:00:07;47.362
ekstensometer (ny);31.01.2021 05:00:04;47.362
ekstensometer (ny);31.01.2021 06:00:04;47.362
ekstensometer (ny);31.01.2021 07:00:05;47.362
ekstensometer (ny);31.01.2021 08:00:07;47.362
ekstensometer (ny);31.01.2021 09:00:05;47.362
ekstensometer (ny);31.01.2021 10:00:05;47.362
ekstensometer (ny);31.01.2021 11:00:05;47.362
ekstensometer (ny);31.01.2021 12:00:07;47.362
ekstensometer (ny);31.01.2021 13:00:04;47.250
ekstensometer (ny);31.01.2021 14:00:05;47.362
ekstensometer (ny);31.01.2021 15:00:05;47.925
ekstensometer (ny);31.01.2021 16:00:07;47.925
ekstensometer (ny);31.01.2021 17:00:05;47.925
ekstensometer (ny);31.01.2021 18:00:04;47.925
ekstensometer (ny);31.01.2021 19:00:05;47.925
ekstensometer (ny);31.01.2021 20:00:07;48.037
ekstensometer (ny);31.01.2021 21:00:05;47.925
ekstensometer (ny);31.01.2021 22:00:05;47.925
ekstensometer (ny);31.01.2021 23:00:04;47.925
ekstensometer (ny);01.02.2021 00:00:07;48.037
ekstensometer (ny);01.02.2021 01:00:05;48.037
ekstensometer (ny);01.02.2021 02:00:05;48.037
ekstensometer (ny);01.02.2021 03:00:05;48.037
ekstensometer (ny);01.02.2021 04:00:07;48.600
ekstensometer (ny);01.02.2021 05:00:05;48.600
ekstensometer (ny);01.02.2021 06:00:04;48.600
ekstensometer (ny);01.02.2021 07:00:05;48.600
ekstensometer (ny);01.02.2021 08:00:07;48.600
ekstensometer (ny);01.02.2021 09:00:05;48.600
ekstensometer (ny);01.02.2021 10:00:05;48.600
ekstensometer (ny);01.02.2021 11:00:05;48.600
ekstensometer (ny);01.02.2021 12:00:06;48.600
ekstensometer (ny);01.02.2021 13:00:04;48.600
ekstensometer (ny);01.02.2021 14:00:05;48.600
ekstensometer (ny);01.02.2021 15:00:05;48.600
ekstensometer (ny);01.02.2021 16:00:07;48.600
ekstensometer (ny);01.02.2021 17:00:05;48.600
ekstensometer (ny);01.02.2021 18:00:05;48.600
ekstensometer (ny);01.02.2021 19:00:05;48.600
ekstensometer (ny);01.02.2021 20:00:07;48.600
ekstensometer (ny);01.02.2021 21:00:04;48.600
ekstensometer (ny);01.02.2021 22:00:05;48.600
ekstensometer (ny);01.02.2021 23:00:05;48.600
ekstensometer (ny);02.02.2021 00:00:07;49.162
ekstensometer (ny);02.02.2021 01:00:05;49.162
ekstensometer (ny);02.02.2021 02:00:04;49.162
ekstensometer (ny);02.02.2021 03:00:04;49.162
ekstensometer (ny);02.02.2021 04:00:07;49.162
ekstensometer (ny);02.02.2021 05:00:05;49.162
ekstensometer (ny);02.02.2021 06:00:05;49.162
ekstensometer (ny);02.02.2021 07:00:05;49.162
ekstensometer (ny);02.02.2021 08:00:07;49.162
ekstensometer (ny);02.02.2021 09:00:04;49.050
ekstensometer (ny);02.02.2021 10:00:04;49.050
ekstensometer (ny);02.02.2021 11:00:05;49.050
ekstensometer (ny);02.02.2021 12:00:07;49.162
ekstensometer (ny);02.02.2021 13:00:05;49.162
ekstensometer (ny);02.02.2021 14:00:05;49.162
ekstensometer (ny);02.02.2021 15:00:04;49.162
ekstensometer (ny);02.02.2021 16:00:27;49.162
ekstensometer (ny);02.02.2021 17:00:04;49.162
ekstensometer (ny);02.02.2021 18:00:05;49.162
ekstensometer (ny);02.02.2021 19:00:05;49.162
ekstensometer (ny);02.02.2021 20:00:07;49.162
ekstensometer (ny);02.02.2021 21:00:05;49.162
ekstensometer (ny);02.02.2021 22:00:05;49.162
ekstensometer (ny);02.02.2021 23:00:04;49.162
ekstensometer (ny);03.02.2021 00:00:07;49.162
ekstensometer (ny);03.02.2021 01:00:05;49.162
ekstensometer (ny);03.02.2021 02:00:05;49.162
ekstensometer (ny);03.02.2021 03:00:05;49.162
ekstensometer (ny);03.02.2021 04:00:07;49.162
ekstensometer (ny);03.02.2021 05:00:04;49.162
ekstensometer (ny);03.02.2021 06:00:04;49.162
ekstensometer (ny);03.02.2021 07:00:05;49.162
ekstensometer (ny);03.02.2021 08:00:07;49.162
ekstensometer (ny);03.02.2021 09:00:05;49.162
ekstensometer (ny);03.02.2021 10:00:05;49.162
ekstensometer (ny);03.02.2021 11:00:05;49.500
ekstensometer (ny);03.02.2021 12:00:07;49.162
ekstensometer (ny);03.02.2021 13:00:04;49.162
ekstensometer (ny);03.02.2021 14:00:05;49.275
ekstensometer (ny);03.02.2021 15:00:05;49.725
ekstensometer (ny);03.02.2021 16:00:07;49.162
ekstensometer (ny);03.02.2021 17:00:05;49.725
ekstensometer (ny);03.02.2021 18:00:05;49.162
ekstensometer (ny);03.02.2021 19:00:04;49.500
ekstensometer (ny);03.02.2021 20:00:07;49.500
ekstensometer (ny);03.02.2021 21:00:05;49.388
ekstensometer (ny);03.02.2021 22:00:05;49.500
ekstensometer (ny);03.02.2021 23:00:05;49.725
ekstensometer (ny);04.02.2021 00:00:07;49.162
ekstensometer (ny);04.02.2021 01:00:04;49.162
ekstensometer (ny);04.02.2021 02:00:04;49.500
ekstensometer (ny);04.02.2021 03:00:05;49.162
ekstensometer (ny);04.02.2021 04:00:07;49.500
ekstensometer (ny);04.02.2021 05:00:05;49.388
ekstensometer (ny);04.02.2021 06:00:05;49.275
ekstensometer (ny);04.02.2021 07:00:04;49.162
ekstensometer (ny);04.02.2021 08:00:07;49.162
ekstensometer (ny);04.02.2021 09:00:05;49.162
ekstensometer (ny);04.02.2021 10:00:05;49.500
ekstensometer (ny);04.02.2021 11:00:05;49.725
ekstensometer (ny);04.02.2021 12:00:07;49.725
ekstensometer (ny);04.02.2021 13:00:05;49.725
ekstensometer (ny);04.02.2021 14:00:04;49.725
ekstensometer (ny);04.02.2021 15:00:05;49.725
ekstensometer (ny);04.02.2021 16:00:07;49.725
ekstensometer (ny);04.02.2021 17:00:05;49.725
ekstensometer (ny);04.02.2021 18:00:05;49.725
ekstensometer (ny);04.02.2021 19:00:05;49.725
ekstensometer (ny);04.02.2021 20:00:06;49.725
ekstensometer (ny);04.02.2021 21:00:04;49.725
ekstensometer (ny);04.02.2021 22:00:05;49.725
ekstensometer (ny);04.02.2021 23:00:05;49.725
ekstensometer (ny);05.02.2021 00:00:07;49.725
ekstensometer (ny);05.02.2021 01:00:05;49.725
ekstensometer (ny);05.02.2021 02:00:05;49.725
ekstensometer (ny);05.02.2021 03:00:04;49.725
ekstensometer (ny);05.02.2021 04:00:07;49.725
ekstensometer (ny);05.02.2021 05:00:05;49.725
ekstensometer (ny);05.02.2021 06:00:05;49.725
ekstensometer (ny);05.02.2021 07:00:05;49.725
ekstensometer (ny);05.02.2021 08:00:07;49.725
ekstensometer (ny);05.02.2021 09:00:04;49.725
ekstensometer (ny);05.02.2021 10:00:04;49.725
ekstensometer (ny);05.02.2021 11:00:05;49.725
ekstensometer (ny);05.02.2021 12:00:07;49.725
ekstensometer (ny);05.02.2021 13:00:05;49.725
ekstensometer (ny);05.02.2021 14:00:05;49.725
ekstensometer (ny);05.02.2021 15:00:05;49.725
ekstensometer (ny);05.02.2021 16:00:07;49.725
ekstensometer (ny);05.02.2021 17:00:04;49.725
ekstensometer (ny);05.02.2021 18:00:05;49.725
ekstensometer (ny);05.02.2021 19:00:05;49.725
ekstensometer (ny);05.02.2021 20:00:07;49.725
ekstensometer (ny);05.02.2021 21:00:05;49.725
ekstensometer (ny);05.02.2021 22:00:04;49.725
ekstensometer (ny);05.02.2021 23:00:04;49.725
ekstensometer (ny);06.02.2021 00:00:07;49.725
ekstensometer (ny);06.02.2021 01:00:05;49.725
ekstensometer (ny);06.02.2021 02:00:05;49.612
ekstensometer (ny);06.02.2021 03:00:05;49.725
ekstensometer (ny);06.02.2021 04:00:07;49.725
ekstensometer (ny);06.02.2021 05:00:04;49.725
ekstensometer (ny);06.02.2021 06:00:04;49.725
ekstensometer (ny);06.02.2021 07:00:05;49.725
ekstensometer (ny);06.02.2021 08:00:07;49.725
ekstensometer (ny);06.02.2021 09:00:05;49.725
ekstensometer (ny);06.02.2021 10:00:05;49.725
ekstensometer (ny);06.02.2021 11:00:04;49.725
ekstensometer (ny);06.02.2021 12:00:07;49.612
ekstensometer (ny);06.02.2021 13:00:05;49.612
ekstensometer (ny);06.02.2021 14:00:05;49.725
ekstensometer (ny);06.02.2021 15:00:05;49.725
ekstensometer (ny);06.02.2021 16:00:07;49.725
ekstensometer (ny);06.02.2021 17:00:05;49.725
ekstensometer (ny);06.02.2021 18:00:05;49.725
ekstensometer (ny);06.02.2021 19:00:04;49.725
ekstensometer (ny);06.02.2021 20:00:07;49.725
ekstensometer (ny);06.02.2021 21:00:05;49.725
ekstensometer (ny);06.02.2021 22:00:05;49.725
ekstensometer (ny);06.02.2021 23:00:05;49.725
ekstensometer (ny);07.02.2021 00:00:07;49.725
ekstensometer (ny);07.02.2021 01:00:05;49.725
ekstensometer (ny);07.02.2021 02:00:04;49.725
ekstensometer (ny);07.02.2021 03:00:05;49.725
ekstensometer (ny);07.02.2021 04:00:07;49.725
ekstensometer (ny);07.02.2021 05:00:05;49.725
ekstensometer (ny);07.02.2021 06:00:05;49.725
ekstensometer (ny);07.02.2021 07:00:05;49.725
ekstensometer (ny);07.02.2021 08:00:06;49.725
ekstensometer (ny);07.02.2021 09:00:04;49.725
ekstensometer (ny);07.02.2021 10:00:05;49.725
ekstensometer (ny);07.02.2021 11:00:05;49.725
ekstensometer (ny);07.02.2021 12:00:07;49.725
ekstensometer (ny);07.02.2021 13:00:05;49.725
ekstensometer (ny);07.02.2021 14:00:05;49.725
ekstensometer (ny);07.02.2021 15:00:04;49.725
ekstensometer (ny);07.02.2021 16:00:07;49.725
ekstensometer (ny);07.02.2021 17:00:05;50.062
ekstensometer (ny);07.02.2021 18:00:05;50.287
ekstensometer (ny);07.02.2021 19:00:05;50.287
ekstensometer (ny);07.02.2021 20:00:06;50.287
ekstensometer (ny);07.02.2021 21:00:04;50.287
ekstensometer (ny);07.02.2021 22:00:05;50.287
ekstensometer (ny);07.02.2021 23:00:05;50.287
ekstensometer (ny);08.02.2021 00:00:07;50.287
ekstensometer (ny);08.02.2021 01:00:05;50.287
ekstensometer (ny);08.02.2021 02:00:05;50.287
ekstensometer (ny);08.02.2021 03:00:04;50.287
ekstensometer (ny);08.02.2021 04:00:07;50.287
ekstensometer (ny);08.02.2021 05:00:05;50.287
ekstensometer (ny);08.02.2021 06:00:05;50.287
ekstensometer (ny);08.02.2021 07:00:05;50.287
ekstensometer (ny);08.02.2021 08:00:07;50.287
ekstensometer (ny);08.02.2021 09:00:04;50.287
ekstensometer (ny);08.02.2021 10:00:04;50.287
ekstensometer (ny);08.02.2021 11:00:05;50.175
ekstensometer (ny);08.02.2021 12:00:07;50.062
ekstensometer (ny);08.02.2021 13:00:05;50.062
ekstensometer (ny);08.02.2021 14:00:05;50.175
ekstensometer (ny);08.02.2021 15:00:05;50.175
ekstensometer (ny);08.02.2021 16:00:07;50.175
ekstensometer (ny);08.02.2021 17:00:04;50.175
ekstensometer (ny);08.02.2021 18:00:05;50.175
ekstensometer (ny);08.02.2021 19:00:05;50.175
ekstensometer (ny);08.02.2021 20:00:07;50.175
ekstensometer (ny);08.02.2021 21:00:05;50.175
ekstensometer (ny);08.02.2021 22:00:04;50.175
ekstensometer (ny);08.02.2021 23:00:04;50.175
ekstensometer (ny);09.02.2021 00:00:07;50.175
ekstensometer (ny);09.02.2021 01:00:05;50.175
ekstensometer (ny);09.02.2021 02:00:05;50.175
ekstensometer (ny);09.02.2021 03:00:05;50.287
ekstensometer (ny);09.02.2021 04:00:07;50.287
ekstensometer (ny);09.02.2021 05:00:04;50.287
ekstensometer (ny);09.02.2021 06:00:05;50.287
ekstensometer (ny);09.02.2021 07:00:05;50.287
ekstensometer (ny);09.02.2021 08:00:07;50.287
ekstensometer (ny);09.02.2021 09:00:05;50.287
ekstensometer (ny);09.02.2021 10:00:04;50.287
ekstensometer (ny);09.02.2021 11:00:05;50.287
ekstensometer (ny);09.02.2021 12:00:07;50.850
ekstensometer (ny);09.02.2021 13:00:05;50.850
ekstensometer (ny);09.02.2021 14:00:05;50.850
ekstensometer (ny);09.02.2021 15:00:05;50.737
ekstensometer (ny);09.02.2021 16:00:07;50.850
ekstensometer (ny);09.02.2021 17:00:04;50.850
ekstensometer (ny);09.02.2021 18:00:05;50.850
ekstensometer (ny);09.02.2021 19:00:05;50.850
ekstensometer (ny);09.02.2021 20:00:06;50.850
ekstensometer (ny);09.02.2021 21:00:04;50.850
ekstensometer (ny);09.02.2021 22:00:04;50.850
ekstensometer (ny);09.02.2021 23:00:05;50.850
ekstensometer (ny);10.02.2021 00:00:07;50.850
ekstensometer (ny);10.02.2021 01:00:05;50.850
ekstensometer (ny);10.02.2021 02:00:05;50.850
ekstensometer (ny);10.02.2021 03:00:04;50.850
ekstensometer (ny);10.02.2021 04:00:07;50.850
ekstensometer (ny);10.02.2021 05:00:05;50.850
ekstensometer (ny);10.02.2021 06:00:05;50.850
ekstensometer (ny);10.02.2021 07:00:05;50.850
ekstensometer (ny);10.02.2021 08:00:07;50.850
ekstensometer (ny);10.02.2021 09:00:05;50.850
ekstensometer (ny);10.02.2021 10:00:04;50.850
ekstensometer (ny);10.02.2021 11:00:05;50.737
ekstensometer (ny);10.02.2021 12:00:07;50.737
ekstensometer (ny);10.02.2021 13:00:05;50.737
ekstensometer (ny);10.02.2021 14:00:05;50.737
ekstensometer (ny);10.02.2021 15:00:05;50.737
ekstensometer (ny);10.02.2021 16:00:07;50.737
ekstensometer (ny);10.02.2021 17:00:04;50.737
ekstensometer (ny);10.02.2021 18:00:04;50.737
ekstensometer (ny);10.02.2021 19:00:05;50.737
ekstensometer (ny);10.02.2021 20:00:07;50.737
ekstensometer (ny);10.02.2021 21:00:05;50.737
ekstensometer (ny);10.02.2021 22:00:05;50.737
ekstensometer (ny);10.02.2021 23:00:04;50.737
ekstensometer (ny);11.02.2021 00:00:07;50.850
ekstensometer (ny);11.02.2021 01:00:05;50.850
ekstensometer (ny);11.02.2021 02:00:05;50.850
ekstensometer (ny);11.02.2021 03:00:05;51.412
ekstensometer (ny);11.02.2021 04:00:07;51.412
ekstensometer (ny);11.02.2021 05:00:05;51.412
ekstensometer (ny);11.02.2021 06:00:04;51.412
ekstensometer (ny);11.02.2021 07:00:05;51.412
ekstensometer (ny);11.02.2021 08:00:07;51.412
ekstensometer (ny);11.02.2021 09:00:05;51.412
ekstensometer (ny);11.02.2021 10:00:05;51.412
ekstensometer (ny);11.02.2021 11:00:05;51.412
ekstensometer (ny);11.02.2021 12:00:07;51.412
ekstensometer (ny);11.02.2021 13:00:04;51.412
ekstensometer (ny);11.02.2021 14:00:05;51.412
ekstensometer (ny);11.02.2021 15:00:05;51.412
ekstensometer (ny);11.02.2021 16:00:07;51.412
ekstensometer (ny);11.02.2021 17:00:05;51.412
ekstensometer (ny);11.02.2021 18:00:05;51.412
ekstensometer (ny);11.02.2021 19:00:04;51.412
ekstensometer (ny);11.02.2021 20:00:27;51.412
ekstensometer (ny);11.02.2021 21:00:05;51.412
ekstensometer (ny);11.02.2021 22:00:05;51.412
ekstensometer (ny);11.02.2021 23:00:05;51.412
ekstensometer (ny);12.02.2021 00:00:07;51.412
ekstensometer (ny);12.02.2021 01:00:05;51.412
ekstensometer (ny);12.02.2021 02:00:04;51.412
ekstensometer (ny);12.02.2021 03:00:05;51.412
ekstensometer (ny);12.02.2021 04:00:07;51.412
ekstensometer (ny);12.02.2021 05:00:05;51.412
ekstensometer (ny);12.02.2021 06:00:05;51.750
ekstensometer (ny);12.02.2021 07:00:05;51.412
ekstensometer (ny);12.02.2021 08:00:06;51.975
ekstensometer (ny);12.02.2021 09:00:04;51.975
ekstensometer (ny);12.02.2021 10:00:05;51.975
ekstensometer (ny);12.02.2021 11:00:05;51.975
ekstensometer (ny);12.02.2021 12:00:28;51.638
ekstensometer (ny);12.02.2021 13:00:05;51.975
ekstensometer (ny);12.02.2021 14:00:04;51.975
ekstensometer (ny);12.02.2021 15:00:05;51.975
ekstensometer (ny);12.02.2021 16:00:07;51.412
ekstensometer (ny);12.02.2021 17:00:05;51.975
ekstensometer (ny);12.02.2021 18:00:05;51.862
ekstensometer (ny);12.02.2021 19:00:05;51.750
ekstensometer (ny);12.02.2021 20:00:07;51.975
ekstensometer (ny);12.02.2021 21:00:04;51.975
ekstensometer (ny);12.02.2021 22:00:04;51.975
ekstensometer (ny);12.02.2021 23:00:05;51.975
ekstensometer (ny);13.02.2021 00:00:07;51.975
ekstensometer (ny);13.02.2021 01:00:05;51.975
ekstensometer (ny);13.02.2021 02:00:05;51.862
ekstensometer (ny);13.02.2021 03:00:06;51.975
ekstensometer (ny);13.02.2021 04:00:27;51.975
ekstensometer (ny);13.02.2021 05:00:04;51.975
ekstensometer (ny);13.02.2021 06:00:05;51.975
ekstensometer (ny);13.02.2021 07:00:05;51.975
ekstensometer (ny);13.02.2021 08:00:07;51.975
ekstensometer (ny);13.02.2021 09:00:05;51.975
ekstensometer (ny);13.02.2021 10:00:04;51.975
ekstensometer (ny);13.02.2021 11:00:05;51.975
ekstensometer (ny);13.02.2021 12:00:07;51.975
ekstensometer (ny);13.02.2021 13:00:05;51.975
ekstensometer (ny);13.02.2021 14:00:05;51.975
ekstensometer (ny);13.02.2021 15:00:05;51.975
ekstensometer (ny);13.02.2021 16:00:07;51.975
ekstensometer (ny);13.02.2021 17:00:04;51.975
ekstensometer (ny);13.02.2021 18:00:04;51.975
ekstensometer (ny);13.02.2021 19:00:04;51.975
ekstensometer (ny);13.02.2021 20:00:27;51.975
ekstensometer (ny);13.02.2021 21:00:05;51.975
ekstensometer (ny);13.02.2021 22:00:05;51.975
ekstensometer (ny);13.02.2021 23:00:05;51.975
ekstensometer (ny);14.02.2021 00:00:06;51.975
ekstensometer (ny);14.02.2021 01:00:04;51.975
ekstensometer (ny);14.02.2021 02:00:05;51.975
ekstensometer (ny);14.02.2021 03:00:05;51.975
ekstensometer (ny);14.02.2021 04:00:07;51.975
ekstensometer (ny);14.02.2021 05:00:05;51.975
ekstensometer (ny);14.02.2021 06:00:06;51.975
ekstensometer (ny);14.02.2021 07:00:04;51.975
ekstensometer (ny);14.02.2021 08:00:07;51.975
ekstensometer (ny);14.02.2021 09:00:05;51.975
ekstensometer (ny);14.02.2021 10:00:05;51.975
ekstensometer (ny);14.02.2021 11:00:05;51.862
ekstensometer (ny);14.02.2021 12:00:07;51.638
ekstensometer (ny);14.02.2021 13:00:04;51.862
ekstensometer (ny);14.02.2021 14:00:05;51.862
ekstensometer (ny);14.02.2021 15:00:05;51.750
ekstensometer (ny);14.02.2021 16:00:07;51.750
ekstensometer (ny);14.02.2021 17:00:05;51.750
ekstensometer (ny);14.02.2021 18:00:05;51.750
ekstensometer (ny);14.02.2021 19:00:05;51.862
ekstensometer (ny);14.02.2021 20:00:26;51.750
ekstensometer (ny);14.02.2021 21:00:04;51.750
ekstensometer (ny);14.02.2021 22:00:05;51.750
ekstensometer (ny);14.02.2021 23:00:05;51.750
ekstensometer (ny);15.02.2021 00:00:07;51.750
ekstensometer (ny);15.02.2021 01:00:05;51.750
ekstensometer (ny);15.02.2021 02:00:04;51.750
ekstensometer (ny);15.02.2021 03:00:05;51.750
ekstensometer (ny);15.02.2021 04:00:07;51.750
ekstensometer (ny);15.02.2021 05:00:05;51.750
ekstensometer (ny);15.02.2021 06:00:05;51.750
ekstensometer (ny);15.02.2021 07:00:05;51.750
ekstensometer (ny);15.02.2021 08:00:07;51.750
ekstensometer (ny);15.02.2021 09:00:04;51.750
ekstensometer (ny);15.02.2021 10:00:05;51.750
ekstensometer (ny);15.02.2021 11:00:05;51.750
ekstensometer (ny);15.02.2021 12:00:07;51.750
ekstensometer (ny);15.02.2021 13:00:05;51.750
ekstensometer (ny);15.02.2021 14:00:05;51.750
ekstensometer (ny);15.02.2021 15:00:04;51.750
ekstensometer (ny);15.02.2021 16:00:07;51.750
ekstensometer (ny);15.02.2021 17:00:05;51.750
ekstensometer (ny);15.02.2021 18:00:05;51.750
ekstensometer (ny);15.02.2021 19:00:05;51.750
ekstensometer (ny);15.02.2021 20:00:27;51.638
ekstensometer (ny);15.02.2021 21:00:04;51.750
ekstensometer (ny);15.02.2021 22:00:04;51.638
ekstensometer (ny);15.02.2021 23:00:05;51.750
ekstensometer (ny);16.02.2021 00:00:07;51.638
ekstensometer (ny);16.02.2021 01:00:05;51.750
ekstensometer (ny);16.02.2021 02:00:05;51.750
ekstensometer (ny);16.02.2021 03:00:06;51.638
ekstensometer (ny);16.02.2021 04:00:07;51.750
ekstensometer (ny);16.02.2021 05:00:04;51.750
ekstensometer (ny);16.02.2021 06:00:05;51.750
ekstensometer (ny);16.02.2021 07:00:05;51.862
ekstensometer (ny);16.02.2021 08:00:07;51.862
ekstensometer (ny);16.02.2021 09:00:05;51.750
ekstensometer (ny);16.02.2021 10:00:04;51.750
ekstensometer (ny);16.02.2021 11:00:05;51.750
ekstensometer (ny);16.02.2021 12:00:07;51.750
ekstensometer (ny);16.02.2021 13:00:05;51.750
ekstensometer (ny);16.02.2021 14:00:05;51.525
ekstensometer (ny);16.02.2021 15:00:05;51.412
ekstensometer (ny);16.02.2021 16:00:07;51.750
ekstensometer (ny);16.02.2021 17:00:04;51.750
ekstensometer (ny);16.02.2021 18:00:05;51.750
ekstensometer (ny);16.02.2021 19:00:05;51.750
ekstensometer (ny);16.02.2021 20:00:07;51.750
ekstensometer (ny);16.02.2021 21:00:04;51.750
ekstensometer (ny);16.02.2021 22:00:04;51.862
ekstensometer (ny);16.02.2021 23:00:05;51.862
ekstensometer (ny);17.02.2021 00:00:07;51.862
ekstensometer (ny);17.02.2021 01:00:05;51.862
ekstensometer (ny);17.02.2021 02:00:05;51.862
ekstensometer (ny);17.02.2021 03:00:04;51.862
ekstensometer (ny);17.02.2021 04:00:07;51.862
ekstensometer (ny);17.02.2021 05:00:05;51.862
ekstensometer (ny);17.02.2021 06:00:05;51.862
ekstensometer (ny);17.02.2021 07:00:05;52.088
ekstensometer (ny);17.02.2021 08:00:07;52.425
ekstensometer (ny);17.02.2021 09:00:04;51.862
ekstensometer (ny);17.02.2021 10:00:05;51.862
ekstensometer (ny);17.02.2021 11:00:04;51.750
ekstensometer (ny);17.02.2021 12:00:07;51.750
ekstensometer (ny);17.02.2021 13:00:05;51.862
ekstensometer (ny);17.02.2021 14:00:05;52.200
ekstensometer (ny);17.02.2021 15:00:05;51.975
ekstensometer (ny);17.02.2021 16:00:06;51.750
ekstensometer (ny);17.02.2021 17:00:04;51.975
ekstensometer (ny);17.02.2021 18:00:04;52.088
ekstensometer (ny);17.02.2021 19:00:04;52.088
ekstensometer (ny);17.02.2021 20:00:07;52.088
ekstensometer (ny);17.02.2021 21:00:05;51.750
ekstensometer (ny);17.02.2021 22:00:05;51.862
ekstensometer (ny);17.02.2021 23:00:05;51.862
ekstensometer (ny);18.02.2021 00:00:27;51.862
ekstensometer (ny);18.02.2021 01:00:04;51.862
ekstensometer (ny);18.02.2021 02:00:04;52.425
ekstensometer (ny);18.02.2021 03:00:05;52.425
ekstensometer (ny);18.02.2021 04:00:07;52.537
ekstensometer (ny);18.02.2021 05:00:05;52.425
ekstensometer (ny);18.02.2021 06:00:05;52.425
ekstensometer (ny);18.02.2021 07:00:04;52.425
ekstensometer (ny);18.02.2021 08:00:07;52.425
ekstensometer (ny);18.02.2021 09:00:05;52.425
ekstensometer (ny);18.02.2021 10:00:05;52.425
ekstensometer (ny);18.02.2021 11:00:05;52.425
ekstensometer (ny);18.02.2021 12:00:07;52.425
ekstensometer (ny);18.02.2021 13:00:05;52.312
ekstensometer (ny);18.02.2021 14:00:04;52.312
ekstensometer (ny);18.02.2021 15:00:05;52.312
ekstensometer (ny);18.02.2021 16:00:07;52.312
ekstensometer (ny);18.02.2021 17:00:05;52.312
ekstensometer (ny);18.02.2021 18:00:05;52.312
ekstensometer (ny);18.02.2021 19:00:05;52.312
ekstensometer (ny);18.02.2021 20:00:28;52.312
ekstensometer (ny);18.02.2021 21:00:04;52.312
ekstensometer (ny);18.02.2021 22:00:05;52.312
ekstensometer (ny);18.02.2021 23:00:05;52.312
ekstensometer (ny);19.02.2021 00:00:07;52.312
ekstensometer (ny);19.02.2021 01:00:05;52.312
ekstensometer (ny);19.02.2021 02:00:05;52.312
ekstensometer (ny);19.02.2021 03:00:04;52.312
ekstensometer (ny);19.02.2021 04:00:07;52.425
ekstensometer (ny);19.02.2021 05:00:05;52.425
ekstensometer (ny);19.02.2021 06:00:05;52.425
ekstensometer (ny);19.02.2021 07:00:05;52.312
ekstensometer (ny);19.02.2021 08:00:07;52.312
ekstensometer (ny);19.02.2021 09:00:05;52.312
ekstensometer (ny);19.02.2021 10:00:04;52.312
ekstensometer (ny);19.02.2021 11:00:05;52.312
ekstensometer (ny);19.02.2021 12:00:27;52.312
ekstensometer (ny);19.02.2021 13:00:05;52.312
ekstensometer (ny);19.02.2021 14:00:05;52.312
ekstensometer (ny);19.02.2021 15:00:05;52.312
ekstensometer (ny);19.02.2021 16:00:06;52.312
ekstensometer (ny);19.02.2021 17:00:04;52.312
ekstensometer (ny);19.02.2021 18:00:05;52.312
ekstensometer (ny);19.02.2021 19:00:04;52.312
ekstensometer (ny);19.02.2021 20:00:07;52.312
ekstensometer (ny);19.02.2021 21:00:05;52.312
ekstensometer (ny);19.02.2021 22:00:05;52.312
ekstensometer (ny);19.02.2021 23:00:05;52.312
ekstensometer (ny);20.02.2021 00:00:07;52.312
ekstensometer (ny);20.02.2021 01:00:04;52.312
ekstensometer (ny);20.02.2021 02:00:04;52.312
ekstensometer (ny);20.02.2021 03:00:04;52.875
ekstensometer (ny);20.02.2021 04:00:07;52.875
ekstensometer (ny);20.02.2021 05:00:05;52.875
ekstensometer (ny);20.02.2021 06:00:05;52.875
ekstensometer (ny);20.02.2021 07:00:05;52.875
ekstensometer (ny);20.02.2021 08:00:07;52.875
ekstensometer (ny);20.02.2021 09:00:04;52.875
ekstensometer (ny);20.02.2021 10:00:05;52.875
ekstensometer (ny);20.02.2021 11:00:05;52.875
ekstensometer (ny);20.02.2021 12:00:07;52.875
ekstensometer (ny);20.02.2021 13:00:05;52.875
ekstensometer (ny);20.02.2021 14:00:06;52.875
ekstensometer (ny);20.02.2021 15:00:04;52.875
ekstensometer (ny);20.02.2021 16:00:07;52.875
ekstensometer (ny);20.02.2021 17:00:05;52.875
ekstensometer (ny);20.02.2021 18:00:05;52.875
ekstensometer (ny);20.02.2021 19:00:05;52.875
ekstensometer (ny);20.02.2021 20:00:07;52.875
ekstensometer (ny);20.02.2021 21:00:05;52.875
ekstensometer (ny);20.02.2021 22:00:05;52.875
ekstensometer (ny);20.02.2021 23:00:04;52.875
ekstensometer (ny);21.02.2021 00:00:07;52.875
ekstensometer (ny);21.02.2021 01:00:05;52.875
ekstensometer (ny);21.02.2021 02:00:05;52.875
ekstensometer (ny);21.02.2021 03:00:05;52.875
ekstensometer (ny);21.02.2021 04:00:07;52.875
ekstensometer (ny);21.02.2021 05:00:04;52.875
ekstensometer (ny);21.02.2021 06:00:04;52.875
ekstensometer (ny);21.02.2021 07:00:05;52.875
ekstensometer (ny);21.02.2021 08:00:07;52.875
ekstensometer (ny);21.02.2021 09:00:05;52.875
ekstensometer (ny);21.02.2021 10:00:05;51.750
ekstensometer (ny);21.02.2021 11:00:04;42.750
ekstensometer (ny);21.02.2021 12:00:07;41.513
ekstensometer (ny);21.02.2021 13:00:04;41.513
ekstensometer (ny);21.02.2021 14:00:05;41.513
ekstensometer (ny);21.02.2021 15:00:05;41.513
ekstensometer (ny);21.02.2021 16:00:33;41.513
ekstensometer (ny);21.02.2021 17:00:05;41.513
ekstensometer (ny);21.02.2021 18:00:04;41.625
ekstensometer (ny);21.02.2021 19:00:04;41.625
ekstensometer (ny);21.02.2021 20:00:07;41.625
ekstensometer (ny);21.02.2021 21:00:05;41.625
ekstensometer (ny);21.02.2021 22:00:05;41.625
ekstensometer (ny);21.02.2021 23:00:05;41.625
ekstensometer (ny);22.02.2021 00:00:07;41.625
ekstensometer (ny);22.02.2021 01:00:04;41.625
ekstensometer (ny);22.02.2021 02:00:04;41.625
ekstensometer (ny);22.02.2021 03:00:05;41.625
ekstensometer (ny);22.02.2021 04:00:07;41.625
ekstensometer (ny);22.02.2021 05:00:05;41.625
ekstensometer (ny);22.02.2021 06:00:05;41.625
ekstensometer (ny);22.02.2021 07:00:05;41.625
ekstensometer (ny);22.02.2021 08:00:07;41.625
ekstensometer (ny);22.02.2021 09:00:04;41.513
ekstensometer (ny);22.02.2021 10:00:05;41.513
ekstensometer (ny);22.02.2021 11:00:05;41.513
ekstensometer (ny);22.02.2021 12:00:08;40.950
ekstensometer (ny);22.02.2021 13:00:05;40.950
ekstensometer (ny);22.02.2021 14:00:04;40.388
ekstensometer (ny);22.02.2021 15:00:04;40.388
ekstensometer (ny);22.02.2021 16:00:07;40.388
ekstensometer (ny);22.02.2021 17:00:05;40.388
ekstensometer (ny);22.02.2021 18:00:05;40.388
ekstensometer (ny);22.02.2021 19:00:05;40.388
ekstensometer (ny);22.02.2021 20:00:07;40.388
ekstensometer (ny);22.02.2021 21:00:04;40.388
ekstensometer (ny);22.02.2021 22:00:04;40.388
ekstensometer (ny);22.02.2021 23:00:05;40.500
ekstensometer (ny);23.02.2021 00:00:07;40.500
ekstensometer (ny);23.02.2021 01:00:05;40.500
ekstensometer (ny);23.02.2021 02:00:05;40.500
ekstensometer (ny);23.02.2021 03:00:05;40.500
ekstensometer (ny);23.02.2021 04:00:07;40.500
ekstensometer (ny);23.02.2021 05:00:04;40.500
ekstensometer (ny);23.02.2021 06:00:05;40.500
ekstensometer (ny);23.02.2021 07:00:05;40.500
ekstensometer (ny);23.02.2021 08:00:07;40.500
ekstensometer (ny);23.02.2021 09:00:05;40.500
ekstensometer (ny);23.02.2021 10:00:04;40.500
ekstensometer (ny);23.02.2021 11:00:05;40.500
ekstensometer (ny);23.02.2021 12:00:27;40.500
ekstensometer (ny);23.02.2021 13:00:05;40.500
ekstensometer (ny);23.02.2021 14:00:05;40.388
ekstensometer (ny);23.02.2021 15:00:05;40.388
ekstensometer (ny);23.02.2021 16:00:07;40.388
ekstensometer (ny);23.02.2021 17:00:04;40.388
ekstensometer (ny);23.02.2021 18:00:05;40.388
ekstensometer (ny);23.02.2021 19:00:05;40.388
ekstensometer (ny);23.02.2021 20:00:07;39.825
ekstensometer (ny);23.02.2021 21:00:05;40.500
ekstensometer (ny);23.02.2021 22:00:05;40.500
ekstensometer (ny);23.02.2021 23:00:04;40.500
ekstensometer (ny);24.02.2021 00:00:07;40.500
ekstensometer (ny);24.02.2021 01:00:05;40.500
ekstensometer (ny);24.02.2021 02:00:05;40.500
ekstensometer (ny);24.02.2021 03:00:05;40.500
ekstensometer (ny);24.02.2021 04:00:07;40.500
ekstensometer (ny);24.02.2021 05:00:04;40.500
ekstensometer (ny);24.02.2021 06:00:05;42.300
ekstensometer (ny);24.02.2021 07:00:05;42.750
ekstensometer (ny);24.02.2021 08:00:07;40.500
ekstensometer (ny);24.02.2021 09:00:05;42.300
ekstensometer (ny);24.02.2021 10:00:05;41.400
ekstensometer (ny);24.02.2021 11:00:05;45.000
ekstensometer (ny);24.02.2021 12:00:06;42.525
ekstensometer (ny);24.02.2021 13:00:04;96.637
ekstensometer (ny);24.02.2021 14:00:05;57.037
ekstensometer (ny);24.02.2021 15:00:05;61.537
ekstensometer (ny);24.02.2021 16:00:07;56.812
ekstensometer (ny);24.02.2021 17:00:05;69.750
ekstensometer (ny);24.02.2021 18:00:05;68.175
ekstensometer (ny);24.02.2021 19:00:04;51.188
ekstensometer (ny);24.02.2021 20:00:07;40.162
ekstensometer (ny);24.02.2021 21:00:05;39.938
ekstensometer (ny);24.02.2021 22:00:05;39.938
ekstensometer (ny);24.02.2021 23:00:05;61.200
ekstensometer (ny);25.02.2021 00:00:07;41.737
ekstensometer (ny);25.02.2021 01:00:04;40.500
ekstensometer (ny);25.02.2021 02:00:04;40.500
ekstensometer (ny);25.02.2021 03:00:05;40.500
ekstensometer (ny);25.02.2021 04:00:07;61.537
ekstensometer (ny);25.02.2021 05:00:05;90.338
ekstensometer (ny);25.02.2021 06:00:05;56.700
ekstensometer (ny);25.02.2021 07:00:05;42.188
ekstensometer (ny);25.02.2021 08:00:06;44.213
ekstensometer (ny);25.02.2021 09:00:04;40.500
ekstensometer (ny);25.02.2021 10:00:05;47.588
ekstensometer (ny);25.02.2021 11:00:05;40.725
ekstensometer (ny);25.02.2021 12:00:07;40.612
ekstensometer (ny);25.02.2021 13:00:05;40.500
ekstensometer (ny);25.02.2021 14:00:06;116.662
ekstensometer (ny);25.02.2021 15:00:04;95.400
ekstensometer (ny);25.02.2021 16:00:07;69.975
ekstensometer (ny);25.02.2021 17:00:05;45.562
ekstensometer (ny);25.02.2021 18:00:05;66.600
ekstensometer (ny);25.02.2021 19:00:05;41.737
ekstensometer (ny);25.02.2021 20:00:07;40.838
ekstensometer (ny);25.02.2021 21:00:05;40.838
ekstensometer (ny);25.02.2021 22:00:05;41.062
ekstensometer (ny);25.02.2021 23:00:04;40.500
ekstensometer (ny);26.02.2021 00:00:07;40.500
ekstensometer (ny);26.02.2021 01:00:05;41.513
ekstensometer (ny);26.02.2021 02:00:05;41.287
ekstensometer (ny);26.02.2021 03:00:05;41.737
ekstensometer (ny);26.02.2021 04:00:07;40.612
ekstensometer (ny);26.02.2021 05:00:04;42.975
ekstensometer (ny);26.02.2021 06:00:04;42.412
ekstensometer (ny);26.02.2021 07:00:05;42.750
ekstensometer (ny);26.02.2021 08:00:27;43.088
ekstensometer (ny);26.02.2021 09:00:05;40.500
ekstensometer (ny);26.02.2021 10:00:05;56.475
ekstensometer (ny);26.02.2021 11:00:05;53.775
ekstensometer (ny);26.02.2021 12:00:07;82.125
ekstensometer (ny);26.02.2021 13:00:04;115.312
ekstensometer (ny);26.02.2021 14:00:05;59.625
ekstensometer (ny);26.02.2021 15:00:05;48.825
ekstensometer (ny);26.02.2021 16:00:07;46.912
ekstensometer (ny);26.02.2021 17:00:05;51.975
ekstensometer (ny);26.02.2021 18:00:05;51.188
ekstensometer (ny);26.02.2021 19:00:05;49.725
ekstensometer (ny);26.02.2021 20:00:06;86.512
ekstensometer (ny);26.02.2021 21:00:04;85.387
ekstensometer (ny);26.02.2021 22:00:05;44.775
ekstensometer (ny);26.02.2021 23:00:05;40.612
ekstensometer (ny);27.02.2021 00:00:07;54.900
ekstensometer (ny);27.02.2021 01:00:05;74.475
ekstensometer (ny);27.02.2021 02:00:05;43.537
ekstensometer (ny);27.02.2021 03:00:04;66.150
ekstensometer (ny);27.02.2021 04:00:07;70.650
ekstensometer (ny);27.02.2021 05:00:05;72.900
ekstensometer (ny);27.02.2021 06:00:05;98.662
ekstensometer (ny);27.02.2021 07:00:05;64.125
ekstensometer (ny);27.02.2021 08:00:07;91.800
ekstensometer (ny);27.02.2021 09:00:04;64.350
ekstensometer (ny);27.02.2021 10:00:04;83.700
ekstensometer (ny);27.02.2021 11:00:05;54.562
ekstensometer (ny);27.02.2021 12:00:07;64.912
ekstensometer (ny);27.02.2021 13:00:05;47.700
ekstensometer (ny);27.02.2021 14:00:05;61.312
ekstensometer (ny);27.02.2021 15:00:05;50.850
ekstensometer (ny);27.02.2021 16:00:07;46.575
ekstensometer (ny);27.02.2021 17:00:04;42.638
ekstensometer (ny);27.02.2021 18:00:04;44.775
ekstensometer (ny);27.02.2021 19:00:04;58.950
ekstensometer (ny);27.02.2021 20:00:07;72.000
ekstensometer (ny);27.02.2021 21:00:05;48.037
ekstensometer (ny);27.02.2021 22:00:05;69.412
ekstensometer (ny);27.02.2021 23:00:05;71.775
ekstensometer (ny);28.02.2021 00:00:06;80.438
ekstensometer (ny);28.02.2021 01:00:04;68.400
ekstensometer (ny);28.02.2021 02:00:05;81.000
ekstensometer (ny);28.02.2021 03:00:05;85.050
ekstensometer (ny);28.02.2021 04:00:07;59.513
ekstensometer (ny);28.02.2021 05:00:05;66.938
ekstensometer (ny);28.02.2021 06:00:05;84.600
ekstensometer (ny);28.02.2021 07:00:04;113.400
ekstensometer (ny);28.02.2021 08:00:07;97.988
ekstensometer (ny);28.02.2021 09:00:05;109.912
ekstensometer (ny);28.02.2021 10:00:05;112.950
ekstensometer (ny);28.02.2021 11:00:05;91.463
ekstensometer (ny);28.02.2021 12:00:07;175.163
ekstensometer (ny);28.02.2021 13:00:05;129.375
ekstensometer (ny);28.02.2021 14:00:04;81.787
ekstensometer (ny);28.02.2021 15:00:05;90.338
ekstensometer (ny);28.02.2021 16:00:27;92.025
ekstensometer (ny);28.02.2021 17:00:05;51.412
ekstensometer (ny);28.02.2021 18:00:05;42.300
ekstensometer (ny);28.02.2021 19:00:04;49.725
ekstensometer (ny);28.02.2021 20:00:07;67.162
ekstensometer (ny);28.02.2021 21:00:05;47.588
ekstensometer (ny);28.02.2021 22:00:05;48.150
ekstensometer (ny);28.02.2021 23:00:05;40.500
ekstensometer (ny);01.03.2021 00:00:07;40.612
ekstensometer (ny);01.03.2021 01:00:05;40.838
ekstensometer (ny);01.03.2021 02:00:04;50.625
ekstensometer (ny);01.03.2021 03:00:05;45.562
ekstensometer (ny);01.03.2021 04:00:07;42.975
ekstensometer (ny);01.03.2021 05:00:05;41.062
ekstensometer (ny);01.03.2021 06:00:05;41.513
ekstensometer (ny);01.03.2021 07:00:05;43.650
ekstensometer (ny);01.03.2021 08:00:06;52.312
ekstensometer (ny);01.03.2021 09:00:04;57.037
ekstensometer (ny);01.03.2021 10:00:05;45.225
ekstensometer (ny);01.03.2021 11:00:05;44.325
ekstensometer (ny);01.03.2021 12:00:07;47.588
ekstensometer (ny);01.03.2021 13:00:05;59.737
ekstensometer (ny);01.03.2021 14:00:06;41.175
ekstensometer (ny);01.03.2021 15:00:04;40.950
ekstensometer (ny);01.03.2021 16:00:07;40.500
ekstensometer (ny);01.03.2021 17:00:05;41.062
ekstensometer (ny);01.03.2021 18:00:05;45.562
ekstensometer (ny);01.03.2021 19:00:04;41.400
ekstensometer (ny);01.03.2021 20:00:07;47.475
ekstensometer (ny);01.03.2021 21:00:05;59.850
ekstensometer (ny);01.03.2021 22:00:05;48.150
ekstensometer (ny);01.03.2021 23:00:05;42.188
ekstensometer (ny);02.03.2021 00:00:07;62.775
ekstensometer (ny);02.03.2021 01:00:04;43.425
ekstensometer (ny);02.03.2021 02:00:04;61.763
ekstensometer (ny);02.03.2021 03:00:05;41.400
ekstensometer (ny);02.03.2021 04:00:27;42.750
ekstensometer (ny);02.03.2021 05:00:05;41.062
ekstensometer (ny);02.03.2021 06:00:05;41.062
ekstensometer (ny);02.03.2021 07:00:05;41.062
ekstensometer (ny);02.03.2021 08:00:07;41.062
ekstensometer (ny);02.03.2021 09:00:04;41.062
ekstensometer (ny);02.03.2021 10:00:05;41.062
ekstensometer (ny);02.03.2021 11:00:05;40.500
ekstensometer (ny);02.03.2021 12:00:07;40.500
ekstensometer (ny);02.03.2021 13:00:05;40.725
ekstensometer (ny);02.03.2021 14:00:04;40.388
ekstensometer (ny);02.03.2021 15:00:05;40.388
ekstensometer (ny);02.03.2021 16:00:07;40.838
ekstensometer (ny);02.03.2021 17:00:05;40.500
ekstensometer (ny);02.03.2021 18:00:05;40.500
ekstensometer (ny);02.03.2021 19:00:05;40.500
ekstensometer (ny);02.03.2021 20:00:07;40.500
ekstensometer (ny);02.03.2021 21:00:05;40.500
ekstensometer (ny);02.03.2021 22:00:04;40.500
ekstensometer (ny);02.03.2021 23:00:04;40.500
ekstensometer (ny);03.03.2021 00:00:07;40.838
ekstensometer (ny);03.03.2021 01:00:05;40.500
ekstensometer (ny);03.03.2021 02:00:05;40.500
ekstensometer (ny);03.03.2021 03:00:05;40.500
ekstensometer (ny);03.03.2021 04:00:07;40.500
ekstensometer (ny);03.03.2021 05:00:04;40.500
ekstensometer (ny);03.03.2021 06:00:04;40.500
ekstensometer (ny);03.03.2021 07:00:05;40.500
ekstensometer (ny);03.03.2021 08:00:07;40.500
ekstensometer (ny);03.03.2021 09:00:05;40.500
ekstensometer (ny);03.03.2021 10:00:05;40.500
ekstensometer (ny);03.03.2021 11:00:04;40.500
ekstensometer (ny);03.03.2021 12:00:26;40.500
ekstensometer (ny);03.03.2021 13:00:05;40.500
ekstensometer (ny);03.03.2021 14:00:05;40.500
ekstensometer (ny);03.03.2021 15:00:05;40.500
ekstensometer (ny);03.03.2021 16:00:28;40.500
ekstensometer (ny);03.03.2021 17:00:05;40.500
ekstensometer (ny);03.03.2021 18:00:05;40.500
ekstensometer (ny);03.03.2021 19:00:04;40.612
ekstensometer (ny);03.03.2021 20:00:07;40.725
ekstensometer (ny);03.03.2021 21:00:05;41.062
ekstensometer (ny);03.03.2021 22:00:05;41.062
ekstensometer (ny);03.03.2021 23:00:05;41.625
ekstensometer (ny);04.03.2021 00:00:07;41.625
ekstensometer (ny);04.03.2021 01:00:05;41.963
ekstensometer (ny);04.03.2021 02:00:04;41.963
ekstensometer (ny);04.03.2021 03:00:05;41.737
ekstensometer (ny);04.03.2021 04:00:07;49.162
ekstensometer (ny);04.03.2021 05:00:05;44.100
ekstensometer (ny);04.03.2021 06:00:05;41.625
ekstensometer (ny);04.03.2021 07:00:05;41.737
ekstensometer (ny);04.03.2021 08:00:06;41.737
ekstensometer (ny);04.03.2021 09:00:04;41.625
ekstensometer (ny);04.03.2021 10:00:05;41.737
ekstensometer (ny);04.03.2021 11:00:05;41.625
ekstensometer (ny);04.03.2021 12:00:07;41.513
ekstensometer (ny);04.03.2021 13:00:05;41.513
ekstensometer (ny);04.03.2021 14:00:06;76.162
ekstensometer (ny);04.03.2021 15:00:04;251.325
ekstensometer (ny);04.03.2021 16:00:40;43.537
ekstensometer (ny);04.03.2021 17:00:05;41.625
ekstensometer (ny);04.03.2021 18:00:05;41.625
ekstensometer (ny);04.03.2021 19:00:05;41.625
ekstensometer (ny);04.03.2021 20:00:07;41.625
ekstensometer (ny);04.03.2021 21:00:05;41.625
ekstensometer (ny);04.03.2021 22:00:05;41.625
ekstensometer (ny);04.03.2021 23:00:04;41.625
ekstensometer (ny);05.03.2021 00:00:27;41.625
ekstensometer (ny);05.03.2021 01:00:05;41.625
ekstensometer (ny);05.03.2021 02:00:05;41.625
ekstensometer (ny);05.03.2021 03:00:05;41.625
ekstensometer (ny);05.03.2021 04:00:07;41.625
ekstensometer (ny);05.03.2021 05:00:04;41.625
ekstensometer (ny);05.03.2021 06:00:04;41.625
ekstensometer (ny);05.03.2021 07:00:05;41.625
ekstensometer (ny);05.03.2021 08:00:07;41.625
ekstensometer (ny);05.03.2021 09:00:05;41.625
ekstensometer (ny);05.03.2021 10:00:05;41.625
ekstensometer (ny);05.03.2021 11:00:05;41.625
ekstensometer (ny);05.03.2021 12:00:07;41.625
ekstensometer (ny);05.03.2021 13:00:05;41.625
ekstensometer (ny);05.03.2021 14:00:05;41.625
ekstensometer (ny);05.03.2021 15:00:05;41.625
ekstensometer (ny);05.03.2021 16:00:27;41.737
ekstensometer (ny);05.03.2021 17:00:05;41.625
ekstensometer (ny);05.03.2021 18:00:05;41.625
ekstensometer (ny);05.03.2021 19:00:05;41.625
ekstensometer (ny);05.03.2021 20:00:07;41.625
ekstensometer (ny);05.03.2021 21:00:04;41.625
ekstensometer (ny);05.03.2021 22:00:05;41.625
ekstensometer (ny);05.03.2021 23:00:05;41.625
ekstensometer (ny);06.03.2021 00:00:07;41.625
ekstensometer (ny);06.03.2021 01:00:05;41.625
ekstensometer (ny);06.03.2021 02:00:04;41.625
ekstensometer (ny);06.03.2021 03:00:04;42.862
ekstensometer (ny);06.03.2021 04:00:07;41.625
ekstensometer (ny);06.03.2021 05:00:05;42.075
ekstensometer (ny);06.03.2021 06:00:05;75.150
ekstensometer (ny);06.03.2021 07:00:05;45.112
ekstensometer (ny);06.03.2021 08:00:07;119.137
ekstensometer (ny);06.03.2021 09:00:04;45.000
ekstensometer (ny);06.03.2021 10:00:04;41.625
ekstensometer (ny);06.03.2021 11:00:05;114.412
ekstensometer (ny);06.03.2021 12:00:39;41.062
ekstensometer (ny);06.03.2021 13:00:05;41.625
ekstensometer (ny);06.03.2021 14:00:05;41.625
ekstensometer (ny);06.03.2021 15:00:04;41.062
ekstensometer (ny);06.03.2021 16:00:07;41.062
ekstensometer (ny);06.03.2021 17:00:04;41.062
ekstensometer (ny);06.03.2021 18:00:04;343.688
ekstensometer (ny);06.03.2021 19:00:05;261.900
ekstensometer (ny);06.03.2021 20:00:07;381.150
ekstensometer (ny);06.03.2021 21:00:05;70.762
ekstensometer (ny);06.03.2021 22:00:05;43.537
ekstensometer (ny);06.03.2021 23:00:06;54.900
ekstensometer (ny);07.03.2021 00:00:07;82.800
ekstensometer (ny);07.03.2021 01:00:04;192.038
ekstensometer (ny);07.03.2021 02:00:05;427.163
ekstensometer (ny);07.03.2021 03:00:05;431.325
ekstensometer (ny);07.03.2021 04:00:07;86.175
ekstensometer (ny);07.03.2021 05:00:05;48.037
ekstensometer (ny);07.03.2021 06:00:06;42.750
ekstensometer (ny);07.03.2021 07:00:04;48.150
ekstensometer (ny);07.03.2021 08:00:07;41.737
ekstensometer (ny);07.03.2021 09:00:05;57.713
ekstensometer (ny);07.03.2021 10:00:05;42.412
ekstensometer (ny);07.03.2021 11:00:05;41.963
ekstensometer (ny);07.03.2021 12:00:07;159.188
ekstensometer (ny);07.03.2021 13:00:04;118.575
ekstensometer (ny);07.03.2021 14:00:05;78.412
ekstensometer (ny);07.03.2021 15:00:05;45.338
ekstensometer (ny);07.03.2021 16:00:07;52.650
ekstensometer (ny);07.03.2021 17:00:05;75.150
ekstensometer (ny);07.03.2021 18:00:05;45.787
ekstensometer (ny);07.03.2021 19:00:05;48.487
ekstensometer (ny);07.03.2021 20:00:07;150.413
ekstensometer (ny);07.03.2021 21:00:05;125.662
ekstensometer (ny);07.03.2021 22:00:04;57.938
ekstensometer (ny);07.03.2021 23:00:04;59.963
ekstensometer (ny);08.03.2021 00:00:07;53.438
ekstensometer (ny);08.03.2021 01:00:05;41.737
ekstensometer (ny);08.03.2021 02:00:05;41.737
ekstensometer (ny);08.03.2021 03:00:05;41.737
ekstensometer (ny);08.03.2021 04:00:07;41.737
ekstensometer (ny);08.03.2021 05:00:04;41.737
ekstensometer (ny);08.03.2021 06:00:05;41.737
ekstensometer (ny);08.03.2021 07:00:05;41.737
ekstensometer (ny);08.03.2021 08:00:07;41.737
ekstensometer (ny);08.03.2021 09:00:05;41.737
ekstensometer (ny);08.03.2021 10:00:05;41.625
ekstensometer (ny);08.03.2021 11:00:04;41.513
ekstensometer (ny);08.03.2021 12:00:07;41.625
ekstensometer (ny);08.03.2021 13:00:05;41.625
ekstensometer (ny);08.03.2021 14:00:05;41.625
ekstensometer (ny);08.03.2021 15:00:05;41.625
ekstensometer (ny);08.03.2021 16:00:07;41.625
ekstensometer (ny);08.03.2021 17:00:05;41.625
ekstensometer (ny);08.03.2021 18:00:05;41.625
ekstensometer (ny);08.03.2021 19:00:04;41.625
ekstensometer (ny);08.03.2021 20:00:07;41.625
ekstensometer (ny);08.03.2021 21:00:05;41.625
ekstensometer (ny);08.03.2021 22:00:05;41.625
ekstensometer (ny);08.03.2021 23:00:05;41.625
ekstensometer (ny);09.03.2021 00:00:07;41.625
ekstensometer (ny);09.03.2021 01:00:05;41.625
ekstensometer (ny);09.03.2021 02:00:04;41.625
ekstensometer (ny);09.03.2021 03:00:05;41.625
ekstensometer (ny);09.03.2021 04:00:07;41.625
ekstensometer (ny);09.03.2021 05:00:05;41.625
ekstensometer (ny);09.03.2021 06:00:05;41.625
ekstensometer (ny);09.03.2021 07:00:05;41.625
ekstensometer (ny);09.03.2021 08:00:07;41.625
ekstensometer (ny);09.03.2021 09:00:04;41.625
ekstensometer (ny);09.03.2021 10:00:05;41.625
ekstensometer (ny);09.03.2021 11:00:05;41.513
ekstensometer (ny);09.03.2021 12:00:07;41.513
ekstensometer (ny);09.03.2021 13:00:05;41.513
ekstensometer (ny);09.03.2021 14:00:05;40.838
ekstensometer (ny);09.03.2021 15:00:04;40.838
ekstensometer (ny);09.03.2021 16:00:07;40.838
ekstensometer (ny);09.03.2021 17:00:05;40.838
ekstensometer (ny);09.03.2021 18:00:04;40.950
ekstensometer (ny);09.03.2021 19:00:05;41.062
ekstensometer (ny);09.03.2021 20:00:07;41.062
ekstensometer (ny);09.03.2021 21:00:05;41.062
ekstensometer (ny);09.03.2021 22:00:05;41.062
ekstensometer (ny);09.03.2021 23:00:04;41.062
ekstensometer (ny);10.03.2021 00:00:07;41.062
ekstensometer (ny);10.03.2021 01:00:05;41.062
ekstensometer (ny);10.03.2021 02:00:05;41.062
ekstensometer (ny);10.03.2021 03:00:05;41.062
ekstensometer (ny);10.03.2021 04:00:07;41.062
ekstensometer (ny);10.03.2021 05:00:04;41.062
ekstensometer (ny);10.03.2021 06:00:04;41.062
ekstensometer (ny);10.03.2021 07:00:05;41.062
ekstensometer (ny);10.03.2021 08:00:07;41.062
ekstensometer (ny);10.03.2021 09:00:05;41.062
ekstensometer (ny);10.03.2021 10:00:05;41.062
ekstensometer (ny);10.03.2021 11:00:05;41.062
ekstensometer (ny);10.03.2021 12:00:06;41.062
ekstensometer (ny);10.03.2021 13:00:04;41.625
ekstensometer (ny);10.03.2021 14:00:05;41.625
ekstensometer (ny);10.03.2021 15:00:05;41.625
ekstensometer (ny);10.03.2021 16:00:07;41.625
ekstensometer (ny);10.03.2021 17:00:05;41.625
ekstensometer (ny);10.03.2021 18:00:05;41.625
ekstensometer (ny);10.03.2021 19:00:05;41.625
ekstensometer (ny);10.03.2021 20:00:06;41.625
ekstensometer (ny);10.03.2021 21:00:04;41.625
ekstensometer (ny);10.03.2021 22:00:04;41.625
ekstensometer (ny);10.03.2021 23:00:05;41.625
ekstensometer (ny);11.03.2021 00:00:07;42.750
ekstensometer (ny);11.03.2021 01:00:05;41.625
ekstensometer (ny);11.03.2021 02:00:05;41.625
ekstensometer (ny);11.03.2021 03:00:04;41.062
ekstensometer (ny);11.03.2021 04:00:07;41.062
ekstensometer (ny);11.03.2021 05:00:05;41.625
ekstensometer (ny);11.03.2021 06:00:05;41.625
ekstensometer (ny);11.03.2021 07:00:05;41.625
ekstensometer (ny);11.03.2021 08:00:07;41.625
ekstensometer (ny);11.03.2021 09:00:04;41.175
ekstensometer (ny);11.03.2021 10:00:04;41.625
ekstensometer (ny);11.03.2021 11:00:05;41.513
ekstensometer (ny);11.03.2021 12:00:07;41.625
ekstensometer (ny);11.03.2021 13:00:05;41.625
ekstensometer (ny);11.03.2021 14:00:05;41.625
ekstensometer (ny);11.03.2021 15:00:05;41.625
ekstensometer (ny);11.03.2021 16:00:07;41.513
ekstensometer (ny);11.03.2021 17:00:04;41.287
ekstensometer (ny);11.03.2021 18:00:04;41.062
ekstensometer (ny);11.03.2021 19:00:05;41.062
ekstensometer (ny);11.03.2021 20:00:27;41.062
ekstensometer (ny);11.03.2021 21:00:05;41.175
ekstensometer (ny);11.03.2021 22:00:05;41.062
ekstensometer (ny);11.03.2021 23:00:05;41.062
ekstensometer (ny);12.03.2021 00:00:07;41.062
ekstensometer (ny);12.03.2021 01:00:04;41.625
ekstensometer (ny);12.03.2021 02:00:05;41.625
ekstensometer (ny);12.03.2021 03:00:05;41.625
ekstensometer (ny);12.03.2021 04:00:07;41.625
ekstensometer (ny);12.03.2021 05:00:05;41.625
ekstensometer (ny);12.03.2021 06:00:06;41.625
ekstensometer (ny);12.03.2021 07:00:04;41.625
ekstensometer (ny);12.03.2021 08:00:07;41.625
ekstensometer (ny);12.03.2021 09:00:05;41.625
ekstensometer (ny);12.03.2021 10:00:05;41.625
ekstensometer (ny);12.03.2021 11:00:05;41.625
ekstensometer (ny);12.03.2021 12:00:07;41.625
ekstensometer (ny);12.03.2021 13:00:04;41.625
ekstensometer (ny);12.03.2021 14:00:05;41.625
ekstensometer (ny);12.03.2021 15:00:05;41.625
ekstensometer (ny);12.03.2021 16:00:07;41.625
ekstensometer (ny);12.03.2021 17:00:05;41.625
ekstensometer (ny);12.03.2021 18:00:05;41.625
ekstensometer (ny);12.03.2021 19:00:05;41.625
ekstensometer (ny);12.03.2021 20:00:07;41.625
ekstensometer (ny);12.03.2021 21:00:04;41.625
ekstensometer (ny);12.03.2021 22:00:04;41.625
ekstensometer (ny);12.03.2021 23:00:05;41.625
ekstensometer (ny);13.03.2021 00:00:07;41.625
ekstensometer (ny);13.03.2021 01:00:05;41.625
ekstensometer (ny);13.03.2021 02:00:05;41.625
ekstensometer (ny);13.03.2021 03:00:04;41.625
ekstensometer (ny);13.03.2021 04:00:07;41.625
ekstensometer (ny);13.03.2021 05:00:05;41.625
ekstensometer (ny);13.03.2021 06:00:05;41.625
ekstensometer (ny);13.03.2021 07:00:05;41.625
ekstensometer (ny);13.03.2021 08:00:07;41.625
ekstensometer (ny);13.03.2021 09:00:05;41.625
ekstensometer (ny);13.03.2021 10:00:04;41.625
ekstensometer (ny);13.03.2021 11:00:05;41.513
ekstensometer (ny);13.03.2021 12:00:07;41.513
ekstensometer (ny);13.03.2021 13:00:05;41.513
ekstensometer (ny);13.03.2021 14:00:05;41.513
ekstensometer (ny);13.03.2021 15:00:05;41.625
ekstensometer (ny);13.03.2021 16:00:07;41.625
ekstensometer (ny);13.03.2021 17:00:04;41.625
ekstensometer (ny);13.03.2021 18:00:04;41.625
ekstensometer (ny);13.03.2021 19:00:04;41.625
ekstensometer (ny);13.03.2021 20:00:27;41.625
ekstensometer (ny);13.03.2021 21:00:05;41.625
ekstensometer (ny);13.03.2021 22:00:05;41.625
ekstensometer (ny);13.03.2021 23:00:05;41.625
ekstensometer (ny);14.03.2021 00:00:08;41.625
ekstensometer (ny);14.03.2021 01:00:04;41.625
ekstensometer (ny);14.03.2021 02:00:04;41.625
ekstensometer (ny);14.03.2021 03:00:05;41.625
ekstensometer (ny);14.03.2021 04:00:07;41.625
ekstensometer (ny);14.03.2021 05:00:05;41.625
ekstensometer (ny);14.03.2021 06:00:05;41.625
ekstensometer (ny);14.03.2021 07:00:04;41.625
ekstensometer (ny);14.03.2021 08:00:07;41.625
ekstensometer (ny);14.03.2021 09:00:05;41.625
ekstensometer (ny);14.03.2021 10:00:05;41.625
ekstensometer (ny);14.03.2021 11:00:05;41.625
ekstensometer (ny);14.03.2021 12:00:07;41.625
ekstensometer (ny);14.03.2021 13:00:05;41.513
ekstensometer (ny);14.03.2021 14:00:04;41.513
ekstensometer (ny);14.03.2021 15:00:05;41.513
ekstensometer (ny);14.03.2021 16:00:07;41.625
ekstensometer (ny);14.03.2021 17:00:05;41.625
ekstensometer (ny);14.03.2021 18:00:04;41.625
ekstensometer (ny);14.03.2021 19:00:04;41.625
ekstensometer (ny);14.03.2021 20:00:07;41.625
ekstensometer (ny);14.03.2021 21:00:05;41.625
ekstensometer (ny);14.03.2021 22:00:05;41.625
ekstensometer (ny);14.03.2021 23:00:05;41.625
ekstensometer (ny);15.03.2021 00:00:07;41.625
ekstensometer (ny);15.03.2021 01:00:04;41.625
ekstensometer (ny);15.03.2021 02:00:04;41.625
ekstensometer (ny);15.03.2021 03:00:05;41.625
ekstensometer (ny);15.03.2021 04:00:27;41.625
ekstensometer (ny);15.03.2021 05:00:05;41.625
ekstensometer (ny);15.03.2021 06:00:05;41.625
ekstensometer (ny);15.03.2021 07:00:04;41.625
ekstensometer (ny);15.03.2021 08:00:07;41.625
ekstensometer (ny);15.03.2021 09:00:05;41.625
ekstensometer (ny);15.03.2021 10:00:05;41.625
ekstensometer (ny);15.03.2021 11:00:05;41.400
ekstensometer (ny);15.03.2021 12:00:07;41.400
ekstensometer (ny);15.03.2021 13:00:05;40.725
ekstensometer (ny);15.03.2021 14:00:04;40.838
ekstensometer (ny);15.03.2021 15:00:05;40.838
ekstensometer (ny);15.03.2021 16:00:07;40.950
ekstensometer (ny);15.03.2021 17:00:05;40.950
ekstensometer (ny);15.03.2021 18:00:04;40.950
ekstensometer (ny);15.03.2021 19:00:04;41.062
ekstensometer (ny);15.03.2021 20:00:07;41.062
ekstensometer (ny);15.03.2021 21:00:05;41.062
ekstensometer (ny);15.03.2021 22:00:05;41.062
ekstensometer (ny);15.03.2021 23:00:05;41.062
ekstensometer (ny);16.03.2021 00:00:07;41.062
ekstensometer (ny);16.03.2021 01:00:04;41.062
ekstensometer (ny);16.03.2021 02:00:05;41.062
ekstensometer (ny);16.03.2021 03:00:05;41.062
ekstensometer (ny);16.03.2021 04:00:07;41.062
ekstensometer (ny);16.03.2021 05:00:05;41.062
ekstensometer (ny);16.03.2021 06:00:06;41.062
ekstensometer (ny);16.03.2021 07:00:04;41.062
ekstensometer (ny);16.03.2021 08:00:07;41.062
ekstensometer (ny);16.03.2021 09:00:05;41.062
ekstensometer (ny);16.03.2021 10:00:05;41.062
ekstensometer (ny);16.03.2021 11:00:05;40.950
ekstensometer (ny);16.03.2021 12:00:07;40.838
ekstensometer (ny);16.03.2021 13:00:04;40.838
ekstensometer (ny);16.03.2021 14:00:05;40.838
ekstensometer (ny);16.03.2021 15:00:05;40.950
ekstensometer (ny);16.03.2021 16:00:07;40.950
ekstensometer (ny);16.03.2021 17:00:05;41.062
ekstensometer (ny);16.03.2021 18:00:05;41.062
ekstensometer (ny);16.03.2021 19:00:04;41.062
ekstensometer (ny);16.03.2021 20:00:07;41.062
ekstensometer (ny);16.03.2021 21:00:04;41.062
ekstensometer (ny);16.03.2021 22:00:05;41.062
ekstensometer (ny);16.03.2021 23:00:05;41.062
ekstensometer (ny);17.03.2021 00:00:07;41.062
ekstensometer (ny);17.03.2021 01:00:05;41.062
ekstensometer (ny);17.03.2021 02:00:04;41.062
ekstensometer (ny);17.03.2021 03:00:05;41.062
ekstensometer (ny);17.03.2021 04:00:07;41.175
ekstensometer (ny);17.03.2021 05:00:05;41.175
ekstensometer (ny);17.03.2021 06:00:05;41.175
ekstensometer (ny);17.03.2021 07:00:05;41.175
ekstensometer (ny);17.03.2021 08:00:06;41.062
ekstensometer (ny);17.03.2021 09:00:04;41.062
ekstensometer (ny);17.03.2021 10:00:05;41.062
ekstensometer (ny);17.03.2021 11:00:05;40.838
ekstensometer (ny);17.03.2021 12:00:07;40.838
ekstensometer (ny);17.03.2021 13:00:05;40.838
ekstensometer (ny);17.03.2021 14:00:05;40.838
ekstensometer (ny);17.03.2021 15:00:04;40.838
ekstensometer (ny);17.03.2021 16:00:07;40.838
ekstensometer (ny);17.03.2021 17:00:05;40.950
ekstensometer (ny);17.03.2021 18:00:05;40.950
ekstensometer (ny);17.03.2021 19:00:04;41.062
ekstensometer (ny);17.03.2021 20:00:07;41.062
ekstensometer (ny);17.03.2021 21:00:05;41.062
ekstensometer (ny);17.03.2021 22:00:05;41.062
ekstensometer (ny);17.03.2021 23:00:05;41.062
ekstensometer (ny);18.03.2021 00:00:07;41.062
ekstensometer (ny);18.03.2021 01:00:04;41.062
ekstensometer (ny);18.03.2021 02:00:04;41.062
ekstensometer (ny);18.03.2021 03:00:05;41.062
ekstensometer (ny);18.03.2021 04:00:07;41.062
ekstensometer (ny);18.03.2021 05:00:05;41.062
ekstensometer (ny);18.03.2021 06:00:05;41.062
ekstensometer (ny);18.03.2021 07:00:04;41.062
ekstensometer (ny);18.03.2021 08:00:07;41.062
ekstensometer (ny);18.03.2021 09:00:05;41.062
ekstensometer (ny);18.03.2021 10:00:05;40.950
ekstensometer (ny);18.03.2021 11:00:05;40.950
ekstensometer (ny);18.03.2021 12:00:27;40.950
ekstensometer (ny);18.03.2021 13:00:05;40.838
ekstensometer (ny);18.03.2021 14:00:04;40.950
ekstensometer (ny);18.03.2021 15:00:05;40.950
ekstensometer (ny);18.03.2021 16:00:07;40.950
ekstensometer (ny);18.03.2021 17:00:05;40.950
ekstensometer (ny);18.03.2021 18:00:05;40.950
ekstensometer (ny);18.03.2021 19:00:05;41.062
ekstensometer (ny);18.03.2021 20:00:07;41.062
ekstensometer (ny);18.03.2021 21:00:05;41.062
ekstensometer (ny);18.03.2021 22:00:04;41.062
ekstensometer (ny);18.03.2021 23:00:04;41.062
ekstensometer (ny);19.03.2021 00:00:07;41.062
ekstensometer (ny);19.03.2021 01:00:05;41.062
ekstensometer (ny);19.03.2021 02:00:05;41.062
ekstensometer (ny);19.03.2021 03:00:05;41.062
ekstensometer (ny);19.03.2021 04:00:07;41.062
ekstensometer (ny);19.03.2021 05:00:04;41.062
ekstensometer (ny);19.03.2021 06:00:04;41.062
ekstensometer (ny);19.03.2021 07:00:05;41.062
ekstensometer (ny);19.03.2021 08:00:07;41.062
ekstensometer (ny);19.03.2021 09:00:05;41.062
ekstensometer (ny);19.03.2021 10:00:05;40.950
ekstensometer (ny);19.03.2021 11:00:04;40.950
ekstensometer (ny);19.03.2021 12:00:07;41.062
ekstensometer (ny);19.03.2021 13:00:05;40.950
ekstensometer (ny);19.03.2021 14:00:05;41.062
ekstensometer (ny);19.03.2021 15:00:05;40.950
ekstensometer (ny);19.03.2021 16:00:07;41.062
ekstensometer (ny);19.03.2021 17:00:04;41.062
ekstensometer (ny);19.03.2021 18:00:05;41.062
ekstensometer (ny);19.03.2021 19:00:04;41.062
ekstensometer (ny);19.03.2021 20:00:07;41.062
ekstensometer (ny);19.03.2021 21:00:05;41.062
ekstensometer (ny);19.03.2021 22:00:05;41.062
ekstensometer (ny);19.03.2021 23:00:05;41.062
ekstensometer (ny);20.03.2021 00:00:07;41.062
ekstensometer (ny);20.03.2021 01:00:04;41.062
ekstensometer (ny);20.03.2021 02:00:04;40.950
ekstensometer (ny);20.03.2021 03:00:05;41.062
ekstensometer (ny);20.03.2021 04:00:07;41.062
ekstensometer (ny);20.03.2021 05:00:05;41.062
ekstensometer (ny);20.03.2021 06:00:05;41.062
ekstensometer (ny);20.03.2021 07:00:05;41.062
ekstensometer (ny);20.03.2021 08:00:06;41.062
ekstensometer (ny);20.03.2021 09:00:04;41.625
ekstensometer (ny);20.03.2021 10:00:05;41.625
ekstensometer (ny);20.03.2021 11:00:05;40.950
ekstensometer (ny);20.03.2021 12:00:07;40.950
ekstensometer (ny);20.03.2021 13:00:05;40.950
ekstensometer (ny);20.03.2021 14:00:04;40.950
ekstensometer (ny);20.03.2021 15:00:05;40.950
ekstensometer (ny);20.03.2021 16:00:39;41.625
ekstensometer (ny);20.03.2021 17:00:05;41.062
ekstensometer (ny);20.03.2021 18:00:05;41.625
ekstensometer (ny);20.03.2021 19:00:05;41.062
ekstensometer (ny);20.03.2021 20:00:07;41.062
ekstensometer (ny);20.03.2021 21:00:05;41.625
ekstensometer (ny);20.03.2021 22:00:04;41.625
ekstensometer (ny);20.03.2021 23:00:04;41.625
ekstensometer (ny);21.03.2021 00:00:07;41.625
ekstensometer (ny);21.03.2021 01:00:05;41.625
ekstensometer (ny);21.03.2021 02:00:05;41.625
ekstensometer (ny);21.03.2021 03:00:05;41.625
ekstensometer (ny);21.03.2021 04:00:07;41.625
ekstensometer (ny);21.03.2021 05:00:04;41.625
ekstensometer (ny);21.03.2021 06:00:04;41.625
ekstensometer (ny);21.03.2021 07:00:05;41.625
ekstensometer (ny);21.03.2021 08:00:07;41.625
ekstensometer (ny);21.03.2021 09:00:05;41.625
ekstensometer (ny);21.03.2021 10:00:05;41.625
ekstensometer (ny);21.03.2021 11:00:05;41.625
ekstensometer (ny);21.03.2021 12:00:07;41.625
ekstensometer (ny);21.03.2021 13:00:04;41.513
ekstensometer (ny);21.03.2021 14:00:05;40.950
ekstensometer (ny);21.03.2021 15:00:05;40.950
ekstensometer (ny);21.03.2021 16:00:07;41.062
ekstensometer (ny);21.03.2021 17:00:05;41.062
ekstensometer (ny);21.03.2021 18:00:05;41.062
ekstensometer (ny);21.03.2021 19:00:05;41.062
ekstensometer (ny);21.03.2021 20:00:07;41.062
ekstensometer (ny);21.03.2021 21:00:04;41.062
ekstensometer (ny);21.03.2021 22:00:05;41.062
ekstensometer (ny);21.03.2021 23:00:05;41.062
ekstensometer (ny);22.03.2021 00:00:07;41.062
ekstensometer (ny);22.03.2021 01:00:05;41.062
ekstensometer (ny);22.03.2021 02:00:05;41.062
ekstensometer (ny);22.03.2021 03:00:04;41.062
ekstensometer (ny);22.03.2021 04:00:07;41.062
ekstensometer (ny);22.03.2021 05:00:05;41.062
ekstensometer (ny);22.03.2021 06:00:05;41.062
ekstensometer (ny);22.03.2021 07:00:05;41.062
ekstensometer (ny);22.03.2021 08:00:07;41.062
ekstensometer (ny);22.03.2021 09:00:04;41.062
ekstensometer (ny);22.03.2021 10:00:04;40.950
ekstensometer (ny);22.03.2021 11:00:05;40.950
ekstensometer (ny);22.03.2021 12:00:07;40.950
ekstensometer (ny);22.03.2021 13:00:05;40.950
ekstensometer (ny);22.03.2021 14:00:05;40.950
ekstensometer (ny);22.03.2021 15:00:04;40.950
ekstensometer (ny);22.03.2021 16:00:07;40.950
ekstensometer (ny);22.03.2021 17:00:05;40.950
ekstensometer (ny);22.03.2021 18:00:05;40.950
ekstensometer (ny);22.03.2021 19:00:05;40.950
ekstensometer (ny);22.03.2021 20:00:07;40.950
ekstensometer (ny);22.03.2021 21:00:04;40.950
ekstensometer (ny);22.03.2021 22:00:05;40.950
ekstensometer (ny);22.03.2021 23:00:05;41.062
ekstensometer (ny);23.03.2021 00:00:07;60.525
ekstensometer (ny);23.03.2021 01:00:05;94.162
ekstensometer (ny);23.03.2021 02:00:05;60.188
ekstensometer (ny);23.03.2021 03:00:04;42.975
ekstensometer (ny);23.03.2021 04:00:07;44.438
ekstensometer (ny);23.03.2021 05:00:05;54.450
ekstensometer (ny);23.03.2021 06:00:05;95.175
ekstensometer (ny);23.03.2021 07:00:05;61.088
ekstensometer (ny);23.03.2021 08:00:07;51.075
ekstensometer (ny);23.03.2021 09:00:04;49.612
ekstensometer (ny);23.03.2021 10:00:04;48.938
ekstensometer (ny);23.03.2021 11:00:05;57.375
ekstensometer (ny);23.03.2021 12:00:07;63.900
ekstensometer (ny);23.03.2021 13:00:05;62.325
ekstensometer (ny);23.03.2021 14:00:05;93.037
ekstensometer (ny);23.03.2021 15:00:05;86.512
ekstensometer (ny);23.03.2021 16:00:07;85.838
ekstensometer (ny);23.03.2021 17:00:04;104.400
ekstensometer (ny);23.03.2021 18:00:05;134.663
ekstensometer (ny);23.03.2021 19:00:05;46.800
ekstensometer (ny);23.03.2021 20:00:07;84.713
ekstensometer (ny);23.03.2021 21:00:04;57.487
ekstensometer (ny);23.03.2021 22:00:04;72.225
ekstensometer (ny);23.03.2021 23:00:05;44.662
ekstensometer (ny);24.03.2021 00:00:07;41.062
ekstensometer (ny);24.03.2021 01:00:05;140.625
ekstensometer (ny);24.03.2021 02:00:05;138.712
ekstensometer (ny);24.03.2021 03:00:04;97.312
ekstensometer (ny);24.03.2021 04:00:07;165.712
ekstensometer (ny);24.03.2021 05:00:05;175.837
ekstensometer (ny);24.03.2021 06:00:05;156.712
ekstensometer (ny);24.03.2021 07:00:05;214.875
ekstensometer (ny);24.03.2021 08:00:07;298.237
ekstensometer (ny);24.03.2021 09:00:05;315.225
ekstensometer (ny);24.03.2021 10:00:04;44.438
ekstensometer (ny);24.03.2021 11:00:05;141.188
ekstensometer (ny);24.03.2021 12:00:07;178.650
ekstensometer (ny);24.03.2021 13:00:05;124.650
ekstensometer (ny);24.03.2021 14:00:05;109.012
ekstensometer (ny);24.03.2021 15:00:05;159.525
ekstensometer (ny);24.03.2021 16:00:26;77.175
ekstensometer (ny);24.03.2021 17:00:04;129.038
ekstensometer (ny);24.03.2021 18:00:04;217.238
ekstensometer (ny);24.03.2021 19:00:04;148.950
ekstensometer (ny);24.03.2021 20:00:07;43.987
ekstensometer (ny);24.03.2021 21:00:05;157.163
ekstensometer (ny);24.03.2021 22:00:05;248.288
ekstensometer (ny);24.03.2021 23:00:05;249.975
ekstensometer (ny);25.03.2021 00:00:07;214.762
ekstensometer (ny);25.03.2021 01:00:04;66.375
ekstensometer (ny);25.03.2021 02:00:04;64.012
ekstensometer (ny);25.03.2021 03:00:05;198.337
ekstensometer (ny);25.03.2021 04:00:07;159.975
ekstensometer (ny);25.03.2021 05:00:05;44.438
ekstensometer (ny);25.03.2021 06:00:05;203.738
ekstensometer (ny);25.03.2021 07:00:04;139.050
ekstensometer (ny);25.03.2021 08:00:07;266.400
ekstensometer (ny);25.03.2021 09:00:05;281.925
ekstensometer (ny);25.03.2021 10:00:05;293.175
ekstensometer (ny);25.03.2021 11:00:05;66.938
ekstensometer (ny);25.03.2021 12:00:07;48.375
ekstensometer (ny);25.03.2021 13:00:04;529.650
ekstensometer (ny);25.03.2021 14:00:05;491.962
ekstensometer (ny);25.03.2021 15:00:05;552.375
ekstensometer (ny);25.03.2021 16:00:27;524.025
ekstensometer (ny);25.03.2021 17:00:05;433.575
ekstensometer (ny);25.03.2021 18:00:05;515.925
ekstensometer (ny);25.03.2021 19:00:05;395.888
ekstensometer (ny);25.03.2021 20:00:07;390.712
ekstensometer (ny);25.03.2021 21:00:04;392.625
ekstensometer (ny);25.03.2021 22:00:04;386.325
ekstensometer (ny);25.03.2021 23:00:05;329.962
ekstensometer (ny);26.03.2021 00:00:07;526.500
ekstensometer (ny);26.03.2021 01:00:05;372.038
ekstensometer (ny);26.03.2021 02:00:05;493.312
ekstensometer (ny);26.03.2021 03:00:04;469.350
ekstensometer (ny);26.03.2021 04:00:07;486.000
ekstensometer (ny);26.03.2021 05:00:04;398.250
ekstensometer (ny);26.03.2021 06:00:05;416.475
ekstensometer (ny);26.03.2021 07:00:05;413.888
ekstensometer (ny);26.03.2021 08:00:07;454.163
ekstensometer (ny);26.03.2021 09:00:05;469.237
ekstensometer (ny);26.03.2021 10:00:04;431.100
ekstensometer (ny);26.03.2021 11:00:05;609.525
ekstensometer (ny);26.03.2021 12:00:07;698.963
ekstensometer (ny);26.03.2021 13:00:05;658.688
ekstensometer (ny);26.03.2021 14:00:05;641.588
ekstensometer (ny);26.03.2021 15:00:05;551.588
ekstensometer (ny);26.03.2021 16:00:07;535.612
ekstensometer (ny);26.03.2021 17:00:04;568.125
ekstensometer (ny);26.03.2021 18:00:04;611.438
ekstensometer (ny);26.03.2021 19:00:04;776.475
ekstensometer (ny);26.03.2021 20:00:07;256.500
ekstensometer (ny);26.03.2021 21:00:05;506.025
ekstensometer (ny);26.03.2021 22:00:05;412.650
ekstensometer (ny);26.03.2021 23:00:05;306.788
ekstensometer (ny);27.03.2021 00:00:07;290.587
ekstensometer (ny);27.03.2021 01:00:04;269.663
ekstensometer (ny);27.03.2021 02:00:04;228.712
ekstensometer (ny);27.03.2021 03:00:05;213.750
ekstensometer (ny);27.03.2021 04:00:07;69.975
ekstensometer (ny);27.03.2021 05:00:05;93.713
ekstensometer (ny);27.03.2021 06:00:05;131.962
ekstensometer (ny);27.03.2021 07:00:05;204.300
ekstensometer (ny);27.03.2021 08:00:39;83.588
ekstensometer (ny);27.03.2021 09:00:04;41.062
ekstensometer (ny);27.03.2021 10:00:05;65.925
ekstensometer (ny);27.03.2021 11:00:05;40.950
ekstensometer (ny);27.03.2021 12:00:07;40.950
ekstensometer (ny);27.03.2021 13:00:05;40.950
ekstensometer (ny);27.03.2021 14:00:04;40.950
ekstensometer (ny);27.03.2021 15:00:05;90.787
ekstensometer (ny);27.03.2021 16:00:07;41.513
ekstensometer (ny);27.03.2021 17:00:05;40.838
ekstensometer (ny);27.03.2021 18:00:05;40.950
ekstensometer (ny);27.03.2021 19:00:04;40.950
ekstensometer (ny);27.03.2021 20:00:07;41.062
ekstensometer (ny);27.03.2021 21:00:04;41.062
ekstensometer (ny);27.03.2021 22:00:05;41.062
ekstensometer (ny);27.03.2021 23:00:05;80.550
ekstensometer (ny);28.03.2021 00:00:07;41.062
ekstensometer (ny);28.03.2021 01:00:05;41.062
ekstensometer (ny);28.03.2021 02:00:04;41.062
ekstensometer (ny);28.03.2021 03:00:05;41.062
ekstensometer (ny);28.03.2021 04:00:07;41.062
ekstensometer (ny);28.03.2021 05:00:05;41.062
ekstensometer (ny);28.03.2021 06:00:05;41.062
ekstensometer (ny);28.03.2021 07:00:05;41.062
ekstensometer (ny);28.03.2021 08:00:07;41.062
ekstensometer (ny);28.03.2021 09:00:04;41.062
ekstensometer (ny);28.03.2021 10:00:05;41.062
ekstensometer (ny);28.03.2021 11:00:05;41.062
ekstensometer (ny);28.03.2021 12:00:07;41.062
ekstensometer (ny);28.03.2021 13:00:05;40.950
ekstensometer (ny);28.03.2021 14:00:05;41.062
ekstensometer (ny);28.03.2021 15:00:04;40.950
ekstensometer (ny);28.03.2021 16:00:07;72.675
ekstensometer (ny);28.03.2021 17:00:05;71.775
ekstensometer (ny);28.03.2021 18:00:05;71.100
ekstensometer (ny);28.03.2021 19:00:04;52.763
ekstensometer (ny);28.03.2021 20:00:07;44.662
ekstensometer (ny);28.03.2021 21:00:05;42.525
ekstensometer (ny);28.03.2021 22:00:05;47.250
ekstensometer (ny);28.03.2021 23:00:05;42.525
ekstensometer (ny);29.03.2021 00:00:07;42.750
ekstensometer (ny);29.03.2021 01:00:05;41.737
ekstensometer (ny);29.03.2021 02:00:04;42.975
ekstensometer (ny);29.03.2021 03:00:05;57.263
ekstensometer (ny);29.03.2021 04:00:07;50.062
ekstensometer (ny);29.03.2021 05:00:05;41.850
ekstensometer (ny);29.03.2021 06:00:05;47.362
ekstensometer (ny);29.03.2021 07:00:05;41.062
ekstensometer (ny);29.03.2021 08:00:06;40.950
ekstensometer (ny);29.03.2021 09:00:04;40.950
ekstensometer (ny);29.03.2021 10:00:05;41.062
ekstensometer (ny);29.03.2021 11:00:05;41.062
ekstensometer (ny);29.03.2021 12:00:07;40.950
ekstensometer (ny);29.03.2021 13:00:05;40.950
ekstensometer (ny);29.03.2021 14:00:05;41.062
ekstensometer (ny);29.03.2021 15:00:04;41.062
ekstensometer (ny);29.03.2021 16:00:07;40.950
ekstensometer (ny);29.03.2021 17:00:05;40.950
ekstensometer (ny);29.03.2021 18:00:05;41.625
ekstensometer (ny);29.03.2021 19:00:05;41.062
ekstensometer (ny);29.03.2021 20:00:28;40.950
ekstensometer (ny);29.03.2021 21:00:05;40.950
ekstensometer (ny);29.03.2021 22:00:04;41.062
ekstensometer (ny);29.03.2021 23:00:05;41.062
ekstensometer (ny);30.03.2021 00:00:07;41.062
ekstensometer (ny);30.03.2021 01:00:05;41.062
ekstensometer (ny);30.03.2021 02:00:05;41.062
ekstensometer (ny);30.03.2021 03:00:05;41.062
ekstensometer (ny);30.03.2021 04:00:06;41.625
ekstensometer (ny);30.03.2021 05:00:04;41.625
ekstensometer (ny);30.03.2021 06:00:05;41.625
ekstensometer (ny);30.03.2021 07:00:05;41.625
ekstensometer (ny);30.03.2021 08:00:07;41.625
ekstensometer (ny);30.03.2021 09:00:05;41.625
ekstensometer (ny);30.03.2021 10:00:04;41.625
ekstensometer (ny);30.03.2021 11:00:05;41.625
ekstensometer (ny);30.03.2021 12:00:07;41.287
ekstensometer (ny);30.03.2021 13:00:05;41.062
ekstensometer (ny);30.03.2021 14:00:05;40.950
ekstensometer (ny);30.03.2021 15:00:05;40.950
ekstensometer (ny);30.03.2021 16:00:07;40.950
ekstensometer (ny);30.03.2021 17:00:04;42.300
ekstensometer (ny);30.03.2021 18:00:05;40.950
ekstensometer (ny);30.03.2021 19:00:04;40.950
ekstensometer (ny);30.03.2021 20:00:07;40.950
ekstensometer (ny);30.03.2021 21:00:05;40.950
ekstensometer (ny);30.03.2021 22:00:05;40.950
ekstensometer (ny);30.03.2021 23:00:05;41.175
ekstensometer (ny);31.03.2021 00:00:07;41.175
ekstensometer (ny);31.03.2021 01:00:05;41.062
ekstensometer (ny);31.03.2021 02:00:04;41.062
ekstensometer (ny);31.03.2021 03:00:04;41.062
ekstensometer (ny);31.03.2021 04:00:07;40.950
ekstensometer (ny);31.03.2021 05:00:05;41.400
ekstensometer (ny);31.03.2021 06:00:05;42.412
ekstensometer (ny);31.03.2021 07:00:05;41.287
ekstensometer (ny);31.03.2021 08:00:06;43.312
ekstensometer (ny);31.03.2021 09:00:04;41.287
ekstensometer (ny);31.03.2021 10:00:04;41.062
ekstensometer (ny);31.03.2021 11:00:05;41.062
ekstensometer (ny);31.03.2021 12:00:07;41.062
ekstensometer (ny);31.03.2021 13:00:05;41.062
ekstensometer (ny);31.03.2021 14:00:05;47.588
ekstensometer (ny);31.03.2021 15:00:04;44.438
ekstensometer (ny);31.03.2021 16:00:07;44.438
ekstensometer (ny);31.03.2021 17:00:05;125.775
ekstensometer (ny);31.03.2021 18:00:04;129.938
ekstensometer (ny);31.03.2021 19:00:05;126.787
ekstensometer (ny);31.03.2021 20:00:07;59.850
ekstensometer (ny);31.03.2021 21:00:05;168.863
ekstensometer (ny);31.03.2021 22:00:05;195.975
ekstensometer (ny);31.03.2021 23:00:04;194.175
ekstensometer (ny);01.04.2021 00:00:07;92.475
ekstensometer (ny);01.04.2021 01:00:05;177.525
ekstensometer (ny);01.04.2021 02:00:05;201.488
ekstensometer (ny);01.04.2021 03:00:05;153.900
ekstensometer (ny);01.04.2021 04:00:07;122.400
ekstensometer (ny);01.04.2021 05:00:05;104.963
ekstensometer (ny);01.04.2021 06:00:04;99.113
ekstensometer (ny);01.04.2021 07:00:05;67.838
ekstensometer (ny);01.04.2021 08:00:07;66.262
ekstensometer (ny);01.04.2021 09:00:05;50.287
ekstensometer (ny);01.04.2021 10:00:05;49.162
ekstensometer (ny);01.04.2021 11:00:05;41.850
ekstensometer (ny);01.04.2021 12:00:27;55.350
ekstensometer (ny);01.04.2021 13:00:04;75.375
ekstensometer (ny);01.04.2021 14:00:05;56.250
ekstensometer (ny);01.04.2021 15:00:05;52.200
ekstensometer (ny);01.04.2021 16:00:12;114.525
ekstensometer (ny);01.04.2021 17:00:05;103.162
ekstensometer (ny);01.04.2021 18:00:04;108.562
ekstensometer (ny);01.04.2021 19:00:05;120.600
ekstensometer (ny);01.04.2021 20:00:07;87.975
ekstensometer (ny);01.04.2021 21:00:05;107.775
ekstensometer (ny);01.04.2021 22:00:05;119.250
ekstensometer (ny);01.04.2021 23:00:05;154.012
ekstensometer (ny);02.04.2021 00:00:07;145.913
ekstensometer (ny);02.04.2021 01:00:04;156.038
ekstensometer (ny);02.04.2021 02:00:05;182.475
ekstensometer (ny);02.04.2021 03:00:05;219.938
ekstensometer (ny);02.04.2021 04:00:07;246.825
ekstensometer (ny);02.04.2021 05:00:05;221.062
ekstensometer (ny);02.04.2021 06:00:06;147.038
ekstensometer (ny);02.04.2021 07:00:04;158.400
ekstensometer (ny);02.04.2021 08:00:07;139.500
ekstensometer (ny);02.04.2021 09:00:05;117.000
ekstensometer (ny);02.04.2021 10:00:05;130.950
ekstensometer (ny);02.04.2021 11:00:05;147.938
ekstensometer (ny);02.04.2021 12:00:07;141.525
ekstensometer (ny);02.04.2021 13:00:05;142.650
ekstensometer (ny);02.04.2021 14:00:05;87.637
ekstensometer (ny);02.04.2021 15:00:05;171.225
ekstensometer (ny);02.04.2021 16:00:07;225.450
ekstensometer (ny);02.04.2021 17:00:04;221.288
ekstensometer (ny);02.04.2021 18:00:05;204.975
ekstensometer (ny);02.04.2021 19:00:05;165.825
ekstensometer (ny);02.04.2021 20:00:07;108.113
ekstensometer (ny);02.04.2021 21:00:05;202.837
ekstensometer (ny);02.04.2021 22:00:05;180.000
ekstensometer (ny);02.04.2021 23:00:05;205.312
ekstensometer (ny);03.04.2021 00:00:07;172.012
ekstensometer (ny);03.04.2021 01:00:04;129.150
ekstensometer (ny);03.04.2021 02:00:05;186.863
ekstensometer (ny);03.04.2021 03:00:05;64.012
ekstensometer (ny);03.04.2021 04:00:07;77.850
ekstensometer (ny);03.04.2021 05:00:04;79.425
ekstensometer (ny);03.04.2021 06:00:05;41.287
ekstensometer (ny);03.04.2021 07:00:05;71.887
ekstensometer (ny);03.04.2021 08:00:07;55.575
ekstensometer (ny);03.04.2021 09:00:04;143.663
ekstensometer (ny);03.04.2021 10:00:05;206.550
ekstensometer (ny);03.04.2021 11:00:05;167.512
ekstensometer (ny);03.04.2021 12:00:07;145.688
ekstensometer (ny);03.04.2021 13:00:05;128.475
ekstensometer (ny);03.04.2021 14:00:04;46.912
ekstensometer (ny);03.04.2021 15:00:05;125.438
ekstensometer (ny);03.04.2021 16:00:07;112.725
ekstensometer (ny);03.04.2021 17:00:05;117.450
ekstensometer (ny);03.04.2021 18:00:05;82.350
ekstensometer (ny);03.04.2021 19:00:05;45.112
ekstensometer (ny);03.04.2021 20:00:07;91.688
ekstensometer (ny);03.04.2021 21:00:05;41.062
ekstensometer (ny);03.04.2021 22:00:05;41.287
ekstensometer (ny);03.04.2021 23:00:05;42.075
ekstensometer (ny);04.04.2021 00:00:06;41.625
ekstensometer (ny);04.04.2021 01:00:04;41.625
ekstensometer (ny);04.04.2021 02:00:05;41.625
ekstensometer (ny);04.04.2021 03:00:05;44.775
ekstensometer (ny);04.04.2021 04:00:07;41.625
ekstensometer (ny);04.04.2021 05:00:04;41.737
ekstensometer (ny);04.04.2021 06:00:05;57.037
ekstensometer (ny);04.04.2021 07:00:05;41.625
ekstensometer (ny);04.04.2021 08:00:07;41.625
ekstensometer (ny);04.04.2021 09:00:05;41.625
ekstensometer (ny);04.04.2021 10:00:04;63.450
ekstensometer (ny);04.04.2021 11:00:05;43.763
ekstensometer (ny);04.04.2021 12:00:07;41.625
ekstensometer (ny);04.04.2021 13:00:05;42.188
ekstensometer (ny);04.04.2021 14:00:04;42.188
ekstensometer (ny);04.04.2021 15:00:05;60.525
ekstensometer (ny);04.04.2021 16:00:07;63.112
ekstensometer (ny);04.04.2021 17:00:05;66.825
ekstensometer (ny);04.04.2021 18:00:05;95.400
ekstensometer (ny);04.04.2021 19:00:05;42.862
ekstensometer (ny);04.04.2021 20:00:07;42.300
ekstensometer (ny);04.04.2021 21:00:05;42.412
ekstensometer (ny);04.04.2021 22:00:05;53.100
ekstensometer (ny);04.04.2021 23:00:05;42.412
ekstensometer (ny);05.04.2021 00:00:07;59.400
ekstensometer (ny);05.04.2021 01:00:04;138.938
ekstensometer (ny);05.04.2021 02:00:05;81.450
ekstensometer (ny);05.04.2021 03:00:05;98.662
ekstensometer (ny);05.04.2021 04:00:07;77.850
ekstensometer (ny);05.04.2021 05:00:05;88.088
ekstensometer (ny);05.04.2021 06:00:04;104.175
ekstensometer (ny);05.04.2021 07:00:05;98.438
ekstensometer (ny);05.04.2021 08:00:07;92.475
ekstensometer (ny);05.04.2021 09:00:05;97.537
ekstensometer (ny);05.04.2021 10:00:05;118.463
ekstensometer (ny);05.04.2021 11:00:04;142.087
ekstensometer (ny);05.04.2021 12:00:07;133.312
ekstensometer (ny);05.04.2021 13:00:05;124.088
ekstensometer (ny);05.04.2021 14:00:05;105.525
ekstensometer (ny);05.04.2021 15:00:04;54.562
ekstensometer (ny);05.04.2021 16:00:07;122.963
ekstensometer (ny);05.04.2021 17:00:05;47.138
ekstensometer (ny);05.04.2021 18:00:05;42.188
ekstensometer (ny);05.04.2021 19:00:05;103.725
ekstensometer (ny);05.04.2021 20:00:07;58.725
ekstensometer (ny);05.04.2021 21:00:04;42.300
ekstensometer (ny);05.04.2021 22:00:05;42.188
ekstensometer (ny);05.04.2021 23:00:05;42.188
ekstensometer (ny);06.04.2021 00:00:07;42.412
ekstensometer (ny);06.04.2021 01:00:04;42.188
ekstensometer (ny);06.04.2021 02:00:04;42.300
ekstensometer (ny);06.04.2021 03:00:05;60.750
ekstensometer (ny);06.04.2021 04:00:07;42.975
ekstensometer (ny);06.04.2021 05:00:05;42.412
ekstensometer (ny);06.04.2021 06:00:04;42.188
ekstensometer (ny);06.04.2021 07:00:05;55.125
ekstensometer (ny);06.04.2021 08:00:07;57.150
ekstensometer (ny);06.04.2021 09:00:05;47.812
ekstensometer (ny);06.04.2021 10:00:05;76.613
ekstensometer (ny);06.04.2021 11:00:04;122.625
ekstensometer (ny);06.04.2021 12:00:26;113.175
ekstensometer (ny);06.04.2021 13:00:05;41.850
ekstensometer (ny);06.04.2021 14:00:05;41.625
ekstensometer (ny);06.04.2021 15:00:04;146.587
ekstensometer (ny);06.04.2021 16:00:07;135.788
ekstensometer (ny);06.04.2021 17:00:05;87.975
ekstensometer (ny);06.04.2021 18:00:05;47.025
ekstensometer (ny);06.04.2021 19:00:05;99.225
ekstensometer (ny);06.04.2021 20:00:07;51.412
ekstensometer (ny);06.04.2021 21:00:05;42.188
ekstensometer (ny);06.04.2021 22:00:04;43.650
ekstensometer (ny);06.04.2021 23:00:05;93.488
ekstensometer (ny);07.04.2021 00:00:27;47.025
ekstensometer (ny);07.04.2021 01:00:05;42.075
ekstensometer (ny);07.04.2021 02:00:04;41.737
ekstensometer (ny);07.04.2021 03:00:05;42.525
ekstensometer (ny);07.04.2021 04:00:07;59.062
ekstensometer (ny);07.04.2021 05:00:05;157.500
ekstensometer (ny);07.04.2021 06:00:05;223.312
ekstensometer (ny);07.04.2021 07:00:04;344.587
ekstensometer (ny);07.04.2021 08:00:07;373.050
ekstensometer (ny);07.04.2021 09:00:05;473.850
ekstensometer (ny);07.04.2021 10:00:05;405.562
ekstensometer (ny);07.04.2021 11:00:04;356.400
ekstensometer (ny);07.04.2021 12:00:07;382.275
ekstensometer (ny);07.04.2021 13:00:05;392.175
ekstensometer (ny);07.04.2021 14:00:05;430.312
ekstensometer (ny);07.04.2021 15:00:05;397.688
ekstensometer (ny);07.04.2021 16:00:07;409.725
ekstensometer (ny);07.04.2021 17:00:05;336.038
ekstensometer (ny);07.04.2021 18:00:05;270.225
ekstensometer (ny);07.04.2021 19:00:05;336.712
ekstensometer (ny);07.04.2021 20:00:07;363.038
ekstensometer (ny);07.04.2021 21:00:04;325.913
ekstensometer (ny);07.04.2021 22:00:04;294.525
ekstensometer (ny);07.04.2021 23:00:05;382.837
ekstensometer (ny);08.04.2021 00:00:07;362.700
ekstensometer (ny);08.04.2021 01:00:05;74.700
ekstensometer (ny);08.04.2021 02:00:04;88.875
ekstensometer (ny);08.04.2021 03:00:05;503.438
ekstensometer (ny);08.04.2021 04:00:07;563.625
ekstensometer (ny);08.04.2021 05:00:05;503.775
ekstensometer (ny);08.04.2021 06:00:04;514.125
ekstensometer (ny);08.04.2021 07:00:05;414.675
ekstensometer (ny);08.04.2021 08:00:07;496.800
ekstensometer (ny);08.04.2021 09:00:05;531.225
ekstensometer (ny);08.04.2021 10:00:05;570.938
ekstensometer (ny);08.04.2021 11:00:04;529.875
ekstensometer (ny);08.04.2021 12:00:07;624.600
ekstensometer (ny);08.04.2021 13:00:05;687.938
ekstensometer (ny);08.04.2021 14:00:05;624.600
ekstensometer (ny);08.04.2021 15:00:05;775.013
ekstensometer (ny);08.04.2021 16:00:26;695.812
ekstensometer (ny);08.04.2021 17:00:05;827.213
ekstensometer (ny);08.04.2021 18:00:05;771.188
ekstensometer (ny);08.04.2021 19:00:05;681.188
ekstensometer (ny);08.04.2021 20:00:07;603.000
ekstensometer (ny);08.04.2021 21:00:04;613.463
ekstensometer (ny);08.04.2021 22:00:05;264.038
ekstensometer (ny);08.04.2021 23:00:05;490.388
ekstensometer (ny);09.04.2021 00:00:07;250.875
ekstensometer (ny);09.04.2021 01:00:05;399.487
ekstensometer (ny);09.04.2021 02:00:04;478.800
ekstensometer (ny);09.04.2021 03:00:05;726.412
ekstensometer (ny);09.04.2021 04:00:07;469.125
ekstensometer (ny);09.04.2021 05:00:05;211.500
ekstensometer (ny);09.04.2021 06:00:04;223.087
ekstensometer (ny);09.04.2021 07:00:05;404.100
ekstensometer (ny);09.04.2021 08:00:39;557.100
ekstensometer (ny);09.04.2021 09:00:05;381.712
ekstensometer (ny);09.04.2021 10:00:05;338.400
ekstensometer (ny);09.04.2021 11:00:04;650.812
ekstensometer (ny);09.04.2021 12:00:07;420.188
ekstensometer (ny);09.04.2021 13:00:05;752.287
ekstensometer (ny);09.04.2021 14:00:05;531.450
ekstensometer (ny);09.04.2021 15:00:04;433.913
ekstensometer (ny);09.04.2021 16:00:07;726.412
ekstensometer (ny);09.04.2021 17:00:05;608.737
ekstensometer (ny);09.04.2021 18:00:05;539.100
ekstensometer (ny);09.04.2021 19:00:05;472.500
ekstensometer (ny);09.04.2021 20:00:07;508.500
ekstensometer (ny);09.04.2021 21:00:04;534.938
ekstensometer (ny);09.04.2021 22:00:05;611.775
ekstensometer (ny);09.04.2021 23:00:05;682.987
ekstensometer (ny);10.04.2021 00:00:07;621.450
ekstensometer (ny);10.04.2021 01:00:04;695.700
ekstensometer (ny);10.04.2021 02:00:04;803.025
ekstensometer (ny);10.04.2021 03:00:05;727.650
ekstensometer (ny);10.04.2021 04:00:07;723.375
ekstensometer (ny);10.04.2021 05:00:05;590.287
ekstensometer (ny);10.04.2021 06:00:04;603.000
ekstensometer (ny);10.04.2021 07:00:05;643.500
ekstensometer (ny);10.04.2021 08:00:07;981.450
ekstensometer (ny);11.04.2021 09:00:05;879.412
ekstensometer (ny);11.04.2021 10:00:04;543.938
ekstensometer (ny);11.04.2021 11:00:05;917.438
ekstensometer (ny);11.04.2021 12:00:07;1081.688
ekstensometer (ny);11.04.2021 13:00:05;975.487
ekstensometer (ny);11.04.2021 14:00:04;1087.200
ekstensometer (ny);11.04.2021 15:00:05;510.525
ekstensometer (ny);11.04.2021 16:00:07;899.100
ekstensometer (ny);11.04.2021 17:00:05;898.537
ekstensometer (ny);11.04.2021 18:00:05;909.000
ekstensometer (ny);11.04.2021 19:00:04;990.225
ekstensometer (ny);11.04.2021 20:00:07;940.275
ekstensometer (ny);11.04.2021 21:00:05;898.875
ekstensometer (ny);11.04.2021 22:00:05;1041.975
ekstensometer (ny);11.04.2021 23:00:05;279.788
ekstensometer (ny);12.04.2021 00:00:07;441.337
ekstensometer (ny);12.04.2021 01:00:05;356.850
ekstensometer (ny);12.04.2021 02:00:05;544.275
ekstensometer (ny);12.04.2021 03:00:05;222.075
ekstensometer (ny);12.04.2021 04:00:07;354.150
ekstensometer (ny);12.04.2021 05:00:05;306.000
ekstensometer (ny);12.04.2021 06:00:05;253.350
ekstensometer (ny);12.04.2021 07:00:05;320.625
ekstensometer (ny);12.04.2021 08:00:06;299.475
ekstensometer (ny);12.04.2021 09:00:04;367.875
ekstensometer (ny);12.04.2021 10:00:05;447.750
ekstensometer (ny);12.04.2021 11:00:05;398.925
ekstensometer (ny);12.04.2021 12:00:07;437.850
ekstensometer (ny);12.04.2021 13:00:04;858.375
ekstensometer (ny);12.04.2021 14:00:05;432.112
ekstensometer (ny);12.04.2021 15:00:05;565.650
ekstensometer (ny);12.04.2021 16:00:27;398.138
ekstensometer (ny);12.04.2021 17:00:04;513.225
ekstensometer (ny);12.04.2021 18:00:04;389.812
ekstensometer (ny);12.04.2021 19:00:05;579.150
ekstensometer (ny);12.04.2021 20:00:07;392.625
ekstensometer (ny);12.04.2021 21:00:05;831.938
ekstensometer (ny);12.04.2021 22:00:05;711.900
ekstensometer (ny);12.04.2021 23:00:04;635.175
ekstensometer (ny);13.04.2021 00:00:07;713.588
ekstensometer (ny);13.04.2021 01:00:05;673.088
ekstensometer (ny);13.04.2021 02:00:05;865.350
ekstensometer (ny);13.04.2021 03:00:04;759.037
ekstensometer (ny);13.04.2021 04:00:07;818.775
ekstensometer (ny);13.04.2021 05:00:05;755.325
ekstensometer (ny);13.04.2021 06:00:05;811.800
ekstensometer (ny);13.04.2021 07:00:05;749.475
ekstensometer (ny);13.04.2021 08:00:07;800.100
ekstensometer (ny);13.04.2021 09:00:05;783.562
ekstensometer (ny);13.04.2021 10:00:05;811.800
ekstensometer (ny);13.04.2021 11:00:05;792.225
ekstensometer (ny);13.04.2021 13:00:05;861.188
ekstensometer (ny);13.04.2021 14:00:05;896.963
ekstensometer (ny);13.04.2021 15:00:05;1117.575
ekstensometer (ny);13.04.2021 16:00:59;926.550
ekstensometer (ny);13.04.2021 17:00:04;839.138
ekstensometer (ny);13.04.2021 18:00:04;905.737
ekstensometer (ny);13.04.2021 19:00:04;975.375
ekstensometer (ny);13.04.2021 20:00:07;960.750
ekstensometer (ny);13.04.2021 21:00:05;499.275
ekstensometer (ny);13.04.2021 22:00:04;771.075
ekstensometer (ny);13.04.2021 23:00:04;775.688
ekstensometer (ny);14.04.2021 00:00:07;788.963
ekstensometer (ny);14.04.2021 01:00:05;303.525
ekstensometer (ny);14.04.2021 02:00:05;155.363
ekstensometer (ny);14.04.2021 03:00:05;944.213
ekstensometer (ny);14.04.2021 04:00:07;978.750
ekstensometer (ny);14.04.2021 05:00:05;1011.037
ekstensometer (ny);14.04.2021 06:00:05;189.337
ekstensometer (ny);14.04.2021 07:00:05;263.250
ekstensometer (ny);14.04.2021 08:00:06;425.812
ekstensometer (ny);14.04.2021 09:00:04;476.550
ekstensometer (ny);14.04.2021 10:00:05;633.938
ekstensometer (ny);14.04.2021 11:00:05;730.463
ekstensometer (ny);14.04.2021 12:00:07;581.625
ekstensometer (ny);14.04.2021 13:00:04;612.000
ekstensometer (ny);14.04.2021 14:00:05;553.162
ekstensometer (ny);14.04.2021 15:00:05;714.150
ekstensometer (ny);14.04.2021 16:00:07;539.325
ekstensometer (ny);14.04.2021 17:00:04;597.037
ekstensometer (ny);14.04.2021 18:00:05;713.025
ekstensometer (ny);14.04.2021 19:00:04;543.037
ekstensometer (ny);14.04.2021 20:00:07;476.325
ekstensometer (ny);14.04.2021 21:00:05;671.175
ekstensometer (ny);14.04.2021 22:00:05;383.062
ekstensometer (ny);14.04.2021 23:00:04;685.350
ekstensometer (ny);15.04.2021 00:00:07;658.237
ekstensometer (ny);15.04.2021 01:00:05;677.362
ekstensometer (ny);15.04.2021 02:00:05;755.100
ekstensometer (ny);15.04.2021 03:00:05;674.325
ekstensometer (ny);15.04.2021 04:00:07;732.938
ekstensometer (ny);15.04.2021 05:00:05;776.700
ekstensometer (ny);15.04.2021 06:00:05;474.975
ekstensometer (ny);15.04.2021 07:00:05;477.000
ekstensometer (ny);15.04.2021 08:00:07;496.013
ekstensometer (ny);15.04.2021 09:00:04;462.825
ekstensometer (ny);15.04.2021 10:00:05;590.625
ekstensometer (ny);15.04.2021 11:00:05;598.500
ekstensometer (ny);15.04.2021 12:00:07;576.225
ekstensometer (ny);15.04.2021 13:00:04;602.213
ekstensometer (ny);15.04.2021 14:00:05;547.537
ekstensometer (ny);15.04.2021 15:00:05;489.150
ekstensometer (ny);15.04.2021 16:00:07;456.750
ekstensometer (ny);15.04.2021 17:00:05;583.537
ekstensometer (ny);15.04.2021 18:00:04;492.525
ekstensometer (ny);15.04.2021 19:00:04;516.037
ekstensometer (ny);15.04.2021 20:00:07;503.663
ekstensometer (ny);15.04.2021 21:00:05;475.875
ekstensometer (ny);15.04.2021 22:00:05;338.288
ekstensometer (ny);15.04.2021 23:00:04;310.950
ekstensometer (ny);16.04.2021 00:00:07;433.013
ekstensometer (ny);16.04.2021 01:00:05;409.837
ekstensometer (ny);16.04.2021 02:00:05;446.288
ekstensometer (ny);16.04.2021 03:00:05;424.462
ekstensometer (ny);16.04.2021 04:00:07;311.062
ekstensometer (ny);16.04.2021 05:00:05;272.250
ekstensometer (ny);16.04.2021 06:00:05;523.463
ekstensometer (ny);16.04.2021 07:00:05;319.725
ekstensometer (ny);16.04.2021 08:00:39;401.288
ekstensometer (ny);16.04.2021 09:00:05;574.987
ekstensometer (ny);16.04.2021 10:00:05;576.787
ekstensometer (ny);16.04.2021 11:00:05;359.212
ekstensometer (ny);16.04.2021 12:00:07;376.087
ekstensometer (ny);16.04.2021 13:00:04;733.162
ekstensometer (ny);16.04.2021 14:00:05;514.688
ekstensometer (ny);16.04.2021 15:00:05;341.550
ekstensometer (ny);16.04.2021 16:00:07;341.325
ekstensometer (ny);16.04.2021 17:00:04;343.913
ekstensometer (ny);16.04.2021 18:00:04;395.888
ekstensometer (ny);16.04.2021 19:00:05;362.475
ekstensometer (ny);16.04.2021 20:00:07;216.788
ekstensometer (ny);16.04.2021 21:00:05;393.300
ekstensometer (ny);16.04.2021 22:00:05;258.975
ekstensometer (ny);16.04.2021 23:00:04;208.462
ekstensometer (ny);17.04.2021 00:00:07;90.338
ekstensometer (ny);17.04.2021 01:00:05;103.613
ekstensometer (ny);17.04.2021 02:00:05;64.688
ekstensometer (ny);17.04.2021 03:00:04;128.025
ekstensometer (ny);17.04.2021 04:00:07;140.512
ekstensometer (ny);17.04.2021 05:00:05;255.488
ekstensometer (ny);17.04.2021 06:00:05;315.112
ekstensometer (ny);17.04.2021 07:00:05;82.575
ekstensometer (ny);17.04.2021 08:00:07;89.325
ekstensometer (ny);17.04.2021 09:00:04;381.150
ekstensometer (ny);17.04.2021 10:00:05;191.363
ekstensometer (ny);17.04.2021 11:00:05;297.900
ekstensometer (ny);17.04.2021 12:00:07;512.325
ekstensometer (ny);17.04.2021 13:00:04;521.438
ekstensometer (ny);17.04.2021 14:00:05;334.013
ekstensometer (ny);17.04.2021 15:00:05;599.062
ekstensometer (ny);17.04.2021 16:00:27;563.062
ekstensometer (ny);17.04.2021 17:00:04;661.612
ekstensometer (ny);17.04.2021 18:00:04;353.587
ekstensometer (ny);17.04.2021 19:00:05;578.025
ekstensometer (ny);17.04.2021 20:00:07;80.213
ekstensometer (ny);17.04.2021 21:00:05;323.550
ekstensometer (ny);17.04.2021 22:00:04;413.775
ekstensometer (ny);17.04.2021 23:00:05;41.963
ekstensometer (ny);18.04.2021 00:00:07;187.312
ekstensometer (ny);18.04.2021 01:00:05;342.788
ekstensometer (ny);18.04.2021 02:00:05;130.613
ekstensometer (ny);18.04.2021 03:00:04;201.825
ekstensometer (ny);18.04.2021 04:00:27;81.000
ekstensometer (ny);18.04.2021 05:00:05;243.788
ekstensometer (ny);18.04.2021 06:00:05;141.525
ekstensometer (ny);18.04.2021 07:00:04;67.162
ekstensometer (ny);18.04.2021 08:00:07;144.450
ekstensometer (ny);18.04.2021 09:00:05;198.788
ekstensometer (ny);18.04.2021 10:00:05;45.787
ekstensometer (ny);18.04.2021 11:00:05;40.838
ekstensometer (ny);18.04.2021 12:00:27;45.225
ekstensometer (ny);18.04.2021 13:00:05;88.537
ekstensometer (ny);18.04.2021 14:00:05;114.637
ekstensometer (ny);18.04.2021 15:00:05;40.275
ekstensometer (ny);18.04.2021 16:00:07;57.037
ekstensometer (ny);18.04.2021 17:00:04;70.875
ekstensometer (ny);18.04.2021 18:00:04;40.838
ekstensometer (ny);18.04.2021 19:00:05;43.537
ekstensometer (ny);18.04.2021 20:00:07;41.287
ekstensometer (ny);18.04.2021 21:00:05;44.438
ekstensometer (ny);18.04.2021 22:00:04;58.612
ekstensometer (ny);18.04.2021 23:00:05;67.387
ekstensometer (ny);19.04.2021 00:00:07;77.850
ekstensometer (ny);19.04.2021 01:00:05;44.662
ekstensometer (ny);19.04.2021 02:00:05;61.088
ekstensometer (ny);19.04.2021 03:00:04;58.275
ekstensometer (ny);19.04.2021 04:00:07;46.575
ekstensometer (ny);19.04.2021 05:00:05;43.425
ekstensometer (ny);19.04.2021 06:00:05;56.250
ekstensometer (ny);19.04.2021 07:00:04;52.650
ekstensometer (ny);19.04.2021 08:00:36;45.000
ekstensometer (ny);19.04.2021 09:00:05;40.838
ekstensometer (ny);19.04.2021 10:00:05;40.838
ekstensometer (ny);19.04.2021 11:00:05;40.950
ekstensometer (ny);19.04.2021 12:00:07;40.388
ekstensometer (ny);19.04.2021 13:00:05;40.388
ekstensometer (ny);19.04.2021 14:00:05;57.487
ekstensometer (ny);19.04.2021 15:00:05;45.225
ekstensometer (ny);19.04.2021 16:00:07;50.963
ekstensometer (ny);19.04.2021 17:00:05;65.250
ekstensometer (ny);19.04.2021 18:00:05;58.725
ekstensometer (ny);19.04.2021 19:00:05;49.162
ekstensometer (ny);19.04.2021 20:00:07;41.963
ekstensometer (ny);19.04.2021 21:00:05;65.925
ekstensometer (ny);19.04.2021 22:00:04;42.525
ekstensometer (ny);19.04.2021 23:00:05;43.088
ekstensometer (ny);20.04.2021 00:00:07;40.950
ekstensometer (ny);20.04.2021 01:00:05;40.950
ekstensometer (ny);20.04.2021 02:00:04;40.950
ekstensometer (ny);20.04.2021 03:00:05;40.950
ekstensometer (ny);20.04.2021 04:00:07;40.950
ekstensometer (ny);20.04.2021 05:00:05;40.950
ekstensometer (ny);20.04.2021 06:00:05;40.950
ekstensometer (ny);20.04.2021 07:00:04;40.950
ekstensometer (ny);20.04.2021 08:00:07;40.950
ekstensometer (ny);20.04.2021 09:00:05;40.950
ekstensometer (ny);20.04.2021 10:00:05;40.950
ekstensometer (ny);20.04.2021 11:00:05;40.950
ekstensometer (ny);20.04.2021 12:00:07;40.950
ekstensometer (ny);20.04.2021 13:00:05;40.950
ekstensometer (ny);20.04.2021 14:00:05;40.950
ekstensometer (ny);20.04.2021 15:00:05;40.950
ekstensometer (ny);20.04.2021 16:00:06;40.950
ekstensometer (ny);20.04.2021 17:00:05;41.513
ekstensometer (ny);20.04.2021 18:00:05;40.950
ekstensometer (ny);20.04.2021 19:00:05;41.625
ekstensometer (ny);20.04.2021 20:00:16;41.625
ekstensometer (ny);20.04.2021 21:00:04;41.625
ekstensometer (ny);20.04.2021 22:00:04;41.625
ekstensometer (ny);20.04.2021 23:00:05;41.625
ekstensometer (ny);21.04.2021 00:00:07;41.625
ekstensometer (ny);21.04.2021 01:00:05;41.625
ekstensometer (ny);21.04.2021 02:00:04;41.625
ekstensometer (ny);21.04.2021 03:00:05;41.625
ekstensometer (ny);21.04.2021 04:00:07;41.625
ekstensometer (ny);21.04.2021 05:00:05;41.625
ekstensometer (ny);21.04.2021 06:00:04;41.625
ekstensometer (ny);21.04.2021 07:00:05;41.625
ekstensometer (ny);21.04.2021 08:00:07;41.625
ekstensometer (ny);21.04.2021 09:00:05;41.625
ekstensometer (ny);21.04.2021 10:00:05;41.625
ekstensometer (ny);21.04.2021 11:00:04;41.625
ekstensometer (ny);21.04.2021 12:00:07;41.625
ekstensometer (ny);21.04.2021 13:00:05;41.625
ekstensometer (ny);21.04.2021 14:00:05;41.625
ekstensometer (ny);21.04.2021 15:00:04;41.625
ekstensometer (ny);21.04.2021 16:00:07;41.513
ekstensometer (ny);21.04.2021 17:00:05;41.513
ekstensometer (ny);21.04.2021 18:00:05;41.513
ekstensometer (ny);21.04.2021 19:00:05;41.625
ekstensometer (ny);21.04.2021 20:00:07;41.625
ekstensometer (ny);21.04.2021 21:00:04;41.625
ekstensometer (ny);21.04.2021 22:00:05;41.625
ekstensometer (ny);21.04.2021 23:00:05;41.625
ekstensometer (ny);22.04.2021 00:00:07;41.625
ekstensometer (ny);22.04.2021 01:00:05;41.625
ekstensometer (ny);22.04.2021 02:00:04;41.625
ekstensometer (ny);22.04.2021 03:00:05;41.625
ekstensometer (ny);22.04.2021 04:00:07;41.625
ekstensometer (ny);22.04.2021 05:00:05;41.625
ekstensometer (ny);22.04.2021 06:00:04;41.625
ekstensometer (ny);22.04.2021 07:00:05;41.625
ekstensometer (ny);22.04.2021 08:00:07;41.625
ekstensometer (ny);22.04.2021 09:00:05;41.625
ekstensometer (ny);22.04.2021 10:00:05;41.625
ekstensometer (ny);22.04.2021 11:00:04;41.625
ekstensometer (ny);22.04.2021 12:00:07;41.625
ekstensometer (ny);22.04.2021 13:00:05;41.625
ekstensometer (ny);22.04.2021 14:00:05;41.625
ekstensometer (ny);22.04.2021 15:00:05;41.625
ekstensometer (ny);22.04.2021 16:00:26;41.625
ekstensometer (ny);22.04.2021 17:00:05;41.513
ekstensometer (ny);22.04.2021 18:00:05;41.513
ekstensometer (ny);22.04.2021 19:00:05;41.625
ekstensometer (ny);22.04.2021 20:00:07;41.625
ekstensometer (ny);22.04.2021 21:00:04;41.625
ekstensometer (ny);22.04.2021 22:00:04;41.625
ekstensometer (ny);22.04.2021 23:00:05;41.625
ekstensometer (ny);23.04.2021 00:00:07;41.625
ekstensometer (ny);23.04.2021 01:00:05;41.625
ekstensometer (ny);23.04.2021 02:00:04;41.625
ekstensometer (ny);23.04.2021 03:00:05;41.625
ekstensometer (ny);23.04.2021 04:00:07;41.625
ekstensometer (ny);23.04.2021 05:00:05;41.625
ekstensometer (ny);23.04.2021 06:00:04;41.625
ekstensometer (ny);23.04.2021 07:00:05;41.625
ekstensometer (ny);23.04.2021 08:00:07;41.625
ekstensometer (ny);23.04.2021 09:00:05;41.625
ekstensometer (ny);23.04.2021 10:00:05;41.625
ekstensometer (ny);23.04.2021 11:00:04;41.625
ekstensometer (ny);23.04.2021 12:00:07;41.625
ekstensometer (ny);23.04.2021 13:00:05;41.625
ekstensometer (ny);23.04.2021 14:00:05;41.625
ekstensometer (ny);23.04.2021 15:00:04;41.625
ekstensometer (ny);23.04.2021 16:00:07;41.625
ekstensometer (ny);23.04.2021 17:00:05;41.625
ekstensometer (ny);23.04.2021 18:00:04;41.625
ekstensometer (ny);23.04.2021 19:00:04;41.625
ekstensometer (ny);23.04.2021 20:00:07;41.625
ekstensometer (ny);23.04.2021 21:00:05;41.625
ekstensometer (ny);23.04.2021 22:00:05;41.625
ekstensometer (ny);23.04.2021 23:00:04;41.625
ekstensometer (ny);24.04.2021 00:00:07;41.625
ekstensometer (ny);24.04.2021 01:00:05;41.625
ekstensometer (ny);24.04.2021 02:00:05;41.625
ekstensometer (ny);24.04.2021 03:00:05;41.625
ekstensometer (ny);24.04.2021 04:00:07;41.625
ekstensometer (ny);24.04.2021 05:00:05;41.625
ekstensometer (ny);24.04.2021 06:00:05;41.625
ekstensometer (ny);24.04.2021 07:00:05;41.625
ekstensometer (ny);24.04.2021 08:00:06;41.625
ekstensometer (ny);24.04.2021 09:00:04;41.625
ekstensometer (ny);24.04.2021 10:00:05;41.625
ekstensometer (ny);24.04.2021 11:00:05;41.625
ekstensometer (ny);24.04.2021 12:00:07;41.625
ekstensometer (ny);24.04.2021 13:00:04;41.625
ekstensometer (ny);24.04.2021 14:00:05;41.625
ekstensometer (ny);24.04.2021 15:00:05;41.625
ekstensometer (ny);24.04.2021 16:00:40;41.625
ekstensometer (ny);24.04.2021 17:00:04;41.625
ekstensometer (ny);24.04.2021 18:00:05;41.625
ekstensometer (ny);24.04.2021 19:00:05;41.625
ekstensometer (ny);24.04.2021 20:00:07;41.625
ekstensometer (ny);24.04.2021 21:00:04;41.625
ekstensometer (ny);24.04.2021 22:00:05;41.625
ekstensometer (ny);24.04.2021 23:00:05;41.625
ekstensometer (ny);25.04.2021 00:00:07;41.625
ekstensometer (ny);25.04.2021 01:00:04;41.625
ekstensometer (ny);25.04.2021 02:00:05;41.625
ekstensometer (ny);25.04.2021 03:00:05;41.625
ekstensometer (ny);25.04.2021 04:00:07;41.625
ekstensometer (ny);25.04.2021 05:00:04;41.625
ekstensometer (ny);25.04.2021 06:00:05;41.625
ekstensometer (ny);25.04.2021 07:00:05;41.625
ekstensometer (ny);25.04.2021 08:00:07;41.625
ekstensometer (ny);25.04.2021 09:00:04;41.513
ekstensometer (ny);25.04.2021 10:00:05;41.513
ekstensometer (ny);25.04.2021 11:00:05;41.625
ekstensometer (ny);25.04.2021 12:00:07;41.625
ekstensometer (ny);25.04.2021 13:00:05;41.625
ekstensometer (ny);25.04.2021 14:00:04;41.625
ekstensometer (ny);25.04.2021 15:00:05;41.513
ekstensometer (ny);25.04.2021 16:00:07;41.513
ekstensometer (ny);25.04.2021 17:00:05;41.513
ekstensometer (ny);25.04.2021 18:00:05;41.513
ekstensometer (ny);25.04.2021 19:00:04;41.625
ekstensometer (ny);25.04.2021 20:00:07;41.625
ekstensometer (ny);25.04.2021 21:00:05;41.625
ekstensometer (ny);25.04.2021 22:00:05;41.625
ekstensometer (ny);25.04.2021 23:00:05;41.625
ekstensometer (ny);26.04.2021 00:00:07;41.625
ekstensometer (ny);26.04.2021 01:00:04;41.625
ekstensometer (ny);26.04.2021 02:00:05;41.625
ekstensometer (ny);26.04.2021 03:00:05;41.625
ekstensometer (ny);26.04.2021 04:00:07;41.625
ekstensometer (ny);26.04.2021 05:00:04;41.625
ekstensometer (ny);26.04.2021 06:00:05;41.625
ekstensometer (ny);26.04.2021 07:00:05;41.625
ekstensometer (ny);26.04.2021 08:00:07;41.625
ekstensometer (ny);26.04.2021 09:00:05;41.400
ekstensometer (ny);26.04.2021 10:00:04;41.513
ekstensometer (ny);26.04.2021 11:00:05;41.625
ekstensometer (ny);26.04.2021 12:00:07;41.625
ekstensometer (ny);26.04.2021 13:00:05;41.625
ekstensometer (ny);26.04.2021 14:00:04;41.513
ekstensometer (ny);26.04.2021 15:00:05;41.513
ekstensometer (ny);26.04.2021 16:00:07;41.513
ekstensometer (ny);26.04.2021 17:00:05;41.513
ekstensometer (ny);26.04.2021 18:00:05;41.400
ekstensometer (ny);26.04.2021 19:00:05;41.513
ekstensometer (ny);26.04.2021 20:00:07;41.513
ekstensometer (ny);26.04.2021 21:00:05;41.625
ekstensometer (ny);26.04.2021 22:00:05;41.625
ekstensometer (ny);26.04.2021 23:00:05;41.625
ekstensometer (ny);27.04.2021 00:00:28;41.625
ekstensometer (ny);27.04.2021 01:00:04;41.625
ekstensometer (ny);27.04.2021 02:00:05;41.625
ekstensometer (ny);27.04.2021 03:00:05;41.625
ekstensometer (ny);27.04.2021 04:00:07;41.625
ekstensometer (ny);27.04.2021 05:00:04;41.625
ekstensometer (ny);27.04.2021 06:00:05;41.625
ekstensometer (ny);27.04.2021 07:00:05;41.625
ekstensometer (ny);27.04.2021 08:00:40;41.625
ekstensometer (ny);27.04.2021 09:00:05;41.513
ekstensometer (ny);27.04.2021 10:00:04;41.513
ekstensometer (ny);27.04.2021 11:00:05;41.625
ekstensometer (ny);27.04.2021 12:00:07;41.625
ekstensometer (ny);27.04.2021 13:00:05;41.625
ekstensometer (ny);27.04.2021 14:00:04;41.175
ekstensometer (ny);27.04.2021 15:00:05;41.400
ekstensometer (ny);27.04.2021 16:00:07;40.950
ekstensometer (ny);27.04.2021 17:00:05;40.838
ekstensometer (ny);27.04.2021 18:00:05;40.838
ekstensometer (ny);27.04.2021 19:00:04;40.838
ekstensometer (ny);27.04.2021 20:00:07;41.513
ekstensometer (ny);27.04.2021 21:00:05;41.625
ekstensometer (ny);27.04.2021 22:00:05;41.625
ekstensometer (ny);27.04.2021 23:00:05;41.625
ekstensometer (ny);28.04.2021 00:00:07;41.625
ekstensometer (ny);28.04.2021 01:00:05;41.625
ekstensometer (ny);28.04.2021 02:00:05;41.625
ekstensometer (ny);28.04.2021 03:00:05;41.625
ekstensometer (ny);28.04.2021 04:00:07;41.625
ekstensometer (ny);28.04.2021 05:00:04;41.625
ekstensometer (ny);28.04.2021 06:00:05;41.625
ekstensometer (ny);28.04.2021 07:00:05;41.625
ekstensometer (ny);28.04.2021 08:00:07;41.513
ekstensometer (ny);28.04.2021 09:00:05;41.513
ekstensometer (ny);28.04.2021 10:00:04;41.513
ekstensometer (ny);28.04.2021 11:00:05;41.625
ekstensometer (ny);28.04.2021 12:00:07;41.625
ekstensometer (ny);28.04.2021 13:00:05;41.625
ekstensometer (ny);28.04.2021 14:00:04;41.625
ekstensometer (ny);28.04.2021 15:00:05;41.513
ekstensometer (ny);28.04.2021 16:00:27;40.950
ekstensometer (ny);28.04.2021 17:00:05;40.950
ekstensometer (ny);28.04.2021 18:00:05;40.950
ekstensometer (ny);28.04.2021 19:00:04;40.950
ekstensometer (ny);28.04.2021 20:00:26;40.950
ekstensometer (ny);28.04.2021 21:00:05;41.625
ekstensometer (ny);28.04.2021 22:00:05;41.625
ekstensometer (ny);28.04.2021 23:00:05;41.625
ekstensometer (ny);29.04.2021 00:00:07;41.625
ekstensometer (ny);29.04.2021 01:00:04;41.625
ekstensometer (ny);29.04.2021 02:00:05;41.625
ekstensometer (ny);29.04.2021 03:00:05;41.625
ekstensometer (ny);29.04.2021 04:00:07;41.625
ekstensometer (ny);29.04.2021 05:00:04;41.625
ekstensometer (ny);29.04.2021 06:00:05;41.625
ekstensometer (ny);29.04.2021 07:00:05;41.625
ekstensometer (ny);29.04.2021 08:00:07;41.513
ekstensometer (ny);29.04.2021 09:00:05;41.400
ekstensometer (ny);29.04.2021 10:00:04;41.513
ekstensometer (ny);29.04.2021 11:00:05;41.513
ekstensometer (ny);29.04.2021 12:00:07;41.625
ekstensometer (ny);29.04.2021 13:00:05;41.625
ekstensometer (ny);29.04.2021 14:00:04;40.950
ekstensometer (ny);29.04.2021 15:00:05;40.950
ekstensometer (ny);29.04.2021 16:00:07;40.950
ekstensometer (ny);29.04.2021 17:00:05;40.950
ekstensometer (ny);29.04.2021 18:00:05;40.838
ekstensometer (ny);29.04.2021 19:00:04;40.950
ekstensometer (ny);29.04.2021 20:00:27;40.950
ekstensometer (ny);29.04.2021 21:00:05;41.625
ekstensometer (ny);29.04.2021 22:00:05;41.625
ekstensometer (ny);29.04.2021 23:00:04;41.625
ekstensometer (ny);30.04.2021 00:00:07;41.625
ekstensometer (ny);30.04.2021 01:00:05;41.625
ekstensometer (ny);30.04.2021 02:00:05;41.625
ekstensometer (ny);30.04.2021 03:00:05;41.625
ekstensometer (ny);30.04.2021 04:00:07;41.625
ekstensometer (ny);30.04.2021 05:00:05;41.625
ekstensometer (ny);30.04.2021 06:00:05;41.625
ekstensometer (ny);30.04.2021 07:00:05;41.625
ekstensometer (ny);30.04.2021 08:00:07;41.513
ekstensometer (ny);30.04.2021 09:00:04;41.400
ekstensometer (ny);30.04.2021 10:00:05;41.513
ekstensometer (ny);30.04.2021 11:00:05;41.625
ekstensometer (ny);30.04.2021 12:00:07;41.287
ekstensometer (ny);30.04.2021 13:00:04;41.062
ekstensometer (ny);30.04.2021 14:00:05;40.950
ekstensometer (ny);30.04.2021 15:00:05;40.950
ekstensometer (ny);30.04.2021 16:00:07;40.950
ekstensometer (ny);30.04.2021 17:00:05;40.838
ekstensometer (ny);30.04.2021 18:00:05;40.950
ekstensometer (ny);30.04.2021 19:00:05;40.950
ekstensometer (ny);30.04.2021 20:00:07;40.950
ekstensometer (ny);30.04.2021 21:00:05;40.950
ekstensometer (ny);30.04.2021 22:00:05;40.950
ekstensometer (ny);30.04.2021 23:00:05;40.950
ekstensometer (ny);01.05.2021 00:00:07;40.950
ekstensometer (ny);01.05.2021 01:00:04;40.950
ekstensometer (ny);01.05.2021 02:00:05;41.062
ekstensometer (ny);01.05.2021 03:00:05;41.062
ekstensometer (ny);01.05.2021 04:00:07;41.625
ekstensometer (ny);01.05.2021 05:00:04;41.625
ekstensometer (ny);01.05.2021 06:00:04;41.625
ekstensometer (ny);01.05.2021 07:00:05;41.625
ekstensometer (ny);01.05.2021 08:00:07;41.513
ekstensometer (ny);01.05.2021 09:00:05;41.400
ekstensometer (ny);01.05.2021 10:00:04;41.625
ekstensometer (ny);01.05.2021 11:00:05;41.625
ekstensometer (ny);01.05.2021 12:00:07;41.625
ekstensometer (ny);01.05.2021 13:00:05;41.625
ekstensometer (ny);01.05.2021 14:00:05;41.625
ekstensometer (ny);01.05.2021 15:00:04;40.950
ekstensometer (ny);01.05.2021 16:00:07;40.950
ekstensometer (ny);01.05.2021 17:00:05;40.950
ekstensometer (ny);01.05.2021 18:00:05;41.513
ekstensometer (ny);01.05.2021 19:00:05;40.950
ekstensometer (ny);01.05.2021 20:00:07;40.950
ekstensometer (ny);01.05.2021 21:00:05;41.625
ekstensometer (ny);01.05.2021 22:00:05;41.625
ekstensometer (ny);01.05.2021 23:00:05;41.625
ekstensometer (ny);02.05.2021 00:00:06;41.625
ekstensometer (ny);02.05.2021 01:00:04;41.625
ekstensometer (ny);02.05.2021 02:00:05;41.625
ekstensometer (ny);02.05.2021 03:00:05;41.625
ekstensometer (ny);02.05.2021 04:00:07;41.625
ekstensometer (ny);02.05.2021 05:00:04;41.625
ekstensometer (ny);02.05.2021 06:00:05;41.625
ekstensometer (ny);02.05.2021 07:00:05;41.625
ekstensometer (ny);02.05.2021 08:00:07;41.513
ekstensometer (ny);02.05.2021 09:00:05;41.400
ekstensometer (ny);02.05.2021 10:00:04;41.513
ekstensometer (ny);02.05.2021 11:00:05;41.625
ekstensometer (ny);02.05.2021 12:00:07;41.062
ekstensometer (ny);02.05.2021 13:00:05;40.950
ekstensometer (ny);02.05.2021 14:00:05;40.950
ekstensometer (ny);02.05.2021 15:00:04;40.950
ekstensometer (ny);02.05.2021 16:00:07;40.950
ekstensometer (ny);02.05.2021 17:00:05;40.950
ekstensometer (ny);02.05.2021 18:00:05;40.950
ekstensometer (ny);02.05.2021 19:00:05;40.950
ekstensometer (ny);02.05.2021 20:00:07;40.950
ekstensometer (ny);02.05.2021 21:00:04;40.950
ekstensometer (ny);02.05.2021 22:00:05;41.062
ekstensometer (ny);02.05.2021 23:00:05;41.062
ekstensometer (ny);03.05.2021 00:00:07;41.062
ekstensometer (ny);03.05.2021 01:00:05;41.062
ekstensometer (ny);03.05.2021 02:00:04;41.062
ekstensometer (ny);03.05.2021 03:00:05;41.062
ekstensometer (ny);03.05.2021 04:00:07;41.062
ekstensometer (ny);03.05.2021 05:00:05;41.062
ekstensometer (ny);03.05.2021 06:00:04;41.062
ekstensometer (ny);03.05.2021 07:00:05;41.062
ekstensometer (ny);03.05.2021 08:00:07;41.062
ekstensometer (ny);03.05.2021 09:00:05;41.062
ekstensometer (ny);03.05.2021 10:00:04;41.062
ekstensometer (ny);03.05.2021 11:00:05;41.062
ekstensometer (ny);03.05.2021 12:00:28;41.062
ekstensometer (ny);03.05.2021 13:00:05;41.062
ekstensometer (ny);03.05.2021 14:00:05;41.062
ekstensometer (ny);03.05.2021 15:00:04;41.062
ekstensometer (ny);03.05.2021 16:00:27;41.062
ekstensometer (ny);03.05.2021 17:00:05;41.062
ekstensometer (ny);03.05.2021 18:00:05;41.062
ekstensometer (ny);03.05.2021 19:00:05;41.062
ekstensometer (ny);03.05.2021 20:00:07;41.625
ekstensometer (ny);03.05.2021 21:00:04;41.625
ekstensometer (ny);03.05.2021 22:00:04;41.625
ekstensometer (ny);03.05.2021 23:00:05;41.625
ekstensometer (ny);04.05.2021 00:00:07;41.625
ekstensometer (ny);04.05.2021 01:00:05;41.625
ekstensometer (ny);04.05.2021 02:00:04;41.625
ekstensometer (ny);04.05.2021 03:00:05;41.625
ekstensometer (ny);04.05.2021 04:00:16;41.625
ekstensometer (ny);04.05.2021 05:00:05;41.625
ekstensometer (ny);04.05.2021 06:00:05;41.625
ekstensometer (ny);04.05.2021 07:00:04;41.625
ekstensometer (ny);04.05.2021 08:00:07;41.625
ekstensometer (ny);04.05.2021 09:00:05;41.625
ekstensometer (ny);04.05.2021 10:00:05;41.625
ekstensometer (ny);04.05.2021 11:00:04;41.625
ekstensometer (ny);04.05.2021 12:00:07;41.625
ekstensometer (ny);04.05.2021 13:00:05;41.625
ekstensometer (ny);04.05.2021 14:00:05;41.625
ekstensometer (ny);04.05.2021 15:00:05;41.625
ekstensometer (ny);04.05.2021 16:00:07;41.625
ekstensometer (ny);04.05.2021 17:00:05;41.513
ekstensometer (ny);04.05.2021 18:00:05;41.625
ekstensometer (ny);04.05.2021 19:00:05;41.625
ekstensometer (ny);04.05.2021 20:00:07;41.625
ekstensometer (ny);04.05.2021 21:00:04;41.625
ekstensometer (ny);04.05.2021 22:00:05;41.625
ekstensometer (ny);04.05.2021 23:00:05;41.625
ekstensometer (ny);05.05.2021 00:00:07;41.625
ekstensometer (ny);05.05.2021 01:00:04;41.625
ekstensometer (ny);05.05.2021 02:00:05;41.625
ekstensometer (ny);05.05.2021 03:00:05;41.625
ekstensometer (ny);05.05.2021 04:00:12;41.625
ekstensometer (ny);05.05.2021 05:00:05;41.625
ekstensometer (ny);05.05.2021 06:00:04;41.625
ekstensometer (ny);05.05.2021 07:00:05;41.625
ekstensometer (ny);05.05.2021 08:00:07;41.625
ekstensometer (ny);05.05.2021 09:00:05;41.513
ekstensometer (ny);05.05.2021 10:00:04;41.625
ekstensometer (ny);05.05.2021 11:00:05;41.625
ekstensometer (ny);05.05.2021 12:00:28;41.625
ekstensometer (ny);05.05.2021 13:00:05;41.625
ekstensometer (ny);05.05.2021 14:00:05;41.625
ekstensometer (ny);05.05.2021 15:00:04;41.625
ekstensometer (ny);05.05.2021 16:00:27;41.625
ekstensometer (ny);05.05.2021 17:00:05;41.513
ekstensometer (ny);05.05.2021 18:00:05;41.513
ekstensometer (ny);05.05.2021 19:00:04;41.625
ekstensometer (ny);05.05.2021 20:00:07;41.625
ekstensometer (ny);05.05.2021 21:00:05;41.625
ekstensometer (ny);05.05.2021 22:00:05;41.625
ekstensometer (ny);05.05.2021 23:00:05;41.625
ekstensometer (ny);06.05.2021 00:00:07;41.625
ekstensometer (ny);06.05.2021 01:00:04;41.625
ekstensometer (ny);06.05.2021 02:00:05;41.625
ekstensometer (ny);06.05.2021 03:00:05;41.625
ekstensometer (ny);06.05.2021 04:00:07;41.625
ekstensometer (ny);06.05.2021 05:00:04;41.625
ekstensometer (ny);06.05.2021 06:00:05;41.625
ekstensometer (ny);06.05.2021 07:00:05;41.625
ekstensometer (ny);06.05.2021 08:00:07;41.625
ekstensometer (ny);06.05.2021 09:00:05;41.513
ekstensometer (ny);06.05.2021 10:00:04;41.625
ekstensometer (ny);06.05.2021 11:00:05;41.625
ekstensometer (ny);06.05.2021 12:00:39;41.625
ekstensometer (ny);06.05.2021 13:00:05;41.625
ekstensometer (ny);06.05.2021 14:00:04;41.625
ekstensometer (ny);06.05.2021 15:00:05;40.950
ekstensometer (ny);06.05.2021 16:00:07;40.950
ekstensometer (ny);06.05.2021 17:00:05;40.950
ekstensometer (ny);06.05.2021 18:00:04;40.950
ekstensometer (ny);06.05.2021 19:00:05;40.950
ekstensometer (ny);06.05.2021 20:00:07;40.950
ekstensometer (ny);06.05.2021 21:00:05;41.062
ekstensometer (ny);06.05.2021 22:00:04;41.062
ekstensometer (ny);06.05.2021 23:00:05;41.625
ekstensometer (ny);07.05.2021 00:00:07;41.625
ekstensometer (ny);07.05.2021 01:00:05;41.625
ekstensometer (ny);07.05.2021 02:00:06;41.625
ekstensometer (ny);07.05.2021 03:00:04;41.625
ekstensometer (ny);07.05.2021 04:00:07;41.625
ekstensometer (ny);07.05.2021 05:00:05;41.625
ekstensometer (ny);07.05.2021 06:00:05;41.625
ekstensometer (ny);07.05.2021 07:00:04;41.625
ekstensometer (ny);07.05.2021 08:00:07;41.625
ekstensometer (ny);07.05.2021 09:00:05;41.625
ekstensometer (ny);07.05.2021 10:00:05;41.625
ekstensometer (ny);07.05.2021 11:00:05;41.625
ekstensometer (ny);07.05.2021 12:00:07;41.625
ekstensometer (ny);07.05.2021 13:00:04;41.062
ekstensometer (ny);07.05.2021 14:00:05;40.950
ekstensometer (ny);07.05.2021 15:00:05;40.950
ekstensometer (ny);07.05.2021 16:00:07;40.950
ekstensometer (ny);07.05.2021 17:00:04;40.838
ekstensometer (ny);07.05.2021 18:00:04;40.838
ekstensometer (ny);07.05.2021 19:00:05;40.950
ekstensometer (ny);07.05.2021 20:00:07;40.950
ekstensometer (ny);07.05.2021 21:00:05;41.175
ekstensometer (ny);07.05.2021 22:00:04;41.625
ekstensometer (ny);07.05.2021 23:00:05;41.625
ekstensometer (ny);08.05.2021 00:00:27;41.625
ekstensometer (ny);08.05.2021 01:00:05;41.625
ekstensometer (ny);08.05.2021 02:00:05;41.625
ekstensometer (ny);08.05.2021 03:00:04;41.625
ekstensometer (ny);08.05.2021 04:00:07;41.625
ekstensometer (ny);08.05.2021 05:00:05;41.625
ekstensometer (ny);08.05.2021 06:00:05;41.625
ekstensometer (ny);08.05.2021 07:00:05;41.513
ekstensometer (ny);08.05.2021 08:00:07;41.513
ekstensometer (ny);08.05.2021 09:00:05;41.400
ekstensometer (ny);08.05.2021 10:00:05;41.625
ekstensometer (ny);08.05.2021 11:00:05;41.625
ekstensometer (ny);08.05.2021 12:00:07;41.625
ekstensometer (ny);08.05.2021 13:00:04;41.625
ekstensometer (ny);08.05.2021 14:00:05;41.400
ekstensometer (ny);08.05.2021 15:00:05;40.950
ekstensometer (ny);08.05.2021 16:00:07;40.950
ekstensometer (ny);08.05.2021 17:00:04;40.950
ekstensometer (ny);08.05.2021 18:00:04;40.950
ekstensometer (ny);08.05.2021 19:00:05;40.950
ekstensometer (ny);08.05.2021 20:00:28;40.950
ekstensometer (ny);08.05.2021 21:00:05;41.513
ekstensometer (ny);08.05.2021 22:00:04;41.625
ekstensometer (ny);08.05.2021 23:00:05;41.625
ekstensometer (ny);09.05.2021 00:00:07;41.625
ekstensometer (ny);09.05.2021 01:00:05;41.625
ekstensometer (ny);09.05.2021 02:00:05;41.400
ekstensometer (ny);09.05.2021 03:00:04;41.625
ekstensometer (ny);09.05.2021 04:00:07;41.625
ekstensometer (ny);09.05.2021 05:00:05;41.625
ekstensometer (ny);09.05.2021 06:00:05;41.625
ekstensometer (ny);09.05.2021 07:00:04;41.625
ekstensometer (ny);09.05.2021 08:00:07;41.625
ekstensometer (ny);09.05.2021 09:00:05;41.625
ekstensometer (ny);09.05.2021 10:00:05;41.062
ekstensometer (ny);09.05.2021 11:00:05;40.950
ekstensometer (ny);09.05.2021 12:00:07;40.950
ekstensometer (ny);09.05.2021 13:00:04;40.950
ekstensometer (ny);09.05.2021 14:00:05;40.950
ekstensometer (ny);09.05.2021 15:00:05;40.950
ekstensometer (ny);09.05.2021 16:00:07;40.950
ekstensometer (ny);09.05.2021 17:00:04;40.950
ekstensometer (ny);09.05.2021 18:00:04;40.950
ekstensometer (ny);09.05.2021 19:00:05;40.950
ekstensometer (ny);09.05.2021 20:00:07;40.950
ekstensometer (ny);09.05.2021 21:00:05;40.950
ekstensometer (ny);09.05.2021 22:00:04;40.950
ekstensometer (ny);09.05.2021 23:00:05;40.950
ekstensometer (ny);10.05.2021 00:00:07;40.950
ekstensometer (ny);10.05.2021 01:00:05;40.950
ekstensometer (ny);10.05.2021 02:00:04;40.950
ekstensometer (ny);10.05.2021 03:00:05;40.950
ekstensometer (ny);10.05.2021 04:00:07;40.950
ekstensometer (ny);10.05.2021 05:00:05;40.950
ekstensometer (ny);10.05.2021 06:00:05;40.950
ekstensometer (ny);10.05.2021 07:00:04;40.950
ekstensometer (ny);10.05.2021 08:00:07;40.950
ekstensometer (ny);10.05.2021 09:00:05;40.950
ekstensometer (ny);10.05.2021 10:00:05;40.950
ekstensometer (ny);10.05.2021 11:00:05;40.950
ekstensometer (ny);10.05.2021 12:00:07;40.950
ekstensometer (ny);10.05.2021 13:00:05;40.950
ekstensometer (ny);10.05.2021 14:00:05;40.950
ekstensometer (ny);10.05.2021 15:00:05;40.950
ekstensometer (ny);10.05.2021 16:00:07;40.950
ekstensometer (ny);10.05.2021 17:00:04;40.950
ekstensometer (ny);10.05.2021 18:00:04;40.950
ekstensometer (ny);10.05.2021 19:00:05;40.950
ekstensometer (ny);10.05.2021 20:00:07;40.950
ekstensometer (ny);10.05.2021 21:00:05;40.950
ekstensometer (ny);10.05.2021 22:00:05;40.950
ekstensometer (ny);10.05.2021 23:00:04;40.950
ekstensometer (ny);11.05.2021 00:00:07;40.950
ekstensometer (ny);11.05.2021 01:00:05;40.950
ekstensometer (ny);11.05.2021 02:00:05;40.950
ekstensometer (ny);11.05.2021 03:00:04;40.950
ekstensometer (ny);11.05.2021 04:00:07;40.950
ekstensometer (ny);11.05.2021 05:00:05;40.950
ekstensometer (ny);11.05.2021 06:00:05;40.950
ekstensometer (ny);11.05.2021 07:00:05;40.950
ekstensometer (ny);11.05.2021 08:00:40;40.838
ekstensometer (ny);11.05.2021 09:00:04;40.838
ekstensometer (ny);11.05.2021 10:00:05;40.950
ekstensometer (ny);11.05.2021 11:00:05;40.950
ekstensometer (ny);11.05.2021 12:00:07;40.500
ekstensometer (ny);11.05.2021 13:00:04;40.500
ekstensometer (ny);11.05.2021 14:00:05;40.388
ekstensometer (ny);11.05.2021 15:00:05;40.388
ekstensometer (ny);11.05.2021 16:00:07;40.388
ekstensometer (ny);11.05.2021 17:00:04;40.388
ekstensometer (ny);11.05.2021 18:00:04;40.275
ekstensometer (ny);11.05.2021 19:00:05;40.388
ekstensometer (ny);11.05.2021 20:00:07;40.388
ekstensometer (ny);11.05.2021 21:00:05;40.388
ekstensometer (ny);11.05.2021 22:00:04;40.388
ekstensometer (ny);11.05.2021 23:00:05;40.950
ekstensometer (ny);12.05.2021 00:00:07;40.950
ekstensometer (ny);12.05.2021 01:00:05;40.950
ekstensometer (ny);12.05.2021 02:00:05;40.950
ekstensometer (ny);12.05.2021 03:00:04;40.950
ekstensometer (ny);12.05.2021 04:00:07;40.950
ekstensometer (ny);12.05.2021 05:00:05;40.950
ekstensometer (ny);12.05.2021 06:00:05;40.950
ekstensometer (ny);12.05.2021 07:00:05;40.950
ekstensometer (ny);12.05.2021 08:00:07;40.950
ekstensometer (ny);12.05.2021 09:00:05;40.950
ekstensometer (ny);12.05.2021 10:00:05;41.062
ekstensometer (ny);12.05.2021 11:00:05;40.500
ekstensometer (ny);12.05.2021 12:00:06;40.388
ekstensometer (ny);12.05.2021 13:00:04;40.388
ekstensometer (ny);12.05.2021 14:00:05;40.388
ekstensometer (ny);12.05.2021 15:00:05;40.388
ekstensometer (ny);12.05.2021 16:00:06;40.388
ekstensometer (ny);12.05.2021 17:00:04;40.388
ekstensometer (ny);12.05.2021 18:00:04;40.388
ekstensometer (ny);12.05.2021 19:00:05;40.388
ekstensometer (ny);12.05.2021 20:00:07;40.388
ekstensometer (ny);12.05.2021 21:00:05;40.388
ekstensometer (ny);12.05.2021 22:00:04;40.388
ekstensometer (ny);12.05.2021 23:00:05;40.950
ekstensometer (ny);13.05.2021 00:00:07;40.950
ekstensometer (ny);13.05.2021 01:00:05;40.950
ekstensometer (ny);13.05.2021 02:00:05;40.950
ekstensometer (ny);13.05.2021 03:00:04;40.950
ekstensometer (ny);13.05.2021 04:00:07;40.950
ekstensometer (ny);13.05.2021 05:00:05;40.950
ekstensometer (ny);13.05.2021 06:00:05;40.950
ekstensometer (ny);13.05.2021 07:00:05;40.950
ekstensometer (ny);13.05.2021 08:00:07;40.838
ekstensometer (ny);13.05.2021 09:00:05;40.838
ekstensometer (ny);13.05.2021 10:00:05;40.388
ekstensometer (ny);13.05.2021 11:00:05;40.500
ekstensometer (ny);13.05.2021 12:00:06;40.500
ekstensometer (ny);13.05.2021 13:00:04;39.938
ekstensometer (ny);13.05.2021 14:00:05;39.825
ekstensometer (ny);13.05.2021 15:00:05;39.825
ekstensometer (ny);13.05.2021 16:00:07;39.825
ekstensometer (ny);13.05.2021 17:00:04;39.713
ekstensometer (ny);13.05.2021 18:00:04;39.825
ekstensometer (ny);13.05.2021 19:00:05;39.825
ekstensometer (ny);13.05.2021 20:00:07;40.388
ekstensometer (ny);13.05.2021 21:00:05;40.388
ekstensometer (ny);13.05.2021 22:00:04;40.388
ekstensometer (ny);13.05.2021 23:00:05;40.388
ekstensometer (ny);14.05.2021 00:00:07;40.388
ekstensometer (ny);14.05.2021 01:00:05;40.388
ekstensometer (ny);14.05.2021 02:00:05;40.388
ekstensometer (ny);14.05.2021 03:00:04;40.388
ekstensometer (ny);14.05.2021 04:00:07;40.388
ekstensometer (ny);14.05.2021 05:00:05;40.388
ekstensometer (ny);14.05.2021 06:00:05;40.388
ekstensometer (ny);14.05.2021 07:00:04;40.388
ekstensometer (ny);14.05.2021 08:00:07;40.275
ekstensometer (ny);14.05.2021 09:00:05;40.275
ekstensometer (ny);14.05.2021 10:00:05;39.938
ekstensometer (ny);14.05.2021 11:00:05;39.825
ekstensometer (ny);14.05.2021 12:00:07;39.825
ekstensometer (ny);14.05.2021 13:00:05;39.825
ekstensometer (ny);14.05.2021 14:00:05;39.825
ekstensometer (ny);14.05.2021 15:00:05;39.825
ekstensometer (ny);14.05.2021 16:00:27;39.825
ekstensometer (ny);14.05.2021 17:00:04;39.825
ekstensometer (ny);14.05.2021 18:00:05;39.825
ekstensometer (ny);14.05.2021 19:00:05;39.825
ekstensometer (ny);14.05.2021 20:00:07;39.825
ekstensometer (ny);14.05.2021 21:00:05;40.388
ekstensometer (ny);14.05.2021 22:00:04;40.388
ekstensometer (ny);14.05.2021 23:00:05;40.388
ekstensometer (ny);15.05.2021 00:00:07;40.388
ekstensometer (ny);15.05.2021 01:00:05;40.388
ekstensometer (ny);15.05.2021 02:00:04;40.388
ekstensometer (ny);15.05.2021 03:00:05;40.388
ekstensometer (ny);15.05.2021 04:00:07;40.388
ekstensometer (ny);15.05.2021 05:00:05;40.388
ekstensometer (ny);15.05.2021 06:00:05;40.388
ekstensometer (ny);15.05.2021 07:00:04;40.388
ekstensometer (ny);15.05.2021 08:00:26;40.388
ekstensometer (ny);15.05.2021 09:00:05;40.388
ekstensometer (ny);15.05.2021 10:00:05;40.388
ekstensometer (ny);15.05.2021 11:00:05;40.388
ekstensometer (ny);15.05.2021 12:00:27;40.388
ekstensometer (ny);15.05.2021 13:00:04;40.388
ekstensometer (ny);15.05.2021 14:00:05;40.388
ekstensometer (ny);15.05.2021 15:00:05;40.388
ekstensometer (ny);15.05.2021 16:00:07;40.388
ekstensometer (ny);15.05.2021 17:00:04;40.388
ekstensometer (ny);15.05.2021 18:00:04;40.388
ekstensometer (ny);15.05.2021 19:00:05;40.388
ekstensometer (ny);15.05.2021 20:00:07;40.388
ekstensometer (ny);15.05.2021 21:00:05;40.388
ekstensometer (ny);15.05.2021 22:00:05;40.388
ekstensometer (ny);15.05.2021 23:00:04;40.388
ekstensometer (ny);16.05.2021 00:00:07;40.388
ekstensometer (ny);16.05.2021 01:00:05;40.388
ekstensometer (ny);16.05.2021 02:00:05;40.388
ekstensometer (ny);16.05.2021 03:00:04;40.388
ekstensometer (ny);16.05.2021 04:00:07;40.500
ekstensometer (ny);16.05.2021 05:00:05;40.388
ekstensometer (ny);16.05.2021 06:00:05;40.388
ekstensometer (ny);16.05.2021 07:00:05;40.388
ekstensometer (ny);16.05.2021 08:00:07;40.388
ekstensometer (ny);16.05.2021 09:00:05;40.388
ekstensometer (ny);16.05.2021 10:00:05;40.388
ekstensometer (ny);16.05.2021 11:00:05;40.500
ekstensometer (ny);16.05.2021 12:00:07;40.388
ekstensometer (ny);16.05.2021 13:00:04;40.388
ekstensometer (ny);16.05.2021 14:00:05;40.388
ekstensometer (ny);16.05.2021 15:00:05;40.388
ekstensometer (ny);16.05.2021 16:00:39;40.388
ekstensometer (ny);16.05.2021 17:00:05;40.388
ekstensometer (ny);16.05.2021 18:00:05;40.388
ekstensometer (ny);16.05.2021 19:00:04;40.388
ekstensometer (ny);16.05.2021 20:00:07;40.388
ekstensometer (ny);16.05.2021 21:00:05;40.388
ekstensometer (ny);16.05.2021 22:00:05;40.500
ekstensometer (ny);16.05.2021 23:00:04;40.500
ekstensometer (ny);17.05.2021 00:00:07;40.500
ekstensometer (ny);17.05.2021 01:00:05;40.500
ekstensometer (ny);17.05.2021 02:00:05;40.500
ekstensometer (ny);17.05.2021 03:00:04;40.500
ekstensometer (ny);17.05.2021 04:00:07;41.062
ekstensometer (ny);17.05.2021 05:00:05;40.950
ekstensometer (ny);17.05.2021 06:00:05;40.950
ekstensometer (ny);17.05.2021 07:00:05;40.838
ekstensometer (ny);17.05.2021 08:00:27;40.838
ekstensometer (ny);17.05.2021 09:00:05;40.838
ekstensometer (ny);17.05.2021 10:00:05;40.388
ekstensometer (ny);17.05.2021 11:00:05;40.500
ekstensometer (ny);17.05.2021 12:00:40;40.500
ekstensometer (ny);17.05.2021 13:00:05;40.500
ekstensometer (ny);17.05.2021 14:00:05;39.938
ekstensometer (ny);17.05.2021 15:00:05;40.500
ekstensometer (ny);17.05.2021 16:00:07;40.388
ekstensometer (ny);17.05.2021 17:00:04;40.388
ekstensometer (ny);17.05.2021 18:00:04;40.388
ekstensometer (ny);17.05.2021 19:00:05;40.388
ekstensometer (ny);17.05.2021 20:00:27;40.388
ekstensometer (ny);17.05.2021 21:00:05;40.388
ekstensometer (ny);17.05.2021 22:00:04;40.388
ekstensometer (ny);17.05.2021 23:00:04;40.388
ekstensometer (ny);18.05.2021 00:00:07;40.388
ekstensometer (ny);18.05.2021 01:00:05;40.388
ekstensometer (ny);18.05.2021 02:00:05;40.388
ekstensometer (ny);18.05.2021 03:00:04;40.500
ekstensometer (ny);18.05.2021 04:00:07;41.062
ekstensometer (ny);18.05.2021 05:00:05;40.950
ekstensometer (ny);18.05.2021 06:00:05;40.950
ekstensometer (ny);18.05.2021 07:00:04;40.950
ekstensometer (ny);18.05.2021 08:00:07;40.950
ekstensometer (ny);18.05.2021 09:00:05;41.062
ekstensometer (ny);18.05.2021 10:00:05;40.950
ekstensometer (ny);18.05.2021 11:00:05;41.062
ekstensometer (ny);18.05.2021 12:00:07;40.500
ekstensometer (ny);18.05.2021 13:00:05;40.500
ekstensometer (ny);18.05.2021 14:00:05;40.500
ekstensometer (ny);18.05.2021 15:00:05;40.388
ekstensometer (ny);18.05.2021 16:00:06;40.500
ekstensometer (ny);18.05.2021 17:00:04;40.500
ekstensometer (ny);18.05.2021 18:00:05;40.500
ekstensometer (ny);18.05.2021 19:00:05;40.500
ekstensometer (ny);18.05.2021 20:00:39;40.388
ekstensometer (ny);18.05.2021 21:00:04;40.500
ekstensometer (ny);18.05.2021 22:00:05;40.388
ekstensometer (ny);18.05.2021 23:00:05;40.500
ekstensometer (ny);19.05.2021 00:00:07;40.500
ekstensometer (ny);19.05.2021 01:00:04;40.500
ekstensometer (ny);19.05.2021 02:00:04;40.388
ekstensometer (ny);19.05.2021 03:00:05;40.500
ekstensometer (ny);19.05.2021 04:00:07;40.500
ekstensometer (ny);19.05.2021 05:00:05;40.500
ekstensometer (ny);19.05.2021 06:00:04;40.500
ekstensometer (ny);19.05.2021 07:00:05;40.950
ekstensometer (ny);19.05.2021 08:00:07;40.838
ekstensometer (ny);19.05.2021 09:00:05;40.950
ekstensometer (ny);19.05.2021 10:00:05;41.062
ekstensometer (ny);19.05.2021 11:00:04;40.950
ekstensometer (ny);19.05.2021 12:00:26;40.500
ekstensometer (ny);19.05.2021 13:00:05;40.500
ekstensometer (ny);19.05.2021 14:00:05;40.500
ekstensometer (ny);19.05.2021 15:00:04;40.500
ekstensometer (ny);19.05.2021 16:00:07;40.388
ekstensometer (ny);19.05.2021 17:00:05;40.388
ekstensometer (ny);19.05.2021 18:00:04;40.388
ekstensometer (ny);19.05.2021 19:00:05;40.388
ekstensometer (ny);19.05.2021 20:00:07;40.388
ekstensometer (ny);19.05.2021 21:00:05;40.388
ekstensometer (ny);19.05.2021 22:00:05;40.388
ekstensometer (ny);19.05.2021 23:00:04;40.388
ekstensometer (ny);20.05.2021 00:00:07;40.500
ekstensometer (ny);20.05.2021 01:00:05;40.388
ekstensometer (ny);20.05.2021 02:00:05;40.500
ekstensometer (ny);20.05.2021 03:00:04;40.500
ekstensometer (ny);20.05.2021 04:00:07;40.500
ekstensometer (ny);20.05.2021 05:00:05;40.500
ekstensometer (ny);20.05.2021 06:00:05;40.500
ekstensometer (ny);20.05.2021 07:00:05;40.500
ekstensometer (ny);20.05.2021 08:00:07;40.388
ekstensometer (ny);20.05.2021 09:00:05;40.388
ekstensometer (ny);20.05.2021 10:00:05;40.500
ekstensometer (ny);20.05.2021 11:00:05;40.500
ekstensometer (ny);20.05.2021 12:00:06;40.500
ekstensometer (ny);20.05.2021 13:00:04;40.500
ekstensometer (ny);20.05.2021 14:00:05;40.500
ekstensometer (ny);20.05.2021 15:00:05;40.388
ekstensometer (ny);20.05.2021 16:00:27;40.388
ekstensometer (ny);20.05.2021 17:00:04;40.388
ekstensometer (ny);20.05.2021 18:00:04;40.388
ekstensometer (ny);20.05.2021 19:00:04;40.388
ekstensometer (ny);20.05.2021 20:00:07;40.388
ekstensometer (ny);20.05.2021 21:00:05;40.388
ekstensometer (ny);20.05.2021 22:00:05;40.950
ekstensometer (ny);20.05.2021 23:00:04;40.950
ekstensometer (ny);21.05.2021 00:00:07;40.950
ekstensometer (ny);21.05.2021 01:00:05;41.062
ekstensometer (ny);21.05.2021 02:00:05;40.950
ekstensometer (ny);21.05.2021 03:00:04;41.062
ekstensometer (ny);21.05.2021 04:00:07;41.062
ekstensometer (ny);21.05.2021 05:00:05;41.062
ekstensometer (ny);21.05.2021 06:00:05;41.062
ekstensometer (ny);21.05.2021 07:00:05;40.950
ekstensometer (ny);21.05.2021 08:00:07;40.838
ekstensometer (ny);21.05.2021 09:00:05;40.950
ekstensometer (ny);21.05.2021 10:00:05;40.500
ekstensometer (ny);21.05.2021 11:00:05;40.500
ekstensometer (ny);21.05.2021 12:00:07;40.500
ekstensometer (ny);21.05.2021 13:00:04;40.500
ekstensometer (ny);21.05.2021 14:00:05;39.938
ekstensometer (ny);21.05.2021 15:00:05;39.825
ekstensometer (ny);21.05.2021 16:00:07;39.825
ekstensometer (ny);21.05.2021 17:00:04;39.825
ekstensometer (ny);21.05.2021 18:00:05;39.825
ekstensometer (ny);21.05.2021 19:00:05;39.825
ekstensometer (ny);21.05.2021 20:00:07;40.388
ekstensometer (ny);21.05.2021 21:00:04;40.388
ekstensometer (ny);21.05.2021 22:00:05;40.388
ekstensometer (ny);21.05.2021 23:00:05;40.950
ekstensometer (ny);22.05.2021 00:00:07;40.950
ekstensometer (ny);22.05.2021 01:00:04;40.950
ekstensometer (ny);22.05.2021 02:00:04;40.950
ekstensometer (ny);22.05.2021 03:00:05;40.950
ekstensometer (ny);22.05.2021 04:00:07;40.950
ekstensometer (ny);22.05.2021 05:00:05;40.950
ekstensometer (ny);22.05.2021 06:00:04;40.950
ekstensometer (ny);22.05.2021 07:00:05;40.950
ekstensometer (ny);22.05.2021 08:00:07;40.838
ekstensometer (ny);22.05.2021 09:00:05;40.388
ekstensometer (ny);22.05.2021 10:00:05;40.388
ekstensometer (ny);22.05.2021 11:00:04;40.388
ekstensometer (ny);22.05.2021 12:00:27;40.388
ekstensometer (ny);22.05.2021 13:00:05;40.388
ekstensometer (ny);22.05.2021 14:00:05;40.388
ekstensometer (ny);22.05.2021 15:00:04;40.388
ekstensometer (ny);22.05.2021 16:00:07;40.388
ekstensometer (ny);22.05.2021 17:00:05;40.388
ekstensometer (ny);22.05.2021 18:00:04;40.388
ekstensometer (ny);22.05.2021 19:00:05;40.388
ekstensometer (ny);22.05.2021 20:00:07;40.388
ekstensometer (ny);22.05.2021 21:00:05;40.388
ekstensometer (ny);22.05.2021 22:00:05;40.388
ekstensometer (ny);22.05.2021 23:00:04;40.388
ekstensometer (ny);23.05.2021 00:00:07;40.388
ekstensometer (ny);23.05.2021 01:00:05;40.388
ekstensometer (ny);23.05.2021 02:00:05;40.612
ekstensometer (ny);23.05.2021 03:00:04;40.950
ekstensometer (ny);23.05.2021 04:00:07;40.950
ekstensometer (ny);23.05.2021 05:00:05;40.950
ekstensometer (ny);23.05.2021 06:00:05;40.950
ekstensometer (ny);23.05.2021 07:00:05;40.950
ekstensometer (ny);23.05.2021 08:00:07;40.950
ekstensometer (ny);23.05.2021 09:00:05;40.388
ekstensometer (ny);23.05.2021 10:00:05;40.500
ekstensometer (ny);23.05.2021 11:00:05;40.500
ekstensometer (ny);23.05.2021 12:00:27;40.500
ekstensometer (ny);23.05.2021 13:00:05;40.388
ekstensometer (ny);23.05.2021 14:00:05;39.938
ekstensometer (ny);23.05.2021 15:00:05;40.388
ekstensometer (ny);23.05.2021 16:00:06;39.825
ekstensometer (ny);23.05.2021 17:00:04;39.825
ekstensometer (ny);23.05.2021 18:00:04;39.825
ekstensometer (ny);23.05.2021 19:00:05;39.825
ekstensometer (ny);23.05.2021 20:00:07;39.825
ekstensometer (ny);23.05.2021 21:00:05;40.388
ekstensometer (ny);23.05.2021 22:00:04;40.388
ekstensometer (ny);23.05.2021 23:00:05;40.388
ekstensometer (ny);24.05.2021 00:00:07;40.388
ekstensometer (ny);24.05.2021 01:00:05;40.388
ekstensometer (ny);24.05.2021 02:00:05;40.388
ekstensometer (ny);24.05.2021 03:00:04;40.388
ekstensometer (ny);24.05.2021 04:00:07;40.388
ekstensometer (ny);24.05.2021 05:00:05;40.388
ekstensometer (ny);24.05.2021 06:00:05;40.500
ekstensometer (ny);24.05.2021 07:00:05;40.388
ekstensometer (ny);24.05.2021 08:00:07;40.388
ekstensometer (ny);24.05.2021 09:00:05;40.388
ekstensometer (ny);24.05.2021 10:00:05;40.500
ekstensometer (ny);24.05.2021 11:00:05;40.388
ekstensometer (ny);24.05.2021 12:00:07;40.388
ekstensometer (ny);24.05.2021 13:00:04;40.500
ekstensometer (ny);24.05.2021 14:00:05;40.388
ekstensometer (ny);24.05.2021 15:00:05;40.388
ekstensometer (ny);24.05.2021 16:00:07;40.388
ekstensometer (ny);24.05.2021 17:00:04;40.388
ekstensometer (ny);24.05.2021 18:00:04;40.388
ekstensometer (ny);24.05.2021 19:00:05;40.388
ekstensometer (ny);24.05.2021 20:00:07;40.388
ekstensometer (ny);24.05.2021 21:00:05;40.388
ekstensometer (ny);24.05.2021 22:00:05;40.388
ekstensometer (ny);24.05.2021 23:00:04;40.388
ekstensometer (ny);25.05.2021 00:00:07;40.388
ekstensometer (ny);25.05.2021 01:00:05;40.388
ekstensometer (ny);25.05.2021 02:00:05;40.388
ekstensometer (ny);25.05.2021 03:00:05;40.388
ekstensometer (ny);25.05.2021 04:00:07;40.388
ekstensometer (ny);25.05.2021 05:00:05;40.388
ekstensometer (ny);25.05.2021 06:00:05;40.388
ekstensometer (ny);25.05.2021 07:00:05;40.388
ekstensometer (ny);25.05.2021 08:00:07;40.388
ekstensometer (ny);25.05.2021 09:00:04;40.388
ekstensometer (ny);25.05.2021 10:00:05;40.388
ekstensometer (ny);25.05.2021 11:00:05;40.388
ekstensometer (ny);25.05.2021 12:00:07;40.388
ekstensometer (ny);25.05.2021 13:00:04;40.388
ekstensometer (ny);25.05.2021 14:00:05;40.388
ekstensometer (ny);25.05.2021 15:00:05;40.388
ekstensometer (ny);25.05.2021 16:00:07;40.388
ekstensometer (ny);25.05.2021 17:00:04;40.388
ekstensometer (ny);25.05.2021 18:00:05;40.388
ekstensometer (ny);25.05.2021 19:00:05;40.388
ekstensometer (ny);25.05.2021 20:00:07;40.388
ekstensometer (ny);25.05.2021 21:00:04;40.388
ekstensometer (ny);25.05.2021 22:00:04;40.388
ekstensometer (ny);25.05.2021 23:00:05;40.388
ekstensometer (ny);26.05.2021 00:00:07;40.388
ekstensometer (ny);26.05.2021 01:00:05;40.388
ekstensometer (ny);26.05.2021 02:00:04;40.388
ekstensometer (ny);26.05.2021 03:00:05;40.388
ekstensometer (ny);26.05.2021 04:00:07;40.388
ekstensometer (ny);26.05.2021 05:00:05;40.388
ekstensometer (ny);26.05.2021 06:00:05;40.388
ekstensometer (ny);26.05.2021 07:00:04;40.388
ekstensometer (ny);26.05.2021 08:00:26;40.388
ekstensometer (ny);26.05.2021 09:00:05;40.388
ekstensometer (ny);26.05.2021 10:00:05;40.500
ekstensometer (ny);26.05.2021 11:00:05;40.388
ekstensometer (ny);26.05.2021 12:00:07;40.500
ekstensometer (ny);26.05.2021 13:00:04;40.388
ekstensometer (ny);26.05.2021 14:00:05;40.500
ekstensometer (ny);26.05.2021 15:00:05;40.388
ekstensometer (ny);26.05.2021 16:00:07;40.388
ekstensometer (ny);26.05.2021 17:00:04;40.388
ekstensometer (ny);26.05.2021 18:00:05;40.388
ekstensometer (ny);26.05.2021 19:00:05;40.388
ekstensometer (ny);26.05.2021 20:00:07;40.388
ekstensometer (ny);26.05.2021 21:00:05;40.388
ekstensometer (ny);26.05.2021 22:00:05;40.388
ekstensometer (ny);26.05.2021 23:00:05;40.950
ekstensometer (ny);27.05.2021 00:00:07;40.950
ekstensometer (ny);27.05.2021 01:00:04;40.950
ekstensometer (ny);27.05.2021 02:00:05;40.950
ekstensometer (ny);27.05.2021 03:00:05;40.950
ekstensometer (ny);27.05.2021 04:00:07;40.950
ekstensometer (ny);27.05.2021 05:00:04;40.950
ekstensometer (ny);27.05.2021 06:00:05;40.950
ekstensometer (ny);27.05.2021 07:00:05;40.950
ekstensometer (ny);27.05.2021 08:00:07;40.950
ekstensometer (ny);27.05.2021 09:00:05;40.950
ekstensometer (ny);27.05.2021 10:00:04;40.500
ekstensometer (ny);27.05.2021 11:00:05;40.388
ekstensometer (ny);27.05.2021 12:00:07;40.500
ekstensometer (ny);27.05.2021 13:00:05;40.388
ekstensometer (ny);27.05.2021 14:00:05;39.938
ekstensometer (ny);27.05.2021 15:00:04;39.938
ekstensometer (ny);27.05.2021 16:00:07;39.825
ekstensometer (ny);27.05.2021 17:00:05;39.825
ekstensometer (ny);27.05.2021 18:00:05;39.825
ekstensometer (ny);27.05.2021 19:00:04;39.825
ekstensometer (ny);27.05.2021 20:00:07;40.275
ekstensometer (ny);27.05.2021 21:00:05;40.388
ekstensometer (ny);27.05.2021 22:00:05;40.388
ekstensometer (ny);27.05.2021 23:00:04;40.950
ekstensometer (ny);28.05.2021 00:00:07;40.950
ekstensometer (ny);28.05.2021 01:00:05;40.950
ekstensometer (ny);28.05.2021 02:00:05;40.950
ekstensometer (ny);28.05.2021 03:00:05;40.950
ekstensometer (ny);28.05.2021 04:00:27;40.950
ekstensometer (ny);28.05.2021 05:00:05;40.950
ekstensometer (ny);28.05.2021 06:00:05;40.950
ekstensometer (ny);28.05.2021 07:00:05;40.838
ekstensometer (ny);28.05.2021 08:00:07;40.838
ekstensometer (ny);28.05.2021 09:00:04;40.950
ekstensometer (ny);28.05.2021 10:00:05;40.500
ekstensometer (ny);28.05.2021 11:00:05;40.500
ekstensometer (ny);28.05.2021 12:00:07;39.938
ekstensometer (ny);28.05.2021 13:00:04;39.938
ekstensometer (ny);28.05.2021 14:00:05;39.938
ekstensometer (ny);28.05.2021 15:00:05;39.825
ekstensometer (ny);28.05.2021 16:00:07;39.825
ekstensometer (ny);28.05.2021 17:00:05;39.825
ekstensometer (ny);28.05.2021 18:00:05;39.825
ekstensometer (ny);28.05.2021 19:00:05;39.825
ekstensometer (ny);28.05.2021 20:00:07;39.825
ekstensometer (ny);28.05.2021 21:00:05;39.713
ekstensometer (ny);28.05.2021 22:00:05;40.388
ekstensometer (ny);28.05.2021 23:00:05;40.388
ekstensometer (ny);29.05.2021 00:00:07;40.388
ekstensometer (ny);29.05.2021 01:00:04;40.388
ekstensometer (ny);29.05.2021 02:00:05;40.388
ekstensometer (ny);29.05.2021 03:00:05;40.950
ekstensometer (ny);29.05.2021 04:00:07;40.388
ekstensometer (ny);29.05.2021 05:00:04;40.388
ekstensometer (ny);29.05.2021 06:00:04;40.950
ekstensometer (ny);29.05.2021 07:00:05;40.275
ekstensometer (ny);29.05.2021 08:00:07;40.275
ekstensometer (ny);29.05.2021 09:00:05;40.388
ekstensometer (ny);29.05.2021 10:00:04;39.938
ekstensometer (ny);29.05.2021 11:00:05;39.938
ekstensometer (ny);29.05.2021 12:00:27;39.375
ekstensometer (ny);29.05.2021 13:00:05;39.375
ekstensometer (ny);29.05.2021 14:00:04;39.375
ekstensometer (ny);29.05.2021 15:00:05;39.263
ekstensometer (ny);29.05.2021 16:00:27;39.263
ekstensometer (ny);29.05.2021 17:00:05;39.263
ekstensometer (ny);29.05.2021 18:00:05;39.263
ekstensometer (ny);29.05.2021 19:00:04;39.263
ekstensometer (ny);29.05.2021 20:00:07;39.150
ekstensometer (ny);29.05.2021 21:00:05;39.713
ekstensometer (ny);29.05.2021 22:00:05;40.275
ekstensometer (ny);29.05.2021 23:00:05;40.388
ekstensometer (ny);30.05.2021 00:00:07;41.513
ekstensometer (ny);30.05.2021 01:00:05;41.513
ekstensometer (ny);30.05.2021 02:00:05;41.513
ekstensometer (ny);30.05.2021 03:00:05;41.513
ekstensometer (ny);30.05.2021 04:00:06;41.513
ekstensometer (ny);30.05.2021 05:00:04;41.513
ekstensometer (ny);30.05.2021 06:00:05;40.950
ekstensometer (ny);30.05.2021 07:00:05;40.275
ekstensometer (ny);30.05.2021 08:00:07;40.275
ekstensometer (ny);30.05.2021 09:00:04;40.388
ekstensometer (ny);30.05.2021 10:00:05;39.938
ekstensometer (ny);30.05.2021 11:00:05;39.938
ekstensometer (ny);30.05.2021 12:00:07;39.375
ekstensometer (ny);30.05.2021 13:00:05;39.375
ekstensometer (ny);30.05.2021 14:00:04;39.375
ekstensometer (ny);30.05.2021 15:00:05;39.263
ekstensometer (ny);30.05.2021 16:00:07;39.263
ekstensometer (ny);30.05.2021 17:00:05;39.263
ekstensometer (ny);30.05.2021 18:00:05;39.263
ekstensometer (ny);30.05.2021 19:00:04;39.263
ekstensometer (ny);30.05.2021 20:00:07;39.150
ekstensometer (ny);30.05.2021 21:00:05;39.713
ekstensometer (ny);30.05.2021 22:00:05;39.825
ekstensometer (ny);30.05.2021 23:00:04;40.275
ekstensometer (ny);31.05.2021 00:00:07;40.388
ekstensometer (ny);31.05.2021 01:00:05;40.388
ekstensometer (ny);31.05.2021 02:00:05;40.388
ekstensometer (ny);31.05.2021 03:00:05;40.388
ekstensometer (ny);31.05.2021 04:00:07;40.388
ekstensometer (ny);31.05.2021 05:00:04;40.388
ekstensometer (ny);31.05.2021 06:00:05;40.388
ekstensometer (ny);31.05.2021 07:00:05;40.275
ekstensometer (ny);31.05.2021 08:00:07;40.275
ekstensometer (ny);31.05.2021 09:00:04;39.825
ekstensometer (ny);31.05.2021 10:00:05;39.938
ekstensometer (ny);31.05.2021 11:00:05;39.938
ekstensometer (ny);31.05.2021 12:00:27;39.375
ekstensometer (ny);31.05.2021 13:00:04;39.375
ekstensometer (ny);31.05.2021 14:00:05;39.375
ekstensometer (ny);31.05.2021 15:00:05;39.375
ekstensometer (ny);31.05.2021 16:00:07;39.263
ekstensometer (ny);31.05.2021 17:00:05;39.263
ekstensometer (ny);31.05.2021 18:00:04;39.263
ekstensometer (ny);31.05.2021 19:00:05;39.263
ekstensometer (ny);31.05.2021 20:00:07;39.150
ekstensometer (ny);31.05.2021 21:00:05;39.713
ekstensometer (ny);31.05.2021 22:00:05;39.713
ekstensometer (ny);31.05.2021 23:00:04;40.388
ekstensometer (ny);01.06.2021 00:00:07;40.388
ekstensometer (ny);01.06.2021 01:00:05;40.388
ekstensometer (ny);01.06.2021 02:00:05;40.388
ekstensometer (ny);01.06.2021 03:00:04;40.388
ekstensometer (ny);01.06.2021 04:00:07;40.388
ekstensometer (ny);01.06.2021 05:00:05;40.388
ekstensometer (ny);01.06.2021 06:00:05;40.388
ekstensometer (ny);01.06.2021 07:00:05;40.275
ekstensometer (ny);01.06.2021 08:00:07;40.275
ekstensometer (ny);01.06.2021 09:00:05;39.825
ekstensometer (ny);01.06.2021 10:00:05;39.938
ekstensometer (ny);01.06.2021 11:00:05;39.375
ekstensometer (ny);01.06.2021 12:00:06;39.375
ekstensometer (ny);01.06.2021 13:00:05;39.375
ekstensometer (ny);01.06.2021 14:00:05;39.375
ekstensometer (ny);01.06.2021 15:00:05;39.375
ekstensometer (ny);01.06.2021 16:00:07;39.263
ekstensometer (ny);01.06.2021 17:00:04;38.700
ekstensometer (ny);01.06.2021 18:00:05;38.700
ekstensometer (ny);01.06.2021 19:00:05;38.700
ekstensometer (ny);01.06.2021 20:00:38;39.263
ekstensometer (ny);01.06.2021 21:00:05;39.150
ekstensometer (ny);01.06.2021 22:00:05;39.825
ekstensometer (ny);01.06.2021 23:00:05;39.825
ekstensometer (ny);02.06.2021 00:00:06;39.825
ekstensometer (ny);02.06.2021 01:00:04;39.825
ekstensometer (ny);02.06.2021 02:00:05;39.825
ekstensometer (ny);02.06.2021 03:00:05;40.388
ekstensometer (ny);02.06.2021 04:00:07;40.388
ekstensometer (ny);02.06.2021 05:00:04;40.388
ekstensometer (ny);02.06.2021 06:00:05;40.388
ekstensometer (ny);02.06.2021 07:00:05;40.275
ekstensometer (ny);02.06.2021 08:00:07;40.275
ekstensometer (ny);02.06.2021 09:00:05;40.388
ekstensometer (ny);02.06.2021 10:00:04;39.938
ekstensometer (ny);02.06.2021 11:00:05;39.938
ekstensometer (ny);02.06.2021 12:00:07;39.938
ekstensometer (ny);02.06.2021 13:00:05;39.375
ekstensometer (ny);02.06.2021 14:00:04;39.263
ekstensometer (ny);02.06.2021 15:00:05;39.263
ekstensometer (ny);02.06.2021 16:00:07;39.263
ekstensometer (ny);02.06.2021 17:00:05;39.263
ekstensometer (ny);02.06.2021 18:00:05;39.263
ekstensometer (ny);02.06.2021 19:00:05;39.263
ekstensometer (ny);02.06.2021 20:00:06;39.150
ekstensometer (ny);02.06.2021 21:00:04;39.825
ekstensometer (ny);02.06.2021 22:00:05;39.825
ekstensometer (ny);02.06.2021 23:00:05;39.825
ekstensometer (ny);03.06.2021 00:00:07;40.388
ekstensometer (ny);03.06.2021 01:00:04;40.388
ekstensometer (ny);03.06.2021 02:00:04;40.388
ekstensometer (ny);03.06.2021 03:00:05;40.388
ekstensometer (ny);03.06.2021 04:00:07;40.388
ekstensometer (ny);03.06.2021 05:00:05;40.388
ekstensometer (ny);03.06.2021 06:00:04;40.388
ekstensometer (ny);03.06.2021 07:00:05;40.388
ekstensometer (ny);03.06.2021 08:00:07;40.275
ekstensometer (ny);03.06.2021 09:00:05;40.388
ekstensometer (ny);03.06.2021 10:00:04;40.500
ekstensometer (ny);03.06.2021 11:00:05;39.938
ekstensometer (ny);03.06.2021 12:00:07;39.938
ekstensometer (ny);03.06.2021 13:00:05;39.938
ekstensometer (ny);03.06.2021 14:00:05;39.938
ekstensometer (ny);03.06.2021 15:00:04;39.375
ekstensometer (ny);03.06.2021 16:00:07;39.263
ekstensometer (ny);03.06.2021 17:00:05;39.263
ekstensometer (ny);03.06.2021 18:00:05;39.825
ekstensometer (ny);03.06.2021 19:00:05;39.825
ekstensometer (ny);03.06.2021 20:00:07;39.825
ekstensometer (ny);03.06.2021 21:00:05;39.825
ekstensometer (ny);03.06.2021 22:00:05;40.388
ekstensometer (ny);03.06.2021 23:00:05;40.388
ekstensometer (ny);04.06.2021 00:00:06;40.388
ekstensometer (ny);04.06.2021 01:00:04;40.388
ekstensometer (ny);04.06.2021 02:00:05;40.388
ekstensometer (ny);04.06.2021 03:00:05;40.388
ekstensometer (ny);04.06.2021 04:00:07;40.388
ekstensometer (ny);04.06.2021 05:00:04;40.388
ekstensometer (ny);04.06.2021 06:00:05;40.388
ekstensometer (ny);04.06.2021 07:00:05;40.388
ekstensometer (ny);04.06.2021 08:00:07;40.388
ekstensometer (ny);05.06.2021 09:00:05;40.388
ekstensometer (ny);05.06.2021 10:00:05;40.500
ekstensometer (ny);05.06.2021 11:00:04;40.500
ekstensometer (ny);05.06.2021 12:00:25;40.500
ekstensometer (ny);05.06.2021 13:00:05;39.938
ekstensometer (ny);05.06.2021 14:00:05;39.938
ekstensometer (ny);05.06.2021 15:00:05;39.825
ekstensometer (ny);05.06.2021 16:00:07;39.825
ekstensometer (ny);05.06.2021 17:00:05;39.825
ekstensometer (ny);05.06.2021 18:00:04;39.825
ekstensometer (ny);05.06.2021 19:00:05;39.825
ekstensometer (ny);05.06.2021 20:00:07;40.388
ekstensometer (ny);05.06.2021 21:00:05;40.388
ekstensometer (ny);05.06.2021 22:00:04;40.388
ekstensometer (ny);05.06.2021 23:00:05;40.388
ekstensometer (ny);06.06.2021 00:00:07;40.388
ekstensometer (ny);06.06.2021 01:00:05;40.950
ekstensometer (ny);06.06.2021 02:00:04;40.950
ekstensometer (ny);06.06.2021 03:00:05;40.950
ekstensometer (ny);06.06.2021 04:00:07;40.950
ekstensometer (ny);06.06.2021 05:00:05;40.950
ekstensometer (ny);06.06.2021 06:00:05;40.950
ekstensometer (ny);06.06.2021 07:00:04;40.388
ekstensometer (ny);06.06.2021 08:00:07;40.950
ekstensometer (ny);06.06.2021 09:00:05;40.838
ekstensometer (ny);06.06.2021 10:00:05;40.725
ekstensometer (ny);06.06.2021 11:00:05;40.500
ekstensometer (ny);06.06.2021 12:00:07;40.500
ekstensometer (ny);06.06.2021 13:00:05;40.500
ekstensometer (ny);06.06.2021 14:00:05;40.500
ekstensometer (ny);06.06.2021 15:00:05;40.500
ekstensometer (ny);06.06.2021 16:00:06;40.500
ekstensometer (ny);06.06.2021 17:00:04;40.388
ekstensometer (ny);06.06.2021 18:00:04;40.388
ekstensometer (ny);06.06.2021 19:00:05;40.388
ekstensometer (ny);06.06.2021 20:00:07;40.388
ekstensometer (ny);06.06.2021 21:00:05;40.950
ekstensometer (ny);06.06.2021 22:00:04;40.950
ekstensometer (ny);06.06.2021 23:00:05;40.950
ekstensometer (ny);07.06.2021 00:00:07;41.513
ekstensometer (ny);07.06.2021 01:00:05;41.513
ekstensometer (ny);07.06.2021 02:00:05;41.513
ekstensometer (ny);07.06.2021 03:00:04;41.513
ekstensometer (ny);07.06.2021 04:00:07;41.513
ekstensometer (ny);07.06.2021 05:00:05;41.513
ekstensometer (ny);07.06.2021 06:00:05;41.513
ekstensometer (ny);07.06.2021 07:00:05;41.513
ekstensometer (ny);07.06.2021 08:00:26;41.400
ekstensometer (ny);07.06.2021 09:00:05;40.950
ekstensometer (ny);07.06.2021 10:00:05;40.950
ekstensometer (ny);07.06.2021 11:00:05;40.500
ekstensometer (ny);07.06.2021 12:00:07;40.500
ekstensometer (ny);07.06.2021 13:00:05;40.500
ekstensometer (ny);07.06.2021 14:00:05;40.500
ekstensometer (ny);07.06.2021 15:00:05;40.500
ekstensometer (ny);07.06.2021 16:00:06;40.500
ekstensometer (ny);07.06.2021 17:00:04;40.388
ekstensometer (ny);07.06.2021 18:00:05;40.388
ekstensometer (ny);07.06.2021 19:00:05;40.388
ekstensometer (ny);07.06.2021 20:00:07;40.388
ekstensometer (ny);07.06.2021 21:00:04;40.388
ekstensometer (ny);07.06.2021 22:00:04;40.950
ekstensometer (ny);07.06.2021 23:00:05;40.950
ekstensometer (ny);08.06.2021 00:00:07;40.950
ekstensometer (ny);08.06.2021 01:00:05;40.950
ekstensometer (ny);08.06.2021 02:00:04;40.950
ekstensometer (ny);08.06.2021 03:00:05;41.400
ekstensometer (ny);08.06.2021 04:00:07;41.513
ekstensometer (ny);08.06.2021 05:00:05;41.175
ekstensometer (ny);08.06.2021 06:00:04;41.625
ekstensometer (ny);08.06.2021 07:00:05;41.513
ekstensometer (ny);08.06.2021 08:00:07;41.513
ekstensometer (ny);08.06.2021 09:00:05;40.950
ekstensometer (ny);08.06.2021 10:00:05;41.062
ekstensometer (ny);08.06.2021 11:00:04;41.062
ekstensometer (ny);08.06.2021 12:00:07;40.838
ekstensometer (ny);08.06.2021 13:00:05;40.500
ekstensometer (ny);08.06.2021 14:00:05;40.500
ekstensometer (ny);08.06.2021 15:00:05;40.388
ekstensometer (ny);08.06.2021 16:00:06;40.388
ekstensometer (ny);08.06.2021 17:00:04;40.388
ekstensometer (ny);08.06.2021 18:00:05;40.388
ekstensometer (ny);08.06.2021 19:00:05;40.388
ekstensometer (ny);08.06.2021 20:00:07;40.388
ekstensometer (ny);08.06.2021 21:00:04;40.950
ekstensometer (ny);08.06.2021 22:00:05;41.513
ekstensometer (ny);08.06.2021 23:00:05;41.513
ekstensometer (ny);09.06.2021 00:00:07;41.513
ekstensometer (ny);09.06.2021 01:00:04;41.513
ekstensometer (ny);09.06.2021 02:00:04;41.513
ekstensometer (ny);09.06.2021 03:00:05;41.513
ekstensometer (ny);09.06.2021 04:00:07;41.513
ekstensometer (ny);09.06.2021 05:00:05;41.513
ekstensometer (ny);09.06.2021 06:00:04;41.625
ekstensometer (ny);09.06.2021 07:00:05;41.513
ekstensometer (ny);09.06.2021 08:00:27;41.513
ekstensometer (ny);09.06.2021 09:00:05;41.625
ekstensometer (ny);09.06.2021 10:00:05;41.287
ekstensometer (ny);09.06.2021 11:00:04;41.062
ekstensometer (ny);09.06.2021 12:00:07;41.062
ekstensometer (ny);09.06.2021 13:00:05;40.950
ekstensometer (ny);09.06.2021 14:00:05;40.950
ekstensometer (ny);09.06.2021 15:00:04;40.950
ekstensometer (ny);09.06.2021 16:00:26;40.950
ekstensometer (ny);09.06.2021 17:00:05;40.950
ekstensometer (ny);09.06.2021 18:00:05;40.950
ekstensometer (ny);09.06.2021 19:00:05;40.950
ekstensometer (ny);09.06.2021 20:00:06;41.513
ekstensometer (ny);09.06.2021 21:00:04;41.513
ekstensometer (ny);09.06.2021 22:00:05;41.513
ekstensometer (ny);09.06.2021 23:00:05;41.513
ekstensometer (ny);10.06.2021 00:00:07;41.513
ekstensometer (ny);10.06.2021 01:00:04;41.513
ekstensometer (ny);10.06.2021 02:00:04;41.513
ekstensometer (ny);10.06.2021 03:00:05;41.513
ekstensometer (ny);10.06.2021 04:00:07;41.513
ekstensometer (ny);10.06.2021 05:00:05;41.513
ekstensometer (ny);10.06.2021 06:00:04;41.513
ekstensometer (ny);10.06.2021 07:00:05;41.513
ekstensometer (ny);10.06.2021 08:00:27;41.513
ekstensometer (ny);10.06.2021 09:00:05;41.513
ekstensometer (ny);10.06.2021 10:00:04;41.513
ekstensometer (ny);10.06.2021 11:00:05;41.513
ekstensometer (ny);10.06.2021 12:00:07;41.513
ekstensometer (ny);10.06.2021 13:00:05;41.513
ekstensometer (ny);10.06.2021 14:00:05;41.513
ekstensometer (ny);10.06.2021 15:00:04;41.513
ekstensometer (ny);10.06.2021 16:00:07;41.513
ekstensometer (ny);10.06.2021 17:00:05;41.513
ekstensometer (ny);10.06.2021 18:00:05;41.513
ekstensometer (ny);10.06.2021 19:00:05;41.513
ekstensometer (ny);10.06.2021 20:00:07;41.513
ekstensometer (ny);10.06.2021 21:00:04;41.513
ekstensometer (ny);10.06.2021 22:00:05;41.513
ekstensometer (ny);10.06.2021 23:00:05;41.513
ekstensometer (ny);11.06.2021 00:00:07;41.513
ekstensometer (ny);11.06.2021 01:00:04;41.513
ekstensometer (ny);11.06.2021 02:00:04;41.513
ekstensometer (ny);11.06.2021 03:00:05;41.513
ekstensometer (ny);11.06.2021 04:00:07;41.513
ekstensometer (ny);11.06.2021 05:00:05;41.513
ekstensometer (ny);11.06.2021 06:00:04;41.513
ekstensometer (ny);11.06.2021 07:00:05;41.513
ekstensometer (ny);11.06.2021 08:00:27;41.513
ekstensometer (ny);11.06.2021 09:00:05;41.513
ekstensometer (ny);11.06.2021 10:00:05;41.513
ekstensometer (ny);11.06.2021 11:00:04;41.513
ekstensometer (ny);11.06.2021 12:00:27;41.513
ekstensometer (ny);11.06.2021 13:00:05;42.075
ekstensometer (ny);11.06.2021 14:00:05;42.075
ekstensometer (ny);11.06.2021 15:00:04;42.075
ekstensometer (ny);11.06.2021 16:00:07;42.075
ekstensometer (ny);11.06.2021 17:00:05;42.075
ekstensometer (ny);11.06.2021 18:00:05;42.075
ekstensometer (ny);11.06.2021 19:00:05;42.075
ekstensometer (ny);11.06.2021 20:00:07;42.750
ekstensometer (ny);11.06.2021 21:00:04;42.750
ekstensometer (ny);11.06.2021 22:00:05;42.750
ekstensometer (ny);11.06.2021 23:00:05;42.750
ekstensometer (ny);12.06.2021 00:00:07;42.750
ekstensometer (ny);12.06.2021 01:00:04;42.750
ekstensometer (ny);12.06.2021 02:00:04;42.750
ekstensometer (ny);12.06.2021 03:00:05;42.750
ekstensometer (ny);12.06.2021 04:00:07;42.750
ekstensometer (ny);12.06.2021 05:00:05;43.312
ekstensometer (ny);12.06.2021 06:00:04;43.312
ekstensometer (ny);12.06.2021 07:00:05;43.312
ekstensometer (ny);12.06.2021 08:00:27;43.312
ekstensometer (ny);12.06.2021 09:00:05;43.312
ekstensometer (ny);12.06.2021 10:00:04;43.312
ekstensometer (ny);12.06.2021 11:00:05;43.312
ekstensometer (ny);12.06.2021 12:00:07;43.312
ekstensometer (ny);12.06.2021 13:00:05;43.312
ekstensometer (ny);12.06.2021 14:00:05;43.312
ekstensometer (ny);12.06.2021 15:00:04;43.875
ekstensometer (ny);12.06.2021 16:00:07;43.312
ekstensometer (ny);12.06.2021 17:00:05;43.875
ekstensometer (ny);12.06.2021 18:00:05;43.312
ekstensometer (ny);12.06.2021 19:00:04;43.875
ekstensometer (ny);12.06.2021 20:00:32;43.312
ekstensometer (ny);12.06.2021 21:00:05;43.312
ekstensometer (ny);12.06.2021 22:00:05;43.875
ekstensometer (ny);12.06.2021 23:00:04;43.875
ekstensometer (ny);13.06.2021 00:00:26;43.875
ekstensometer (ny);13.06.2021 01:00:05;43.875
ekstensometer (ny);13.06.2021 02:00:05;43.875
ekstensometer (ny);13.06.2021 03:00:05;43.875
ekstensometer (ny);13.06.2021 04:00:07;43.875
ekstensometer (ny);13.06.2021 05:00:05;43.875
ekstensometer (ny);13.06.2021 06:00:05;43.875
ekstensometer (ny);13.06.2021 07:00:05;43.875
ekstensometer (ny);13.06.2021 08:00:27;43.875
ekstensometer (ny);13.06.2021 09:00:05;43.875
ekstensometer (ny);13.06.2021 10:00:05;43.875
ekstensometer (ny);13.06.2021 11:00:05;43.875
ekstensometer (ny);13.06.2021 12:00:06;43.875
ekstensometer (ny);13.06.2021 13:00:05;43.875
ekstensometer (ny);13.06.2021 14:00:05;43.875
ekstensometer (ny);13.06.2021 15:00:05;43.875
ekstensometer (ny);13.06.2021 16:00:26;43.875
ekstensometer (ny);13.06.2021 17:00:04;43.875
ekstensometer (ny);13.06.2021 18:00:04;43.875
ekstensometer (ny);13.06.2021 19:00:05;43.875
ekstensometer (ny);13.06.2021 20:00:07;43.875
ekstensometer (ny);13.06.2021 21:00:05;43.875
ekstensometer (ny);13.06.2021 22:00:04;43.875
ekstensometer (ny);13.06.2021 23:00:04;43.875
ekstensometer (ny);14.06.2021 00:00:07;43.875
ekstensometer (ny);14.06.2021 01:00:05;43.875
ekstensometer (ny);14.06.2021 02:00:05;43.875
ekstensometer (ny);14.06.2021 03:00:04;43.875
ekstensometer (ny);14.06.2021 04:00:07;43.875
ekstensometer (ny);14.06.2021 05:00:05;43.875
ekstensometer (ny);14.06.2021 06:00:05;43.875
ekstensometer (ny);14.06.2021 07:00:05;43.875
ekstensometer (ny);14.06.2021 08:00:07;43.875
ekstensometer (ny);14.06.2021 09:00:04;43.875
ekstensometer (ny);14.06.2021 10:00:05;43.875
ekstensometer (ny);14.06.2021 11:00:05;43.875
ekstensometer (ny);14.06.2021 12:00:07;43.875
ekstensometer (ny);14.06.2021 13:00:04;44.325
ekstensometer (ny);14.06.2021 14:00:05;44.438
ekstensometer (ny);14.06.2021 15:00:05;43.875
ekstensometer (ny);14.06.2021 16:00:07;43.875
ekstensometer (ny);14.06.2021 17:00:04;43.875
ekstensometer (ny);14.06.2021 18:00:05;44.438
ekstensometer (ny);14.06.2021 19:00:04;44.438
ekstensometer (ny);14.06.2021 20:00:26;44.438
ekstensometer (ny);14.06.2021 21:00:05;44.438
ekstensometer (ny);14.06.2021 22:00:05;44.438
ekstensometer (ny);14.06.2021 23:00:05;45.000
ekstensometer (ny);15.06.2021 00:00:07;44.438
ekstensometer (ny);15.06.2021 01:00:05;44.438
ekstensometer (ny);15.06.2021 02:00:05;45.000
ekstensometer (ny);15.06.2021 03:00:05;44.438
ekstensometer (ny);15.06.2021 04:00:07;45.000
ekstensometer (ny);15.06.2021 05:00:05;45.000
ekstensometer (ny);15.06.2021 06:00:05;45.000
ekstensometer (ny);15.06.2021 07:00:05;45.000
ekstensometer (ny);15.06.2021 08:00:07;45.000
ekstensometer (ny);15.06.2021 09:00:04;45.000
ekstensometer (ny);15.06.2021 10:00:05;44.438
ekstensometer (ny);15.06.2021 11:00:05;44.438
ekstensometer (ny);15.06.2021 12:00:07;44.438
ekstensometer (ny);15.06.2021 13:00:04;44.438
ekstensometer (ny);15.06.2021 14:00:05;44.438
ekstensometer (ny);15.06.2021 15:00:05;44.438
ekstensometer (ny);15.06.2021 16:00:07;44.438
ekstensometer (ny);15.06.2021 17:00:04;44.438
ekstensometer (ny);15.06.2021 18:00:04;44.438
ekstensometer (ny);15.06.2021 19:00:04;44.438
ekstensometer (ny);15.06.2021 20:00:07;44.438
ekstensometer (ny);15.06.2021 21:00:05;44.438
ekstensometer (ny);15.06.2021 22:00:05;44.662
ekstensometer (ny);15.06.2021 23:00:04;44.888
ekstensometer (ny);16.06.2021 00:00:07;44.662
ekstensometer (ny);16.06.2021 01:00:05;45.000
ekstensometer (ny);16.06.2021 02:00:05;44.662
ekstensometer (ny);16.06.2021 03:00:05;45.000
ekstensometer (ny);16.06.2021 04:00:07;44.662
ekstensometer (ny);16.06.2021 05:00:05;45.000
ekstensometer (ny);16.06.2021 06:00:05;44.662
ekstensometer (ny);16.06.2021 07:00:05;44.662
ekstensometer (ny);16.06.2021 08:00:07;44.550
ekstensometer (ny);16.06.2021 09:00:04;45.000
ekstensometer (ny);16.06.2021 10:00:05;45.000
ekstensometer (ny);16.06.2021 11:00:05;45.000
ekstensometer (ny);16.06.2021 12:00:07;45.000
ekstensometer (ny);16.06.2021 13:00:04;45.000
ekstensometer (ny);16.06.2021 14:00:05;45.000
ekstensometer (ny);16.06.2021 15:00:05;44.438
ekstensometer (ny);16.06.2021 16:00:07;44.438
ekstensometer (ny);16.06.2021 17:00:05;44.438
ekstensometer (ny);16.06.2021 18:00:05;44.438
ekstensometer (ny);16.06.2021 19:00:04;44.438
ekstensometer (ny);16.06.2021 20:00:07;44.438
ekstensometer (ny);16.06.2021 21:00:05;44.438
ekstensometer (ny);16.06.2021 22:00:05;44.438
ekstensometer (ny);16.06.2021 23:00:05;44.438
ekstensometer (ny);17.06.2021 00:00:07;44.438
ekstensometer (ny);17.06.2021 01:00:05;44.438
ekstensometer (ny);17.06.2021 02:00:05;44.438
ekstensometer (ny);17.06.2021 03:00:05;44.438
ekstensometer (ny);17.06.2021 04:00:07;44.438
ekstensometer (ny);17.06.2021 05:00:04;44.438
ekstensometer (ny);17.06.2021 06:00:05;44.438
ekstensometer (ny);17.06.2021 07:00:05;44.438
ekstensometer (ny);17.06.2021 08:00:07;44.438
ekstensometer (ny);17.06.2021 09:00:04;44.438
ekstensometer (ny);17.06.2021 10:00:05;44.438
ekstensometer (ny);17.06.2021 11:00:05;44.438
ekstensometer (ny);17.06.2021 12:00:07;44.438
ekstensometer (ny);17.06.2021 13:00:05;44.438
ekstensometer (ny);17.06.2021 14:00:04;44.438
ekstensometer (ny);17.06.2021 15:00:05;44.438
ekstensometer (ny);17.06.2021 16:00:07;44.438
ekstensometer (ny);17.06.2021 17:00:05;45.000
ekstensometer (ny);17.06.2021 18:00:05;45.000
ekstensometer (ny);17.06.2021 19:00:04;45.000
ekstensometer (ny);17.06.2021 20:00:07;45.000
ekstensometer (ny);17.06.2021 21:00:05;45.000
ekstensometer (ny);17.06.2021 22:00:05;45.000
ekstensometer (ny);17.06.2021 23:00:05;45.000
ekstensometer (ny);18.06.2021 00:00:07;45.000
ekstensometer (ny);18.06.2021 01:00:05;45.000
ekstensometer (ny);18.06.2021 02:00:05;45.000
ekstensometer (ny);18.06.2021 03:00:05;45.000
ekstensometer (ny);18.06.2021 04:00:06;45.000
ekstensometer (ny);18.06.2021 05:00:04;45.562
ekstensometer (ny);18.06.2021 06:00:05;46.125
ekstensometer (ny);18.06.2021 07:00:05;46.125
ekstensometer (ny);18.06.2021 08:00:27;46.125
ekstensometer (ny);18.06.2021 09:00:04;46.125
ekstensometer (ny);18.06.2021 10:00:05;46.125
ekstensometer (ny);18.06.2021 11:00:05;45.562
ekstensometer (ny);18.06.2021 12:00:07;45.562
ekstensometer (ny);18.06.2021 13:00:04;45.562
ekstensometer (ny);18.06.2021 14:00:05;45.562
ekstensometer (ny);18.06.2021 15:00:05;45.562
ekstensometer (ny);18.06.2021 16:00:27;45.562
ekstensometer (ny);18.06.2021 17:00:05;45.562
ekstensometer (ny);18.06.2021 18:00:04;45.562
ekstensometer (ny);18.06.2021 19:00:04;45.562
ekstensometer (ny);18.06.2021 20:00:07;45.562
ekstensometer (ny);18.06.2021 21:00:05;45.562
ekstensometer (ny);18.06.2021 22:00:05;46.125
ekstensometer (ny);18.06.2021 23:00:04;46.125
ekstensometer (ny);19.06.2021 00:00:07;46.125
ekstensometer (ny);19.06.2021 01:00:05;46.125
ekstensometer (ny);19.06.2021 02:00:05;46.125
ekstensometer (ny);19.06.2021 03:00:04;46.125
ekstensometer (ny);19.06.2021 04:00:07;46.125
ekstensometer (ny);19.06.2021 05:00:05;46.125
ekstensometer (ny);19.06.2021 06:00:05;46.125
ekstensometer (ny);19.06.2021 07:00:05;46.125
ekstensometer (ny);19.06.2021 08:00:06;46.125
ekstensometer (ny);19.06.2021 09:00:04;46.125
ekstensometer (ny);19.06.2021 10:00:05;46.125
ekstensometer (ny);19.06.2021 11:00:05;46.125
ekstensometer (ny);19.06.2021 12:00:07;46.125
ekstensometer (ny);19.06.2021 13:00:04;46.125
ekstensometer (ny);19.06.2021 14:00:05;46.125
ekstensometer (ny);19.06.2021 15:00:05;46.125
ekstensometer (ny);19.06.2021 16:00:07;46.125
ekstensometer (ny);19.06.2021 17:00:04;46.125
ekstensometer (ny);19.06.2021 18:00:04;46.125
ekstensometer (ny);19.06.2021 19:00:05;46.125
ekstensometer (ny);19.06.2021 20:00:07;46.125
ekstensometer (ny);19.06.2021 21:00:05;46.125
ekstensometer (ny);19.06.2021 22:00:04;46.125
ekstensometer (ny);19.06.2021 23:00:05;46.125
ekstensometer (ny);20.06.2021 00:00:27;46.125
ekstensometer (ny);20.06.2021 01:00:05;46.125
ekstensometer (ny);20.06.2021 02:00:05;46.125
ekstensometer (ny);20.06.2021 03:00:04;46.125
ekstensometer (ny);20.06.2021 04:00:07;46.125
ekstensometer (ny);20.06.2021 05:00:05;46.125
ekstensometer (ny);20.06.2021 06:00:05;46.125
ekstensometer (ny);20.06.2021 07:00:04;46.125
ekstensometer (ny);20.06.2021 08:00:07;46.125
ekstensometer (ny);20.06.2021 09:00:05;46.125
ekstensometer (ny);20.06.2021 10:00:05;46.125
ekstensometer (ny);20.06.2021 11:00:05;46.237
ekstensometer (ny);20.06.2021 12:00:07;46.125
ekstensometer (ny);20.06.2021 13:00:04;46.125
ekstensometer (ny);20.06.2021 14:00:05;46.125
ekstensometer (ny);20.06.2021 15:00:05;46.125
ekstensometer (ny);20.06.2021 16:00:07;46.125
ekstensometer (ny);20.06.2021 17:00:04;46.125
ekstensometer (ny);20.06.2021 18:00:04;46.688
ekstensometer (ny);20.06.2021 19:00:05;46.688
ekstensometer (ny);20.06.2021 20:00:07;46.688
ekstensometer (ny);20.06.2021 21:00:05;46.688
ekstensometer (ny);20.06.2021 22:00:04;46.688
ekstensometer (ny);20.06.2021 23:00:05;46.688
ekstensometer (ny);21.06.2021 00:00:07;46.688
ekstensometer (ny);21.06.2021 01:00:05;46.688
ekstensometer (ny);21.06.2021 02:00:05;46.688
ekstensometer (ny);21.06.2021 03:00:04;46.688
ekstensometer (ny);21.06.2021 04:00:07;46.688
ekstensometer (ny);21.06.2021 05:00:05;46.688
ekstensometer (ny);21.06.2021 06:00:05;46.688
ekstensometer (ny);21.06.2021 07:00:05;46.688
ekstensometer (ny);21.06.2021 08:00:07;46.688
ekstensometer (ny);21.06.2021 09:00:05;46.688
ekstensometer (ny);21.06.2021 10:00:05;46.688
ekstensometer (ny);21.06.2021 11:00:05;46.688
ekstensometer (ny);21.06.2021 12:00:06;46.688
ekstensometer (ny);21.06.2021 13:00:04;46.688
ekstensometer (ny);21.06.2021 14:00:05;46.688
ekstensometer (ny);21.06.2021 15:00:05;46.688
ekstensometer (ny);21.06.2021 16:00:07;46.688
ekstensometer (ny);21.06.2021 17:00:04;46.688
ekstensometer (ny);21.06.2021 18:00:04;46.688
ekstensometer (ny);21.06.2021 19:00:04;46.688
ekstensometer (ny);21.06.2021 20:00:07;46.912
ekstensometer (ny);21.06.2021 21:00:05;47.250
ekstensometer (ny);21.06.2021 22:00:05;47.250
ekstensometer (ny);21.06.2021 23:00:04;47.250
ekstensometer (ny);22.06.2021 00:00:07;47.250
ekstensometer (ny);22.06.2021 01:00:05;47.250
ekstensometer (ny);22.06.2021 02:00:05;47.250
ekstensometer (ny);22.06.2021 03:00:04;47.250
ekstensometer (ny);22.06.2021 04:00:07;47.250
ekstensometer (ny);22.06.2021 05:00:05;47.250
ekstensometer (ny);22.06.2021 06:00:05;47.250
ekstensometer (ny);22.06.2021 07:00:05;47.250
ekstensometer (ny);22.06.2021 08:00:06;47.250
ekstensometer (ny);22.06.2021 09:00:04;47.250
ekstensometer (ny);22.06.2021 10:00:05;47.250
ekstensometer (ny);22.06.2021 11:00:05;47.250
ekstensometer (ny);22.06.2021 12:00:07;47.250
ekstensometer (ny);22.06.2021 13:00:04;47.025
ekstensometer (ny);22.06.2021 14:00:05;47.025
ekstensometer (ny);22.06.2021 15:00:05;46.688
ekstensometer (ny);22.06.2021 16:00:07;46.688
ekstensometer (ny);22.06.2021 17:00:05;46.688
ekstensometer (ny);22.06.2021 18:00:04;46.688
ekstensometer (ny);22.06.2021 19:00:04;46.688
ekstensometer (ny);22.06.2021 20:00:07;46.688
ekstensometer (ny);22.06.2021 21:00:05;47.138
ekstensometer (ny);22.06.2021 22:00:05;47.700
ekstensometer (ny);22.06.2021 23:00:04;47.812
ekstensometer (ny);23.06.2021 00:00:07;47.812
ekstensometer (ny);23.06.2021 01:00:05;47.812
ekstensometer (ny);23.06.2021 02:00:05;47.812
ekstensometer (ny);23.06.2021 03:00:05;47.812
ekstensometer (ny);23.06.2021 04:00:07;47.812
ekstensometer (ny);23.06.2021 05:00:05;47.812
ekstensometer (ny);23.06.2021 06:00:05;47.812
ekstensometer (ny);23.06.2021 07:00:05;47.700
ekstensometer (ny);23.06.2021 08:00:27;47.588
ekstensometer (ny);23.06.2021 09:00:05;47.812
ekstensometer (ny);23.06.2021 10:00:05;47.812
ekstensometer (ny);23.06.2021 11:00:05;47.812
ekstensometer (ny);23.06.2021 12:00:07;47.812
ekstensometer (ny);23.06.2021 13:00:04;47.362
ekstensometer (ny);23.06.2021 14:00:05;47.250
ekstensometer (ny);23.06.2021 15:00:05;47.250
ekstensometer (ny);23.06.2021 16:00:07;47.250
ekstensometer (ny);23.06.2021 17:00:05;47.250
ekstensometer (ny);23.06.2021 18:00:04;47.250
ekstensometer (ny);23.06.2021 19:00:04;47.250
ekstensometer (ny);23.06.2021 20:00:07;47.812
ekstensometer (ny);23.06.2021 21:00:05;47.812
ekstensometer (ny);23.06.2021 22:00:05;47.812
ekstensometer (ny);23.06.2021 23:00:04;47.812
ekstensometer (ny);24.06.2021 00:00:07;48.263
ekstensometer (ny);24.06.2021 01:00:05;48.263
ekstensometer (ny);24.06.2021 02:00:05;48.375
ekstensometer (ny);24.06.2021 03:00:04;48.375
ekstensometer (ny);24.06.2021 04:00:07;48.375
ekstensometer (ny);24.06.2021 05:00:05;48.375
ekstensometer (ny);24.06.2021 06:00:05;48.375
ekstensometer (ny);24.06.2021 07:00:05;48.375
ekstensometer (ny);24.06.2021 08:00:27;48.375
ekstensometer (ny);24.06.2021 09:00:05;48.375
ekstensometer (ny);24.06.2021 10:00:05;48.375
ekstensometer (ny);24.06.2021 11:00:05;48.375
ekstensometer (ny);24.06.2021 12:00:06;47.812
ekstensometer (ny);24.06.2021 13:00:04;47.812
ekstensometer (ny);24.06.2021 14:00:05;47.812
ekstensometer (ny);24.06.2021 15:00:05;47.812
ekstensometer (ny);24.06.2021 16:00:07;47.812
ekstensometer (ny);24.06.2021 17:00:04;47.812
ekstensometer (ny);24.06.2021 18:00:04;47.812
ekstensometer (ny);24.06.2021 19:00:05;47.812
ekstensometer (ny);24.06.2021 20:00:07;47.812
ekstensometer (ny);24.06.2021 21:00:05;48.263
ekstensometer (ny);24.06.2021 22:00:04;48.263
ekstensometer (ny);24.06.2021 23:00:05;48.263
ekstensometer (ny);25.06.2021 00:00:27;48.263
ekstensometer (ny);25.06.2021 01:00:05;48.263
ekstensometer (ny);25.06.2021 02:00:04;48.375
ekstensometer (ny);25.06.2021 03:00:05;48.375
ekstensometer (ny);25.06.2021 04:00:07;48.375
ekstensometer (ny);25.06.2021 05:00:05;48.375
ekstensometer (ny);25.06.2021 06:00:04;48.375
ekstensometer (ny);25.06.2021 07:00:05;48.375
ekstensometer (ny);25.06.2021 08:00:07;48.263
ekstensometer (ny);25.06.2021 09:00:05;48.375
ekstensometer (ny);25.06.2021 10:00:04;48.375
ekstensometer (ny);25.06.2021 11:00:05;48.375
ekstensometer (ny);25.06.2021 12:00:07;48.375
ekstensometer (ny);25.06.2021 13:00:05;48.375
ekstensometer (ny);25.06.2021 14:00:05;47.812
ekstensometer (ny);25.06.2021 15:00:04;47.812
ekstensometer (ny);25.06.2021 16:00:07;47.812
ekstensometer (ny);25.06.2021 17:00:05;47.812
ekstensometer (ny);25.06.2021 18:00:05;48.263
ekstensometer (ny);25.06.2021 19:00:05;48.263
ekstensometer (ny);25.06.2021 20:00:07;48.263
ekstensometer (ny);25.06.2021 21:00:05;48.263
ekstensometer (ny);25.06.2021 22:00:05;48.825
ekstensometer (ny);25.06.2021 23:00:05;48.938
ekstensometer (ny);26.06.2021 00:00:07;48.825
ekstensometer (ny);26.06.2021 01:00:04;48.825
ekstensometer (ny);26.06.2021 02:00:05;48.938
ekstensometer (ny);26.06.2021 03:00:05;48.938
ekstensometer (ny);26.06.2021 04:00:07;48.938
ekstensometer (ny);26.06.2021 05:00:04;48.938
ekstensometer (ny);26.06.2021 06:00:05;48.938
ekstensometer (ny);26.06.2021 07:00:05;48.938
ekstensometer (ny);26.06.2021 08:00:07;48.938
ekstensometer (ny);26.06.2021 09:00:04;48.938
ekstensometer (ny);26.06.2021 10:00:05;48.938
ekstensometer (ny);26.06.2021 11:00:05;48.938
ekstensometer (ny);26.06.2021 12:00:07;48.938
ekstensometer (ny);26.06.2021 13:00:05;48.375
ekstensometer (ny);26.06.2021 14:00:04;48.375
ekstensometer (ny);26.06.2021 15:00:05;48.375
ekstensometer (ny);26.06.2021 16:00:07;48.375
ekstensometer (ny);26.06.2021 17:00:05;48.375
ekstensometer (ny);26.06.2021 18:00:04;48.375
ekstensometer (ny);26.06.2021 19:00:04;48.938
ekstensometer (ny);26.06.2021 20:00:07;48.825
ekstensometer (ny);26.06.2021 21:00:05;48.938
ekstensometer (ny);26.06.2021 22:00:05;48.938
ekstensometer (ny);26.06.2021 23:00:04;48.938
ekstensometer (ny);27.06.2021 00:00:07;48.938
ekstensometer (ny);27.06.2021 01:00:05;48.938
ekstensometer (ny);27.06.2021 02:00:05;48.938
ekstensometer (ny);27.06.2021 03:00:04;48.938
ekstensometer (ny);27.06.2021 04:00:07;48.938
ekstensometer (ny);27.06.2021 05:00:05;48.938
ekstensometer (ny);27.06.2021 06:00:05;48.938
ekstensometer (ny);27.06.2021 07:00:05;48.938
ekstensometer (ny);27.06.2021 08:00:07;48.825
ekstensometer (ny);27.06.2021 09:00:05;48.938
ekstensometer (ny);27.06.2021 10:00:05;48.938
ekstensometer (ny);27.06.2021 11:00:05;48.938
ekstensometer (ny);27.06.2021 12:00:07;49.050
ekstensometer (ny);27.06.2021 13:00:05;48.938
ekstensometer (ny);27.06.2021 14:00:05;48.938
ekstensometer (ny);27.06.2021 15:00:05;48.938
ekstensometer (ny);27.06.2021 16:00:06;48.938
ekstensometer (ny);27.06.2021 17:00:04;48.938
ekstensometer (ny);27.06.2021 18:00:05;48.938
ekstensometer (ny);27.06.2021 19:00:05;48.938
ekstensometer (ny);27.06.2021 20:00:07;48.825
ekstensometer (ny);27.06.2021 21:00:04;48.825
ekstensometer (ny);27.06.2021 22:00:04;49.388
ekstensometer (ny);27.06.2021 23:00:05;49.388
ekstensometer (ny);28.06.2021 00:00:07;49.388
ekstensometer (ny);28.06.2021 01:00:05;49.500
ekstensometer (ny);28.06.2021 02:00:04;49.500
ekstensometer (ny);28.06.2021 03:00:05;49.500
ekstensometer (ny);28.06.2021 04:00:07;49.500
ekstensometer (ny);28.06.2021 05:00:05;49.500
ekstensometer (ny);28.06.2021 06:00:04;49.500
ekstensometer (ny);28.06.2021 07:00:05;49.388
ekstensometer (ny);28.06.2021 08:00:27;49.275
ekstensometer (ny);28.06.2021 09:00:05;49.500
ekstensometer (ny);28.06.2021 10:00:05;49.500
ekstensometer (ny);28.06.2021 11:00:04;49.500
ekstensometer (ny);28.06.2021 12:00:07;48.938
ekstensometer (ny);28.06.2021 13:00:05;48.938
ekstensometer (ny);28.06.2021 14:00:05;48.938
ekstensometer (ny);28.06.2021 15:00:05;48.938
ekstensometer (ny);28.06.2021 16:00:07;48.938
ekstensometer (ny);28.06.2021 17:00:05;48.938
ekstensometer (ny);28.06.2021 18:00:05;48.938
ekstensometer (ny);28.06.2021 19:00:05;48.938
ekstensometer (ny);28.06.2021 20:00:07;48.825
ekstensometer (ny);28.06.2021 21:00:05;49.388
ekstensometer (ny);28.06.2021 22:00:05;49.388
ekstensometer (ny);28.06.2021 23:00:05;49.500
ekstensometer (ny);29.06.2021 00:00:07;49.388
ekstensometer (ny);29.06.2021 01:00:04;49.950
ekstensometer (ny);29.06.2021 02:00:05;49.950
ekstensometer (ny);29.06.2021 03:00:05;49.950
ekstensometer (ny);29.06.2021 04:00:07;49.950
ekstensometer (ny);29.06.2021 05:00:04;49.950
ekstensometer (ny);29.06.2021 06:00:05;49.950
ekstensometer (ny);29.06.2021 07:00:05;50.062
ekstensometer (ny);29.06.2021 08:00:07;49.950
ekstensometer (ny);29.06.2021 09:00:04;50.062
ekstensometer (ny);29.06.2021 10:00:05;50.062
ekstensometer (ny);29.06.2021 11:00:05;49.500
ekstensometer (ny);29.06.2021 12:00:07;49.500
ekstensometer (ny);29.06.2021 13:00:05;48.938
ekstensometer (ny);29.06.2021 14:00:04;48.938
ekstensometer (ny);29.06.2021 15:00:05;48.938
ekstensometer (ny);29.06.2021 16:00:28;48.938
ekstensometer (ny);29.06.2021 17:00:05;48.938
ekstensometer (ny);29.06.2021 18:00:05;48.938
ekstensometer (ny);29.06.2021 19:00:04;48.938
ekstensometer (ny);29.06.2021 20:00:26;48.938
ekstensometer (ny);29.06.2021 21:00:05;49.388
ekstensometer (ny);29.06.2021 22:00:05;49.388
ekstensometer (ny);29.06.2021 23:00:04;49.388
ekstensometer (ny);30.06.2021 00:00:07;49.500
ekstensometer (ny);30.06.2021 01:00:05;49.950
ekstensometer (ny);30.06.2021 02:00:05;49.950
ekstensometer (ny);30.06.2021 03:00:05;49.950
ekstensometer (ny);30.06.2021 04:00:07;49.950
ekstensometer (ny);30.06.2021 05:00:05;49.950
ekstensometer (ny);30.06.2021 06:00:05;49.950
ekstensometer (ny);30.06.2021 07:00:05;49.838
ekstensometer (ny);30.06.2021 08:00:26;49.838
ekstensometer (ny);30.06.2021 09:00:05;49.950
ekstensometer (ny);30.06.2021 10:00:05;50.062
ekstensometer (ny);30.06.2021 11:00:05;49.500
ekstensometer (ny);30.06.2021 12:00:06;49.500
ekstensometer (ny);30.06.2021 13:00:04;49.500
ekstensometer (ny);30.06.2021 14:00:05;49.500
ekstensometer (ny);30.06.2021 15:00:05;49.500
ekstensometer (ny);30.06.2021 16:00:07;48.938
ekstensometer (ny);30.06.2021 17:00:04;48.938
ekstensometer (ny);30.06.2021 18:00:05;48.938
ekstensometer (ny);30.06.2021 19:00:05;48.938
ekstensometer (ny);30.06.2021 20:00:07;49.388
ekstensometer (ny);30.06.2021 21:00:04;49.388
ekstensometer (ny);30.06.2021 22:00:04;49.388
ekstensometer (ny);30.06.2021 23:00:05;49.950
ekstensometer (ny);01.07.2021 00:00:08;49.950
ekstensometer (ny);01.07.2021 01:00:05;49.950
ekstensometer (ny);01.07.2021 02:00:04;50.513
ekstensometer (ny);01.07.2021 03:00:05;50.513
ekstensometer (ny);01.07.2021 04:00:07;50.513
ekstensometer (ny);01.07.2021 05:00:05;50.513
ekstensometer (ny);01.07.2021 06:00:05;50.513
ekstensometer (ny);01.07.2021 07:00:04;50.513
ekstensometer (ny);01.07.2021 08:00:07;50.400
ekstensometer (ny);01.07.2021 09:00:05;49.950
ekstensometer (ny);01.07.2021 10:00:05;50.062
ekstensometer (ny);01.07.2021 11:00:04;50.062
ekstensometer (ny);01.07.2021 12:00:07;49.500
ekstensometer (ny);01.07.2021 13:00:05;49.500
ekstensometer (ny);01.07.2021 14:00:05;49.500
ekstensometer (ny);01.07.2021 15:00:04;49.500
ekstensometer (ny);01.07.2021 16:00:07;49.500
ekstensometer (ny);01.07.2021 17:00:05;49.500
ekstensometer (ny);01.07.2021 18:00:05;49.500
ekstensometer (ny);01.07.2021 19:00:05;49.500
ekstensometer (ny);01.07.2021 20:00:07;49.388
ekstensometer (ny);01.07.2021 21:00:05;49.388
ekstensometer (ny);01.07.2021 22:00:05;49.388
ekstensometer (ny);01.07.2021 23:00:05;49.950
ekstensometer (ny);02.07.2021 00:00:07;49.950
ekstensometer (ny);02.07.2021 01:00:04;49.950
ekstensometer (ny);02.07.2021 02:00:05;49.950
ekstensometer (ny);02.07.2021 03:00:05;49.950
ekstensometer (ny);02.07.2021 04:00:07;49.950
ekstensometer (ny);02.07.2021 05:00:04;49.950
ekstensometer (ny);02.07.2021 06:00:04;49.950
ekstensometer (ny);02.07.2021 07:00:05;49.950
ekstensometer (ny);02.07.2021 08:00:07;49.950
ekstensometer (ny);02.07.2021 09:00:04;50.062
ekstensometer (ny);02.07.2021 10:00:04;50.062
ekstensometer (ny);02.07.2021 11:00:05;49.500
ekstensometer (ny);02.07.2021 12:00:28;49.500
ekstensometer (ny);02.07.2021 13:00:05;49.500
ekstensometer (ny);02.07.2021 14:00:04;49.500
ekstensometer (ny);02.07.2021 15:00:05;49.500
ekstensometer (ny);02.07.2021 16:00:07;49.500
ekstensometer (ny);02.07.2021 17:00:05;48.938
ekstensometer (ny);02.07.2021 18:00:04;48.938
ekstensometer (ny);02.07.2021 19:00:04;49.162
ekstensometer (ny);02.07.2021 20:00:07;49.388
ekstensometer (ny);02.07.2021 21:00:05;49.388
ekstensometer (ny);02.07.2021 22:00:05;49.950
ekstensometer (ny);02.07.2021 23:00:04;49.950
ekstensometer (ny);03.07.2021 00:00:27;49.950
ekstensometer (ny);03.07.2021 01:00:05;50.513
ekstensometer (ny);03.07.2021 02:00:05;50.513
ekstensometer (ny);03.07.2021 03:00:05;50.513
ekstensometer (ny);03.07.2021 04:00:26;50.513
ekstensometer (ny);03.07.2021 05:00:04;50.513
ekstensometer (ny);03.07.2021 06:00:05;50.625
ekstensometer (ny);03.07.2021 07:00:05;50.513
ekstensometer (ny);03.07.2021 08:00:07;50.400
ekstensometer (ny);03.07.2021 09:00:04;50.062
ekstensometer (ny);03.07.2021 10:00:05;50.062
ekstensometer (ny);03.07.2021 11:00:05;49.500
ekstensometer (ny);03.07.2021 12:00:07;49.500
ekstensometer (ny);03.07.2021 13:00:04;49.500
ekstensometer (ny);03.07.2021 14:00:05;49.500
ekstensometer (ny);03.07.2021 15:00:05;49.500
ekstensometer (ny);03.07.2021 16:00:07;49.500
ekstensometer (ny);03.07.2021 17:00:04;49.500
ekstensometer (ny);03.07.2021 18:00:05;49.500
ekstensometer (ny);03.07.2021 19:00:05;49.388
ekstensometer (ny);03.07.2021 20:00:07;49.950
ekstensometer (ny);03.07.2021 21:00:05;49.950
ekstensometer (ny);03.07.2021 22:00:05;50.513
ekstensometer (ny);03.07.2021 23:00:05;50.513
ekstensometer (ny);04.07.2021 00:00:07;50.513
ekstensometer (ny);04.07.2021 01:00:04;50.513
ekstensometer (ny);04.07.2021 02:00:05;50.513
ekstensometer (ny);04.07.2021 03:00:05;50.513
ekstensometer (ny);04.07.2021 04:00:07;50.513
ekstensometer (ny);04.07.2021 05:00:04;50.513
ekstensometer (ny);04.07.2021 06:00:05;50.625
ekstensometer (ny);04.07.2021 07:00:05;50.625
ekstensometer (ny);04.07.2021 08:00:07;50.625
ekstensometer (ny);04.07.2021 09:00:04;50.625
ekstensometer (ny);04.07.2021 10:00:05;50.625
ekstensometer (ny);04.07.2021 11:00:05;51.075
ekstensometer (ny);04.07.2021 12:00:07;50.625
ekstensometer (ny);04.07.2021 13:00:05;50.625
ekstensometer (ny);04.07.2021 14:00:04;50.513
ekstensometer (ny);04.07.2021 15:00:05;50.625
ekstensometer (ny);04.07.2021 16:00:07;50.513
ekstensometer (ny);04.07.2021 17:00:05;50.513
ekstensometer (ny);04.07.2021 18:00:05;50.513
ekstensometer (ny);04.07.2021 19:00:05;50.513
ekstensometer (ny);04.07.2021 20:00:07;50.513
ekstensometer (ny);04.07.2021 21:00:04;50.513
ekstensometer (ny);04.07.2021 22:00:04;50.513
ekstensometer (ny);04.07.2021 23:00:05;51.075
ekstensometer (ny);05.07.2021 00:00:07;51.075
ekstensometer (ny);05.07.2021 01:00:05;51.075
ekstensometer (ny);05.07.2021 02:00:04;51.075
ekstensometer (ny);05.07.2021 03:00:05;51.075
ekstensometer (ny);05.07.2021 04:00:07;51.075
ekstensometer (ny);05.07.2021 05:00:05;51.075
ekstensometer (ny);05.07.2021 06:00:05;51.188
ekstensometer (ny);05.07.2021 07:00:04;51.188
ekstensometer (ny);05.07.2021 08:00:07;51.188
ekstensometer (ny);05.07.2021 09:00:05;51.188
ekstensometer (ny);05.07.2021 10:00:05;51.188
ekstensometer (ny);05.07.2021 11:00:05;51.075
ekstensometer (ny);05.07.2021 12:00:07;51.188
ekstensometer (ny);05.07.2021 13:00:05;51.188
ekstensometer (ny);05.07.2021 14:00:05;51.188
ekstensometer (ny);05.07.2021 15:00:05;50.625
ekstensometer (ny);05.07.2021 16:00:06;50.513
ekstensometer (ny);05.07.2021 17:00:04;51.075
ekstensometer (ny);05.07.2021 18:00:05;51.075
ekstensometer (ny);05.07.2021 19:00:05;51.075
ekstensometer (ny);05.07.2021 20:00:07;51.075
ekstensometer (ny);05.07.2021 21:00:04;51.075
ekstensometer (ny);05.07.2021 22:00:04;51.075
ekstensometer (ny);05.07.2021 23:00:05;51.075
ekstensometer (ny);06.07.2021 00:00:07;51.075
ekstensometer (ny);06.07.2021 01:00:05;51.075
ekstensometer (ny);06.07.2021 02:00:04;51.075
ekstensometer (ny);06.07.2021 03:00:05;51.075
ekstensometer (ny);06.07.2021 04:00:07;51.075
ekstensometer (ny);06.07.2021 05:00:05;51.075
ekstensometer (ny);06.07.2021 06:00:04;51.188
ekstensometer (ny);06.07.2021 07:00:05;51.075
ekstensometer (ny);06.07.2021 08:00:27;51.075
ekstensometer (ny);06.07.2021 09:00:05;51.075
ekstensometer (ny);06.07.2021 10:00:05;51.188
ekstensometer (ny);06.07.2021 11:00:04;51.188
ekstensometer (ny);06.07.2021 12:00:07;51.188
ekstensometer (ny);06.07.2021 13:00:05;51.188
ekstensometer (ny);06.07.2021 14:00:05;51.188
ekstensometer (ny);06.07.2021 15:00:04;50.625
ekstensometer (ny);06.07.2021 16:00:07;50.625
ekstensometer (ny);06.07.2021 17:00:05;51.075
ekstensometer (ny);06.07.2021 18:00:05;51.075
ekstensometer (ny);06.07.2021 19:00:05;51.075
ekstensometer (ny);06.07.2021 20:00:07;51.075
ekstensometer (ny);06.07.2021 21:00:04;51.750
ekstensometer (ny);06.07.2021 22:00:05;51.750
ekstensometer (ny);06.07.2021 23:00:05;51.750
ekstensometer (ny);07.07.2021 00:00:07;51.750
ekstensometer (ny);07.07.2021 01:00:04;51.750
ekstensometer (ny);07.07.2021 02:00:04;51.750
ekstensometer (ny);07.07.2021 03:00:05;51.750
ekstensometer (ny);07.07.2021 04:00:07;51.750
ekstensometer (ny);07.07.2021 05:00:05;51.750
ekstensometer (ny);07.07.2021 06:00:04;51.750
ekstensometer (ny);07.07.2021 07:00:05;51.750
ekstensometer (ny);07.07.2021 08:00:27;51.750
ekstensometer (ny);07.07.2021 09:00:05;51.750
ekstensometer (ny);07.07.2021 10:00:04;51.750
ekstensometer (ny);07.07.2021 11:00:05;51.750
ekstensometer (ny);07.07.2021 12:00:07;51.188
ekstensometer (ny);07.07.2021 13:00:05;51.188
ekstensometer (ny);07.07.2021 14:00:05;51.188
ekstensometer (ny);07.07.2021 15:00:04;51.188
ekstensometer (ny);07.07.2021 16:00:07;51.188
ekstensometer (ny);07.07.2021 17:00:05;51.188
ekstensometer (ny);07.07.2021 18:00:05;51.075
ekstensometer (ny);07.07.2021 19:00:05;51.750
ekstensometer (ny);07.07.2021 20:00:07;51.750
ekstensometer (ny);07.07.2021 21:00:04;51.750
ekstensometer (ny);07.07.2021 22:00:05;51.750
ekstensometer (ny);07.07.2021 23:00:05;52.312
ekstensometer (ny);08.07.2021 00:00:07;52.312
ekstensometer (ny);08.07.2021 01:00:04;52.312
ekstensometer (ny);08.07.2021 02:00:05;52.312
ekstensometer (ny);08.07.2021 03:00:05;52.312
ekstensometer (ny);08.07.2021 04:00:07;52.312
ekstensometer (ny);08.07.2021 05:00:05;52.312
ekstensometer (ny);08.07.2021 06:00:04;52.312
ekstensometer (ny);08.07.2021 07:00:05;52.312
ekstensometer (ny);08.07.2021 08:00:07;51.975
ekstensometer (ny);08.07.2021 09:00:05;51.750
ekstensometer (ny);08.07.2021 10:00:04;51.750
ekstensometer (ny);08.07.2021 11:00:05;51.750
ekstensometer (ny);08.07.2021 12:00:07;51.750
ekstensometer (ny);08.07.2021 13:00:05;51.750
ekstensometer (ny);08.07.2021 14:00:05;51.750
ekstensometer (ny);08.07.2021 15:00:04;51.750
ekstensometer (ny);08.07.2021 16:00:07;51.750
ekstensometer (ny);08.07.2021 17:00:05;51.750
ekstensometer (ny);08.07.2021 18:00:05;51.750
ekstensometer (ny);08.07.2021 19:00:05;51.750
ekstensometer (ny);08.07.2021 20:00:07;51.750
ekstensometer (ny);08.07.2021 21:00:05;52.312
ekstensometer (ny);08.07.2021 22:00:05;52.312
ekstensometer (ny);08.07.2021 23:00:05;52.312
ekstensometer (ny);09.07.2021 00:00:07;52.312
ekstensometer (ny);09.07.2021 01:00:04;52.312
ekstensometer (ny);09.07.2021 02:00:05;52.312
ekstensometer (ny);09.07.2021 03:00:05;52.312
ekstensometer (ny);09.07.2021 04:00:07;52.312
ekstensometer (ny);09.07.2021 05:00:04;52.312
ekstensometer (ny);09.07.2021 06:00:04;52.312
ekstensometer (ny);09.07.2021 07:00:05;52.312
ekstensometer (ny);09.07.2021 08:00:07;52.312
ekstensometer (ny);09.07.2021 09:00:05;52.312
ekstensometer (ny);09.07.2021 10:00:04;52.312
ekstensometer (ny);09.07.2021 11:00:05;52.312
ekstensometer (ny);09.07.2021 12:00:07;52.312
ekstensometer (ny);09.07.2021 13:00:05;52.312
ekstensometer (ny);09.07.2021 14:00:05;51.750
ekstensometer (ny);09.07.2021 15:00:04;51.750
ekstensometer (ny);09.07.2021 16:00:07;52.312
ekstensometer (ny);09.07.2021 17:00:05;52.312
ekstensometer (ny);09.07.2021 18:00:05;52.312
ekstensometer (ny);09.07.2021 19:00:05;52.312
ekstensometer (ny);09.07.2021 20:00:06;52.312
ekstensometer (ny);09.07.2021 21:00:04;52.312
ekstensometer (ny);09.07.2021 22:00:05;52.312
ekstensometer (ny);09.07.2021 23:00:05;52.312
ekstensometer (ny);10.07.2021 00:00:07;52.312
ekstensometer (ny);10.07.2021 01:00:04;52.312
ekstensometer (ny);10.07.2021 02:00:04;52.312
ekstensometer (ny);10.07.2021 03:00:05;52.312
ekstensometer (ny);10.07.2021 04:00:27;52.312
ekstensometer (ny);10.07.2021 05:00:05;52.312
ekstensometer (ny);10.07.2021 06:00:04;52.312
ekstensometer (ny);10.07.2021 07:00:05;52.312
ekstensometer (ny);10.07.2021 08:00:07;52.312
ekstensometer (ny);10.07.2021 09:00:05;52.312
ekstensometer (ny);10.07.2021 10:00:04;52.312
ekstensometer (ny);10.07.2021 11:00:05;52.312
ekstensometer (ny);10.07.2021 12:00:26;52.312
ekstensometer (ny);10.07.2021 13:00:05;52.312
ekstensometer (ny);10.07.2021 14:00:05;52.312
ekstensometer (ny);10.07.2021 15:00:04;52.312
ekstensometer (ny);10.07.2021 16:00:07;52.312
ekstensometer (ny);10.07.2021 17:00:05;52.312
ekstensometer (ny);10.07.2021 18:00:05;52.312
ekstensometer (ny);10.07.2021 19:00:05;52.312
ekstensometer (ny);10.07.2021 20:00:07;52.312
ekstensometer (ny);10.07.2021 21:00:04;52.312
ekstensometer (ny);10.07.2021 22:00:05;52.312
ekstensometer (ny);10.07.2021 23:00:05;52.312
ekstensometer (ny);11.07.2021 00:00:07;52.875
ekstensometer (ny);11.07.2021 01:00:04;52.875
ekstensometer (ny);11.07.2021 02:00:05;52.875
ekstensometer (ny);11.07.2021 03:00:05;52.875
ekstensometer (ny);11.07.2021 04:00:07;52.875
ekstensometer (ny);11.07.2021 05:00:04;52.875
ekstensometer (ny);11.07.2021 06:00:04;52.875
ekstensometer (ny);11.07.2021 07:00:05;52.875
ekstensometer (ny);11.07.2021 08:00:07;52.875
ekstensometer (ny);11.07.2021 09:00:05;52.875
ekstensometer (ny);11.07.2021 10:00:04;52.875
ekstensometer (ny);11.07.2021 11:00:05;52.875
ekstensometer (ny);11.07.2021 12:00:07;52.875
ekstensometer (ny);11.07.2021 13:00:05;52.875
ekstensometer (ny);11.07.2021 14:00:05;52.875
ekstensometer (ny);11.07.2021 15:00:04;52.875
ekstensometer (ny);11.07.2021 16:00:07;52.875
ekstensometer (ny);11.07.2021 17:00:05;52.875
ekstensometer (ny);11.07.2021 18:00:04;52.875
ekstensometer (ny);11.07.2021 19:00:04;52.875
ekstensometer (ny);11.07.2021 20:00:07;52.875
ekstensometer (ny);11.07.2021 21:00:05;52.875
ekstensometer (ny);11.07.2021 22:00:05;53.438
ekstensometer (ny);11.07.2021 23:00:04;53.438
ekstensometer (ny);12.07.2021 00:00:07;53.438
ekstensometer (ny);12.07.2021 01:00:05;53.438
ekstensometer (ny);12.07.2021 02:00:05;53.438
ekstensometer (ny);12.07.2021 03:00:05;53.438
ekstensometer (ny);12.07.2021 04:00:07;53.438
ekstensometer (ny);12.07.2021 05:00:05;53.438
ekstensometer (ny);12.07.2021 06:00:05;53.438
ekstensometer (ny);12.07.2021 07:00:05;53.438
ekstensometer (ny);12.07.2021 08:00:07;53.325
ekstensometer (ny);12.07.2021 09:00:04;53.438
ekstensometer (ny);12.07.2021 10:00:05;52.987
ekstensometer (ny);12.07.2021 11:00:05;52.987
ekstensometer (ny);12.07.2021 12:00:07;52.537
ekstensometer (ny);12.07.2021 13:00:04;52.425
ekstensometer (ny);12.07.2021 14:00:05;52.425
ekstensometer (ny);12.07.2021 15:00:05;52.425
ekstensometer (ny);12.07.2021 16:00:07;52.312
ekstensometer (ny);12.07.2021 17:00:05;52.312
ekstensometer (ny);12.07.2021 18:00:05;52.312
ekstensometer (ny);12.07.2021 19:00:05;52.312
ekstensometer (ny);12.07.2021 20:00:07;52.312
ekstensometer (ny);12.07.2021 21:00:05;52.875
ekstensometer (ny);12.07.2021 22:00:05;52.875
ekstensometer (ny);12.07.2021 23:00:05;52.875
ekstensometer (ny);13.07.2021 00:00:07;53.438
ekstensometer (ny);13.07.2021 01:00:05;53.438
ekstensometer (ny);13.07.2021 02:00:05;53.438
ekstensometer (ny);13.07.2021 03:00:05;53.438
ekstensometer (ny);13.07.2021 04:00:06;53.438
ekstensometer (ny);13.07.2021 05:00:04;53.438
ekstensometer (ny);13.07.2021 06:00:05;53.438
ekstensometer (ny);13.07.2021 07:00:05;52.875
ekstensometer (ny);13.07.2021 08:00:07;52.875
ekstensometer (ny);13.07.2021 09:00:04;52.875
ekstensometer (ny);13.07.2021 10:00:05;52.875
ekstensometer (ny);13.07.2021 11:00:05;52.425
ekstensometer (ny);13.07.2021 12:00:07;52.312
ekstensometer (ny);13.07.2021 13:00:05;52.425
ekstensometer (ny);13.07.2021 14:00:04;52.537
ekstensometer (ny);13.07.2021 15:00:05;52.425
ekstensometer (ny);13.07.2021 16:00:40;52.425
ekstensometer (ny);13.07.2021 17:00:05;52.312
ekstensometer (ny);13.07.2021 18:00:05;52.312
ekstensometer (ny);13.07.2021 19:00:04;52.312
ekstensometer (ny);13.07.2021 20:00:26;52.312
ekstensometer (ny);13.07.2021 21:00:05;52.875
ekstensometer (ny);13.07.2021 22:00:05;52.875
ekstensometer (ny);13.07.2021 23:00:04;52.875
ekstensometer (ny);14.07.2021 00:00:07;53.438
ekstensometer (ny);14.07.2021 01:00:05;53.438
ekstensometer (ny);14.07.2021 02:00:05;53.438
ekstensometer (ny);14.07.2021 03:00:05;53.438
ekstensometer (ny);14.07.2021 04:00:06;53.438
ekstensometer (ny);14.07.2021 05:00:04;53.438
ekstensometer (ny);14.07.2021 06:00:05;53.438
ekstensometer (ny);14.07.2021 07:00:05;53.438
ekstensometer (ny);14.07.2021 08:00:07;53.438
ekstensometer (ny);14.07.2021 09:00:04;53.438
ekstensometer (ny);14.07.2021 10:00:05;53.438
ekstensometer (ny);14.07.2021 11:00:05;53.438
ekstensometer (ny);14.07.2021 12:00:27;53.438
ekstensometer (ny);14.07.2021 13:00:04;52.875
ekstensometer (ny);14.07.2021 14:00:05;52.987
ekstensometer (ny);14.07.2021 15:00:05;52.987
ekstensometer (ny);14.07.2021 16:00:27;52.875
ekstensometer (ny);14.07.2021 17:00:05;52.875
ekstensometer (ny);14.07.2021 18:00:05;52.875
ekstensometer (ny);14.07.2021 19:00:05;52.875
ekstensometer (ny);14.07.2021 20:00:07;52.875
ekstensometer (ny);14.07.2021 21:00:04;52.875
ekstensometer (ny);14.07.2021 22:00:05;52.875
ekstensometer (ny);14.07.2021 23:00:05;52.875
ekstensometer (ny);15.07.2021 00:00:07;52.875
ekstensometer (ny);15.07.2021 01:00:05;52.875
ekstensometer (ny);15.07.2021 02:00:04;52.875
ekstensometer (ny);15.07.2021 03:00:05;52.875
ekstensometer (ny);15.07.2021 04:00:07;53.438
ekstensometer (ny);15.07.2021 05:00:05;53.438
ekstensometer (ny);15.07.2021 06:00:05;53.438
ekstensometer (ny);15.07.2021 07:00:04;53.438
ekstensometer (ny);15.07.2021 08:00:36;53.438
ekstensometer (ny);15.07.2021 09:00:05;53.438
ekstensometer (ny);15.07.2021 10:00:04;53.550
ekstensometer (ny);15.07.2021 11:00:05;53.550
ekstensometer (ny);15.07.2021 12:00:08;52.987
ekstensometer (ny);15.07.2021 13:00:05;52.987
ekstensometer (ny);15.07.2021 14:00:05;52.987
ekstensometer (ny);15.07.2021 15:00:04;52.875
ekstensometer (ny);15.07.2021 16:00:07;52.875
ekstensometer (ny);15.07.2021 17:00:05;52.875
ekstensometer (ny);15.07.2021 18:00:05;52.875
ekstensometer (ny);15.07.2021 19:00:05;52.875
ekstensometer (ny);15.07.2021 20:00:07;53.438
ekstensometer (ny);15.07.2021 21:00:05;54.000
ekstensometer (ny);15.07.2021 22:00:04;54.000
ekstensometer (ny);15.07.2021 23:00:05;54.000
ekstensometer (ny);16.07.2021 00:00:07;54.112
ekstensometer (ny);16.07.2021 01:00:05;54.112
ekstensometer (ny);16.07.2021 02:00:04;54.112
ekstensometer (ny);16.07.2021 03:00:05;54.112
ekstensometer (ny);16.07.2021 04:00:07;54.112
ekstensometer (ny);16.07.2021 05:00:05;54.112
ekstensometer (ny);16.07.2021 06:00:05;54.112
ekstensometer (ny);16.07.2021 07:00:04;54.000
ekstensometer (ny);16.07.2021 08:00:07;54.000
ekstensometer (ny);16.07.2021 09:00:05;54.000
ekstensometer (ny);16.07.2021 10:00:05;54.112
ekstensometer (ny);16.07.2021 11:00:05;53.550
ekstensometer (ny);16.07.2021 12:00:27;53.550
ekstensometer (ny);16.07.2021 13:00:05;53.550
ekstensometer (ny);16.07.2021 14:00:05;53.438
ekstensometer (ny);16.07.2021 15:00:05;53.438
ekstensometer (ny);16.07.2021 16:00:25;53.438
ekstensometer (ny);16.07.2021 17:00:04;53.438
ekstensometer (ny);16.07.2021 18:00:05;53.438
ekstensometer (ny);16.07.2021 19:00:04;53.438
ekstensometer (ny);16.07.2021 20:00:07;54.000
ekstensometer (ny);16.07.2021 21:00:05;54.000
ekstensometer (ny);16.07.2021 22:00:05;54.000
ekstensometer (ny);16.07.2021 23:00:05;54.000
ekstensometer (ny);17.07.2021 00:00:07;54.000
ekstensometer (ny);17.07.2021 01:00:05;54.450
ekstensometer (ny);17.07.2021 02:00:05;54.450
ekstensometer (ny);17.07.2021 03:00:05;54.675
ekstensometer (ny);17.07.2021 04:00:07;54.562
ekstensometer (ny);17.07.2021 05:00:05;54.338
ekstensometer (ny);17.07.2021 06:00:05;54.675
ekstensometer (ny);17.07.2021 07:00:05;54.225
ekstensometer (ny);17.07.2021 08:00:07;54.112
ekstensometer (ny);17.07.2021 09:00:04;54.112
ekstensometer (ny);17.07.2021 10:00:05;54.112
ekstensometer (ny);17.07.2021 11:00:05;54.112
ekstensometer (ny);17.07.2021 12:00:27;54.112
ekstensometer (ny);17.07.2021 13:00:04;54.112
ekstensometer (ny);17.07.2021 14:00:05;54.000
ekstensometer (ny);17.07.2021 15:00:05;54.450
ekstensometer (ny);17.07.2021 16:00:07;54.450
ekstensometer (ny);17.07.2021 17:00:05;54.338
ekstensometer (ny);17.07.2021 18:00:05;54.675
ekstensometer (ny);17.07.2021 19:00:05;54.675
ekstensometer (ny);17.07.2021 20:00:07;54.675
ekstensometer (ny);17.07.2021 21:00:04;54.675
ekstensometer (ny);17.07.2021 22:00:05;54.675
ekstensometer (ny);17.07.2021 23:00:05;54.675
ekstensometer (ny);18.07.2021 00:00:07;54.675
ekstensometer (ny);18.07.2021 01:00:04;54.675
ekstensometer (ny);18.07.2021 02:00:04;54.675
ekstensometer (ny);18.07.2021 03:00:05;54.675
ekstensometer (ny);18.07.2021 04:00:07;54.675
ekstensometer (ny);18.07.2021 05:00:05;54.675
ekstensometer (ny);18.07.2021 06:00:04;54.675
ekstensometer (ny);18.07.2021 07:00:05;54.675
ekstensometer (ny);18.07.2021 08:00:07;54.675
ekstensometer (ny);18.07.2021 09:00:05;54.675
ekstensometer (ny);18.07.2021 10:00:05;54.675
ekstensometer (ny);18.07.2021 11:00:04;54.675
ekstensometer (ny);18.07.2021 12:00:07;54.675
ekstensometer (ny);18.07.2021 13:00:05;54.675
ekstensometer (ny);18.07.2021 14:00:05;54.675
ekstensometer (ny);18.07.2021 15:00:05;54.675
ekstensometer (ny);18.07.2021 16:00:07;54.675
ekstensometer (ny);18.07.2021 17:00:04;54.675
ekstensometer (ny);18.07.2021 18:00:05;54.675
ekstensometer (ny);18.07.2021 19:00:05;54.675
ekstensometer (ny);18.07.2021 20:00:07;54.675
ekstensometer (ny);18.07.2021 21:00:05;54.675
ekstensometer (ny);18.07.2021 22:00:05;54.675
ekstensometer (ny);18.07.2021 23:00:05;55.237
ekstensometer (ny);19.07.2021 00:00:07;55.350
ekstensometer (ny);19.07.2021 01:00:04;55.350
ekstensometer (ny);19.07.2021 02:00:05;55.350
ekstensometer (ny);19.07.2021 03:00:05;55.350
ekstensometer (ny);19.07.2021 04:00:07;55.350
ekstensometer (ny);19.07.2021 05:00:04;55.350
ekstensometer (ny);19.07.2021 06:00:04;55.350
ekstensometer (ny);19.07.2021 07:00:05;55.237
ekstensometer (ny);19.07.2021 08:00:27;55.237
ekstensometer (ny);19.07.2021 09:00:05;55.237
ekstensometer (ny);19.07.2021 10:00:04;55.350
ekstensometer (ny);19.07.2021 11:00:05;54.787
ekstensometer (ny);19.07.2021 12:00:27;54.787
ekstensometer (ny);19.07.2021 13:00:05;54.787
ekstensometer (ny);19.07.2021 14:00:05;54.675
ekstensometer (ny);19.07.2021 15:00:04;54.675
ekstensometer (ny);19.07.2021 16:00:27;54.675
ekstensometer (ny);19.07.2021 17:00:05;54.675
ekstensometer (ny);19.07.2021 18:00:04;54.675
ekstensometer (ny);19.07.2021 19:00:05;54.562
ekstensometer (ny);19.07.2021 20:00:27;54.562
ekstensometer (ny);19.07.2021 21:00:05;57.600
ekstensometer (ny);19.07.2021 22:00:04;55.237
ekstensometer (ny);19.07.2021 23:00:05;55.237
ekstensometer (ny);20.07.2021 00:00:07;55.237
ekstensometer (ny);20.07.2021 01:00:05;55.350
ekstensometer (ny);20.07.2021 02:00:05;55.237
ekstensometer (ny);20.07.2021 03:00:04;55.350
ekstensometer (ny);20.07.2021 04:00:07;55.237
ekstensometer (ny);20.07.2021 05:00:05;55.350
ekstensometer (ny);20.07.2021 06:00:05;55.350
ekstensometer (ny);20.07.2021 07:00:05;55.350
ekstensometer (ny);20.07.2021 08:00:07;55.350
ekstensometer (ny);20.07.2021 09:00:05;55.350
ekstensometer (ny);20.07.2021 10:00:05;55.350
ekstensometer (ny);20.07.2021 11:00:05;55.350
ekstensometer (ny);20.07.2021 12:00:06;54.787
ekstensometer (ny);20.07.2021 13:00:05;54.787
ekstensometer (ny);20.07.2021 14:00:05;54.675
ekstensometer (ny);20.07.2021 15:00:05;54.675
ekstensometer (ny);20.07.2021 16:00:07;54.675
ekstensometer (ny);20.07.2021 17:00:04;54.675
ekstensometer (ny);20.07.2021 18:00:05;54.562
ekstensometer (ny);20.07.2021 19:00:05;54.675
ekstensometer (ny);20.07.2021 20:00:07;54.562
ekstensometer (ny);20.07.2021 21:00:04;55.237
ekstensometer (ny);20.07.2021 22:00:05;55.237
ekstensometer (ny);20.07.2021 23:00:05;55.237
ekstensometer (ny);21.07.2021 00:00:07;55.237
ekstensometer (ny);21.07.2021 01:00:05;55.237
ekstensometer (ny);21.07.2021 02:00:04;55.237
ekstensometer (ny);21.07.2021 03:00:05;55.350
ekstensometer (ny);21.07.2021 04:00:07;55.237
ekstensometer (ny);21.07.2021 05:00:05;55.350
ekstensometer (ny);21.07.2021 06:00:04;55.350
ekstensometer (ny);21.07.2021 07:00:05;55.237
ekstensometer (ny);21.07.2021 08:00:27;55.125
ekstensometer (ny);21.07.2021 09:00:05;55.125
ekstensometer (ny);21.07.2021 10:00:04;55.350
ekstensometer (ny);21.07.2021 11:00:05;55.350
ekstensometer (ny);21.07.2021 12:00:07;54.787
ekstensometer (ny);21.07.2021 13:00:05;54.787
ekstensometer (ny);21.07.2021 14:00:05;54.787
ekstensometer (ny);21.07.2021 15:00:05;54.787
ekstensometer (ny);21.07.2021 16:00:07;54.562
ekstensometer (ny);21.07.2021 17:00:05;54.675
ekstensometer (ny);21.07.2021 18:00:05;54.562
ekstensometer (ny);21.07.2021 19:00:05;54.562
ekstensometer (ny);21.07.2021 20:00:07;54.562
ekstensometer (ny);21.07.2021 21:00:04;54.562
ekstensometer (ny);21.07.2021 22:00:05;54.562
ekstensometer (ny);21.07.2021 23:00:05;55.237
ekstensometer (ny);22.07.2021 00:00:07;55.237
ekstensometer (ny);22.07.2021 01:00:05;55.237
ekstensometer (ny);22.07.2021 02:00:04;55.237
ekstensometer (ny);22.07.2021 03:00:05;55.237
ekstensometer (ny);22.07.2021 04:00:07;55.237
ekstensometer (ny);22.07.2021 05:00:05;55.237
ekstensometer (ny);22.07.2021 06:00:04;55.237
ekstensometer (ny);22.07.2021 07:00:05;55.237
ekstensometer (ny);22.07.2021 08:00:07;55.237
ekstensometer (ny);22.07.2021 09:00:05;55.125
ekstensometer (ny);22.07.2021 10:00:05;55.350
ekstensometer (ny);22.07.2021 11:00:04;54.787
ekstensometer (ny);22.07.2021 12:00:07;54.787
ekstensometer (ny);22.07.2021 13:00:05;54.787
ekstensometer (ny);22.07.2021 14:00:05;54.787
ekstensometer (ny);22.07.2021 15:00:05;54.787
ekstensometer (ny);22.07.2021 16:00:07;54.675
ekstensometer (ny);22.07.2021 17:00:05;54.675
ekstensometer (ny);22.07.2021 18:00:05;54.562
ekstensometer (ny);22.07.2021 19:00:05;54.562
ekstensometer (ny);22.07.2021 20:00:06;54.562
ekstensometer (ny);22.07.2021 21:00:04;55.237
ekstensometer (ny);22.07.2021 22:00:05;55.237
ekstensometer (ny);22.07.2021 23:00:05;55.237
ekstensometer (ny);23.07.2021 00:00:07;55.237
ekstensometer (ny);23.07.2021 01:00:04;55.237
ekstensometer (ny);23.07.2021 02:00:04;55.237
ekstensometer (ny);23.07.2021 03:00:05;55.237
ekstensometer (ny);23.07.2021 04:00:07;55.237
ekstensometer (ny);23.07.2021 05:00:05;55.237
ekstensometer (ny);23.07.2021 06:00:04;55.237
ekstensometer (ny);23.07.2021 07:00:05;55.237
ekstensometer (ny);23.07.2021 08:00:27;55.237
ekstensometer (ny);23.07.2021 09:00:05;55.125
ekstensometer (ny);23.07.2021 10:00:04;55.350
ekstensometer (ny);23.07.2021 11:00:05;54.787
ekstensometer (ny);23.07.2021 12:00:07;54.787
ekstensometer (ny);23.07.2021 13:00:05;54.225
ekstensometer (ny);23.07.2021 14:00:05;54.225
ekstensometer (ny);23.07.2021 15:00:04;54.225
ekstensometer (ny);23.07.2021 16:00:07;54.112
ekstensometer (ny);23.07.2021 17:00:05;54.112
ekstensometer (ny);23.07.2021 18:00:05;54.000
ekstensometer (ny);23.07.2021 19:00:05;54.000
ekstensometer (ny);23.07.2021 20:00:26;54.562
ekstensometer (ny);23.07.2021 21:00:05;54.562
ekstensometer (ny);23.07.2021 22:00:05;54.562
ekstensometer (ny);23.07.2021 23:00:05;54.562
ekstensometer (ny);24.07.2021 00:00:07;55.237
ekstensometer (ny);24.07.2021 01:00:04;55.237
ekstensometer (ny);24.07.2021 02:00:05;55.237
ekstensometer (ny);24.07.2021 03:00:05;55.237
ekstensometer (ny);24.07.2021 04:00:07;55.237
ekstensometer (ny);24.07.2021 05:00:04;55.237
ekstensometer (ny);24.07.2021 06:00:04;55.237
ekstensometer (ny);24.07.2021 07:00:05;55.237
ekstensometer (ny);24.07.2021 08:00:07;55.237
ekstensometer (ny);24.07.2021 09:00:05;55.125
ekstensometer (ny);24.07.2021 10:00:04;54.675
ekstensometer (ny);24.07.2021 11:00:05;54.787
ekstensometer (ny);24.07.2021 12:00:07;54.787
ekstensometer (ny);24.07.2021 13:00:05;54.225
ekstensometer (ny);24.07.2021 14:00:05;54.225
ekstensometer (ny);24.07.2021 15:00:04;54.225
ekstensometer (ny);24.07.2021 16:00:07;54.112
ekstensometer (ny);24.07.2021 17:00:05;54.000
ekstensometer (ny);24.07.2021 18:00:05;54.562
ekstensometer (ny);24.07.2021 19:00:04;54.562
ekstensometer (ny);24.07.2021 20:00:07;54.562
ekstensometer (ny);24.07.2021 21:00:05;55.237
ekstensometer (ny);24.07.2021 22:00:05;55.237
ekstensometer (ny);24.07.2021 23:00:05;55.237
ekstensometer (ny);25.07.2021 00:00:06;55.237
ekstensometer (ny);25.07.2021 01:00:04;55.237
ekstensometer (ny);25.07.2021 02:00:05;55.237
ekstensometer (ny);25.07.2021 03:00:05;55.237
ekstensometer (ny);25.07.2021 04:00:07;55.237
ekstensometer (ny);25.07.2021 05:00:04;55.237
ekstensometer (ny);25.07.2021 06:00:05;55.237
ekstensometer (ny);25.07.2021 07:00:05;55.237
ekstensometer (ny);25.07.2021 08:00:07;55.237
ekstensometer (ny);25.07.2021 09:00:04;55.125
ekstensometer (ny);25.07.2021 10:00:05;55.125
ekstensometer (ny);25.07.2021 11:00:05;54.787
ekstensometer (ny);25.07.2021 12:00:07;54.787
ekstensometer (ny);25.07.2021 13:00:05;54.675
ekstensometer (ny);25.07.2021 14:00:04;54.112
ekstensometer (ny);25.07.2021 15:00:05;54.112
ekstensometer (ny);25.07.2021 16:00:27;54.112
ekstensometer (ny);25.07.2021 17:00:05;54.000
ekstensometer (ny);25.07.2021 18:00:04;54.000
ekstensometer (ny);25.07.2021 19:00:04;54.000
ekstensometer (ny);25.07.2021 20:00:07;54.562
ekstensometer (ny);25.07.2021 21:00:05;54.562
ekstensometer (ny);25.07.2021 22:00:05;54.562
ekstensometer (ny);25.07.2021 23:00:04;54.562
ekstensometer (ny);26.07.2021 00:00:07;55.237
ekstensometer (ny);26.07.2021 01:00:05;55.237
ekstensometer (ny);26.07.2021 02:00:05;55.237
ekstensometer (ny);26.07.2021 03:00:04;55.237
ekstensometer (ny);26.07.2021 04:00:07;55.237
ekstensometer (ny);26.07.2021 05:00:05;55.237
ekstensometer (ny);26.07.2021 06:00:05;55.237
ekstensometer (ny);26.07.2021 07:00:05;55.237
ekstensometer (ny);26.07.2021 08:00:07;55.237
ekstensometer (ny);26.07.2021 09:00:05;55.237
ekstensometer (ny);26.07.2021 10:00:05;55.350
ekstensometer (ny);26.07.2021 11:00:05;54.787
ekstensometer (ny);26.07.2021 12:00:26;54.675
ekstensometer (ny);26.07.2021 13:00:04;54.675
ekstensometer (ny);26.07.2021 14:00:05;54.675
ekstensometer (ny);26.07.2021 15:00:05;54.675
ekstensometer (ny);26.07.2021 16:00:07;54.675
ekstensometer (ny);26.07.2021 17:00:04;54.675
ekstensometer (ny);26.07.2021 18:00:04;54.675
ekstensometer (ny);26.07.2021 19:00:05;54.562
ekstensometer (ny);26.07.2021 20:00:07;55.237
ekstensometer (ny);26.07.2021 21:00:05;55.237
ekstensometer (ny);26.07.2021 22:00:04;55.237
ekstensometer (ny);26.07.2021 23:00:05;55.237
ekstensometer (ny);27.07.2021 00:00:07;55.237
ekstensometer (ny);27.07.2021 01:00:05;55.237
ekstensometer (ny);27.07.2021 02:00:04;55.237
ekstensometer (ny);27.07.2021 03:00:05;55.800
ekstensometer (ny);27.07.2021 04:00:07;55.237
ekstensometer (ny);27.07.2021 05:00:05;55.237
ekstensometer (ny);27.07.2021 06:00:05;55.237
ekstensometer (ny);27.07.2021 07:00:04;55.237
ekstensometer (ny);27.07.2021 08:00:07;55.237
ekstensometer (ny);27.07.2021 09:00:05;55.237
ekstensometer (ny);27.07.2021 10:00:05;55.237
ekstensometer (ny);27.07.2021 11:00:04;55.237
ekstensometer (ny);27.07.2021 12:00:07;55.237
ekstensometer (ny);27.07.2021 13:00:05;55.237
ekstensometer (ny);27.07.2021 14:00:05;55.237
ekstensometer (ny);27.07.2021 15:00:05;55.237
ekstensometer (ny);27.07.2021 16:00:07;55.237
ekstensometer (ny);27.07.2021 17:00:04;55.237
ekstensometer (ny);27.07.2021 18:00:05;55.237
ekstensometer (ny);27.07.2021 19:00:05;55.237
ekstensometer (ny);27.07.2021 20:00:07;55.237
ekstensometer (ny);27.07.2021 21:00:04;55.237
ekstensometer (ny);27.07.2021 22:00:05;55.237
ekstensometer (ny);27.07.2021 23:00:05;55.237
ekstensometer (ny);28.07.2021 00:00:07;55.800
ekstensometer (ny);28.07.2021 01:00:04;55.800
ekstensometer (ny);28.07.2021 02:00:05;55.800
ekstensometer (ny);28.07.2021 03:00:05;55.800
ekstensometer (ny);28.07.2021 04:00:07;55.800
ekstensometer (ny);28.07.2021 05:00:05;55.800
ekstensometer (ny);28.07.2021 06:00:04;55.800
ekstensometer (ny);28.07.2021 07:00:05;55.800
ekstensometer (ny);28.07.2021 08:00:07;55.800
ekstensometer (ny);28.07.2021 09:00:05;55.800
ekstensometer (ny);28.07.2021 10:00:04;55.800
ekstensometer (ny);28.07.2021 11:00:05;55.800
ekstensometer (ny);28.07.2021 12:00:07;55.800
ekstensometer (ny);28.07.2021 13:00:05;55.800
ekstensometer (ny);28.07.2021 14:00:05;55.800
ekstensometer (ny);28.07.2021 15:00:04;55.800
ekstensometer (ny);28.07.2021 16:00:26;55.800
ekstensometer (ny);28.07.2021 17:00:05;55.800
ekstensometer (ny);28.07.2021 18:00:05;55.800
ekstensometer (ny);28.07.2021 19:00:04;55.800
ekstensometer (ny);28.07.2021 20:00:07;55.800
ekstensometer (ny);28.07.2021 21:00:05;55.800
ekstensometer (ny);28.07.2021 22:00:05;55.800
ekstensometer (ny);28.07.2021 23:00:05;55.800
ekstensometer (ny);29.07.2021 00:00:07;55.800
ekstensometer (ny);29.07.2021 01:00:05;55.800
ekstensometer (ny);29.07.2021 02:00:05;55.800
ekstensometer (ny);29.07.2021 03:00:05;55.800
ekstensometer (ny);29.07.2021 04:00:07;55.800
ekstensometer (ny);29.07.2021 05:00:04;55.800
ekstensometer (ny);29.07.2021 06:00:05;55.800
ekstensometer (ny);29.07.2021 07:00:05;55.800
ekstensometer (ny);29.07.2021 08:00:07;55.800
ekstensometer (ny);29.07.2021 09:00:05;55.800
ekstensometer (ny);29.07.2021 10:00:04;55.800
ekstensometer (ny);29.07.2021 11:00:05;55.800
ekstensometer (ny);29.07.2021 12:00:07;55.800
ekstensometer (ny);29.07.2021 13:00:05;55.800
ekstensometer (ny);29.07.2021 14:00:04;55.800
ekstensometer (ny);29.07.2021 15:00:05;55.800
ekstensometer (ny);29.07.2021 16:00:07;55.800
ekstensometer (ny);29.07.2021 17:00:05;55.800
ekstensometer (ny);29.07.2021 18:00:04;55.800
ekstensometer (ny);29.07.2021 19:00:04;55.800
ekstensometer (ny);29.07.2021 20:00:07;55.800
ekstensometer (ny);29.07.2021 21:00:05;56.812
ekstensometer (ny);29.07.2021 22:00:05;56.250
ekstensometer (ny);29.07.2021 23:00:04;56.250
ekstensometer (ny);30.07.2021 00:00:07;56.250
ekstensometer (ny);30.07.2021 01:00:05;56.362
ekstensometer (ny);30.07.2021 02:00:05;56.362
ekstensometer (ny);30.07.2021 03:00:04;56.362
ekstensometer (ny);30.07.2021 04:00:07;56.250
ekstensometer (ny);30.07.2021 05:00:05;56.250
ekstensometer (ny);30.07.2021 06:00:05;56.250
ekstensometer (ny);30.07.2021 07:00:05;56.250
ekstensometer (ny);30.07.2021 08:00:06;56.250
ekstensometer (ny);30.07.2021 09:00:05;56.250
ekstensometer (ny);30.07.2021 10:00:05;56.362
ekstensometer (ny);30.07.2021 11:00:05;55.912
ekstensometer (ny);30.07.2021 12:00:06;55.912
ekstensometer (ny);30.07.2021 13:00:04;55.912
ekstensometer (ny);30.07.2021 14:00:05;55.350
ekstensometer (ny);30.07.2021 15:00:05;55.350
ekstensometer (ny);30.07.2021 16:00:07;55.350
ekstensometer (ny);30.07.2021 17:00:04;55.237
ekstensometer (ny);30.07.2021 18:00:05;55.237
ekstensometer (ny);30.07.2021 19:00:05;55.688
ekstensometer (ny);30.07.2021 20:00:06;55.688
ekstensometer (ny);30.07.2021 21:00:04;55.688
ekstensometer (ny);30.07.2021 22:00:05;55.688
ekstensometer (ny);30.07.2021 23:00:05;56.250
ekstensometer (ny);31.07.2021 00:00:07;56.250
ekstensometer (ny);31.07.2021 01:00:04;56.250
ekstensometer (ny);31.07.2021 02:00:05;56.250
ekstensometer (ny);31.07.2021 03:00:05;56.362
ekstensometer (ny);31.07.2021 04:00:07;56.250
ekstensometer (ny);31.07.2021 05:00:04;56.250
ekstensometer (ny);31.07.2021 06:00:05;56.362
ekstensometer (ny);31.07.2021 07:00:05;56.250
ekstensometer (ny);31.07.2021 08:00:27;56.362
ekstensometer (ny);31.07.2021 09:00:05;56.250
ekstensometer (ny);31.07.2021 10:00:04;56.362
ekstensometer (ny);31.07.2021 11:00:05;56.362
ekstensometer (ny);31.07.2021 12:00:27;56.475
ekstensometer (ny);31.07.2021 13:00:05;56.475
ekstensometer (ny);31.07.2021 14:00:04;56.362
ekstensometer (ny);31.07.2021 15:00:05;56.362
ekstensometer (ny);31.07.2021 16:00:27;55.800
ekstensometer (ny);31.07.2021 17:00:05;56.362
ekstensometer (ny);31.07.2021 18:00:05;56.250
ekstensometer (ny);31.07.2021 19:00:04;56.250
ekstensometer (ny);31.07.2021 20:00:07;56.250
ekstensometer (ny);31.07.2021 21:00:05;56.362
ekstensometer (ny);31.07.2021 22:00:05;56.250
ekstensometer (ny);31.07.2021 23:00:05;56.362
ekstensometer (ny);01.08.2021 00:00:07;56.812
ekstensometer (ny);01.08.2021 01:00:05;56.925
ekstensometer (ny);01.08.2021 02:00:05;56.925
ekstensometer (ny);01.08.2021 03:00:05;56.925
ekstensometer (ny);01.08.2021 04:00:06;56.925
ekstensometer (ny);01.08.2021 05:00:04;56.925
ekstensometer (ny);01.08.2021 06:00:05;56.925
ekstensometer (ny);01.08.2021 07:00:05;56.812
ekstensometer (ny);01.08.2021 08:00:07;56.925
ekstensometer (ny);01.08.2021 09:00:04;56.925
ekstensometer (ny);01.08.2021 10:00:05;56.925
ekstensometer (ny);01.08.2021 11:00:05;56.700
ekstensometer (ny);01.08.2021 12:00:07;56.588
ekstensometer (ny);01.08.2021 13:00:05;56.362
ekstensometer (ny);01.08.2021 14:00:04;56.362
ekstensometer (ny);01.08.2021 15:00:05;56.362
ekstensometer (ny);01.08.2021 16:00:07;56.362
ekstensometer (ny);01.08.2021 17:00:05;56.250
ekstensometer (ny);01.08.2021 18:00:05;56.250
ekstensometer (ny);01.08.2021 19:00:04;56.250
ekstensometer (ny);01.08.2021 20:00:27;56.250
ekstensometer (ny);01.08.2021 21:00:05;56.812
ekstensometer (ny);01.08.2021 22:00:05;56.812
ekstensometer (ny);01.08.2021 23:00:04;56.812
ekstensometer (ny);02.08.2021 00:00:07;56.812
ekstensometer (ny);02.08.2021 01:00:05;56.812
ekstensometer (ny);02.08.2021 02:00:05;57.375
ekstensometer (ny);02.08.2021 03:00:05;57.487
ekstensometer (ny);02.08.2021 04:00:06;57.375
ekstensometer (ny);02.08.2021 05:00:04;57.375
ekstensometer (ny);02.08.2021 06:00:05;57.487
ekstensometer (ny);02.08.2021 07:00:05;57.487
ekstensometer (ny);02.08.2021 08:00:07;57.375
ekstensometer (ny);02.08.2021 09:00:04;57.375
ekstensometer (ny);02.08.2021 10:00:05;56.812
ekstensometer (ny);02.08.2021 11:00:05;57.037
ekstensometer (ny);02.08.2021 12:00:26;56.925
ekstensometer (ny);02.08.2021 13:00:04;56.362
ekstensometer (ny);02.08.2021 14:00:05;56.362
ekstensometer (ny);02.08.2021 15:00:05;56.362
ekstensometer (ny);02.08.2021 16:00:07;56.362
ekstensometer (ny);02.08.2021 17:00:05;56.250
ekstensometer (ny);02.08.2021 18:00:04;56.812
ekstensometer (ny);02.08.2021 19:00:04;56.812
ekstensometer (ny);02.08.2021 20:00:07;56.812
ekstensometer (ny);02.08.2021 21:00:05;56.812
ekstensometer (ny);02.08.2021 22:00:05;57.375
ekstensometer (ny);02.08.2021 23:00:04;57.375
ekstensometer (ny);03.08.2021 00:00:07;57.375
ekstensometer (ny);03.08.2021 01:00:05;57.375
ekstensometer (ny);03.08.2021 02:00:05;57.375
ekstensometer (ny);03.08.2021 03:00:04;57.375
ekstensometer (ny);03.08.2021 04:00:07;57.375
ekstensometer (ny);03.08.2021 05:00:05;57.487
ekstensometer (ny);03.08.2021 06:00:05;57.375
ekstensometer (ny);03.08.2021 07:00:04;57.375
ekstensometer (ny);03.08.2021 08:00:07;57.375
ekstensometer (ny);03.08.2021 09:00:05;57.375
ekstensometer (ny);03.08.2021 10:00:05;57.375
ekstensometer (ny);03.08.2021 11:00:05;57.037
ekstensometer (ny);03.08.2021 12:00:07;56.925
ekstensometer (ny);03.08.2021 13:00:04;56.925
ekstensometer (ny);03.08.2021 14:00:05;56.812
ekstensometer (ny);03.08.2021 15:00:05;57.375
ekstensometer (ny);03.08.2021 16:00:07;57.375
ekstensometer (ny);03.08.2021 17:00:04;57.375
ekstensometer (ny);03.08.2021 18:00:04;57.375
ekstensometer (ny);03.08.2021 19:00:04;57.375
ekstensometer (ny);03.08.2021 20:00:07;57.375
ekstensometer (ny);03.08.2021 21:00:05;57.375
ekstensometer (ny);03.08.2021 22:00:04;57.375
ekstensometer (ny);03.08.2021 23:00:05;57.375
ekstensometer (ny);04.08.2021 00:00:07;57.375
ekstensometer (ny);04.08.2021 01:00:05;57.375
ekstensometer (ny);04.08.2021 02:00:05;57.375
ekstensometer (ny);04.08.2021 03:00:04;57.487
ekstensometer (ny);04.08.2021 04:00:07;57.487
ekstensometer (ny);04.08.2021 05:00:05;57.487
ekstensometer (ny);04.08.2021 06:00:05;57.375
ekstensometer (ny);04.08.2021 07:00:05;57.375
ekstensometer (ny);04.08.2021 08:00:07;57.375
ekstensometer (ny);04.08.2021 09:00:05;57.375
ekstensometer (ny);04.08.2021 10:00:05;57.375
ekstensometer (ny);04.08.2021 11:00:05;57.487
ekstensometer (ny);04.08.2021 12:00:06;56.925
ekstensometer (ny);04.08.2021 13:00:04;56.925
ekstensometer (ny);04.08.2021 14:00:05;56.925
ekstensometer (ny);04.08.2021 15:00:05;56.925
ekstensometer (ny);04.08.2021 16:00:27;56.925
ekstensometer (ny);04.08.2021 17:00:04;56.812
ekstensometer (ny);04.08.2021 18:00:04;56.812
ekstensometer (ny);04.08.2021 19:00:05;56.812
ekstensometer (ny);04.08.2021 20:00:07;57.375
ekstensometer (ny);04.08.2021 21:00:05;57.375
ekstensometer (ny);04.08.2021 22:00:04;57.375
ekstensometer (ny);04.08.2021 23:00:05;57.375
ekstensometer (ny);05.08.2021 00:00:26;57.375
ekstensometer (ny);05.08.2021 01:00:05;57.375
ekstensometer (ny);05.08.2021 02:00:05;57.375
ekstensometer (ny);05.08.2021 03:00:04;57.375
ekstensometer (ny);05.08.2021 04:00:07;57.375
ekstensometer (ny);05.08.2021 05:00:05;57.487
ekstensometer (ny);05.08.2021 06:00:05;57.375
ekstensometer (ny);05.08.2021 07:00:05;57.375
ekstensometer (ny);05.08.2021 08:00:06;57.375
ekstensometer (ny);05.08.2021 09:00:04;57.375
ekstensometer (ny);05.08.2021 10:00:05;57.375
ekstensometer (ny);05.08.2021 11:00:05;57.487
ekstensometer (ny);05.08.2021 12:00:07;56.925
ekstensometer (ny);05.08.2021 13:00:04;56.925
ekstensometer (ny);05.08.2021 14:00:05;56.925
ekstensometer (ny);05.08.2021 15:00:05;56.925
ekstensometer (ny);05.08.2021 16:00:27;56.362
ekstensometer (ny);05.08.2021 17:00:05;56.588
ekstensometer (ny);05.08.2021 18:00:05;56.812
ekstensometer (ny);05.08.2021 19:00:04;56.812
ekstensometer (ny);05.08.2021 20:00:07;57.375
ekstensometer (ny);05.08.2021 21:00:05;57.375
ekstensometer (ny);05.08.2021 22:00:05;57.375
ekstensometer (ny);05.08.2021 23:00:04;57.375
ekstensometer (ny);06.08.2021 00:00:07;57.938
ekstensometer (ny);06.08.2021 01:00:05;57.375
ekstensometer (ny);06.08.2021 02:00:05;57.375
ekstensometer (ny);06.08.2021 03:00:05;57.375
ekstensometer (ny);06.08.2021 04:00:07;57.375
ekstensometer (ny);06.08.2021 05:00:05;57.375
ekstensometer (ny);06.08.2021 06:00:05;57.375
ekstensometer (ny);06.08.2021 07:00:05;57.487
ekstensometer (ny);06.08.2021 08:00:07;57.375
ekstensometer (ny);06.08.2021 09:00:04;57.375
ekstensometer (ny);06.08.2021 10:00:05;57.375
ekstensometer (ny);06.08.2021 11:00:05;57.375
ekstensometer (ny);06.08.2021 12:00:39;57.375
ekstensometer (ny);06.08.2021 13:00:05;57.375
ekstensometer (ny);06.08.2021 14:00:04;56.925
ekstensometer (ny);06.08.2021 15:00:05;57.375
ekstensometer (ny);06.08.2021 16:00:27;57.375
ekstensometer (ny);06.08.2021 17:00:05;57.375
ekstensometer (ny);06.08.2021 18:00:05;57.375
ekstensometer (ny);06.08.2021 19:00:04;57.375
ekstensometer (ny);06.08.2021 20:00:07;57.375
ekstensometer (ny);06.08.2021 21:00:05;57.375
ekstensometer (ny);06.08.2021 22:00:05;57.375
ekstensometer (ny);06.08.2021 23:00:04;57.375
ekstensometer (ny);07.08.2021 00:00:07;57.375
ekstensometer (ny);07.08.2021 01:00:05;57.375
ekstensometer (ny);07.08.2021 02:00:05;57.375
ekstensometer (ny);07.08.2021 03:00:04;57.375
ekstensometer (ny);07.08.2021 04:00:07;57.375
ekstensometer (ny);07.08.2021 05:00:05;57.375
ekstensometer (ny);07.08.2021 06:00:05;57.375
ekstensometer (ny);07.08.2021 07:00:05;57.375
ekstensometer (ny);07.08.2021 08:00:07;57.375
ekstensometer (ny);07.08.2021 09:00:05;57.375
ekstensometer (ny);07.08.2021 10:00:05;57.375
ekstensometer (ny);07.08.2021 11:00:05;57.375
ekstensometer (ny);07.08.2021 12:00:07;57.487
ekstensometer (ny);07.08.2021 13:00:04;57.375
ekstensometer (ny);07.08.2021 14:00:05;57.487
ekstensometer (ny);07.08.2021 15:00:05;57.375
ekstensometer (ny);07.08.2021 16:00:07;57.375
ekstensometer (ny);07.08.2021 17:00:04;57.375
ekstensometer (ny);07.08.2021 18:00:04;57.375
ekstensometer (ny);07.08.2021 19:00:05;57.375
ekstensometer (ny);07.08.2021 20:00:07;57.375
ekstensometer (ny);07.08.2021 21:00:05;57.600
ekstensometer (ny);07.08.2021 22:00:05;57.375
ekstensometer (ny);07.08.2021 23:00:04;57.375
ekstensometer (ny);08.08.2021 00:00:07;57.375
ekstensometer (ny);08.08.2021 01:00:05;58.050
ekstensometer (ny);08.08.2021 02:00:05;57.938
ekstensometer (ny);08.08.2021 03:00:04;58.050
ekstensometer (ny);08.08.2021 04:00:07;58.050
ekstensometer (ny);08.08.2021 05:00:05;58.050
ekstensometer (ny);08.08.2021 06:00:05;58.050
ekstensometer (ny);08.08.2021 07:00:05;58.050
ekstensometer (ny);08.08.2021 08:00:07;58.050
ekstensometer (ny);08.08.2021 09:00:05;58.050
ekstensometer (ny);08.08.2021 10:00:05;57.375
ekstensometer (ny);08.08.2021 11:00:05;57.375
ekstensometer (ny);08.08.2021 12:00:07;57.487
ekstensometer (ny);08.08.2021 13:00:04;57.600
ekstensometer (ny);08.08.2021 14:00:05;57.487
ekstensometer (ny);08.08.2021 15:00:05;57.487
ekstensometer (ny);08.08.2021 16:00:07;57.375
ekstensometer (ny);08.08.2021 17:00:05;57.375
ekstensometer (ny);08.08.2021 18:00:04;57.375
ekstensometer (ny);08.08.2021 19:00:04;57.375
ekstensometer (ny);08.08.2021 20:00:07;57.375
ekstensometer (ny);08.08.2021 21:00:05;57.375
ekstensometer (ny);08.08.2021 22:00:04;57.375
ekstensometer (ny);08.08.2021 23:00:05;57.938
ekstensometer (ny);09.08.2021 00:00:07;57.938
ekstensometer (ny);09.08.2021 01:00:05;57.938
ekstensometer (ny);09.08.2021 02:00:05;57.938
ekstensometer (ny);09.08.2021 03:00:04;57.938
ekstensometer (ny);09.08.2021 04:00:07;58.050
ekstensometer (ny);09.08.2021 05:00:05;57.938
ekstensometer (ny);09.08.2021 06:00:05;58.050
ekstensometer (ny);09.08.2021 07:00:05;58.050
ekstensometer (ny);09.08.2021 08:00:07;57.938
ekstensometer (ny);09.08.2021 09:00:05;57.938
ekstensometer (ny);09.08.2021 10:00:05;57.375
ekstensometer (ny);09.08.2021 11:00:05;57.375
ekstensometer (ny);09.08.2021 12:00:07;57.375
ekstensometer (ny);09.08.2021 13:00:05;57.375
ekstensometer (ny);09.08.2021 14:00:05;57.375
ekstensometer (ny);09.08.2021 15:00:05;57.375
ekstensometer (ny);09.08.2021 16:00:07;57.375
ekstensometer (ny);09.08.2021 17:00:04;57.375
ekstensometer (ny);09.08.2021 18:00:04;57.375
ekstensometer (ny);09.08.2021 19:00:05;57.375
ekstensometer (ny);09.08.2021 20:00:27;57.938
ekstensometer (ny);09.08.2021 21:00:05;58.050
ekstensometer (ny);09.08.2021 22:00:04;57.938
ekstensometer (ny);09.08.2021 23:00:05;57.938
ekstensometer (ny);10.08.2021 00:00:07;57.938
ekstensometer (ny);10.08.2021 01:00:05;57.938
ekstensometer (ny);10.08.2021 02:00:04;57.938
ekstensometer (ny);10.08.2021 03:00:05;57.938
ekstensometer (ny);10.08.2021 04:00:07;57.938
ekstensometer (ny);10.08.2021 05:00:05;57.938
ekstensometer (ny);10.08.2021 06:00:05;57.938
ekstensometer (ny);10.08.2021 07:00:04;58.050
ekstensometer (ny);10.08.2021 08:00:07;58.050
ekstensometer (ny);10.08.2021 09:00:05;58.050
ekstensometer (ny);10.08.2021 10:00:05;58.050
ekstensometer (ny);10.08.2021 11:00:05;58.050
ekstensometer (ny);10.08.2021 12:00:38;58.050
ekstensometer (ny);10.08.2021 13:00:04;58.050
ekstensometer (ny);10.08.2021 14:00:05;57.487
ekstensometer (ny);10.08.2021 15:00:05;57.487
ekstensometer (ny);10.08.2021 16:00:07;57.487
ekstensometer (ny);10.08.2021 17:00:04;57.375
ekstensometer (ny);10.08.2021 18:00:04;57.375
ekstensometer (ny);10.08.2021 19:00:05;57.938
ekstensometer (ny);10.08.2021 20:00:07;57.938
ekstensometer (ny);10.08.2021 21:00:05;57.938
ekstensometer (ny);10.08.2021 22:00:04;58.500
ekstensometer (ny);10.08.2021 23:00:05;58.500
ekstensometer (ny);11.08.2021 00:00:07;58.500
ekstensometer (ny);11.08.2021 01:00:05;58.500
ekstensometer (ny);11.08.2021 02:00:05;58.500
ekstensometer (ny);11.08.2021 03:00:04;58.500
ekstensometer (ny);11.08.2021 04:00:07;58.500
ekstensometer (ny);11.08.2021 05:00:05;58.500
ekstensometer (ny);11.08.2021 06:00:04;58.050
ekstensometer (ny);11.08.2021 07:00:05;57.938
ekstensometer (ny);11.08.2021 08:00:07;57.938
ekstensometer (ny);11.08.2021 09:00:05;57.938
ekstensometer (ny);11.08.2021 10:00:05;57.938
ekstensometer (ny);11.08.2021 11:00:04;58.050
ekstensometer (ny);11.08.2021 12:00:07;58.162
ekstensometer (ny);11.08.2021 13:00:05;57.487
ekstensometer (ny);11.08.2021 14:00:05;57.487
ekstensometer (ny);11.08.2021 15:00:05;57.375
ekstensometer (ny);11.08.2021 16:00:27;57.375
ekstensometer (ny);11.08.2021 17:00:05;57.375
ekstensometer (ny);11.08.2021 18:00:05;57.375
ekstensometer (ny);11.08.2021 19:00:05;57.375
ekstensometer (ny);11.08.2021 20:00:07;57.375
ekstensometer (ny);11.08.2021 21:00:04;57.938
ekstensometer (ny);11.08.2021 22:00:05;57.938
ekstensometer (ny);11.08.2021 23:00:05;58.500
ekstensometer (ny);12.08.2021 00:00:07;58.500
ekstensometer (ny);12.08.2021 01:00:04;58.500
ekstensometer (ny);12.08.2021 02:00:04;58.500
ekstensometer (ny);12.08.2021 03:00:05;58.500
ekstensometer (ny);12.08.2021 04:00:07;58.612
ekstensometer (ny);12.08.2021 05:00:05;58.612
ekstensometer (ny);12.08.2021 06:00:04;58.500
ekstensometer (ny);12.08.2021 07:00:05;58.612
ekstensometer (ny);12.08.2021 08:00:07;58.612
ekstensometer (ny);12.08.2021 09:00:05;58.050
ekstensometer (ny);12.08.2021 10:00:04;58.050
ekstensometer (ny);12.08.2021 11:00:05;58.050
ekstensometer (ny);12.08.2021 12:00:07;58.050
ekstensometer (ny);12.08.2021 13:00:05;58.050
ekstensometer (ny);12.08.2021 14:00:04;58.050
ekstensometer (ny);12.08.2021 15:00:05;58.050
ekstensometer (ny);12.08.2021 16:00:07;57.938
ekstensometer (ny);12.08.2021 17:00:05;57.938
ekstensometer (ny);12.08.2021 18:00:05;57.938
ekstensometer (ny);12.08.2021 19:00:05;57.938
ekstensometer (ny);12.08.2021 20:00:07;57.938
ekstensometer (ny);12.08.2021 21:00:04;57.938
ekstensometer (ny);12.08.2021 22:00:05;57.938
ekstensometer (ny);12.08.2021 23:00:05;57.938
ekstensometer (ny);13.08.2021 00:00:06;57.938
ekstensometer (ny);13.08.2021 01:00:04;58.500
ekstensometer (ny);13.08.2021 02:00:05;58.500
ekstensometer (ny);13.08.2021 03:00:05;58.500
ekstensometer (ny);13.08.2021 04:00:07;58.500
ekstensometer (ny);13.08.2021 05:00:04;58.500
ekstensometer (ny);13.08.2021 06:00:05;58.612
ekstensometer (ny);13.08.2021 07:00:05;58.612
ekstensometer (ny);13.08.2021 08:00:07;58.612
ekstensometer (ny);13.08.2021 09:00:05;58.612
ekstensometer (ny);13.08.2021 10:00:04;58.612
ekstensometer (ny);13.08.2021 11:00:05;58.612
ekstensometer (ny);13.08.2021 12:00:07;58.500
ekstensometer (ny);13.08.2021 13:00:05;58.500
ekstensometer (ny);13.08.2021 14:00:05;58.612
ekstensometer (ny);13.08.2021 15:00:04;58.500
ekstensometer (ny);13.08.2021 16:00:07;58.612
ekstensometer (ny);13.08.2021 17:00:05;58.612
ekstensometer (ny);13.08.2021 18:00:05;58.500
ekstensometer (ny);13.08.2021 19:00:05;58.500
ekstensometer (ny);13.08.2021 20:00:06;58.500
ekstensometer (ny);13.08.2021 21:00:04;58.500
ekstensometer (ny);13.08.2021 22:00:05;58.500
ekstensometer (ny);13.08.2021 23:00:05;58.500
ekstensometer (ny);14.08.2021 00:00:07;58.612
ekstensometer (ny);14.08.2021 01:00:04;58.612
ekstensometer (ny);14.08.2021 02:00:05;58.612
ekstensometer (ny);14.08.2021 03:00:05;58.612
ekstensometer (ny);14.08.2021 04:00:07;58.612
ekstensometer (ny);14.08.2021 05:00:05;58.500
ekstensometer (ny);14.08.2021 06:00:04;58.612
ekstensometer (ny);14.08.2021 07:00:05;58.612
ekstensometer (ny);14.08.2021 08:00:07;58.612
ekstensometer (ny);14.08.2021 09:00:05;58.612
ekstensometer (ny);14.08.2021 10:00:04;58.612
ekstensometer (ny);14.08.2021 11:00:05;58.612
ekstensometer (ny);14.08.2021 12:00:07;58.612
ekstensometer (ny);14.08.2021 13:00:05;58.612
ekstensometer (ny);14.08.2021 14:00:05;58.500
ekstensometer (ny);14.08.2021 15:00:04;58.612
ekstensometer (ny);14.08.2021 16:00:07;58.612
ekstensometer (ny);14.08.2021 17:00:05;58.500
ekstensometer (ny);14.08.2021 18:00:05;58.500
ekstensometer (ny);14.08.2021 19:00:05;59.062
ekstensometer (ny);14.08.2021 20:00:07;59.062
ekstensometer (ny);14.08.2021 21:00:05;59.062
ekstensometer (ny);14.08.2021 22:00:05;59.062
ekstensometer (ny);14.08.2021 23:00:05;59.737
ekstensometer (ny);15.08.2021 00:00:07;59.737
ekstensometer (ny);15.08.2021 01:00:04;59.737
ekstensometer (ny);15.08.2021 02:00:05;59.737
ekstensometer (ny);15.08.2021 03:00:05;59.625
ekstensometer (ny);15.08.2021 04:00:07;59.625
ekstensometer (ny);15.08.2021 05:00:04;59.737
ekstensometer (ny);15.08.2021 06:00:04;59.737
ekstensometer (ny);15.08.2021 07:00:05;59.737
ekstensometer (ny);15.08.2021 08:00:27;59.737
ekstensometer (ny);15.08.2021 09:00:05;59.737
ekstensometer (ny);15.08.2021 10:00:04;59.737
ekstensometer (ny);15.08.2021 11:00:05;59.062
ekstensometer (ny);15.08.2021 12:00:07;59.175
ekstensometer (ny);15.08.2021 13:00:05;59.062
ekstensometer (ny);15.08.2021 14:00:05;59.062
ekstensometer (ny);15.08.2021 15:00:04;59.062
ekstensometer (ny);15.08.2021 16:00:07;59.062
ekstensometer (ny);15.08.2021 17:00:05;59.062
ekstensometer (ny);15.08.2021 18:00:05;59.062
ekstensometer (ny);15.08.2021 19:00:04;59.062
ekstensometer (ny);15.08.2021 20:00:26;59.062
ekstensometer (ny);15.08.2021 21:00:05;59.062
ekstensometer (ny);15.08.2021 22:00:05;59.062
ekstensometer (ny);15.08.2021 23:00:05;59.175
ekstensometer (ny);16.08.2021 00:00:07;59.062
ekstensometer (ny);16.08.2021 01:00:05;59.737
ekstensometer (ny);16.08.2021 02:00:05;59.737
ekstensometer (ny);16.08.2021 03:00:05;59.737
ekstensometer (ny);16.08.2021 04:00:06;59.737
ekstensometer (ny);16.08.2021 05:00:04;59.737
ekstensometer (ny);16.08.2021 06:00:05;59.737
ekstensometer (ny);16.08.2021 07:00:05;59.737
ekstensometer (ny);16.08.2021 08:00:07;59.737
ekstensometer (ny);16.08.2021 09:00:04;59.737
ekstensometer (ny);16.08.2021 10:00:05;59.737
ekstensometer (ny);16.08.2021 11:00:05;59.737
ekstensometer (ny);16.08.2021 12:00:07;59.737
ekstensometer (ny);16.08.2021 13:00:04;59.175
ekstensometer (ny);16.08.2021 14:00:05;59.062
ekstensometer (ny);16.08.2021 15:00:05;59.062
ekstensometer (ny);16.08.2021 16:00:27;59.062
ekstensometer (ny);16.08.2021 17:00:05;59.062
ekstensometer (ny);16.08.2021 18:00:05;59.062
ekstensometer (ny);16.08.2021 19:00:04;59.062
ekstensometer (ny);16.08.2021 20:00:07;59.062
ekstensometer (ny);16.08.2021 21:00:05;59.062
ekstensometer (ny);16.08.2021 22:00:05;59.625
ekstensometer (ny);16.08.2021 23:00:05;59.625
ekstensometer (ny);17.08.2021 00:00:07;59.625
ekstensometer (ny);17.08.2021 01:00:05;59.737
ekstensometer (ny);17.08.2021 02:00:05;59.625
ekstensometer (ny);17.08.2021 03:00:05;59.737
ekstensometer (ny);17.08.2021 04:00:06;59.737
ekstensometer (ny);17.08.2021 05:00:04;59.737
ekstensometer (ny);17.08.2021 06:00:05;59.737
ekstensometer (ny);17.08.2021 07:00:05;59.625
ekstensometer (ny);17.08.2021 08:00:07;59.625
ekstensometer (ny);17.08.2021 09:00:04;59.625
ekstensometer (ny);17.08.2021 10:00:05;59.625
ekstensometer (ny);17.08.2021 11:00:05;59.062
ekstensometer (ny);17.08.2021 12:00:07;59.175
ekstensometer (ny);17.08.2021 13:00:05;59.175
ekstensometer (ny);17.08.2021 14:00:04;58.612
ekstensometer (ny);17.08.2021 15:00:05;58.612
ekstensometer (ny);17.08.2021 16:00:07;58.500
ekstensometer (ny);17.08.2021 17:00:05;58.500
ekstensometer (ny);17.08.2021 18:00:05;58.500
ekstensometer (ny);17.08.2021 19:00:04;59.062
ekstensometer (ny);17.08.2021 20:00:27;59.062
ekstensometer (ny);17.08.2021 21:00:05;59.062
ekstensometer (ny);17.08.2021 22:00:05;59.062
ekstensometer (ny);17.08.2021 23:00:05;59.062
ekstensometer (ny);18.08.2021 00:00:07;59.062
ekstensometer (ny);18.08.2021 01:00:05;59.062
ekstensometer (ny);18.08.2021 02:00:05;59.062
ekstensometer (ny);18.08.2021 03:00:05;59.737
ekstensometer (ny);18.08.2021 04:00:07;59.737
ekstensometer (ny);18.08.2021 05:00:04;59.625
ekstensometer (ny);18.08.2021 06:00:05;59.737
ekstensometer (ny);18.08.2021 07:00:05;59.737
ekstensometer (ny);18.08.2021 08:00:06;59.737
ekstensometer (ny);18.08.2021 09:00:04;59.737
ekstensometer (ny);18.08.2021 10:00:05;59.737
ekstensometer (ny);18.08.2021 11:00:05;59.737
ekstensometer (ny);18.08.2021 12:00:07;59.737
ekstensometer (ny);18.08.2021 13:00:04;59.737
ekstensometer (ny);18.08.2021 14:00:05;59.737
ekstensometer (ny);18.08.2021 15:00:05;59.737
ekstensometer (ny);18.08.2021 16:00:07;59.737
ekstensometer (ny);18.08.2021 17:00:05;59.737
ekstensometer (ny);18.08.2021 18:00:05;59.625
ekstensometer (ny);18.08.2021 19:00:04;59.625
ekstensometer (ny);18.08.2021 20:00:07;59.625
ekstensometer (ny);18.08.2021 21:00:05;59.737
ekstensometer (ny);18.08.2021 22:00:05;59.625
ekstensometer (ny);18.08.2021 23:00:05;59.737
ekstensometer (ny);19.08.2021 00:00:07;59.737
ekstensometer (ny);19.08.2021 01:00:04;59.625
ekstensometer (ny);19.08.2021 02:00:05;59.737
ekstensometer (ny);19.08.2021 03:00:05;59.737
ekstensometer (ny);19.08.2021 04:00:07;59.737
ekstensometer (ny);19.08.2021 05:00:04;59.737
ekstensometer (ny);19.08.2021 06:00:05;59.737
ekstensometer (ny);19.08.2021 07:00:05;59.737
ekstensometer (ny);19.08.2021 08:00:07;59.737
ekstensometer (ny);19.08.2021 09:00:04;59.737
ekstensometer (ny);19.08.2021 10:00:04;59.737
ekstensometer (ny);19.08.2021 11:00:05;59.737
ekstensometer (ny);19.08.2021 12:00:07;59.737
ekstensometer (ny);19.08.2021 13:00:04;59.737
ekstensometer (ny);19.08.2021 14:00:04;59.737
ekstensometer (ny);19.08.2021 15:00:05;59.737
ekstensometer (ny);19.08.2021 16:00:07;59.737
ekstensometer (ny);19.08.2021 17:00:05;59.625
ekstensometer (ny);19.08.2021 18:00:05;59.625
ekstensometer (ny);19.08.2021 19:00:04;59.625
ekstensometer (ny);19.08.2021 20:00:07;59.625
ekstensometer (ny);19.08.2021 21:00:05;59.737
ekstensometer (ny);19.08.2021 22:00:05;59.737
ekstensometer (ny);19.08.2021 23:00:04;59.737
ekstensometer (ny);20.08.2021 00:00:07;59.737
ekstensometer (ny);20.08.2021 01:00:05;59.737
ekstensometer (ny);20.08.2021 02:00:05;59.737
ekstensometer (ny);20.08.2021 03:00:05;59.737
ekstensometer (ny);20.08.2021 04:00:07;59.737
ekstensometer (ny);20.08.2021 05:00:05;59.737
ekstensometer (ny);20.08.2021 06:00:05;59.737
ekstensometer (ny);20.08.2021 07:00:05;59.737
ekstensometer (ny);20.08.2021 08:00:08;59.737
ekstensometer (ny);20.08.2021 09:00:04;59.625
ekstensometer (ny);20.08.2021 10:00:05;59.625
ekstensometer (ny);20.08.2021 11:00:05;59.737
ekstensometer (ny);20.08.2021 12:00:07;59.737
ekstensometer (ny);20.08.2021 13:00:05;59.737
ekstensometer (ny);20.08.2021 14:00:04;59.737
ekstensometer (ny);20.08.2021 15:00:05;59.737
ekstensometer (ny);20.08.2021 16:00:07;59.737
ekstensometer (ny);20.08.2021 17:00:05;59.625
ekstensometer (ny);20.08.2021 18:00:05;59.625
ekstensometer (ny);20.08.2021 19:00:04;59.737
ekstensometer (ny);20.08.2021 20:00:07;59.625
ekstensometer (ny);20.08.2021 21:00:05;59.625
ekstensometer (ny);20.08.2021 22:00:05;60.300
ekstensometer (ny);20.08.2021 23:00:04;60.188
ekstensometer (ny);21.08.2021 00:00:07;60.300
ekstensometer (ny);21.08.2021 01:00:05;60.300
ekstensometer (ny);21.08.2021 02:00:05;60.300
ekstensometer (ny);21.08.2021 03:00:04;60.300
ekstensometer (ny);21.08.2021 04:00:07;60.300
ekstensometer (ny);21.08.2021 05:00:05;60.300
ekstensometer (ny);21.08.2021 06:00:05;60.300
ekstensometer (ny);21.08.2021 07:00:05;60.300
ekstensometer (ny);21.08.2021 08:00:07;60.300
ekstensometer (ny);21.08.2021 09:00:05;60.188
ekstensometer (ny);21.08.2021 10:00:05;60.188
ekstensometer (ny);21.08.2021 11:00:05;60.188
ekstensometer (ny);21.08.2021 12:00:07;59.737
ekstensometer (ny);21.08.2021 13:00:04;59.737
ekstensometer (ny);21.08.2021 14:00:05;59.737
ekstensometer (ny);21.08.2021 15:00:05;59.737
ekstensometer (ny);21.08.2021 16:00:07;59.625
ekstensometer (ny);21.08.2021 17:00:05;59.625
ekstensometer (ny);21.08.2021 18:00:04;59.625
ekstensometer (ny);21.08.2021 19:00:05;59.625
ekstensometer (ny);21.08.2021 20:00:07;59.625
ekstensometer (ny);21.08.2021 21:00:05;60.188
ekstensometer (ny);21.08.2021 22:00:04;60.188
ekstensometer (ny);21.08.2021 23:00:05;60.188
ekstensometer (ny);22.08.2021 00:00:07;60.188
ekstensometer (ny);22.08.2021 01:00:05;60.300
ekstensometer (ny);22.08.2021 02:00:04;60.300
ekstensometer (ny);22.08.2021 03:00:05;60.300
ekstensometer (ny);22.08.2021 04:00:07;60.300
ekstensometer (ny);22.08.2021 05:00:05;60.300
ekstensometer (ny);22.08.2021 06:00:05;60.300
ekstensometer (ny);22.08.2021 07:00:04;60.300
ekstensometer (ny);22.08.2021 08:00:07;60.188
ekstensometer (ny);22.08.2021 09:00:05;60.188
ekstensometer (ny);22.08.2021 10:00:05;60.075
ekstensometer (ny);22.08.2021 11:00:05;60.188
ekstensometer (ny);22.08.2021 12:00:27;59.737
ekstensometer (ny);22.08.2021 13:00:05;59.737
ekstensometer (ny);22.08.2021 14:00:05;59.737
ekstensometer (ny);22.08.2021 15:00:05;59.737
ekstensometer (ny);22.08.2021 16:00:07;59.625
ekstensometer (ny);22.08.2021 17:00:04;59.625
ekstensometer (ny);22.08.2021 18:00:05;59.625
ekstensometer (ny);22.08.2021 19:00:05;59.625
ekstensometer (ny);22.08.2021 20:00:27;60.188
ekstensometer (ny);22.08.2021 21:00:05;60.188
ekstensometer (ny);22.08.2021 22:00:04;60.188
ekstensometer (ny);22.08.2021 23:00:05;60.188
ekstensometer (ny);23.08.2021 00:00:07;60.188
ekstensometer (ny);23.08.2021 01:00:05;60.188
ekstensometer (ny);23.08.2021 02:00:04;60.188
ekstensometer (ny);23.08.2021 03:00:05;60.188
ekstensometer (ny);23.08.2021 04:00:07;60.188
ekstensometer (ny);23.08.2021 05:00:05;60.300
ekstensometer (ny);23.08.2021 06:00:05;60.300
ekstensometer (ny);23.08.2021 07:00:04;60.188
ekstensometer (ny);23.08.2021 08:00:07;60.188
ekstensometer (ny);23.08.2021 09:00:05;60.188
ekstensometer (ny);23.08.2021 10:00:05;60.075
ekstensometer (ny);23.08.2021 11:00:04;59.625
ekstensometer (ny);23.08.2021 12:00:07;59.737
ekstensometer (ny);23.08.2021 13:00:05;59.737
ekstensometer (ny);23.08.2021 14:00:05;59.737
ekstensometer (ny);23.08.2021 15:00:04;59.737
ekstensometer (ny);23.08.2021 16:00:07;59.625
ekstensometer (ny);23.08.2021 17:00:05;59.625
ekstensometer (ny);23.08.2021 18:00:05;59.625
ekstensometer (ny);23.08.2021 19:00:05;59.625
ekstensometer (ny);23.08.2021 20:00:07;60.188
ekstensometer (ny);23.08.2021 21:00:05;60.188
ekstensometer (ny);23.08.2021 22:00:05;60.188
ekstensometer (ny);23.08.2021 23:00:05;60.188
ekstensometer (ny);24.08.2021 00:00:07;60.188
ekstensometer (ny);24.08.2021 01:00:04;60.188
ekstensometer (ny);24.08.2021 02:00:05;60.188
ekstensometer (ny);24.08.2021 03:00:05;60.300
ekstensometer (ny);24.08.2021 04:00:06;60.300
ekstensometer (ny);24.08.2021 05:00:04;60.188
ekstensometer (ny);24.08.2021 06:00:05;60.188
ekstensometer (ny);24.08.2021 07:00:05;60.300
ekstensometer (ny);24.08.2021 08:00:28;60.300
ekstensometer (ny);24.08.2021 09:00:04;60.300
ekstensometer (ny);24.08.2021 10:00:05;60.300
ekstensometer (ny);24.08.2021 11:00:05;60.300
ekstensometer (ny);24.08.2021 12:00:07;60.300
ekstensometer (ny);24.08.2021 13:00:05;60.300
ekstensometer (ny);24.08.2021 14:00:04;60.300
ekstensometer (ny);24.08.2021 15:00:05;60.188
ekstensometer (ny);24.08.2021 16:00:07;60.188
ekstensometer (ny);24.08.2021 17:00:05;60.188
ekstensometer (ny);24.08.2021 18:00:05;60.188
ekstensometer (ny);24.08.2021 19:00:04;60.188
ekstensometer (ny);24.08.2021 20:00:07;60.188
ekstensometer (ny);24.08.2021 21:00:05;60.862
ekstensometer (ny);24.08.2021 22:00:05;60.188
ekstensometer (ny);24.08.2021 23:00:05;60.862
ekstensometer (ny);25.08.2021 00:00:07;60.188
ekstensometer (ny);25.08.2021 01:00:05;60.188
ekstensometer (ny);25.08.2021 02:00:05;60.188
ekstensometer (ny);25.08.2021 03:00:05;60.188
ekstensometer (ny);25.08.2021 04:00:06;60.188
ekstensometer (ny);25.08.2021 05:00:04;60.188
ekstensometer (ny);25.08.2021 06:00:05;60.188
ekstensometer (ny);25.08.2021 07:00:05;60.188
ekstensometer (ny);25.08.2021 08:00:07;60.188
ekstensometer (ny);25.08.2021 09:00:04;62.550
ekstensometer (ny);25.08.2021 10:00:05;60.188
ekstensometer (ny);25.08.2021 11:00:05;60.188
ekstensometer (ny);25.08.2021 12:00:07;60.300
ekstensometer (ny);25.08.2021 13:00:05;60.300
ekstensometer (ny);25.08.2021 14:00:04;60.300
ekstensometer (ny);25.08.2021 15:00:05;60.188
ekstensometer (ny);25.08.2021 16:00:39;60.300
ekstensometer (ny);25.08.2021 17:00:05;60.188
ekstensometer (ny);25.08.2021 18:00:04;60.188
ekstensometer (ny);25.08.2021 19:00:04;60.188
ekstensometer (ny);25.08.2021 20:00:07;60.300
ekstensometer (ny);25.08.2021 21:00:05;60.188
ekstensometer (ny);25.08.2021 22:00:05;60.862
ekstensometer (ny);25.08.2021 23:00:04;60.862
ekstensometer (ny);26.08.2021 00:00:07;60.862
ekstensometer (ny);26.08.2021 01:00:05;60.862
ekstensometer (ny);26.08.2021 02:00:05;60.862
ekstensometer (ny);26.08.2021 03:00:05;60.862
ekstensometer (ny);26.08.2021 04:00:27;60.862
ekstensometer (ny);26.08.2021 05:00:05;60.862
ekstensometer (ny);26.08.2021 06:00:05;60.862
ekstensometer (ny);26.08.2021 07:00:05;60.862
ekstensometer (ny);26.08.2021 08:00:39;60.862
ekstensometer (ny);26.08.2021 09:00:05;60.750
ekstensometer (ny);26.08.2021 10:00:05;60.750
ekstensometer (ny);26.08.2021 11:00:05;60.750
ekstensometer (ny);26.08.2021 12:00:07;60.300
ekstensometer (ny);26.08.2021 13:00:04;60.300
ekstensometer (ny);26.08.2021 14:00:05;60.300
ekstensometer (ny);26.08.2021 15:00:05;60.188
ekstensometer (ny);26.08.2021 16:00:07;59.625
ekstensometer (ny);26.08.2021 17:00:04;59.625
ekstensometer (ny);26.08.2021 18:00:04;59.625
ekstensometer (ny);26.08.2021 19:00:04;60.750
ekstensometer (ny);26.08.2021 20:00:07;60.750
ekstensometer (ny);26.08.2021 21:00:05;60.862
ekstensometer (ny);26.08.2021 22:00:05;60.862
ekstensometer (ny);26.08.2021 23:00:04;60.862
ekstensometer (ny);27.08.2021 00:00:07;60.862
ekstensometer (ny);27.08.2021 01:00:05;60.862
ekstensometer (ny);27.08.2021 02:00:05;60.862
ekstensometer (ny);27.08.2021 03:00:04;60.862
ekstensometer (ny);27.08.2021 04:00:07;60.862
ekstensometer (ny);27.08.2021 05:00:05;60.862
ekstensometer (ny);27.08.2021 06:00:05;60.862
ekstensometer (ny);27.08.2021 07:00:05;60.862
ekstensometer (ny);27.08.2021 08:00:07;60.862
ekstensometer (ny);27.08.2021 09:00:05;60.862
ekstensometer (ny);27.08.2021 10:00:05;60.862
ekstensometer (ny);27.08.2021 11:00:05;60.862
ekstensometer (ny);27.08.2021 12:00:06;60.188
ekstensometer (ny);27.08.2021 13:00:04;60.300
ekstensometer (ny);27.08.2021 14:00:05;60.300
ekstensometer (ny);27.08.2021 15:00:05;60.300
ekstensometer (ny);27.08.2021 16:00:29;60.188
ekstensometer (ny);27.08.2021 17:00:05;60.188
ekstensometer (ny);27.08.2021 18:00:05;60.188
ekstensometer (ny);27.08.2021 19:00:05;60.188
ekstensometer (ny);27.08.2021 20:00:28;60.750
ekstensometer (ny);27.08.2021 21:00:04;60.750
ekstensometer (ny);27.08.2021 22:00:05;60.862
ekstensometer (ny);27.08.2021 23:00:05;60.862
ekstensometer (ny);28.08.2021 00:00:07;60.862
ekstensometer (ny);28.08.2021 01:00:04;60.862
ekstensometer (ny);28.08.2021 02:00:04;60.862
ekstensometer (ny);28.08.2021 03:00:05;61.537
ekstensometer (ny);28.08.2021 04:00:07;61.537
ekstensometer (ny);28.08.2021 05:00:05;61.425
ekstensometer (ny);28.08.2021 06:00:04;61.537
ekstensometer (ny);28.08.2021 07:00:05;61.537
ekstensometer (ny);28.08.2021 08:00:07;61.425
ekstensometer (ny);28.08.2021 09:00:05;61.312
ekstensometer (ny);28.08.2021 10:00:04;60.750
ekstensometer (ny);28.08.2021 11:00:05;60.750
ekstensometer (ny);28.08.2021 12:00:07;60.300
ekstensometer (ny);28.08.2021 13:00:05;60.300
ekstensometer (ny);28.08.2021 14:00:05;60.300
ekstensometer (ny);28.08.2021 15:00:04;60.188
ekstensometer (ny);28.08.2021 16:00:07;60.188
ekstensometer (ny);28.08.2021 17:00:05;60.188
ekstensometer (ny);28.08.2021 18:00:05;60.188
ekstensometer (ny);28.08.2021 19:00:05;60.188
ekstensometer (ny);28.08.2021 20:00:07;60.750
ekstensometer (ny);28.08.2021 21:00:05;60.862
ekstensometer (ny);28.08.2021 22:00:05;60.750
ekstensometer (ny);28.08.2021 23:00:05;60.750
ekstensometer (ny);29.08.2021 00:00:07;60.862
ekstensometer (ny);29.08.2021 01:00:04;60.862
ekstensometer (ny);29.08.2021 02:00:05;60.862
ekstensometer (ny);29.08.2021 03:00:05;61.425
ekstensometer (ny);29.08.2021 04:00:27;61.425
ekstensometer (ny);29.08.2021 05:00:04;61.425
ekstensometer (ny);29.08.2021 06:00:05;61.425
ekstensometer (ny);29.08.2021 07:00:05;61.425
ekstensometer (ny);29.08.2021 08:00:07;61.425
ekstensometer (ny);29.08.2021 09:00:04;60.750
ekstensometer (ny);29.08.2021 10:00:04;60.750
ekstensometer (ny);29.08.2021 11:00:05;60.750
ekstensometer (ny);29.08.2021 12:00:40;60.300
ekstensometer (ny);29.08.2021 13:00:05;60.300
ekstensometer (ny);29.08.2021 14:00:04;59.737
ekstensometer (ny);29.08.2021 15:00:05;59.737
ekstensometer (ny);29.08.2021 16:00:07;59.625
ekstensometer (ny);29.08.2021 17:00:05;59.625
ekstensometer (ny);29.08.2021 18:00:05;59.625
ekstensometer (ny);29.08.2021 19:00:04;60.188
ekstensometer (ny);29.08.2021 20:00:07;60.750
ekstensometer (ny);29.08.2021 21:00:05;60.750
ekstensometer (ny);29.08.2021 22:00:05;60.750
ekstensometer (ny);29.08.2021 23:00:04;60.862
ekstensometer (ny);30.08.2021 00:00:07;60.862
ekstensometer (ny);30.08.2021 01:00:05;61.425
ekstensometer (ny);30.08.2021 02:00:05;61.425
ekstensometer (ny);30.08.2021 03:00:05;61.425
ekstensometer (ny);30.08.2021 04:00:07;61.425
ekstensometer (ny);30.08.2021 05:00:04;61.425
ekstensometer (ny);30.08.2021 06:00:05;61.425
ekstensometer (ny);30.08.2021 07:00:05;61.425
ekstensometer (ny);30.08.2021 08:00:07;61.425
ekstensometer (ny);30.08.2021 09:00:04;60.750
ekstensometer (ny);30.08.2021 10:00:05;60.750
ekstensometer (ny);30.08.2021 11:00:05;60.188
ekstensometer (ny);30.08.2021 12:00:07;60.300
ekstensometer (ny);30.08.2021 13:00:04;60.300
ekstensometer (ny);30.08.2021 14:00:05;60.300
ekstensometer (ny);30.08.2021 15:00:05;60.188
ekstensometer (ny);30.08.2021 16:00:07;60.188
ekstensometer (ny);30.08.2021 17:00:05;60.188
ekstensometer (ny);30.08.2021 18:00:04;60.188
ekstensometer (ny);30.08.2021 19:00:04;60.750
ekstensometer (ny);30.08.2021 20:00:07;60.750
ekstensometer (ny);30.08.2021 21:00:05;60.750
ekstensometer (ny);30.08.2021 22:00:05;60.750
ekstensometer (ny);30.08.2021 23:00:04;60.862
ekstensometer (ny);31.08.2021 00:00:07;61.425
ekstensometer (ny);31.08.2021 01:00:05;61.425
ekstensometer (ny);31.08.2021 02:00:05;61.425
ekstensometer (ny);31.08.2021 03:00:05;61.425
ekstensometer (ny);31.08.2021 04:00:07;61.425
ekstensometer (ny);31.08.2021 05:00:05;61.425
ekstensometer (ny);31.08.2021 06:00:05;61.537
ekstensometer (ny);31.08.2021 07:00:05;61.537
ekstensometer (ny);31.08.2021 08:00:07;61.537
ekstensometer (ny);31.08.2021 09:00:04;61.537
ekstensometer (ny);31.08.2021 10:00:05;61.537
ekstensometer (ny);31.08.2021 11:00:05;61.425
ekstensometer (ny);31.08.2021 12:00:07;60.975
ekstensometer (ny);31.08.2021 13:00:04;60.975
ekstensometer (ny);31.08.2021 14:00:05;60.300
ekstensometer (ny);31.08.2021 15:00:05;60.300
ekstensometer (ny);31.08.2021 16:00:07;60.188
ekstensometer (ny);31.08.2021 17:00:04;60.188
ekstensometer (ny);31.08.2021 18:00:04;60.188
ekstensometer (ny);31.08.2021 19:00:05;60.750
ekstensometer (ny);31.08.2021 20:00:07;61.425
ekstensometer (ny);31.08.2021 21:00:05;61.425
ekstensometer (ny);31.08.2021 22:00:04;61.425
ekstensometer (ny);31.08.2021 23:00:05;61.425
ekstensometer (ny);01.09.2021 00:00:07;61.425
ekstensometer (ny);01.09.2021 01:00:05;61.425
ekstensometer (ny);01.09.2021 02:00:04;61.425
ekstensometer (ny);01.09.2021 03:00:05;61.425
ekstensometer (ny);01.09.2021 04:00:07;61.537
ekstensometer (ny);01.09.2021 05:00:05;61.425
ekstensometer (ny);01.09.2021 06:00:05;61.537
ekstensometer (ny);01.09.2021 07:00:04;61.537
ekstensometer (ny);01.09.2021 08:00:07;61.425
ekstensometer (ny);01.09.2021 09:00:05;61.425
ekstensometer (ny);01.09.2021 10:00:05;61.312
ekstensometer (ny);01.09.2021 11:00:05;61.425
ekstensometer (ny);01.09.2021 12:00:07;60.975
ekstensometer (ny);01.09.2021 13:00:05;60.975
ekstensometer (ny);01.09.2021 14:00:05;60.300
ekstensometer (ny);01.09.2021 15:00:05;60.750
ekstensometer (ny);01.09.2021 16:00:07;60.750
ekstensometer (ny);01.09.2021 17:00:05;60.750
ekstensometer (ny);01.09.2021 18:00:05;60.862
ekstensometer (ny);01.09.2021 19:00:05;60.862
ekstensometer (ny);01.09.2021 20:00:07;61.425
ekstensometer (ny);01.09.2021 21:00:04;61.425
ekstensometer (ny);01.09.2021 22:00:04;61.425
ekstensometer (ny);01.09.2021 23:00:05;61.425
ekstensometer (ny);02.09.2021 00:00:07;61.425
ekstensometer (ny);02.09.2021 01:00:05;61.425
ekstensometer (ny);02.09.2021 02:00:04;61.425
ekstensometer (ny);02.09.2021 03:00:05;61.425
ekstensometer (ny);02.09.2021 04:00:07;61.425
ekstensometer (ny);02.09.2021 05:00:05;62.100
ekstensometer (ny);02.09.2021 06:00:05;62.100
ekstensometer (ny);02.09.2021 07:00:04;61.987
ekstensometer (ny);02.09.2021 08:00:07;61.987
ekstensometer (ny);02.09.2021 09:00:05;61.987
ekstensometer (ny);02.09.2021 10:00:05;61.312
ekstensometer (ny);02.09.2021 11:00:04;61.425
ekstensometer (ny);02.09.2021 12:00:07;60.975
ekstensometer (ny);02.09.2021 13:00:05;60.862
ekstensometer (ny);02.09.2021 14:00:05;60.862
ekstensometer (ny);02.09.2021 15:00:04;60.862
ekstensometer (ny);02.09.2021 16:00:07;60.750
ekstensometer (ny);02.09.2021 17:00:05;60.750
ekstensometer (ny);02.09.2021 18:00:05;60.750
ekstensometer (ny);02.09.2021 19:00:05;61.425
ekstensometer (ny);02.09.2021 20:00:07;61.425
ekstensometer (ny);02.09.2021 21:00:04;61.425
ekstensometer (ny);02.09.2021 22:00:05;61.537
ekstensometer (ny);02.09.2021 23:00:05;61.537
ekstensometer (ny);03.09.2021 00:00:07;61.537
ekstensometer (ny);03.09.2021 01:00:04;61.537
ekstensometer (ny);03.09.2021 02:00:04;61.537
ekstensometer (ny);03.09.2021 03:00:05;61.537
ekstensometer (ny);03.09.2021 04:00:07;61.537
ekstensometer (ny);03.09.2021 05:00:05;61.537
ekstensometer (ny);03.09.2021 06:00:04;61.537
ekstensometer (ny);03.09.2021 07:00:05;61.537
ekstensometer (ny);03.09.2021 08:00:07;61.537
ekstensometer (ny);03.09.2021 09:00:05;61.537
ekstensometer (ny);03.09.2021 10:00:05;61.537
ekstensometer (ny);03.09.2021 11:00:04;61.537
ekstensometer (ny);03.09.2021 12:00:07;61.537
ekstensometer (ny);03.09.2021 13:00:05;61.537
ekstensometer (ny);03.09.2021 14:00:05;61.537
ekstensometer (ny);03.09.2021 15:00:04;61.537
ekstensometer (ny);03.09.2021 16:00:07;61.425
ekstensometer (ny);03.09.2021 17:00:05;61.425
ekstensometer (ny);03.09.2021 18:00:05;61.425
ekstensometer (ny);03.09.2021 19:00:05;61.425
ekstensometer (ny);03.09.2021 20:00:27;61.987
ekstensometer (ny);03.09.2021 21:00:05;61.987
ekstensometer (ny);03.09.2021 22:00:05;61.987
ekstensometer (ny);03.09.2021 23:00:05;62.100
ekstensometer (ny);04.09.2021 00:00:06;62.100
ekstensometer (ny);04.09.2021 01:00:04;62.100
ekstensometer (ny);04.09.2021 02:00:05;62.100
ekstensometer (ny);04.09.2021 03:00:05;62.100
ekstensometer (ny);04.09.2021 04:00:07;62.100
ekstensometer (ny);04.09.2021 05:00:04;62.100
ekstensometer (ny);04.09.2021 06:00:05;62.100
ekstensometer (ny);04.09.2021 07:00:05;62.100
ekstensometer (ny);04.09.2021 08:00:06;62.100
ekstensometer (ny);04.09.2021 09:00:04;61.987
ekstensometer (ny);04.09.2021 10:00:05;61.875
ekstensometer (ny);04.09.2021 11:00:05;61.987
ekstensometer (ny);04.09.2021 12:00:07;61.425
ekstensometer (ny);04.09.2021 13:00:04;61.537
ekstensometer (ny);04.09.2021 14:00:05;61.537
ekstensometer (ny);04.09.2021 15:00:05;61.425
ekstensometer (ny);04.09.2021 16:00:07;61.425
ekstensometer (ny);04.09.2021 17:00:05;61.425
ekstensometer (ny);04.09.2021 18:00:05;61.425
ekstensometer (ny);04.09.2021 19:00:04;61.987
ekstensometer (ny);04.09.2021 20:00:07;61.987
ekstensometer (ny);04.09.2021 21:00:05;61.987
ekstensometer (ny);04.09.2021 22:00:05;61.987
ekstensometer (ny);04.09.2021 23:00:05;61.987
ekstensometer (ny);05.09.2021 00:00:07;61.987
ekstensometer (ny);05.09.2021 01:00:05;62.100
ekstensometer (ny);05.09.2021 02:00:05;61.987
ekstensometer (ny);05.09.2021 03:00:05;61.987
ekstensometer (ny);05.09.2021 04:00:07;61.987
ekstensometer (ny);05.09.2021 05:00:04;61.987
ekstensometer (ny);05.09.2021 06:00:05;61.987
ekstensometer (ny);05.09.2021 07:00:05;62.100
ekstensometer (ny);05.09.2021 08:00:07;62.100
ekstensometer (ny);05.09.2021 09:00:04;62.100
ekstensometer (ny);05.09.2021 10:00:04;61.987
ekstensometer (ny);05.09.2021 11:00:05;62.100
ekstensometer (ny);05.09.2021 12:00:07;62.100
ekstensometer (ny);05.09.2021 13:00:05;61.537
ekstensometer (ny);05.09.2021 14:00:04;61.537
ekstensometer (ny);05.09.2021 15:00:05;61.537
ekstensometer (ny);05.09.2021 16:00:07;61.425
ekstensometer (ny);05.09.2021 17:00:05;61.425
ekstensometer (ny);05.09.2021 18:00:05;61.425
ekstensometer (ny);05.09.2021 19:00:04;61.425
ekstensometer (ny);05.09.2021 20:00:07;61.425
ekstensometer (ny);05.09.2021 21:00:05;61.425
ekstensometer (ny);05.09.2021 22:00:05;61.425
ekstensometer (ny);05.09.2021 23:00:05;61.425
ekstensometer (ny);06.09.2021 00:00:07;61.425
ekstensometer (ny);06.09.2021 01:00:05;61.425
ekstensometer (ny);06.09.2021 02:00:05;61.425
ekstensometer (ny);06.09.2021 03:00:05;61.425
ekstensometer (ny);06.09.2021 04:00:07;61.425
ekstensometer (ny);06.09.2021 05:00:04;61.425
ekstensometer (ny);06.09.2021 06:00:05;61.425
ekstensometer (ny);06.09.2021 07:00:05;61.537
ekstensometer (ny);06.09.2021 08:00:07;61.987
ekstensometer (ny);06.09.2021 09:00:04;62.100
ekstensometer (ny);06.09.2021 10:00:05;62.100
ekstensometer (ny);06.09.2021 11:00:05;62.100
ekstensometer (ny);06.09.2021 12:00:27;61.987
ekstensometer (ny);06.09.2021 13:00:05;62.100
ekstensometer (ny);06.09.2021 14:00:04;61.987
ekstensometer (ny);06.09.2021 15:00:05;62.100
ekstensometer (ny);06.09.2021 16:00:07;62.100
ekstensometer (ny);06.09.2021 17:00:05;61.987
ekstensometer (ny);06.09.2021 18:00:05;61.987
ekstensometer (ny);06.09.2021 19:00:04;61.987
ekstensometer (ny);06.09.2021 20:00:07;61.987
ekstensometer (ny);06.09.2021 21:00:05;61.987
ekstensometer (ny);06.09.2021 22:00:05;61.987
ekstensometer (ny);06.09.2021 23:00:05;61.987
ekstensometer (ny);07.09.2021 00:00:07;61.987
ekstensometer (ny);07.09.2021 01:00:05;61.987
ekstensometer (ny);07.09.2021 02:00:05;61.987
ekstensometer (ny);07.09.2021 03:00:05;61.987
ekstensometer (ny);07.09.2021 04:00:06;61.987
ekstensometer (ny);07.09.2021 05:00:04;61.987
ekstensometer (ny);07.09.2021 06:00:05;61.987
ekstensometer (ny);07.09.2021 07:00:05;61.987
ekstensometer (ny);07.09.2021 08:00:07;61.987
ekstensometer (ny);07.09.2021 09:00:04;61.987
ekstensometer (ny);07.09.2021 10:00:05;61.987
ekstensometer (ny);07.09.2021 11:00:05;61.987
ekstensometer (ny);07.09.2021 12:00:07;61.987
ekstensometer (ny);07.09.2021 13:00:05;61.987
ekstensometer (ny);07.09.2021 14:00:04;61.425
ekstensometer (ny);07.09.2021 15:00:05;61.425
ekstensometer (ny);07.09.2021 16:00:30;61.987
ekstensometer (ny);07.09.2021 17:00:05;61.987
ekstensometer (ny);07.09.2021 18:00:05;61.987
ekstensometer (ny);07.09.2021 19:00:04;61.987
ekstensometer (ny);07.09.2021 20:00:07;61.987
ekstensometer (ny);07.09.2021 21:00:05;61.987
ekstensometer (ny);07.09.2021 22:00:05;61.987
ekstensometer (ny);07.09.2021 23:00:05;61.987
ekstensometer (ny);08.09.2021 00:00:06;61.987
ekstensometer (ny);08.09.2021 01:00:04;61.987
ekstensometer (ny);08.09.2021 02:00:05;61.987
ekstensometer (ny);08.09.2021 03:00:05;61.987
ekstensometer (ny);08.09.2021 04:00:07;61.987
ekstensometer (ny);08.09.2021 05:00:04;61.987
ekstensometer (ny);08.09.2021 06:00:05;61.987
ekstensometer (ny);08.09.2021 07:00:05;61.987
ekstensometer (ny);08.09.2021 08:00:27;61.987
ekstensometer (ny);08.09.2021 09:00:05;61.987
ekstensometer (ny);08.09.2021 10:00:04;61.987
ekstensometer (ny);08.09.2021 11:00:05;61.987
ekstensometer (ny);08.09.2021 12:00:07;61.987
ekstensometer (ny);08.09.2021 13:00:05;61.987
ekstensometer (ny);08.09.2021 14:00:05;61.537
ekstensometer (ny);08.09.2021 15:00:04;61.425
ekstensometer (ny);08.09.2021 16:00:07;61.425
ekstensometer (ny);08.09.2021 17:00:05;61.425
ekstensometer (ny);08.09.2021 18:00:05;61.425
ekstensometer (ny);08.09.2021 19:00:05;61.425
ekstensometer (ny);08.09.2021 20:00:06;61.425
ekstensometer (ny);08.09.2021 21:00:04;61.425
ekstensometer (ny);08.09.2021 22:00:05;61.425
ekstensometer (ny);08.09.2021 23:00:05;61.987
ekstensometer (ny);09.09.2021 00:00:07;61.987
ekstensometer (ny);09.09.2021 01:00:04;61.987
ekstensometer (ny);09.09.2021 02:00:04;61.987
ekstensometer (ny);09.09.2021 03:00:05;61.987
ekstensometer (ny);09.09.2021 04:00:07;61.987
ekstensometer (ny);09.09.2021 05:00:05;61.987
ekstensometer (ny);09.09.2021 06:00:04;61.987
ekstensometer (ny);09.09.2021 07:00:05;61.987
ekstensometer (ny);09.09.2021 08:00:07;61.987
ekstensometer (ny);09.09.2021 09:00:05;61.987
ekstensometer (ny);09.09.2021 10:00:05;61.987
ekstensometer (ny);09.09.2021 11:00:04;61.537
ekstensometer (ny);09.09.2021 12:00:07;61.537
ekstensometer (ny);09.09.2021 13:00:05;61.537
ekstensometer (ny);09.09.2021 14:00:05;61.537
ekstensometer (ny);09.09.2021 15:00:05;61.425
ekstensometer (ny);09.09.2021 16:00:07;61.425
ekstensometer (ny);09.09.2021 17:00:05;61.425
ekstensometer (ny);09.09.2021 18:00:05;61.425
ekstensometer (ny);09.09.2021 19:00:05;62.550
ekstensometer (ny);09.09.2021 20:00:07;62.550
ekstensometer (ny);09.09.2021 21:00:04;62.550
ekstensometer (ny);09.09.2021 22:00:05;62.550
ekstensometer (ny);09.09.2021 23:00:05;62.550
ekstensometer (ny);10.09.2021 00:00:07;62.550
ekstensometer (ny);10.09.2021 01:00:04;62.550
ekstensometer (ny);10.09.2021 02:00:05;62.550
ekstensometer (ny);10.09.2021 03:00:05;62.550
ekstensometer (ny);10.09.2021 04:00:07;62.550
ekstensometer (ny);10.09.2021 05:00:04;62.550
ekstensometer (ny);10.09.2021 06:00:04;62.550
ekstensometer (ny);10.09.2021 07:00:05;62.550
ekstensometer (ny);10.09.2021 08:00:07;61.987
ekstensometer (ny);10.09.2021 09:00:05;61.987
ekstensometer (ny);10.09.2021 10:00:04;61.987
ekstensometer (ny);10.09.2021 11:00:05;61.987
ekstensometer (ny);10.09.2021 12:00:07;61.987
ekstensometer (ny);10.09.2021 13:00:05;62.100
ekstensometer (ny);10.09.2021 14:00:05;61.987
ekstensometer (ny);10.09.2021 15:00:04;61.987
ekstensometer (ny);10.09.2021 16:00:07;61.987
ekstensometer (ny);10.09.2021 17:00:05;61.987
ekstensometer (ny);10.09.2021 18:00:05;61.987
ekstensometer (ny);10.09.2021 19:00:05;61.987
ekstensometer (ny);10.09.2021 20:00:27;61.987
ekstensometer (ny);10.09.2021 21:00:05;61.987
ekstensometer (ny);10.09.2021 22:00:05;61.987
ekstensometer (ny);10.09.2021 23:00:05;61.987
ekstensometer (ny);11.09.2021 00:00:06;61.987
ekstensometer (ny);11.09.2021 01:00:04;61.987
ekstensometer (ny);11.09.2021 02:00:05;62.550
ekstensometer (ny);11.09.2021 03:00:05;62.550
ekstensometer (ny);11.09.2021 04:00:07;62.550
ekstensometer (ny);11.09.2021 05:00:04;62.550
ekstensometer (ny);11.09.2021 06:00:05;62.550
ekstensometer (ny);11.09.2021 07:00:05;62.550
ekstensometer (ny);11.09.2021 08:00:07;62.550
ekstensometer (ny);11.09.2021 09:00:05;62.550
ekstensometer (ny);11.09.2021 10:00:04;62.550
ekstensometer (ny);11.09.2021 11:00:05;61.987
ekstensometer (ny);11.09.2021 12:00:07;62.100
ekstensometer (ny);11.09.2021 13:00:05;61.987
ekstensometer (ny);11.09.2021 14:00:05;61.987
ekstensometer (ny);11.09.2021 15:00:04;61.987
ekstensometer (ny);11.09.2021 16:00:07;61.987
ekstensometer (ny);11.09.2021 17:00:05;61.987
ekstensometer (ny);11.09.2021 18:00:05;61.987
ekstensometer (ny);11.09.2021 19:00:05;61.987
ekstensometer (ny);11.09.2021 20:00:39;61.987
ekstensometer (ny);11.09.2021 21:00:05;61.987
ekstensometer (ny);11.09.2021 22:00:05;61.987
ekstensometer (ny);11.09.2021 23:00:05;61.987
ekstensometer (ny);12.09.2021 00:00:06;61.987
ekstensometer (ny);12.09.2021 01:00:04;61.987
ekstensometer (ny);12.09.2021 02:00:05;61.987
ekstensometer (ny);12.09.2021 03:00:05;61.987
ekstensometer (ny);12.09.2021 04:00:07;61.987
ekstensometer (ny);12.09.2021 05:00:04;61.987
ekstensometer (ny);12.09.2021 06:00:05;61.987
ekstensometer (ny);12.09.2021 07:00:05;61.987
ekstensometer (ny);12.09.2021 08:00:07;61.987
ekstensometer (ny);12.09.2021 09:00:04;61.987
ekstensometer (ny);12.09.2021 10:00:05;61.875
ekstensometer (ny);12.09.2021 11:00:05;61.875
ekstensometer (ny);12.09.2021 12:00:27;61.987
ekstensometer (ny);12.09.2021 13:00:05;61.987
ekstensometer (ny);12.09.2021 14:00:04;61.987
ekstensometer (ny);12.09.2021 15:00:05;61.987
ekstensometer (ny);12.09.2021 16:00:07;61.875
ekstensometer (ny);12.09.2021 17:00:05;61.987
ekstensometer (ny);12.09.2021 18:00:05;61.987
ekstensometer (ny);12.09.2021 19:00:04;61.987
ekstensometer (ny);12.09.2021 20:00:07;61.987
ekstensometer (ny);12.09.2021 21:00:05;62.550
ekstensometer (ny);12.09.2021 22:00:05;62.550
ekstensometer (ny);12.09.2021 23:00:05;62.550
ekstensometer (ny);13.09.2021 00:00:07;62.550
ekstensometer (ny);13.09.2021 01:00:05;62.662
ekstensometer (ny);13.09.2021 02:00:05;62.662
ekstensometer (ny);13.09.2021 03:00:05;62.662
ekstensometer (ny);13.09.2021 04:00:07;62.662
ekstensometer (ny);13.09.2021 05:00:04;62.662
ekstensometer (ny);13.09.2021 06:00:05;62.662
ekstensometer (ny);13.09.2021 07:00:05;62.662
ekstensometer (ny);13.09.2021 08:00:07;62.662
ekstensometer (ny);13.09.2021 09:00:04;62.662
ekstensometer (ny);13.09.2021 10:00:05;62.550
ekstensometer (ny);13.09.2021 11:00:05;62.438
ekstensometer (ny);13.09.2021 12:00:07;62.662
ekstensometer (ny);13.09.2021 13:00:05;62.662
ekstensometer (ny);13.09.2021 14:00:04;62.550
ekstensometer (ny);13.09.2021 15:00:05;62.550
ekstensometer (ny);13.09.2021 16:00:07;62.550
ekstensometer (ny);13.09.2021 17:00:05;62.550
ekstensometer (ny);13.09.2021 18:00:05;62.550
ekstensometer (ny);13.09.2021 19:00:04;62.550
ekstensometer (ny);13.09.2021 20:00:07;62.550
ekstensometer (ny);13.09.2021 21:00:05;62.550
ekstensometer (ny);13.09.2021 22:00:05;62.550
ekstensometer (ny);13.09.2021 23:00:04;62.550
ekstensometer (ny);14.09.2021 00:00:07;62.550
ekstensometer (ny);14.09.2021 01:00:05;62.662
ekstensometer (ny);14.09.2021 02:00:05;62.662
ekstensometer (ny);14.09.2021 03:00:05;62.662
ekstensometer (ny);14.09.2021 04:00:06;62.662
ekstensometer (ny);14.09.2021 05:00:04;62.662
ekstensometer (ny);14.09.2021 06:00:05;62.662
ekstensometer (ny);14.09.2021 07:00:05;62.662
ekstensometer (ny);14.09.2021 08:00:07;62.662
ekstensometer (ny);14.09.2021 09:00:04;62.662
ekstensometer (ny);14.09.2021 10:00:05;62.438
ekstensometer (ny);14.09.2021 11:00:05;62.438
ekstensometer (ny);14.09.2021 12:00:07;62.550
ekstensometer (ny);14.09.2021 13:00:05;62.550
ekstensometer (ny);14.09.2021 14:00:04;62.550
ekstensometer (ny);14.09.2021 15:00:05;62.550
ekstensometer (ny);14.09.2021 16:00:07;62.438
ekstensometer (ny);14.09.2021 17:00:05;62.438
ekstensometer (ny);14.09.2021 18:00:05;62.438
ekstensometer (ny);14.09.2021 19:00:04;63.112
ekstensometer (ny);14.09.2021 20:00:07;63.112
ekstensometer (ny);14.09.2021 21:00:05;63.112
ekstensometer (ny);14.09.2021 22:00:05;63.225
ekstensometer (ny);14.09.2021 23:00:04;63.225
ekstensometer (ny);15.09.2021 00:00:07;63.225
ekstensometer (ny);15.09.2021 01:00:05;63.225
ekstensometer (ny);15.09.2021 02:00:05;63.225
ekstensometer (ny);15.09.2021 03:00:05;63.225
ekstensometer (ny);15.09.2021 04:00:07;63.225
ekstensometer (ny);15.09.2021 05:00:05;63.225
ekstensometer (ny);15.09.2021 06:00:05;63.225
ekstensometer (ny);15.09.2021 07:00:05;62.550
ekstensometer (ny);15.09.2021 08:00:06;62.662
ekstensometer (ny);15.09.2021 09:00:04;62.662
ekstensometer (ny);15.09.2021 10:00:05;62.662
ekstensometer (ny);15.09.2021 11:00:05;62.550
ekstensometer (ny);15.09.2021 12:00:07;62.662
ekstensometer (ny);15.09.2021 13:00:04;62.662
ekstensometer (ny);15.09.2021 14:00:05;62.662
ekstensometer (ny);15.09.2021 15:00:05;62.550
ekstensometer (ny);15.09.2021 16:00:07;62.550
ekstensometer (ny);15.09.2021 17:00:05;62.550
ekstensometer (ny);15.09.2021 18:00:04;62.550
ekstensometer (ny);15.09.2021 19:00:04;62.550
ekstensometer (ny);15.09.2021 20:00:07;62.550
ekstensometer (ny);15.09.2021 21:00:05;62.550
ekstensometer (ny);15.09.2021 22:00:05;62.550
ekstensometer (ny);15.09.2021 23:00:04;62.550
ekstensometer (ny);16.09.2021 00:00:07;62.550
ekstensometer (ny);16.09.2021 01:00:05;62.550
ekstensometer (ny);16.09.2021 02:00:05;62.550
ekstensometer (ny);16.09.2021 03:00:04;62.550
ekstensometer (ny);16.09.2021 04:00:07;62.662
ekstensometer (ny);16.09.2021 05:00:05;62.550
ekstensometer (ny);16.09.2021 06:00:05;62.662
ekstensometer (ny);16.09.2021 07:00:05;62.662
ekstensometer (ny);16.09.2021 08:00:07;62.662
ekstensometer (ny);16.09.2021 09:00:04;62.662
ekstensometer (ny);16.09.2021 10:00:05;62.550
ekstensometer (ny);16.09.2021 11:00:05;62.662
ekstensometer (ny);16.09.2021 12:00:27;62.550
ekstensometer (ny);16.09.2021 13:00:04;62.550
ekstensometer (ny);16.09.2021 14:00:05;62.550
ekstensometer (ny);16.09.2021 15:00:05;62.550
ekstensometer (ny);16.09.2021 16:00:07;62.550
ekstensometer (ny);16.09.2021 17:00:05;62.550
ekstensometer (ny);16.09.2021 18:00:04;62.550
ekstensometer (ny);16.09.2021 19:00:04;62.550
ekstensometer (ny);16.09.2021 20:00:07;63.225
ekstensometer (ny);16.09.2021 21:00:05;63.225
ekstensometer (ny);16.09.2021 22:00:05;63.225
ekstensometer (ny);16.09.2021 23:00:04;63.225
ekstensometer (ny);17.09.2021 00:00:07;63.225
ekstensometer (ny);17.09.2021 01:00:05;63.225
ekstensometer (ny);17.09.2021 02:00:05;63.225
ekstensometer (ny);17.09.2021 03:00:05;63.225
ekstensometer (ny);17.09.2021 04:00:07;63.225
ekstensometer (ny);17.09.2021 05:00:05;63.225
ekstensometer (ny);17.09.2021 06:00:05;63.225
ekstensometer (ny);17.09.2021 07:00:05;63.225
ekstensometer (ny);17.09.2021 08:00:07;63.225
ekstensometer (ny);17.09.2021 09:00:04;63.225
ekstensometer (ny);17.09.2021 10:00:05;63.000
ekstensometer (ny);17.09.2021 11:00:05;63.000
ekstensometer (ny);17.09.2021 12:00:48;62.550
ekstensometer (ny);17.09.2021 13:00:04;62.662
ekstensometer (ny);17.09.2021 14:00:05;62.550
ekstensometer (ny);17.09.2021 15:00:05;62.438
ekstensometer (ny);17.09.2021 16:00:27;62.438
ekstensometer (ny);17.09.2021 17:00:05;62.438
ekstensometer (ny);17.09.2021 18:00:04;62.550
ekstensometer (ny);17.09.2021 19:00:04;62.550
ekstensometer (ny);17.09.2021 20:00:07;63.225
ekstensometer (ny);17.09.2021 21:00:05;63.225
ekstensometer (ny);17.09.2021 22:00:05;63.225
ekstensometer (ny);17.09.2021 23:00:04;63.225
ekstensometer (ny);18.09.2021 00:00:07;63.225
ekstensometer (ny);18.09.2021 01:00:05;63.225
ekstensometer (ny);18.09.2021 02:00:05;63.225
ekstensometer (ny);18.09.2021 03:00:05;63.225
ekstensometer (ny);18.09.2021 04:00:07;63.225
ekstensometer (ny);18.09.2021 05:00:04;63.225
ekstensometer (ny);18.09.2021 06:00:05;63.225
ekstensometer (ny);18.09.2021 07:00:05;63.225
ekstensometer (ny);18.09.2021 08:00:07;63.225
ekstensometer (ny);18.09.2021 09:00:04;63.225
ekstensometer (ny);18.09.2021 10:00:05;63.225
ekstensometer (ny);18.09.2021 11:00:05;63.225
ekstensometer (ny);18.09.2021 12:00:27;63.225
ekstensometer (ny);18.09.2021 13:00:05;63.225
ekstensometer (ny);18.09.2021 14:00:04;62.662
ekstensometer (ny);18.09.2021 15:00:05;62.662
ekstensometer (ny);18.09.2021 16:00:07;63.000
ekstensometer (ny);18.09.2021 17:00:05;62.775
ekstensometer (ny);18.09.2021 18:00:05;63.112
ekstensometer (ny);18.09.2021 19:00:04;63.225
ekstensometer (ny);18.09.2021 20:00:07;63.225
ekstensometer (ny);18.09.2021 21:00:05;63.112
ekstensometer (ny);18.09.2021 22:00:05;63.225
ekstensometer (ny);18.09.2021 23:00:05;63.225
ekstensometer (ny);19.09.2021 00:00:06;63.225
ekstensometer (ny);19.09.2021 01:00:04;63.112
ekstensometer (ny);19.09.2021 02:00:05;63.225
ekstensometer (ny);19.09.2021 03:00:05;63.225
ekstensometer (ny);19.09.2021 04:00:07;63.225
ekstensometer (ny);19.09.2021 05:00:04;63.225
ekstensometer (ny);19.09.2021 06:00:05;63.225
ekstensometer (ny);19.09.2021 07:00:05;63.225
ekstensometer (ny);19.09.2021 08:00:07;63.225
ekstensometer (ny);19.09.2021 09:00:04;63.225
ekstensometer (ny);19.09.2021 10:00:05;63.000
ekstensometer (ny);19.09.2021 11:00:05;62.550
ekstensometer (ny);19.09.2021 12:00:07;62.550
ekstensometer (ny);19.09.2021 13:00:05;62.662
ekstensometer (ny);19.09.2021 14:00:04;62.662
ekstensometer (ny);19.09.2021 15:00:05;62.550
ekstensometer (ny);19.09.2021 16:00:07;62.550
ekstensometer (ny);19.09.2021 17:00:05;62.550
ekstensometer (ny);19.09.2021 18:00:04;62.550
ekstensometer (ny);19.09.2021 19:00:05;62.550
ekstensometer (ny);19.09.2021 20:00:07;62.550
ekstensometer (ny);19.09.2021 21:00:04;62.550
ekstensometer (ny);19.09.2021 22:00:04;62.550
ekstensometer (ny);19.09.2021 23:00:05;62.550
ekstensometer (ny);20.09.2021 00:00:07;62.775
ekstensometer (ny);20.09.2021 01:00:05;63.000
ekstensometer (ny);20.09.2021 02:00:04;62.662
ekstensometer (ny);20.09.2021 03:00:05;62.550
ekstensometer (ny);20.09.2021 04:00:27;62.662
ekstensometer (ny);20.09.2021 05:00:05;63.225
ekstensometer (ny);20.09.2021 06:00:05;63.112
ekstensometer (ny);20.09.2021 07:00:04;63.000
ekstensometer (ny);20.09.2021 08:00:07;63.000
ekstensometer (ny);20.09.2021 09:00:05;62.662
ekstensometer (ny);20.09.2021 10:00:05;62.662
ekstensometer (ny);20.09.2021 11:00:04;62.662
ekstensometer (ny);20.09.2021 12:00:39;62.662
ekstensometer (ny);20.09.2021 13:00:05;62.662
ekstensometer (ny);20.09.2021 14:00:05;62.662
ekstensometer (ny);20.09.2021 15:00:05;62.662
ekstensometer (ny);20.09.2021 16:00:27;62.662
ekstensometer (ny);20.09.2021 17:00:04;62.662
ekstensometer (ny);20.09.2021 18:00:05;62.550
ekstensometer (ny);20.09.2021 19:00:04;62.888
ekstensometer (ny);20.09.2021 20:00:07;63.225
ekstensometer (ny);20.09.2021 21:00:05;63.225
ekstensometer (ny);20.09.2021 22:00:05;63.225
ekstensometer (ny);20.09.2021 23:00:05;63.225
ekstensometer (ny);21.09.2021 00:00:27;63.225
ekstensometer (ny);21.09.2021 01:00:05;63.225
ekstensometer (ny);21.09.2021 02:00:05;63.225
ekstensometer (ny);21.09.2021 03:00:05;63.225
ekstensometer (ny);21.09.2021 04:00:06;63.787
ekstensometer (ny);21.09.2021 05:00:04;63.787
ekstensometer (ny);21.09.2021 06:00:05;63.787
ekstensometer (ny);21.09.2021 07:00:05;63.787
ekstensometer (ny);21.09.2021 08:00:07;63.787
ekstensometer (ny);21.09.2021 09:00:04;63.787
ekstensometer (ny);21.09.2021 10:00:05;63.787
ekstensometer (ny);21.09.2021 11:00:05;63.225
ekstensometer (ny);21.09.2021 12:00:07;63.225
ekstensometer (ny);21.09.2021 13:00:05;63.225
ekstensometer (ny);21.09.2021 14:00:04;63.225
ekstensometer (ny);21.09.2021 15:00:05;63.787
ekstensometer (ny);21.09.2021 16:00:07;63.787
ekstensometer (ny);21.09.2021 17:00:05;63.787
ekstensometer (ny);21.09.2021 18:00:05;63.787
ekstensometer (ny);21.09.2021 19:00:04;63.787
ekstensometer (ny);21.09.2021 20:00:07;63.787
ekstensometer (ny);21.09.2021 21:00:05;63.787
ekstensometer (ny);21.09.2021 22:00:05;63.787
ekstensometer (ny);21.09.2021 23:00:04;63.787
ekstensometer (ny);22.09.2021 00:00:07;63.787
ekstensometer (ny);22.09.2021 01:00:05;63.787
ekstensometer (ny);22.09.2021 02:00:05;63.675
ekstensometer (ny);22.09.2021 03:00:05;63.787
ekstensometer (ny);22.09.2021 04:00:07;63.225
ekstensometer (ny);22.09.2021 05:00:05;63.112
ekstensometer (ny);22.09.2021 06:00:05;63.112
ekstensometer (ny);22.09.2021 07:00:05;63.112
ekstensometer (ny);22.09.2021 08:00:07;63.225
ekstensometer (ny);22.09.2021 09:00:04;63.112
ekstensometer (ny);22.09.2021 10:00:05;63.112
ekstensometer (ny);22.09.2021 11:00:05;63.112
ekstensometer (ny);22.09.2021 12:00:07;63.112
ekstensometer (ny);22.09.2021 13:00:04;63.112
ekstensometer (ny);22.09.2021 14:00:05;63.112
ekstensometer (ny);22.09.2021 15:00:05;63.787
ekstensometer (ny);22.09.2021 16:00:07;63.787
ekstensometer (ny);22.09.2021 17:00:04;63.787
ekstensometer (ny);22.09.2021 18:00:04;63.787
ekstensometer (ny);22.09.2021 19:00:05;63.787
ekstensometer (ny);22.09.2021 20:00:07;63.787
ekstensometer (ny);22.09.2021 21:00:05;63.787
ekstensometer (ny);22.09.2021 22:00:04;63.787
ekstensometer (ny);22.09.2021 23:00:05;63.787
ekstensometer (ny);23.09.2021 00:00:07;63.787
ekstensometer (ny);23.09.2021 01:00:05;63.787
ekstensometer (ny);23.09.2021 02:00:05;63.787
ekstensometer (ny);23.09.2021 03:00:04;63.787
ekstensometer (ny);23.09.2021 04:00:07;63.787
ekstensometer (ny);23.09.2021 05:00:05;64.350
ekstensometer (ny);23.09.2021 06:00:05;64.350
ekstensometer (ny);23.09.2021 07:00:05;64.350
ekstensometer (ny);23.09.2021 08:00:07;64.350
ekstensometer (ny);23.09.2021 09:00:05;64.350
ekstensometer (ny);23.09.2021 10:00:05;64.350
ekstensometer (ny);23.09.2021 11:00:05;64.350
ekstensometer (ny);23.09.2021 12:00:07;64.350
ekstensometer (ny);23.09.2021 13:00:04;64.350
ekstensometer (ny);23.09.2021 14:00:05;64.350
ekstensometer (ny);23.09.2021 15:00:05;64.350
ekstensometer (ny);23.09.2021 16:00:07;64.350
ekstensometer (ny);23.09.2021 17:00:04;64.350
ekstensometer (ny);23.09.2021 18:00:04;64.350
ekstensometer (ny);23.09.2021 19:00:05;64.350
ekstensometer (ny);23.09.2021 20:00:07;64.350
ekstensometer (ny);23.09.2021 21:00:05;64.350
ekstensometer (ny);23.09.2021 22:00:05;64.350
ekstensometer (ny);23.09.2021 23:00:04;64.350
ekstensometer (ny);24.09.2021 00:00:07;64.350
ekstensometer (ny);24.09.2021 01:00:05;64.350
ekstensometer (ny);24.09.2021 02:00:05;64.350
ekstensometer (ny);24.09.2021 03:00:05;64.350
ekstensometer (ny);24.09.2021 04:00:07;64.350
ekstensometer (ny);24.09.2021 05:00:05;64.350
ekstensometer (ny);24.09.2021 06:00:05;64.350
ekstensometer (ny);24.09.2021 07:00:05;64.350
ekstensometer (ny);24.09.2021 08:00:06;64.350
ekstensometer (ny);24.09.2021 09:00:04;64.350
ekstensometer (ny);24.09.2021 10:00:05;64.350
ekstensometer (ny);24.09.2021 11:00:05;64.350
ekstensometer (ny);24.09.2021 12:00:07;64.350
ekstensometer (ny);24.09.2021 13:00:04;64.350
ekstensometer (ny);24.09.2021 14:00:05;64.350
ekstensometer (ny);24.09.2021 15:00:05;64.350
ekstensometer (ny);24.09.2021 16:00:40;64.350
ekstensometer (ny);24.09.2021 17:00:05;64.350
ekstensometer (ny);24.09.2021 18:00:04;64.350
ekstensometer (ny);24.09.2021 19:00:05;64.800
ekstensometer (ny);24.09.2021 20:00:07;64.350
ekstensometer (ny);24.09.2021 21:00:05;64.350
ekstensometer (ny);24.09.2021 22:00:05;64.350
ekstensometer (ny);24.09.2021 23:00:04;64.350
ekstensometer (ny);25.09.2021 00:00:07;64.350
ekstensometer (ny);25.09.2021 01:00:05;64.350
ekstensometer (ny);25.09.2021 02:00:05;64.350
ekstensometer (ny);25.09.2021 03:00:04;64.912
ekstensometer (ny);25.09.2021 04:00:07;64.912
ekstensometer (ny);25.09.2021 05:00:05;64.350
ekstensometer (ny);25.09.2021 06:00:05;64.350
ekstensometer (ny);25.09.2021 07:00:05;64.350
ekstensometer (ny);25.09.2021 08:00:07;64.912
ekstensometer (ny);25.09.2021 09:00:05;64.912
ekstensometer (ny);25.09.2021 10:00:05;64.912
ekstensometer (ny);25.09.2021 11:00:05;64.350
ekstensometer (ny);25.09.2021 12:00:07;64.350
ekstensometer (ny);25.09.2021 13:00:04;64.350
ekstensometer (ny);25.09.2021 14:00:05;64.350
ekstensometer (ny);25.09.2021 15:00:05;64.350
ekstensometer (ny);25.09.2021 16:00:07;64.350
ekstensometer (ny);25.09.2021 17:00:05;64.350
ekstensometer (ny);25.09.2021 18:00:04;64.350
ekstensometer (ny);25.09.2021 19:00:04;64.350
ekstensometer (ny);25.09.2021 20:00:07;64.350
ekstensometer (ny);25.09.2021 21:00:05;64.350
ekstensometer (ny);25.09.2021 22:00:05;64.350
ekstensometer (ny);25.09.2021 23:00:04;64.350
ekstensometer (ny);26.09.2021 00:00:07;64.350
ekstensometer (ny);26.09.2021 01:00:05;64.350
ekstensometer (ny);26.09.2021 02:00:05;64.350
ekstensometer (ny);26.09.2021 03:00:04;64.350
ekstensometer (ny);26.09.2021 04:00:07;64.350
ekstensometer (ny);26.09.2021 05:00:05;64.350
ekstensometer (ny);26.09.2021 06:00:05;64.350
ekstensometer (ny);26.09.2021 07:00:05;64.350
ekstensometer (ny);26.09.2021 08:00:07;64.350
ekstensometer (ny);26.09.2021 09:00:05;63.787
ekstensometer (ny);26.09.2021 10:00:05;63.675
ekstensometer (ny);26.09.2021 11:00:05;63.675
ekstensometer (ny);26.09.2021 12:00:06;63.675
ekstensometer (ny);26.09.2021 13:00:04;63.675
ekstensometer (ny);26.09.2021 14:00:05;63.112
ekstensometer (ny);26.09.2021 15:00:05;63.112
ekstensometer (ny);26.09.2021 16:00:07;63.112
ekstensometer (ny);26.09.2021 17:00:04;63.112
ekstensometer (ny);26.09.2021 18:00:04;63.112
ekstensometer (ny);26.09.2021 19:00:05;63.112
ekstensometer (ny);26.09.2021 20:00:07;63.112
ekstensometer (ny);26.09.2021 21:00:04;63.112
ekstensometer (ny);26.09.2021 22:00:04;63.112
ekstensometer (ny);26.09.2021 23:00:05;63.675
ekstensometer (ny);27.09.2021 00:00:07;63.675
ekstensometer (ny);27.09.2021 01:00:05;63.675
ekstensometer (ny);27.09.2021 02:00:04;63.675
ekstensometer (ny);27.09.2021 03:00:05;63.675
ekstensometer (ny);27.09.2021 04:00:07;63.675
ekstensometer (ny);27.09.2021 05:00:05;63.675
ekstensometer (ny);27.09.2021 06:00:05;64.350
ekstensometer (ny);27.09.2021 07:00:04;64.350
ekstensometer (ny);27.09.2021 08:00:07;64.350
ekstensometer (ny);27.09.2021 09:00:05;64.350
ekstensometer (ny);27.09.2021 10:00:05;64.350
ekstensometer (ny);27.09.2021 11:00:04;63.675
ekstensometer (ny);27.09.2021 12:00:07;63.675
ekstensometer (ny);27.09.2021 13:00:05;63.675
ekstensometer (ny);27.09.2021 14:00:05;63.675
ekstensometer (ny);27.09.2021 15:00:05;63.675
ekstensometer (ny);27.09.2021 16:00:07;63.675
ekstensometer (ny);27.09.2021 17:00:05;63.675
ekstensometer (ny);27.09.2021 18:00:05;63.675
ekstensometer (ny);27.09.2021 19:00:05;63.675
ekstensometer (ny);27.09.2021 20:00:07;63.675
ekstensometer (ny);27.09.2021 21:00:04;63.675
ekstensometer (ny);27.09.2021 22:00:04;63.675
ekstensometer (ny);27.09.2021 23:00:05;64.350
ekstensometer (ny);28.09.2021 00:00:07;64.800
ekstensometer (ny);28.09.2021 01:00:05;64.800
ekstensometer (ny);28.09.2021 02:00:04;64.800
ekstensometer (ny);28.09.2021 03:00:05;64.800
ekstensometer (ny);28.09.2021 04:00:07;64.912
ekstensometer (ny);28.09.2021 05:00:05;64.800
ekstensometer (ny);28.09.2021 06:00:04;64.800
ekstensometer (ny);28.09.2021 07:00:05;64.912
ekstensometer (ny);28.09.2021 08:00:28;64.800
ekstensometer (ny);28.09.2021 09:00:05;64.912
ekstensometer (ny);28.09.2021 10:00:05;64.800
ekstensometer (ny);28.09.2021 11:00:04;64.688
ekstensometer (ny);28.09.2021 12:00:07;64.238
ekstensometer (ny);28.09.2021 13:00:05;64.350
ekstensometer (ny);28.09.2021 14:00:05;64.238
ekstensometer (ny);28.09.2021 15:00:04;64.238
ekstensometer (ny);28.09.2021 16:00:07;64.238
ekstensometer (ny);28.09.2021 17:00:05;64.238
ekstensometer (ny);28.09.2021 18:00:05;64.238
ekstensometer (ny);28.09.2021 19:00:05;64.350
ekstensometer (ny);28.09.2021 20:00:07;64.350
ekstensometer (ny);28.09.2021 21:00:04;64.350
ekstensometer (ny);28.09.2021 22:00:05;64.350
ekstensometer (ny);28.09.2021 23:00:05;64.350
ekstensometer (ny);29.09.2021 00:00:27;64.350
ekstensometer (ny);29.09.2021 01:00:04;64.350
ekstensometer (ny);29.09.2021 02:00:05;64.350
ekstensometer (ny);29.09.2021 03:00:05;64.350
ekstensometer (ny);29.09.2021 04:00:07;64.350
ekstensometer (ny);29.09.2021 05:00:05;64.350
ekstensometer (ny);29.09.2021 06:00:04;64.350
ekstensometer (ny);29.09.2021 07:00:05;64.350
ekstensometer (ny);29.09.2021 08:00:07;64.350
ekstensometer (ny);29.09.2021 09:00:05;64.350
ekstensometer (ny);29.09.2021 10:00:04;64.350
ekstensometer (ny);29.09.2021 11:00:05;64.350
ekstensometer (ny);29.09.2021 12:00:27;64.350
ekstensometer (ny);29.09.2021 13:00:05;64.350
ekstensometer (ny);29.09.2021 14:00:05;64.350
ekstensometer (ny);29.09.2021 15:00:04;64.350
ekstensometer (ny);29.09.2021 16:00:07;64.350
ekstensometer (ny);29.09.2021 17:00:05;64.350
ekstensometer (ny);29.09.2021 18:00:05;64.350
ekstensometer (ny);29.09.2021 19:00:05;64.350
ekstensometer (ny);29.09.2021 20:00:07;64.350
ekstensometer (ny);29.09.2021 21:00:04;64.350
ekstensometer (ny);29.09.2021 22:00:05;64.350
ekstensometer (ny);29.09.2021 23:00:05;64.350
ekstensometer (ny);30.09.2021 00:00:07;64.350
ekstensometer (ny);30.09.2021 01:00:04;64.350
ekstensometer (ny);30.09.2021 02:00:05;64.350
ekstensometer (ny);30.09.2021 03:00:05;64.350
ekstensometer (ny);30.09.2021 04:00:07;64.350
ekstensometer (ny);30.09.2021 05:00:04;64.350
ekstensometer (ny);30.09.2021 06:00:05;64.350
ekstensometer (ny);30.09.2021 07:00:05;64.350
ekstensometer (ny);30.09.2021 08:00:07;64.350
ekstensometer (ny);30.09.2021 09:00:05;64.350
ekstensometer (ny);30.09.2021 10:00:04;64.350
ekstensometer (ny);30.09.2021 11:00:05;64.350
ekstensometer (ny);30.09.2021 12:00:26;64.350
ekstensometer (ny);30.09.2021 13:00:05;64.350
ekstensometer (ny);30.09.2021 14:00:05;64.350
ekstensometer (ny);30.09.2021 15:00:04;64.350
ekstensometer (ny);30.09.2021 16:00:27;64.350
ekstensometer (ny);30.09.2021 17:00:05;64.350
ekstensometer (ny);30.09.2021 18:00:05;64.350
ekstensometer (ny);30.09.2021 19:00:05;64.350
ekstensometer (ny);30.09.2021 20:00:07;64.350
ekstensometer (ny);30.09.2021 21:00:04;64.350
ekstensometer (ny);30.09.2021 22:00:05;64.350
ekstensometer (ny);30.09.2021 23:00:05;64.350
ekstensometer (ny);01.10.2021 00:00:07;64.800
ekstensometer (ny);01.10.2021 01:00:05;64.800
ekstensometer (ny);01.10.2021 02:00:04;64.800
ekstensometer (ny);01.10.2021 03:00:05;64.800
ekstensometer (ny);01.10.2021 04:00:07;64.800
ekstensometer (ny);01.10.2021 05:00:05;64.912
ekstensometer (ny);01.10.2021 06:00:04;64.800
ekstensometer (ny);01.10.2021 07:00:05;64.800
ekstensometer (ny);01.10.2021 08:00:07;64.912
ekstensometer (ny);01.10.2021 09:00:05;64.912
ekstensometer (ny);01.10.2021 10:00:04;64.800
ekstensometer (ny);01.10.2021 11:00:05;64.912
ekstensometer (ny);01.10.2021 12:00:27;64.800
ekstensometer (ny);01.10.2021 13:00:05;64.800
ekstensometer (ny);01.10.2021 14:00:05;64.800
ekstensometer (ny);01.10.2021 15:00:04;64.800
ekstensometer (ny);01.10.2021 16:00:07;64.912
ekstensometer (ny);01.10.2021 17:00:05;64.800
ekstensometer (ny);01.10.2021 18:00:05;64.800
ekstensometer (ny);01.10.2021 19:00:04;64.800
ekstensometer (ny);01.10.2021 20:00:07;64.800
ekstensometer (ny);01.10.2021 21:00:05;64.800
ekstensometer (ny);01.10.2021 22:00:05;64.800
ekstensometer (ny);01.10.2021 23:00:04;64.800
ekstensometer (ny);02.10.2021 00:00:07;64.800
ekstensometer (ny);02.10.2021 01:00:05;64.800
ekstensometer (ny);02.10.2021 02:00:05;64.912
ekstensometer (ny);02.10.2021 03:00:05;64.912
ekstensometer (ny);02.10.2021 04:00:06;64.800
ekstensometer (ny);02.10.2021 05:00:04;64.912
ekstensometer (ny);02.10.2021 06:00:05;64.912
ekstensometer (ny);02.10.2021 07:00:05;64.912
ekstensometer (ny);02.10.2021 08:00:07;64.912
ekstensometer (ny);02.10.2021 09:00:04;64.912
ekstensometer (ny);02.10.2021 10:00:05;64.800
ekstensometer (ny);02.10.2021 11:00:05;64.800
ekstensometer (ny);02.10.2021 12:00:07;64.688
ekstensometer (ny);02.10.2021 13:00:04;64.800
ekstensometer (ny);02.10.2021 14:00:05;64.688
ekstensometer (ny);02.10.2021 15:00:05;64.800
ekstensometer (ny);02.10.2021 16:00:07;64.800
ekstensometer (ny);02.10.2021 17:00:04;64.800
ekstensometer (ny);02.10.2021 18:00:05;64.800
ekstensometer (ny);02.10.2021 19:00:04;64.800
ekstensometer (ny);02.10.2021 20:00:07;64.800
ekstensometer (ny);02.10.2021 21:00:05;64.800
ekstensometer (ny);02.10.2021 22:00:05;64.912
ekstensometer (ny);02.10.2021 23:00:04;64.912
ekstensometer (ny);03.10.2021 00:00:07;64.912
ekstensometer (ny);03.10.2021 01:00:05;64.912
ekstensometer (ny);03.10.2021 02:00:05;64.912
ekstensometer (ny);03.10.2021 03:00:05;65.363
ekstensometer (ny);03.10.2021 04:00:07;64.912
ekstensometer (ny);03.10.2021 05:00:05;65.363
ekstensometer (ny);03.10.2021 06:00:05;64.912
ekstensometer (ny);03.10.2021 07:00:05;64.912
ekstensometer (ny);03.10.2021 08:00:07;64.912
ekstensometer (ny);03.10.2021 09:00:04;64.912
ekstensometer (ny);03.10.2021 10:00:05;64.800
ekstensometer (ny);03.10.2021 11:00:05;64.800
ekstensometer (ny);03.10.2021 12:00:07;64.800
ekstensometer (ny);03.10.2021 13:00:04;64.800
ekstensometer (ny);03.10.2021 14:00:05;64.800
ekstensometer (ny);03.10.2021 15:00:05;64.800
ekstensometer (ny);03.10.2021 16:00:07;64.800
ekstensometer (ny);03.10.2021 17:00:05;64.800
ekstensometer (ny);03.10.2021 18:00:05;64.800
ekstensometer (ny);03.10.2021 19:00:04;64.800
ekstensometer (ny);03.10.2021 20:00:07;64.800
ekstensometer (ny);03.10.2021 21:00:05;65.363
ekstensometer (ny);03.10.2021 22:00:05;64.800
ekstensometer (ny);03.10.2021 23:00:05;64.800
ekstensometer (ny);04.10.2021 00:00:07;65.363
ekstensometer (ny);04.10.2021 01:00:05;65.363
ekstensometer (ny);04.10.2021 02:00:05;65.363
ekstensometer (ny);04.10.2021 03:00:05;64.912
ekstensometer (ny);04.10.2021 04:00:06;65.363
ekstensometer (ny);04.10.2021 05:00:04;64.912
ekstensometer (ny);04.10.2021 06:00:05;64.912
ekstensometer (ny);04.10.2021 07:00:05;65.025
ekstensometer (ny);04.10.2021 08:00:07;64.800
ekstensometer (ny);04.10.2021 09:00:04;64.800
ekstensometer (ny);04.10.2021 10:00:05;64.800
ekstensometer (ny);04.10.2021 11:00:05;64.800
ekstensometer (ny);04.10.2021 12:00:40;64.800
ekstensometer (ny);04.10.2021 13:00:05;64.800
ekstensometer (ny);04.10.2021 14:00:04;65.363
ekstensometer (ny);04.10.2021 15:00:04;65.363
ekstensometer (ny);04.10.2021 16:00:07;65.363
ekstensometer (ny);04.10.2021 17:00:05;65.363
ekstensometer (ny);04.10.2021 18:00:05;65.363
ekstensometer (ny);04.10.2021 19:00:05;65.363
ekstensometer (ny);04.10.2021 20:00:07;65.363
ekstensometer (ny);04.10.2021 21:00:05;65.363
ekstensometer (ny);04.10.2021 22:00:05;65.363
ekstensometer (ny);04.10.2021 23:00:05;65.363
ekstensometer (ny);05.10.2021 00:00:07;65.363
ekstensometer (ny);05.10.2021 01:00:04;65.363
ekstensometer (ny);05.10.2021 02:00:05;65.363
ekstensometer (ny);05.10.2021 03:00:05;65.363
ekstensometer (ny);05.10.2021 04:00:07;65.363
ekstensometer (ny);05.10.2021 05:00:05;65.363
ekstensometer (ny);05.10.2021 06:00:04;65.363
ekstensometer (ny);05.10.2021 07:00:05;65.363
ekstensometer (ny);05.10.2021 08:00:38;65.363
ekstensometer (ny);05.10.2021 09:00:05;65.363
ekstensometer (ny);05.10.2021 10:00:04;65.363
ekstensometer (ny);05.10.2021 11:00:05;65.363
ekstensometer (ny);05.10.2021 12:00:07;65.363
ekstensometer (ny);05.10.2021 13:00:05;65.363
ekstensometer (ny);05.10.2021 14:00:05;65.363
ekstensometer (ny);05.10.2021 15:00:04;65.363
ekstensometer (ny);05.10.2021 16:00:07;65.363
ekstensometer (ny);05.10.2021 17:00:05;65.363
ekstensometer (ny);05.10.2021 18:00:05;65.363
ekstensometer (ny);05.10.2021 19:00:05;65.363
ekstensometer (ny);05.10.2021 20:00:07;65.363
ekstensometer (ny);05.10.2021 21:00:04;65.363
ekstensometer (ny);05.10.2021 22:00:05;65.363
ekstensometer (ny);05.10.2021 23:00:05;65.363
ekstensometer (ny);06.10.2021 00:00:07;65.363
ekstensometer (ny);06.10.2021 01:00:05;65.363
ekstensometer (ny);06.10.2021 02:00:04;65.363
ekstensometer (ny);06.10.2021 03:00:05;65.363
ekstensometer (ny);06.10.2021 04:00:07;65.363
ekstensometer (ny);06.10.2021 05:00:05;65.588
ekstensometer (ny);06.10.2021 06:00:05;65.925
ekstensometer (ny);06.10.2021 07:00:04;65.925
ekstensometer (ny);06.10.2021 08:00:07;65.925
ekstensometer (ny);06.10.2021 09:00:05;65.925
ekstensometer (ny);06.10.2021 10:00:05;65.925
ekstensometer (ny);06.10.2021 11:00:04;65.812
ekstensometer (ny);06.10.2021 12:00:07;65.363
ekstensometer (ny);06.10.2021 13:00:05;65.250
ekstensometer (ny);06.10.2021 14:00:05;65.250
ekstensometer (ny);06.10.2021 15:00:05;65.250
ekstensometer (ny);06.10.2021 16:00:07;65.363
ekstensometer (ny);06.10.2021 17:00:05;65.363
ekstensometer (ny);06.10.2021 18:00:05;65.363
ekstensometer (ny);06.10.2021 19:00:05;65.363
ekstensometer (ny);06.10.2021 20:00:07;65.363
ekstensometer (ny);06.10.2021 21:00:04;65.363
ekstensometer (ny);06.10.2021 22:00:04;65.363
ekstensometer (ny);06.10.2021 23:00:05;65.363
ekstensometer (ny);07.10.2021 00:00:07;65.363
ekstensometer (ny);07.10.2021 01:00:05;65.363
ekstensometer (ny);07.10.2021 02:00:04;65.363
ekstensometer (ny);07.10.2021 03:00:05;65.363
ekstensometer (ny);07.10.2021 04:00:07;65.363
ekstensometer (ny);07.10.2021 05:00:05;65.363
ekstensometer (ny);07.10.2021 06:00:05;65.363
ekstensometer (ny);07.10.2021 07:00:04;65.363
ekstensometer (ny);07.10.2021 08:00:07;65.363
ekstensometer (ny);07.10.2021 09:00:05;65.363
ekstensometer (ny);07.10.2021 10:00:05;65.363
ekstensometer (ny);07.10.2021 11:00:05;65.363
ekstensometer (ny);07.10.2021 12:00:07;65.363
ekstensometer (ny);07.10.2021 13:00:05;65.363
ekstensometer (ny);07.10.2021 14:00:05;65.363
ekstensometer (ny);07.10.2021 15:00:05;65.363
ekstensometer (ny);07.10.2021 16:00:06;65.363
ekstensometer (ny);07.10.2021 17:00:04;65.363
ekstensometer (ny);07.10.2021 18:00:04;65.363
ekstensometer (ny);07.10.2021 19:00:05;65.363
ekstensometer (ny);07.10.2021 20:00:28;65.363
ekstensometer (ny);07.10.2021 21:00:05;65.363
ekstensometer (ny);07.10.2021 22:00:04;65.363
ekstensometer (ny);07.10.2021 23:00:05;65.363
ekstensometer (ny);08.10.2021 00:00:07;65.363
ekstensometer (ny);08.10.2021 01:00:05;65.363
ekstensometer (ny);08.10.2021 02:00:05;65.363
ekstensometer (ny);08.10.2021 03:00:04;65.363
ekstensometer (ny);08.10.2021 04:00:07;65.363
ekstensometer (ny);08.10.2021 05:00:05;65.363
ekstensometer (ny);08.10.2021 06:00:05;65.925
ekstensometer (ny);08.10.2021 07:00:05;65.588
ekstensometer (ny);08.10.2021 08:00:07;65.812
ekstensometer (ny);08.10.2021 09:00:05;65.812
ekstensometer (ny);08.10.2021 10:00:05;65.812
ekstensometer (ny);08.10.2021 11:00:05;65.812
ekstensometer (ny);08.10.2021 12:00:39;65.812
ekstensometer (ny);08.10.2021 13:00:05;65.363
ekstensometer (ny);08.10.2021 14:00:05;65.363
ekstensometer (ny);08.10.2021 15:00:05;65.363
ekstensometer (ny);08.10.2021 16:00:07;65.363
ekstensometer (ny);08.10.2021 17:00:04;65.363
ekstensometer (ny);08.10.2021 18:00:04;65.363
ekstensometer (ny);08.10.2021 19:00:05;65.363
ekstensometer (ny);08.10.2021 20:00:07;65.250
ekstensometer (ny);08.10.2021 21:00:05;65.363
ekstensometer (ny);08.10.2021 22:00:05;65.363
ekstensometer (ny);08.10.2021 23:00:04;65.363
ekstensometer (ny);09.10.2021 00:00:07;65.363
ekstensometer (ny);09.10.2021 01:00:05;65.363
ekstensometer (ny);09.10.2021 02:00:05;65.363
ekstensometer (ny);09.10.2021 03:00:05;65.363
ekstensometer (ny);09.10.2021 04:00:07;65.250
ekstensometer (ny);09.10.2021 05:00:05;65.363
ekstensometer (ny);09.10.2021 06:00:05;65.250
ekstensometer (ny);09.10.2021 07:00:05;65.363
ekstensometer (ny);09.10.2021 08:00:25;65.363
ekstensometer (ny);09.10.2021 09:00:05;65.363
ekstensometer (ny);09.10.2021 10:00:05;65.363
ekstensometer (ny);09.10.2021 11:00:05;65.363
ekstensometer (ny);09.10.2021 12:00:06;65.250
ekstensometer (ny);09.10.2021 13:00:04;65.250
ekstensometer (ny);09.10.2021 14:00:05;65.250
ekstensometer (ny);09.10.2021 15:00:05;65.250
ekstensometer (ny);09.10.2021 16:00:07;65.250
ekstensometer (ny);09.10.2021 17:00:04;65.250
ekstensometer (ny);09.10.2021 18:00:05;65.363
ekstensometer (ny);09.10.2021 19:00:05;65.363
ekstensometer (ny);09.10.2021 20:00:07;65.363
ekstensometer (ny);09.10.2021 21:00:04;65.363
ekstensometer (ny);09.10.2021 22:00:04;65.363
ekstensometer (ny);09.10.2021 23:00:05;65.363
ekstensometer (ny);10.10.2021 00:00:07;65.363
ekstensometer (ny);10.10.2021 01:00:05;65.588
ekstensometer (ny);10.10.2021 02:00:04;65.588
ekstensometer (ny);10.10.2021 03:00:05;65.925
ekstensometer (ny);10.10.2021 04:00:07;65.812
ekstensometer (ny);10.10.2021 05:00:05;65.925
ekstensometer (ny);10.10.2021 06:00:04;65.925
ekstensometer (ny);10.10.2021 07:00:05;65.925
ekstensometer (ny);10.10.2021 08:00:07;65.925
ekstensometer (ny);10.10.2021 09:00:05;65.925
ekstensometer (ny);10.10.2021 10:00:05;65.925
ekstensometer (ny);10.10.2021 11:00:04;65.925
ekstensometer (ny);10.10.2021 12:00:07;65.925
ekstensometer (ny);10.10.2021 13:00:05;65.925
ekstensometer (ny);10.10.2021 14:00:05;65.812
ekstensometer (ny);10.10.2021 15:00:04;65.812
ekstensometer (ny);10.10.2021 16:00:07;65.812
ekstensometer (ny);10.10.2021 17:00:05;65.925
ekstensometer (ny);10.10.2021 18:00:05;65.925
ekstensometer (ny);10.10.2021 19:00:05;65.925
ekstensometer (ny);10.10.2021 20:00:07;65.925
ekstensometer (ny);10.10.2021 21:00:05;65.925
ekstensometer (ny);10.10.2021 22:00:05;65.925
ekstensometer (ny);10.10.2021 23:00:05;65.925
ekstensometer (ny);11.10.2021 00:00:07;65.925
ekstensometer (ny);11.10.2021 01:00:04;66.488
ekstensometer (ny);11.10.2021 02:00:05;66.488
ekstensometer (ny);11.10.2021 03:00:05;66.488
ekstensometer (ny);11.10.2021 04:00:07;66.488
ekstensometer (ny);11.10.2021 05:00:04;66.488
ekstensometer (ny);11.10.2021 06:00:05;66.488
ekstensometer (ny);11.10.2021 07:00:05;66.488
ekstensometer (ny);11.10.2021 08:00:07;66.488
ekstensometer (ny);11.10.2021 09:00:04;66.488
ekstensometer (ny);11.10.2021 10:00:04;66.488
ekstensometer (ny);11.10.2021 11:00:05;66.488
ekstensometer (ny);11.10.2021 12:00:07;66.488
ekstensometer (ny);11.10.2021 13:00:05;66.375
ekstensometer (ny);11.10.2021 14:00:04;66.375
ekstensometer (ny);11.10.2021 15:00:05;66.375
ekstensometer (ny);11.10.2021 16:00:07;66.488
ekstensometer (ny);11.10.2021 17:00:05;66.488
ekstensometer (ny);11.10.2021 18:00:04;66.488
ekstensometer (ny);11.10.2021 19:00:05;66.488
ekstensometer (ny);11.10.2021 20:00:07;66.488
ekstensometer (ny);11.10.2021 21:00:05;66.488
ekstensometer (ny);11.10.2021 22:00:04;66.488
ekstensometer (ny);11.10.2021 23:00:05;66.488
ekstensometer (ny);12.10.2021 00:00:07;66.488
ekstensometer (ny);12.10.2021 01:00:05;67.050
ekstensometer (ny);12.10.2021 02:00:05;67.050
ekstensometer (ny);12.10.2021 03:00:04;67.050
ekstensometer (ny);12.10.2021 04:00:07;67.050
ekstensometer (ny);12.10.2021 05:00:05;67.050
ekstensometer (ny);12.10.2021 06:00:05;67.050
ekstensometer (ny);12.10.2021 07:00:04;67.050
ekstensometer (ny);12.10.2021 08:00:07;67.050
ekstensometer (ny);12.10.2021 09:00:05;67.050
ekstensometer (ny);12.10.2021 10:00:05;67.050
ekstensometer (ny);12.10.2021 11:00:05;66.938
ekstensometer (ny);12.10.2021 12:00:06;66.825
ekstensometer (ny);12.10.2021 13:00:04;66.825
ekstensometer (ny);12.10.2021 14:00:05;66.938
ekstensometer (ny);12.10.2021 15:00:05;66.938
ekstensometer (ny);12.10.2021 16:00:07;66.938
ekstensometer (ny);12.10.2021 17:00:04;67.050
ekstensometer (ny);12.10.2021 18:00:05;67.050
ekstensometer (ny);12.10.2021 19:00:05;67.050
ekstensometer (ny);12.10.2021 20:00:07;67.050
ekstensometer (ny);12.10.2021 21:00:05;67.050
ekstensometer (ny);12.10.2021 22:00:05;67.050
ekstensometer (ny);12.10.2021 23:00:05;67.050
ekstensometer (ny);13.10.2021 00:00:07;67.050
ekstensometer (ny);13.10.2021 01:00:04;67.050
ekstensometer (ny);13.10.2021 02:00:05;67.050
ekstensometer (ny);13.10.2021 03:00:05;67.050
ekstensometer (ny);13.10.2021 04:00:07;67.613
ekstensometer (ny);13.10.2021 05:00:04;67.613
ekstensometer (ny);13.10.2021 06:00:05;67.613
ekstensometer (ny);13.10.2021 07:00:05;67.613
ekstensometer (ny);13.10.2021 08:00:07;67.613
ekstensometer (ny);13.10.2021 09:00:05;67.613
ekstensometer (ny);13.10.2021 10:00:04;67.613
ekstensometer (ny);13.10.2021 11:00:05;67.613
ekstensometer (ny);13.10.2021 12:00:07;67.613
ekstensometer (ny);13.10.2021 13:00:05;67.613
ekstensometer (ny);13.10.2021 14:00:04;67.613
ekstensometer (ny);13.10.2021 15:00:05;67.613
ekstensometer (ny);13.10.2021 16:00:27;67.613
ekstensometer (ny);13.10.2021 17:00:05;67.613
ekstensometer (ny);13.10.2021 18:00:05;67.613
ekstensometer (ny);13.10.2021 19:00:05;67.613
ekstensometer (ny);13.10.2021 20:00:07;67.500
ekstensometer (ny);13.10.2021 21:00:05;67.500
ekstensometer (ny);13.10.2021 22:00:05;67.500
ekstensometer (ny);13.10.2021 23:00:05;67.500
ekstensometer (ny);14.10.2021 00:00:06;67.500
ekstensometer (ny);14.10.2021 01:00:04;67.050
ekstensometer (ny);14.10.2021 02:00:05;67.500
ekstensometer (ny);14.10.2021 03:00:05;67.500
ekstensometer (ny);14.10.2021 04:00:07;67.500
ekstensometer (ny);14.10.2021 05:00:04;67.500
ekstensometer (ny);14.10.2021 06:00:05;67.500
ekstensometer (ny);14.10.2021 07:00:05;67.500
ekstensometer (ny);14.10.2021 08:00:15;67.050
ekstensometer (ny);14.10.2021 09:00:05;67.050
ekstensometer (ny);14.10.2021 10:00:04;66.938
ekstensometer (ny);14.10.2021 11:00:05;67.050
ekstensometer (ny);14.10.2021 12:00:07;66.938
ekstensometer (ny);14.10.2021 13:00:05;66.938
ekstensometer (ny);14.10.2021 14:00:04;67.162
ekstensometer (ny);14.10.2021 15:00:05;67.500
ekstensometer (ny);14.10.2021 16:00:39;67.500
ekstensometer (ny);14.10.2021 17:00:05;67.500
ekstensometer (ny);14.10.2021 18:00:05;67.500
ekstensometer (ny);14.10.2021 19:00:04;67.500
ekstensometer (ny);14.10.2021 20:00:07;67.500
ekstensometer (ny);14.10.2021 21:00:05;67.613
ekstensometer (ny);14.10.2021 22:00:05;68.062
ekstensometer (ny);14.10.2021 23:00:04;68.062
ekstensometer (ny);15.10.2021 00:00:07;68.062
ekstensometer (ny);15.10.2021 01:00:05;68.062
ekstensometer (ny);15.10.2021 02:00:05;67.950
ekstensometer (ny);15.10.2021 03:00:05;67.613
ekstensometer (ny);15.10.2021 04:00:07;68.062
ekstensometer (ny);15.10.2021 05:00:05;68.062
ekstensometer (ny);15.10.2021 06:00:05;68.062
ekstensometer (ny);15.10.2021 07:00:05;68.062
ekstensometer (ny);15.10.2021 08:00:06;68.062
ekstensometer (ny);15.10.2021 09:00:04;68.062
ekstensometer (ny);15.10.2021 10:00:05;68.062
ekstensometer (ny);15.10.2021 11:00:05;68.062
ekstensometer (ny);15.10.2021 12:00:07;68.062
ekstensometer (ny);15.10.2021 13:00:04;68.062
ekstensometer (ny);15.10.2021 14:00:05;68.062
ekstensometer (ny);15.10.2021 15:00:05;68.062
ekstensometer (ny);15.10.2021 16:00:07;68.175
ekstensometer (ny);15.10.2021 17:00:05;68.062
ekstensometer (ny);15.10.2021 18:00:04;68.062
ekstensometer (ny);15.10.2021 19:00:04;68.062
ekstensometer (ny);15.10.2021 20:00:07;68.062
ekstensometer (ny);15.10.2021 21:00:05;68.062
ekstensometer (ny);15.10.2021 22:00:05;68.062
ekstensometer (ny);15.10.2021 23:00:04;68.062
ekstensometer (ny);16.10.2021 00:00:07;68.062
ekstensometer (ny);16.10.2021 01:00:05;68.062
ekstensometer (ny);16.10.2021 02:00:05;68.062
ekstensometer (ny);16.10.2021 03:00:04;68.062
ekstensometer (ny);16.10.2021 04:00:07;68.062
ekstensometer (ny);16.10.2021 05:00:05;68.062
ekstensometer (ny);16.10.2021 06:00:05;68.062
ekstensometer (ny);16.10.2021 07:00:05;68.625
ekstensometer (ny);16.10.2021 08:00:06;68.062
ekstensometer (ny);16.10.2021 09:00:04;68.062
ekstensometer (ny);16.10.2021 10:00:05;68.062
ekstensometer (ny);16.10.2021 11:00:05;68.625
ekstensometer (ny);16.10.2021 12:00:07;68.062
ekstensometer (ny);16.10.2021 13:00:04;68.062
ekstensometer (ny);16.10.2021 14:00:05;68.062
ekstensometer (ny);16.10.2021 15:00:05;68.062
ekstensometer (ny);16.10.2021 16:00:07;68.625
ekstensometer (ny);16.10.2021 17:00:05;68.625
ekstensometer (ny);16.10.2021 18:00:05;68.625
ekstensometer (ny);16.10.2021 19:00:04;68.625
ekstensometer (ny);16.10.2021 20:00:07;68.738
ekstensometer (ny);16.10.2021 21:00:05;68.625
ekstensometer (ny);16.10.2021 22:00:05;68.738
ekstensometer (ny);16.10.2021 23:00:05;68.738
ekstensometer (ny);17.10.2021 00:00:07;68.738
ekstensometer (ny);17.10.2021 01:00:05;68.738
ekstensometer (ny);17.10.2021 02:00:05;68.738
ekstensometer (ny);17.10.2021 03:00:05;68.738
ekstensometer (ny);17.10.2021 04:00:06;68.738
ekstensometer (ny);17.10.2021 05:00:04;68.738
ekstensometer (ny);17.10.2021 06:00:05;68.738
ekstensometer (ny);17.10.2021 07:00:05;68.738
ekstensometer (ny);17.10.2021 08:00:27;68.738
ekstensometer (ny);17.10.2021 09:00:04;68.738
ekstensometer (ny);17.10.2021 10:00:05;68.738
ekstensometer (ny);17.10.2021 11:00:05;68.625
ekstensometer (ny);17.10.2021 12:00:07;68.625
ekstensometer (ny);17.10.2021 13:00:05;68.625
ekstensometer (ny);17.10.2021 14:00:04;68.625
ekstensometer (ny);17.10.2021 15:00:05;68.625
ekstensometer (ny);17.10.2021 16:00:07;68.625
ekstensometer (ny);17.10.2021 17:00:05;68.625
ekstensometer (ny);17.10.2021 18:00:05;68.738
ekstensometer (ny);17.10.2021 19:00:04;68.738
ekstensometer (ny);17.10.2021 20:00:07;68.738
ekstensometer (ny);17.10.2021 21:00:05;69.300
ekstensometer (ny);17.10.2021 22:00:05;69.300
ekstensometer (ny);17.10.2021 23:00:04;69.300
ekstensometer (ny);18.10.2021 00:00:07;69.300
ekstensometer (ny);18.10.2021 01:00:05;69.300
ekstensometer (ny);18.10.2021 02:00:05;69.300
ekstensometer (ny);18.10.2021 03:00:05;69.300
ekstensometer (ny);18.10.2021 04:00:06;69.300
ekstensometer (ny);18.10.2021 05:00:04;69.300
ekstensometer (ny);18.10.2021 06:00:05;69.300
ekstensometer (ny);18.10.2021 07:00:05;69.300
ekstensometer (ny);18.10.2021 08:00:07;69.300
ekstensometer (ny);18.10.2021 09:00:04;69.300
ekstensometer (ny);18.10.2021 10:00:05;69.300
ekstensometer (ny);18.10.2021 11:00:05;69.300
ekstensometer (ny);18.10.2021 12:00:07;69.188
ekstensometer (ny);18.10.2021 13:00:05;69.188
ekstensometer (ny);18.10.2021 14:00:04;69.188
ekstensometer (ny);18.10.2021 15:00:05;69.188
ekstensometer (ny);18.10.2021 16:00:07;69.188
ekstensometer (ny);18.10.2021 17:00:05;69.188
ekstensometer (ny);18.10.2021 18:00:04;69.188
ekstensometer (ny);18.10.2021 19:00:05;69.188
ekstensometer (ny);18.10.2021 20:00:07;69.300
ekstensometer (ny);18.10.2021 21:00:05;69.300
ekstensometer (ny);18.10.2021 22:00:04;69.188
ekstensometer (ny);18.10.2021 23:00:05;69.300
ekstensometer (ny);19.10.2021 00:00:07;69.188
ekstensometer (ny);19.10.2021 01:00:05;69.300
ekstensometer (ny);19.10.2021 02:00:04;69.300
ekstensometer (ny);19.10.2021 03:00:05;69.300
ekstensometer (ny);19.10.2021 04:00:07;69.300
ekstensometer (ny);19.10.2021 05:00:05;69.188
ekstensometer (ny);19.10.2021 06:00:05;69.300
ekstensometer (ny);19.10.2021 07:00:04;69.188
ekstensometer (ny);19.10.2021 08:00:07;69.188
ekstensometer (ny);19.10.2021 09:00:05;69.188
ekstensometer (ny);19.10.2021 10:00:05;69.188
ekstensometer (ny);19.10.2021 11:00:05;69.188
ekstensometer (ny);19.10.2021 12:00:26;69.188
ekstensometer (ny);19.10.2021 13:00:05;69.188
ekstensometer (ny);19.10.2021 14:00:05;69.188
ekstensometer (ny);19.10.2021 15:00:05;69.188
ekstensometer (ny);19.10.2021 16:00:06;69.188
ekstensometer (ny);19.10.2021 17:00:04;69.188
ekstensometer (ny);19.10.2021 18:00:05;69.188
ekstensometer (ny);19.10.2021 19:00:04;69.188
ekstensometer (ny);19.10.2021 20:00:07;69.188
ekstensometer (ny);19.10.2021 21:00:05;69.188
ekstensometer (ny);19.10.2021 22:00:05;69.188
ekstensometer (ny);19.10.2021 23:00:04;69.188
ekstensometer (ny);20.10.2021 00:00:07;69.188
ekstensometer (ny);20.10.2021 01:00:05;69.188
ekstensometer (ny);20.10.2021 02:00:05;69.188
ekstensometer (ny);20.10.2021 03:00:05;69.188
ekstensometer (ny);20.10.2021 04:00:07;69.188
ekstensometer (ny);20.10.2021 05:00:05;69.188
ekstensometer (ny);20.10.2021 06:00:05;69.188
ekstensometer (ny);20.10.2021 07:00:05;69.188
ekstensometer (ny);20.10.2021 08:00:06;69.188
ekstensometer (ny);20.10.2021 09:00:04;69.188
ekstensometer (ny);20.10.2021 10:00:05;69.188
ekstensometer (ny);20.10.2021 11:00:05;69.188
ekstensometer (ny);20.10.2021 12:00:28;69.188
ekstensometer (ny);20.10.2021 13:00:05;69.188
ekstensometer (ny);20.10.2021 14:00:05;69.750
ekstensometer (ny);20.10.2021 15:00:05;69.750
ekstensometer (ny);20.10.2021 16:00:07;69.750
ekstensometer (ny);20.10.2021 17:00:04;69.863
ekstensometer (ny);20.10.2021 18:00:04;69.863
ekstensometer (ny);20.10.2021 19:00:05;69.863
ekstensometer (ny);20.10.2021 20:00:07;70.425
ekstensometer (ny);20.10.2021 21:00:05;69.863
ekstensometer (ny);20.10.2021 22:00:04;70.425
ekstensometer (ny);20.10.2021 23:00:05;70.425
ekstensometer (ny);21.10.2021 00:00:07;70.425
ekstensometer (ny);21.10.2021 01:00:05;70.425
ekstensometer (ny);21.10.2021 02:00:05;70.537
ekstensometer (ny);21.10.2021 03:00:04;70.537
ekstensometer (ny);21.10.2021 04:00:07;70.537
ekstensometer (ny);21.10.2021 05:00:05;71.100
ekstensometer (ny);21.10.2021 06:00:05;71.100
ekstensometer (ny);21.10.2021 07:00:05;71.100
ekstensometer (ny);21.10.2021 08:00:07;71.100
ekstensometer (ny);21.10.2021 09:00:05;70.988
ekstensometer (ny);21.10.2021 10:00:05;70.988
ekstensometer (ny);21.10.2021 11:00:05;70.988
ekstensometer (ny);21.10.2021 12:00:07;70.988
ekstensometer (ny);21.10.2021 13:00:04;70.988
ekstensometer (ny);21.10.2021 14:00:05;70.988
ekstensometer (ny);21.10.2021 15:00:05;70.988
ekstensometer (ny);21.10.2021 16:00:07;71.100
ekstensometer (ny);21.10.2021 17:00:05;70.988
ekstensometer (ny);21.10.2021 18:00:04;71.100
ekstensometer (ny);21.10.2021 19:00:05;71.100
ekstensometer (ny);21.10.2021 20:00:27;71.100
ekstensometer (ny);21.10.2021 21:00:05;71.100
ekstensometer (ny);21.10.2021 22:00:04;71.100
ekstensometer (ny);21.10.2021 23:00:05;71.100
ekstensometer (ny);22.10.2021 00:00:07;71.100
ekstensometer (ny);22.10.2021 01:00:05;71.100
ekstensometer (ny);22.10.2021 02:00:05;71.662
ekstensometer (ny);22.10.2021 03:00:04;71.662
ekstensometer (ny);22.10.2021 04:00:07;71.100
ekstensometer (ny);22.10.2021 05:00:05;71.100
ekstensometer (ny);22.10.2021 06:00:05;71.100
ekstensometer (ny);22.10.2021 07:00:05;71.662
ekstensometer (ny);22.10.2021 08:00:07;71.662
ekstensometer (ny);22.10.2021 09:00:05;71.662
ekstensometer (ny);22.10.2021 10:00:05;71.662
ekstensometer (ny);22.10.2021 11:00:05;71.662
ekstensometer (ny);22.10.2021 12:00:06;71.550
ekstensometer (ny);22.10.2021 13:00:04;71.550
ekstensometer (ny);22.10.2021 14:00:05;71.550
ekstensometer (ny);22.10.2021 15:00:05;71.550
ekstensometer (ny);22.10.2021 16:00:07;71.662
ekstensometer (ny);22.10.2021 17:00:04;71.662
ekstensometer (ny);22.10.2021 18:00:05;71.550
ekstensometer (ny);22.10.2021 19:00:05;71.662
ekstensometer (ny);22.10.2021 20:00:07;71.662
ekstensometer (ny);22.10.2021 21:00:05;71.550
ekstensometer (ny);22.10.2021 22:00:05;71.662
ekstensometer (ny);22.10.2021 23:00:05;71.550
ekstensometer (ny);23.10.2021 00:00:07;71.550
ekstensometer (ny);23.10.2021 01:00:04;71.662
ekstensometer (ny);23.10.2021 02:00:05;71.662
ekstensometer (ny);23.10.2021 03:00:05;71.662
ekstensometer (ny);23.10.2021 04:00:07;71.662
ekstensometer (ny);23.10.2021 05:00:04;71.662
ekstensometer (ny);23.10.2021 06:00:05;72.225
ekstensometer (ny);23.10.2021 07:00:05;72.225
ekstensometer (ny);23.10.2021 08:00:07;72.225
ekstensometer (ny);23.10.2021 09:00:04;72.225
ekstensometer (ny);23.10.2021 10:00:05;72.225
ekstensometer (ny);23.10.2021 11:00:05;72.225
ekstensometer (ny);23.10.2021 12:00:07;72.113
ekstensometer (ny);23.10.2021 13:00:04;72.113
ekstensometer (ny);23.10.2021 14:00:05;72.225
ekstensometer (ny);23.10.2021 15:00:05;72.225
ekstensometer (ny);23.10.2021 16:00:27;72.225
ekstensometer (ny);23.10.2021 17:00:05;72.225
ekstensometer (ny);23.10.2021 18:00:04;72.225
ekstensometer (ny);23.10.2021 19:00:05;72.225
ekstensometer (ny);23.10.2021 20:00:27;72.225
ekstensometer (ny);23.10.2021 21:00:05;72.225
ekstensometer (ny);23.10.2021 22:00:04;72.225
ekstensometer (ny);23.10.2021 23:00:05;72.787
ekstensometer (ny);24.10.2021 00:00:39;72.787
ekstensometer (ny);24.10.2021 01:00:05;72.787
ekstensometer (ny);24.10.2021 02:00:05;72.787
ekstensometer (ny);24.10.2021 03:00:04;72.787
ekstensometer (ny);24.10.2021 04:00:07;72.787
ekstensometer (ny);24.10.2021 05:00:05;72.787
ekstensometer (ny);24.10.2021 06:00:05;72.787
ekstensometer (ny);24.10.2021 07:00:04;72.675
ekstensometer (ny);24.10.2021 08:00:07;72.787
ekstensometer (ny);24.10.2021 09:00:05;72.675
ekstensometer (ny);24.10.2021 10:00:05;72.787
ekstensometer (ny);24.10.2021 11:00:05;72.675
ekstensometer (ny);24.10.2021 12:00:06;72.675
ekstensometer (ny);24.10.2021 13:00:04;72.675
ekstensometer (ny);24.10.2021 14:00:05;72.675
ekstensometer (ny);24.10.2021 15:00:05;72.675
ekstensometer (ny);24.10.2021 16:00:07;72.675
ekstensometer (ny);24.10.2021 17:00:04;72.675
ekstensometer (ny);24.10.2021 18:00:05;72.675
ekstensometer (ny);24.10.2021 19:00:05;72.675
ekstensometer (ny);24.10.2021 20:00:07;72.675
ekstensometer (ny);24.10.2021 21:00:05;72.675
ekstensometer (ny);24.10.2021 22:00:04;72.675
ekstensometer (ny);24.10.2021 23:00:05;72.675
ekstensometer (ny);25.10.2021 00:00:07;72.675
ekstensometer (ny);25.10.2021 01:00:05;72.675
ekstensometer (ny);25.10.2021 02:00:04;72.675
ekstensometer (ny);25.10.2021 03:00:05;72.675
ekstensometer (ny);25.10.2021 04:00:07;72.675
ekstensometer (ny);25.10.2021 05:00:05;73.350
ekstensometer (ny);25.10.2021 06:00:05;73.350
ekstensometer (ny);25.10.2021 07:00:04;73.350
ekstensometer (ny);25.10.2021 08:00:26;73.350
ekstensometer (ny);25.10.2021 09:00:05;73.350
ekstensometer (ny);25.10.2021 10:00:05;73.350
ekstensometer (ny);25.10.2021 11:00:05;73.350
ekstensometer (ny);25.10.2021 12:00:07;73.238
ekstensometer (ny);25.10.2021 13:00:05;73.350
ekstensometer (ny);25.10.2021 14:00:05;73.350
ekstensometer (ny);25.10.2021 15:00:05;73.350
ekstensometer (ny);25.10.2021 16:00:06;73.350
ekstensometer (ny);25.10.2021 17:00:05;73.350
ekstensometer (ny);25.10.2021 18:00:05;73.350
ekstensometer (ny);25.10.2021 19:00:04;73.350
ekstensometer (ny);25.10.2021 20:00:07;73.350
ekstensometer (ny);25.10.2021 21:00:05;73.350
ekstensometer (ny);25.10.2021 22:00:05;73.350
ekstensometer (ny);25.10.2021 23:00:05;73.912
ekstensometer (ny);26.10.2021 00:00:07;73.800
ekstensometer (ny);26.10.2021 01:00:05;73.912
ekstensometer (ny);26.10.2021 02:00:05;73.800
ekstensometer (ny);26.10.2021 03:00:05;73.912
ekstensometer (ny);26.10.2021 04:00:06;73.912
ekstensometer (ny);26.10.2021 05:00:04;74.363
ekstensometer (ny);26.10.2021 06:00:05;74.363
ekstensometer (ny);26.10.2021 07:00:05;74.363
ekstensometer (ny);26.10.2021 08:00:06;74.363
ekstensometer (ny);26.10.2021 09:00:04;74.363
ekstensometer (ny);26.10.2021 10:00:05;74.363
ekstensometer (ny);26.10.2021 11:00:05;74.363
ekstensometer (ny);26.10.2021 12:00:07;74.363
ekstensometer (ny);26.10.2021 13:00:04;74.363
ekstensometer (ny);26.10.2021 14:00:05;74.363
ekstensometer (ny);26.10.2021 15:00:05;74.363
ekstensometer (ny);26.10.2021 16:00:07;74.363
ekstensometer (ny);26.10.2021 17:00:05;74.363
ekstensometer (ny);26.10.2021 18:00:04;74.363
ekstensometer (ny);26.10.2021 19:00:05;74.363
ekstensometer (ny);26.10.2021 20:00:27;74.363
ekstensometer (ny);26.10.2021 21:00:05;74.363
ekstensometer (ny);26.10.2021 22:00:04;74.363
ekstensometer (ny);26.10.2021 23:00:05;74.363
ekstensometer (ny);27.10.2021 00:00:07;74.363
ekstensometer (ny);27.10.2021 01:00:05;74.363
ekstensometer (ny);27.10.2021 02:00:05;74.363
ekstensometer (ny);27.10.2021 03:00:04;74.363
ekstensometer (ny);27.10.2021 04:00:07;74.925
ekstensometer (ny);27.10.2021 05:00:05;74.925
ekstensometer (ny);27.10.2021 06:00:05;74.363
ekstensometer (ny);27.10.2021 07:00:05;74.363
ekstensometer (ny);27.10.2021 08:00:07;74.363
ekstensometer (ny);27.10.2021 09:00:05;74.363
ekstensometer (ny);27.10.2021 10:00:05;74.363
ekstensometer (ny);27.10.2021 11:00:05;74.363
ekstensometer (ny);27.10.2021 12:00:07;74.812
ekstensometer (ny);27.10.2021 13:00:04;74.363
ekstensometer (ny);27.10.2021 14:00:05;74.812
ekstensometer (ny);27.10.2021 15:00:05;74.812
ekstensometer (ny);27.10.2021 16:00:07;74.812
ekstensometer (ny);27.10.2021 17:00:04;74.812
ekstensometer (ny);27.10.2021 18:00:05;74.812
ekstensometer (ny);27.10.2021 19:00:04;74.812
ekstensometer (ny);27.10.2021 20:00:07;74.812
ekstensometer (ny);27.10.2021 21:00:05;74.812
ekstensometer (ny);27.10.2021 22:00:05;74.812
ekstensometer (ny);27.10.2021 23:00:05;74.812
ekstensometer (ny);28.10.2021 00:00:07;74.812
ekstensometer (ny);28.10.2021 01:00:05;74.812
ekstensometer (ny);28.10.2021 02:00:05;74.812
ekstensometer (ny);28.10.2021 03:00:05;74.812
ekstensometer (ny);28.10.2021 04:00:06;74.812
ekstensometer (ny);28.10.2021 05:00:04;74.812
ekstensometer (ny);28.10.2021 06:00:05;74.812
ekstensometer (ny);28.10.2021 07:00:05;74.812
ekstensometer (ny);28.10.2021 08:00:07;74.812
ekstensometer (ny);28.10.2021 09:00:04;74.812
ekstensometer (ny);28.10.2021 10:00:05;75.375
ekstensometer (ny);28.10.2021 11:00:05;75.375
ekstensometer (ny);28.10.2021 12:00:07;75.375
ekstensometer (ny);28.10.2021 13:00:05;75.375
ekstensometer (ny);28.10.2021 14:00:04;75.375
ekstensometer (ny);28.10.2021 15:00:05;75.375
ekstensometer (ny);28.10.2021 16:00:07;75.375
ekstensometer (ny);28.10.2021 17:00:05;75.375
ekstensometer (ny);28.10.2021 18:00:05;75.375
ekstensometer (ny);28.10.2021 19:00:04;75.375
ekstensometer (ny);28.10.2021 20:00:07;75.375
ekstensometer (ny);28.10.2021 21:00:05;75.375
ekstensometer (ny);28.10.2021 22:00:05;75.375
ekstensometer (ny);28.10.2021 23:00:05;75.375
ekstensometer (ny);29.10.2021 00:00:07;75.375
ekstensometer (ny);29.10.2021 01:00:05;75.938
ekstensometer (ny);29.10.2021 02:00:05;75.938
ekstensometer (ny);29.10.2021 03:00:05;75.938
ekstensometer (ny);29.10.2021 04:00:07;75.938
ekstensometer (ny);29.10.2021 05:00:04;75.938
ekstensometer (ny);29.10.2021 06:00:05;75.938
ekstensometer (ny);29.10.2021 07:00:05;75.938
ekstensometer (ny);29.10.2021 08:00:08;75.938
ekstensometer (ny);29.10.2021 09:00:05;75.938
ekstensometer (ny);29.10.2021 10:00:04;75.938
ekstensometer (ny);29.10.2021 11:00:05;75.938
ekstensometer (ny);29.10.2021 12:00:07;75.938
ekstensometer (ny);29.10.2021 13:00:05;75.938
ekstensometer (ny);29.10.2021 14:00:05;75.938
ekstensometer (ny);29.10.2021 15:00:04;75.938
ekstensometer (ny);29.10.2021 16:00:07;75.938
ekstensometer (ny);29.10.2021 17:00:05;75.938
ekstensometer (ny);29.10.2021 18:00:05;75.938
ekstensometer (ny);29.10.2021 19:00:05;75.938
ekstensometer (ny);29.10.2021 20:00:06;75.938
ekstensometer (ny);29.10.2021 21:00:05;76.500
ekstensometer (ny);29.10.2021 22:00:05;75.938
ekstensometer (ny);29.10.2021 23:00:05;76.500
ekstensometer (ny);30.10.2021 00:00:07;76.500
ekstensometer (ny);30.10.2021 01:00:04;76.500
ekstensometer (ny);30.10.2021 02:00:05;76.500
ekstensometer (ny);30.10.2021 03:00:05;76.500
ekstensometer (ny);30.10.2021 04:00:07;76.500
ekstensometer (ny);30.10.2021 05:00:04;77.062
ekstensometer (ny);30.10.2021 06:00:05;77.062
ekstensometer (ny);30.10.2021 07:00:05;77.062
ekstensometer (ny);30.10.2021 08:00:07;77.062
ekstensometer (ny);30.10.2021 09:00:05;77.062
ekstensometer (ny);30.10.2021 10:00:04;77.062
ekstensometer (ny);30.10.2021 11:00:05;77.062
ekstensometer (ny);30.10.2021 12:00:07;77.062
ekstensometer (ny);30.10.2021 13:00:05;77.062
ekstensometer (ny);30.10.2021 14:00:04;77.062
ekstensometer (ny);30.10.2021 15:00:05;77.625
ekstensometer (ny);30.10.2021 16:00:07;77.625
ekstensometer (ny);30.10.2021 17:00:05;77.625
ekstensometer (ny);30.10.2021 18:00:04;77.625
ekstensometer (ny);30.10.2021 19:00:04;77.625
ekstensometer (ny);30.10.2021 20:00:07;77.625
ekstensometer (ny);30.10.2021 21:00:05;78.188
ekstensometer (ny);30.10.2021 22:00:05;78.188
ekstensometer (ny);30.10.2021 23:00:04;77.625
ekstensometer (ny);31.10.2021 00:00:27;78.188
ekstensometer (ny);31.10.2021 01:00:05;78.188
ekstensometer (ny);31.10.2021 02:00:05;78.188
ekstensometer (ny);31.10.2021 03:00:05;97.988
ekstensometer (ny);10.12.2021 15:00:05;117.787
ekstensometer (ny);10.12.2021 16:00:07;117.787
ekstensometer (ny);10.12.2021 17:00:05;117.787
ekstensometer (ny);10.12.2021 18:00:05;117.787
ekstensometer (ny);10.12.2021 19:00:05;117.787
ekstensometer (ny);10.12.2021 20:00:06;117.787
ekstensometer (ny);10.12.2021 21:00:04;117.787
ekstensometer (ny);10.12.2021 22:00:05;117.787
ekstensometer (ny);10.12.2021 23:00:05;117.787
ekstensometer (ny);11.12.2021 00:00:07;117.787
ekstensometer (ny);11.12.2021 01:00:05;117.787
ekstensometer (ny);11.12.2021 02:00:05;117.787
ekstensometer (ny);11.12.2021 03:00:04;117.787
ekstensometer (ny);11.12.2021 04:00:07;117.787
ekstensometer (ny);11.12.2021 05:00:05;117.787
ekstensometer (ny);11.12.2021 06:00:05;117.787
ekstensometer (ny);11.12.2021 07:00:05;117.787
ekstensometer (ny);11.12.2021 08:00:07;117.787
ekstensometer (ny);11.12.2021 09:00:04;117.787
ekstensometer (ny);11.12.2021 10:00:04;117.787
ekstensometer (ny);11.12.2021 12:00:07;117.787
ekstensometer (ny);11.12.2021 13:00:04;117.787
ekstensometer (ny);11.12.2021 14:00:04;117.787
ekstensometer (ny);11.12.2021 15:00:04;117.787
ekstensometer (ny);11.12.2021 16:00:07;117.787
ekstensometer (ny);11.12.2021 17:00:05;117.787
ekstensometer (ny);11.12.2021 18:00:05;117.787
ekstensometer (ny);11.12.2021 19:00:05;117.787
ekstensometer (ny);11.12.2021 20:00:07;117.787
ekstensometer (ny);11.12.2021 21:00:04;117.787
ekstensometer (ny);11.12.2021 22:00:05;117.787
ekstensometer (ny);11.12.2021 23:00:05;117.787
ekstensometer (ny);12.12.2021 00:00:07;117.787
ekstensometer (ny);12.12.2021 01:00:05;117.787
ekstensometer (ny);12.12.2021 02:00:04;117.787
ekstensometer (ny);12.12.2021 03:00:05;117.787
ekstensometer (ny);12.12.2021 04:00:07;117.787
ekstensometer (ny);12.12.2021 05:00:05;117.787
ekstensometer (ny);12.12.2021 06:00:05;117.787
ekstensometer (ny);12.12.2021 07:00:05;117.787
ekstensometer (ny);12.12.2021 08:00:06;117.787
ekstensometer (ny);12.12.2021 09:00:04;117.787
ekstensometer (ny);12.12.2021 10:00:05;117.787
ekstensometer (ny);12.12.2021 11:00:05;117.787
ekstensometer (ny);12.12.2021 12:00:07;117.787
ekstensometer (ny);12.12.2021 13:00:05;117.787
ekstensometer (ny);12.12.2021 14:00:05;117.787
ekstensometer (ny);12.12.2021 15:00:06;117.787
ekstensometer (ny);12.12.2021 16:00:07;117.787
ekstensometer (ny);12.12.2021 17:00:04;117.787
ekstensometer (ny);12.12.2021 18:00:05;117.787
ekstensometer (ny);12.12.2021 19:00:05;117.787
ekstensometer (ny);12.12.2021 20:00:07;117.787
ekstensometer (ny);12.12.2021 21:00:05;117.787
ekstensometer (ny);12.12.2021 22:00:04;117.787
ekstensometer (ny);12.12.2021 23:00:05;117.787
ekstensometer (ny);13.12.2021 00:00:07;117.787
ekstensometer (ny);13.12.2021 01:00:05;117.787
ekstensometer (ny);13.12.2021 02:00:05;117.787
ekstensometer (ny);13.12.2021 03:00:05;117.787
ekstensometer (ny);13.12.2021 04:00:07;117.675
ekstensometer (ny);13.12.2021 05:00:04;117.787
ekstensometer (ny);13.12.2021 06:00:05;117.787
ekstensometer (ny);13.12.2021 07:00:05;117.787
ekstensometer (ny);13.12.2021 08:00:07;117.787
ekstensometer (ny);13.12.2021 09:00:05;117.787
ekstensometer (ny);13.12.2021 10:00:05;117.787
ekstensometer (ny);13.12.2021 11:00:05;117.787
ekstensometer (ny);13.12.2021 12:00:07;117.787
ekstensometer (ny);13.12.2021 13:00:05;117.787
ekstensometer (ny);13.12.2021 14:00:05;117.787
ekstensometer (ny);13.12.2021 15:00:04;117.787
ekstensometer (ny);13.12.2021 16:00:28;117.787
ekstensometer (ny);13.12.2021 17:00:05;117.787
ekstensometer (ny);13.12.2021 18:00:05;117.787
ekstensometer (ny);13.12.2021 19:00:05;117.787
ekstensometer (ny);13.12.2021 20:00:07;117.787
ekstensometer (ny);13.12.2021 21:00:04;118.350
ekstensometer (ny);13.12.2021 22:00:04;118.350
ekstensometer (ny);13.12.2021 23:00:05;118.350
ekstensometer (ny);14.12.2021 00:00:07;118.350
ekstensometer (ny);14.12.2021 01:00:05;118.350
ekstensometer (ny);14.12.2021 02:00:05;117.787
ekstensometer (ny);14.12.2021 03:00:05;118.350
ekstensometer (ny);14.12.2021 04:00:06;118.350
ekstensometer (ny);14.12.2021 05:00:04;118.350
ekstensometer (ny);14.12.2021 06:00:05;118.350
ekstensometer (ny);14.12.2021 07:00:05;118.350
ekstensometer (ny);14.12.2021 08:00:07;118.350
ekstensometer (ny);14.12.2021 09:00:05;118.350
ekstensometer (ny);14.12.2021 10:00:06;118.350
ekstensometer (ny);14.12.2021 11:00:05;118.350
ekstensometer (ny);14.12.2021 12:00:07;118.350
ekstensometer (ny);14.12.2021 13:00:05;118.350
ekstensometer (ny);14.12.2021 14:00:05;118.350
ekstensometer (ny);14.12.2021 15:00:05;118.350
ekstensometer (ny);14.12.2021 16:00:06;118.350
ekstensometer (ny);14.12.2021 17:00:04;118.350
ekstensometer (ny);14.12.2021 18:00:05;118.350
ekstensometer (ny);14.12.2021 19:00:05;118.350
ekstensometer (ny);14.12.2021 20:00:07;118.350
ekstensometer (ny);14.12.2021 21:00:05;118.350
ekstensometer (ny);14.12.2021 22:00:06;118.350
ekstensometer (ny);14.12.2021 23:00:04;117.787
ekstensometer (ny);15.12.2021 00:00:07;118.350
ekstensometer (ny);15.12.2021 01:00:05;118.350
ekstensometer (ny);15.12.2021 02:00:05;118.350
ekstensometer (ny);15.12.2021 03:00:05;118.350
ekstensometer (ny);15.12.2021 04:00:07;117.787
ekstensometer (ny);15.12.2021 05:00:04;118.350
ekstensometer (ny);15.12.2021 06:00:05;117.787
ekstensometer (ny);15.12.2021 07:00:05;117.787
ekstensometer (ny);15.12.2021 08:00:27;117.787
ekstensometer (ny);15.12.2021 09:00:05;117.787
ekstensometer (ny);15.12.2021 10:00:05;117.787
ekstensometer (ny);15.12.2021 11:00:05;118.350
ekstensometer (ny);15.12.2021 12:00:07;117.787
ekstensometer (ny);15.12.2021 13:00:05;118.350
ekstensometer (ny);15.12.2021 14:00:05;118.350
ekstensometer (ny);15.12.2021 15:00:04;118.350
ekstensometer (ny);15.12.2021 16:00:07;118.350
ekstensometer (ny);15.12.2021 17:00:04;117.787
ekstensometer (ny);15.12.2021 18:00:05;118.350
ekstensometer (ny);15.12.2021 19:00:05;118.350
ekstensometer (ny);15.12.2021 20:00:07;118.350
ekstensometer (ny);15.12.2021 21:00:05;118.912
ekstensometer (ny);15.12.2021 22:00:04;118.350
ekstensometer (ny);15.12.2021 23:00:05;118.350
ekstensometer (ny);16.12.2021 00:00:07;118.350
ekstensometer (ny);16.12.2021 01:00:05;118.350
ekstensometer (ny);16.12.2021 02:00:05;118.350
ekstensometer (ny);16.12.2021 03:00:05;118.350
ekstensometer (ny);16.12.2021 04:00:07;118.350
ekstensometer (ny);16.12.2021 05:00:04;118.350
ekstensometer (ny);16.12.2021 06:00:05;118.350
ekstensometer (ny);16.12.2021 07:00:05;118.350
ekstensometer (ny);16.12.2021 08:00:07;118.350
ekstensometer (ny);16.12.2021 09:00:05;118.350
ekstensometer (ny);16.12.2021 10:00:05;118.350
ekstensometer (ny);16.12.2021 11:00:04;118.350
ekstensometer (ny);16.12.2021 12:00:26;118.350
ekstensometer (ny);16.12.2021 13:00:04;118.350
ekstensometer (ny);16.12.2021 14:00:05;118.350
ekstensometer (ny);16.12.2021 15:00:05;118.350
ekstensometer (ny);16.12.2021 16:00:28;118.350
ekstensometer (ny);16.12.2021 17:00:05;118.350
ekstensometer (ny);16.12.2021 18:00:04;118.350
ekstensometer (ny);16.12.2021 19:00:05;118.350
ekstensometer (ny);16.12.2021 20:00:07;118.350
ekstensometer (ny);16.12.2021 21:00:05;118.350
ekstensometer (ny);16.12.2021 22:00:05;118.350
ekstensometer (ny);16.12.2021 23:00:05;118.350
ekstensometer (ny);17.12.2021 00:00:06;118.350
ekstensometer (ny);17.12.2021 01:00:04;118.350
ekstensometer (ny);17.12.2021 02:00:05;118.350
ekstensometer (ny);17.12.2021 03:00:05;118.350
ekstensometer (ny);17.12.2021 04:00:07;118.350
ekstensometer (ny);17.12.2021 05:00:05;118.350
ekstensometer (ny);17.12.2021 06:00:06;118.350
ekstensometer (ny);17.12.2021 07:00:04;118.350
ekstensometer (ny);17.12.2021 08:00:07;118.350
ekstensometer (ny);17.12.2021 09:00:05;118.350
ekstensometer (ny);17.12.2021 10:00:05;118.350
ekstensometer (ny);17.12.2021 11:00:04;118.350
ekstensometer (ny);17.12.2021 12:00:07;118.350
ekstensometer (ny);17.12.2021 13:00:05;118.350
ekstensometer (ny);17.12.2021 14:00:05;118.350
ekstensometer (ny);17.12.2021 15:00:05;118.350
ekstensometer (ny);17.12.2021 16:00:06;118.350
ekstensometer (ny);17.12.2021 17:00:04;118.350
ekstensometer (ny);17.12.2021 18:00:05;118.350
ekstensometer (ny);17.12.2021 19:00:05;118.350
ekstensometer (ny);17.12.2021 20:00:07;118.350
ekstensometer (ny);17.12.2021 21:00:05;118.350
ekstensometer (ny);17.12.2021 22:00:04;118.350
ekstensometer (ny);17.12.2021 23:00:04;118.350
ekstensometer (ny);18.12.2021 00:00:07;118.350
ekstensometer (ny);18.12.2021 01:00:05;118.350
ekstensometer (ny);18.12.2021 02:00:05;118.350
ekstensometer (ny);18.12.2021 03:00:05;118.350
ekstensometer (ny);18.12.2021 04:00:07;118.350
ekstensometer (ny);18.12.2021 05:00:04;118.350
ekstensometer (ny);18.12.2021 06:00:04;118.350
ekstensometer (ny);18.12.2021 07:00:05;118.350
ekstensometer (ny);18.12.2021 08:00:07;118.350
ekstensometer (ny);18.12.2021 09:00:05;118.350
ekstensometer (ny);18.12.2021 10:00:05;118.350
ekstensometer (ny);18.12.2021 11:00:05;118.350
ekstensometer (ny);18.12.2021 12:00:07;118.350
ekstensometer (ny);18.12.2021 13:00:04;118.350
ekstensometer (ny);18.12.2021 14:00:04;118.350
ekstensometer (ny);18.12.2021 15:00:05;118.912
ekstensometer (ny);18.12.2021 16:00:07;118.350
ekstensometer (ny);18.12.2021 17:00:05;118.350
ekstensometer (ny);18.12.2021 18:00:05;118.350
ekstensometer (ny);18.12.2021 19:00:04;118.350
ekstensometer (ny);18.12.2021 20:00:26;118.350
ekstensometer (ny);18.12.2021 21:00:05;118.350
ekstensometer (ny);18.12.2021 22:00:05;118.350
ekstensometer (ny);18.12.2021 23:00:05;118.350
ekstensometer (ny);19.12.2021 00:00:07;118.350
ekstensometer (ny);19.12.2021 01:00:05;118.350
ekstensometer (ny);19.12.2021 02:00:04;118.912
ekstensometer (ny);19.12.2021 03:00:05;118.350
ekstensometer (ny);19.12.2021 04:00:07;118.350
ekstensometer (ny);19.12.2021 05:00:05;118.912
ekstensometer (ny);19.12.2021 06:00:05;118.912
ekstensometer (ny);19.12.2021 07:00:05;119.475
ekstensometer (ny);19.12.2021 08:00:06;118.912
ekstensometer (ny);19.12.2021 09:00:04;118.912
ekstensometer (ny);19.12.2021 10:00:05;118.912
ekstensometer (ny);19.12.2021 11:00:05;118.912
ekstensometer (ny);19.12.2021 12:00:07;118.912
ekstensometer (ny);19.12.2021 13:00:05;118.912
ekstensometer (ny);19.12.2021 14:00:05;119.025
ekstensometer (ny);19.12.2021 15:00:05;119.025
ekstensometer (ny);19.12.2021 16:00:06;119.025
ekstensometer (ny);19.12.2021 17:00:04;119.025
ekstensometer (ny);19.12.2021 18:00:05;119.025
ekstensometer (ny);19.12.2021 19:00:05;119.475
ekstensometer (ny);19.12.2021 20:00:07;119.475
ekstensometer (ny);19.12.2021 21:00:05;119.475
ekstensometer (ny);19.12.2021 22:00:04;119.588
ekstensometer (ny);19.12.2021 23:00:05;119.588
ekstensometer (ny);20.12.2021 00:00:08;119.475
ekstensometer (ny);20.12.2021 01:00:05;119.475
ekstensometer (ny);20.12.2021 02:00:05;119.588
ekstensometer (ny);20.12.2021 03:00:05;119.475
ekstensometer (ny);20.12.2021 04:00:07;119.588
ekstensometer (ny);20.12.2021 05:00:04;119.475
ekstensometer (ny);20.12.2021 06:00:05;119.588
ekstensometer (ny);20.12.2021 07:00:05;119.588
ekstensometer (ny);20.12.2021 08:00:07;119.588
ekstensometer (ny);20.12.2021 09:00:05;119.588
ekstensometer (ny);20.12.2021 10:00:05;119.588
ekstensometer (ny);20.12.2021 11:00:04;119.588
ekstensometer (ny);20.12.2021 12:00:07;119.588
ekstensometer (ny);20.12.2021 13:00:05;119.475
ekstensometer (ny);20.12.2021 14:00:05;119.588
ekstensometer (ny);20.12.2021 15:00:05;119.588
ekstensometer (ny);20.12.2021 16:00:06;119.588
ekstensometer (ny);20.12.2021 17:00:04;119.588
ekstensometer (ny);20.12.2021 18:00:04;119.588
ekstensometer (ny);20.12.2021 19:00:05;119.588
ekstensometer (ny);20.12.2021 20:00:07;119.588
ekstensometer (ny);20.12.2021 21:00:05;120.037
ekstensometer (ny);20.12.2021 22:00:05;120.150
ekstensometer (ny);20.12.2021 23:00:04;120.037
ekstensometer (ny);21.12.2021 00:00:07;120.150
ekstensometer (ny);21.12.2021 01:00:05;120.037
ekstensometer (ny);21.12.2021 02:00:05;120.037
ekstensometer (ny);21.12.2021 03:00:05;120.037
ekstensometer (ny);21.12.2021 04:00:08;120.150
ekstensometer (ny);21.12.2021 05:00:04;120.037
ekstensometer (ny);21.12.2021 06:00:05;120.037
ekstensometer (ny);21.12.2021 07:00:04;120.037
ekstensometer (ny);21.12.2021 08:00:07;120.037
ekstensometer (ny);21.12.2021 09:00:05;120.037
ekstensometer (ny);21.12.2021 10:00:05;120.037
ekstensometer (ny);21.12.2021 11:00:05;120.037
ekstensometer (ny);21.12.2021 12:00:39;120.037
ekstensometer (ny);21.12.2021 13:00:04;120.037
ekstensometer (ny);21.12.2021 14:00:04;120.037
ekstensometer (ny);21.12.2021 15:00:05;120.037
ekstensometer (ny);21.12.2021 16:00:07;120.037
ekstensometer (ny);21.12.2021 17:00:05;120.037
ekstensometer (ny);21.12.2021 18:00:05;120.037
ekstensometer (ny);21.12.2021 19:00:06;120.037
ekstensometer (ny);21.12.2021 20:00:07;120.037
ekstensometer (ny);21.12.2021 21:00:04;120.037
ekstensometer (ny);21.12.2021 22:00:05;120.037
ekstensometer (ny);21.12.2021 23:00:05;120.037
ekstensometer (ny);22.12.2021 00:00:07;120.037
ekstensometer (ny);22.12.2021 01:00:05;120.037
ekstensometer (ny);22.12.2021 02:00:04;120.037
ekstensometer (ny);22.12.2021 03:00:05;120.037
ekstensometer (ny);22.12.2021 04:00:07;120.037
ekstensometer (ny);22.12.2021 05:00:05;120.037
ekstensometer (ny);22.12.2021 06:00:05;120.037
ekstensometer (ny);22.12.2021 07:00:05;120.037
ekstensometer (ny);22.12.2021 08:00:06;120.037
ekstensometer (ny);22.12.2021 09:00:04;120.037
ekstensometer (ny);22.12.2021 10:00:05;120.037
ekstensometer (ny);22.12.2021 11:00:05;120.037
ekstensometer (ny);22.12.2021 12:00:06;120.037
ekstensometer (ny);22.12.2021 13:00:04;120.037
ekstensometer (ny);22.12.2021 14:00:05;120.037
ekstensometer (ny);22.12.2021 15:00:05;120.037
ekstensometer (ny);22.12.2021 16:00:27;120.037
ekstensometer (ny);22.12.2021 17:00:05;120.037
ekstensometer (ny);22.12.2021 18:00:04;120.037
ekstensometer (ny);22.12.2021 19:00:05;120.037
ekstensometer (ny);22.12.2021 20:00:26;120.037
ekstensometer (ny);22.12.2021 21:00:05;120.037
ekstensometer (ny);22.12.2021 22:00:05;120.037
ekstensometer (ny);22.12.2021 23:00:05;120.037
ekstensometer (ny);23.12.2021 00:00:07;120.037
ekstensometer (ny);23.12.2021 01:00:04;120.037
ekstensometer (ny);23.12.2021 02:00:05;120.037
ekstensometer (ny);23.12.2021 03:00:05;120.037
ekstensometer (ny);23.12.2021 04:00:07;120.037
ekstensometer (ny);23.12.2021 05:00:05;120.037
ekstensometer (ny);23.12.2021 06:00:05;120.037
ekstensometer (ny);23.12.2021 07:00:04;120.037
ekstensometer (ny);23.12.2021 08:00:07;120.037
ekstensometer (ny);23.12.2021 09:00:05;120.150
ekstensometer (ny);23.12.2021 10:00:05;120.150
ekstensometer (ny);23.12.2021 11:00:05;120.150
ekstensometer (ny);23.12.2021 12:00:07;120.150
ekstensometer (ny);23.12.2021 13:00:05;120.037
ekstensometer (ny);23.12.2021 14:00:05;120.037
ekstensometer (ny);23.12.2021 15:00:04;120.037
ekstensometer (ny);23.12.2021 16:00:07;120.150
ekstensometer (ny);23.12.2021 17:00:05;120.150
ekstensometer (ny);23.12.2021 18:00:05;120.150
ekstensometer (ny);23.12.2021 19:00:05;120.150
ekstensometer (ny);23.12.2021 20:00:07;120.150
ekstensometer (ny);23.12.2021 21:00:05;120.037
ekstensometer (ny);23.12.2021 22:00:04;120.037
ekstensometer (ny);23.12.2021 23:00:05;120.037
ekstensometer (ny);24.12.2021 00:00:07;120.037
ekstensometer (ny);24.12.2021 01:00:05;120.150
ekstensometer (ny);24.12.2021 02:00:05;120.713
ekstensometer (ny);24.12.2021 03:00:05;120.713
ekstensometer (ny);24.12.2021 04:00:06;120.713
ekstensometer (ny);24.12.2021 05:00:04;120.713
ekstensometer (ny);24.12.2021 06:00:05;120.713
ekstensometer (ny);24.12.2021 07:00:05;120.713
ekstensometer (ny);24.12.2021 08:00:07;120.713
ekstensometer (ny);24.12.2021 09:00:05;120.713
ekstensometer (ny);24.12.2021 10:00:05;121.275
ekstensometer (ny);24.12.2021 11:00:05;120.713
ekstensometer (ny);24.12.2021 12:00:06;120.713
ekstensometer (ny);24.12.2021 13:00:04;121.050
ekstensometer (ny);24.12.2021 14:00:05;120.713
ekstensometer (ny);24.12.2021 15:00:05;120.938
ekstensometer (ny);24.12.2021 16:00:26;120.938
ekstensometer (ny);24.12.2021 17:00:05;121.275
ekstensometer (ny);24.12.2021 18:00:04;121.275
ekstensometer (ny);24.12.2021 19:00:04;120.938
ekstensometer (ny);24.12.2021 20:00:07;120.938
ekstensometer (ny);24.12.2021 21:00:05;121.275
ekstensometer (ny);24.12.2021 22:00:05;120.825
ekstensometer (ny);24.12.2021 23:00:05;120.938
ekstensometer (ny);25.12.2021 00:00:07;121.275
ekstensometer (ny);25.12.2021 01:00:04;120.713
ekstensometer (ny);25.12.2021 02:00:04;121.275
ekstensometer (ny);25.12.2021 03:00:05;120.713
ekstensometer (ny);25.12.2021 04:00:07;121.275
ekstensometer (ny);25.12.2021 05:00:05;120.713
ekstensometer (ny);25.12.2021 06:00:05;121.162
ekstensometer (ny);25.12.2021 07:00:05;121.275
ekstensometer (ny);25.12.2021 08:00:07;121.050
ekstensometer (ny);25.12.2021 09:00:04;121.162
ekstensometer (ny);25.12.2021 10:00:05;120.938
ekstensometer (ny);25.12.2021 11:00:05;121.162
ekstensometer (ny);25.12.2021 12:00:07;121.162
ekstensometer (ny);25.12.2021 13:00:05;121.162
ekstensometer (ny);25.12.2021 14:00:05;121.162
ekstensometer (ny);25.12.2021 15:00:04;121.162
ekstensometer (ny);25.12.2021 16:00:07;121.162
ekstensometer (ny);25.12.2021 17:00:05;121.162
ekstensometer (ny);25.12.2021 18:00:05;121.162
ekstensometer (ny);25.12.2021 19:00:05;121.162
ekstensometer (ny);25.12.2021 20:00:07;121.162
ekstensometer (ny);25.12.2021 21:00:04;121.162
ekstensometer (ny);25.12.2021 22:00:04;121.162
ekstensometer (ny);25.12.2021 23:00:05;120.713
ekstensometer (ny);26.12.2021 00:00:07;121.162
ekstensometer (ny);26.12.2021 01:00:05;121.162
ekstensometer (ny);26.12.2021 02:00:05;121.050
ekstensometer (ny);26.12.2021 03:00:05;121.162
ekstensometer (ny);26.12.2021 04:00:06;121.162
ekstensometer (ny);26.12.2021 05:00:04;121.162
ekstensometer (ny);26.12.2021 06:00:05;121.162
ekstensometer (ny);26.12.2021 07:00:05;121.162
ekstensometer (ny);26.12.2021 08:00:28;121.162
ekstensometer (ny);26.12.2021 09:00:05;121.162
ekstensometer (ny);26.12.2021 10:00:05;121.162
ekstensometer (ny);26.12.2021 11:00:05;121.162
ekstensometer (ny);26.12.2021 12:00:06;120.938
ekstensometer (ny);26.12.2021 13:00:04;121.162
ekstensometer (ny);26.12.2021 14:00:05;120.938
ekstensometer (ny);26.12.2021 15:00:05;121.162
ekstensometer (ny);26.12.2021 16:00:07;121.162
ekstensometer (ny);26.12.2021 17:00:05;120.938
ekstensometer (ny);26.12.2021 18:00:05;121.162
ekstensometer (ny);26.12.2021 19:00:04;121.162
ekstensometer (ny);26.12.2021 20:00:07;121.162
ekstensometer (ny);26.12.2021 21:00:05;120.713
ekstensometer (ny);26.12.2021 22:00:05;121.162
ekstensometer (ny);26.12.2021 23:00:05;121.162
ekstensometer (ny);27.12.2021 00:00:07;120.938
ekstensometer (ny);27.12.2021 01:00:04;121.275
ekstensometer (ny);27.12.2021 02:00:04;120.713
ekstensometer (ny);27.12.2021 03:00:05;120.825
ekstensometer (ny);27.12.2021 04:00:07;121.275
ekstensometer (ny);27.12.2021 05:00:05;121.275
ekstensometer (ny);27.12.2021 06:00:05;121.275
ekstensometer (ny);27.12.2021 07:00:05;121.162
ekstensometer (ny);27.12.2021 08:00:06;121.275
ekstensometer (ny);27.12.2021 09:00:04;121.162
ekstensometer (ny);27.12.2021 10:00:05;121.162
ekstensometer (ny);27.12.2021 11:00:05;120.938
ekstensometer (ny);27.12.2021 12:00:07;121.162
ekstensometer (ny);27.12.2021 13:00:05;120.825
ekstensometer (ny);27.12.2021 14:00:05;121.162
ekstensometer (ny);27.12.2021 15:00:04;120.938
ekstensometer (ny);27.12.2021 16:00:07;120.938
ekstensometer (ny);27.12.2021 17:00:05;121.162
ekstensometer (ny);27.12.2021 18:00:05;121.162
ekstensometer (ny);27.12.2021 19:00:05;121.162
ekstensometer (ny);27.12.2021 20:00:07;121.162
ekstensometer (ny);27.12.2021 21:00:05;120.825
ekstensometer (ny);27.12.2021 22:00:04;121.050
ekstensometer (ny);27.12.2021 23:00:05;121.050
ekstensometer (ny);28.12.2021 00:00:07;121.050
ekstensometer (ny);28.12.2021 01:00:05;121.162
ekstensometer (ny);28.12.2021 02:00:05;121.162
ekstensometer (ny);28.12.2021 03:00:05;120.938
ekstensometer (ny);28.12.2021 04:00:06;121.162
ekstensometer (ny);28.12.2021 05:00:04;121.162
ekstensometer (ny);28.12.2021 06:00:05;121.162
ekstensometer (ny);28.12.2021 07:00:05;121.162
ekstensometer (ny);28.12.2021 08:00:07;120.938
ekstensometer (ny);28.12.2021 09:00:05;121.162
ekstensometer (ny);28.12.2021 10:00:05;121.162
ekstensometer (ny);28.12.2021 11:00:05;121.162
ekstensometer (ny);28.12.2021 12:00:07;120.825
ekstensometer (ny);28.12.2021 13:00:05;121.162
ekstensometer (ny);28.12.2021 14:00:05;120.600
ekstensometer (ny);28.12.2021 15:00:05;121.162
ekstensometer (ny);28.12.2021 16:00:27;120.713
ekstensometer (ny);28.12.2021 17:00:05;121.162
ekstensometer (ny);28.12.2021 18:00:04;120.938
ekstensometer (ny);28.12.2021 19:00:04;121.162
ekstensometer (ny);28.12.2021 20:00:07;121.162
ekstensometer (ny);28.12.2021 21:00:05;121.050
ekstensometer (ny);28.12.2021 22:00:05;121.050
ekstensometer (ny);28.12.2021 23:00:05;121.162
ekstensometer (ny);29.12.2021 00:00:06;121.162
ekstensometer (ny);29.12.2021 01:00:04;121.162
ekstensometer (ny);29.12.2021 02:00:05;121.162
ekstensometer (ny);29.12.2021 03:00:05;120.825
ekstensometer (ny);29.12.2021 04:00:07;121.162
ekstensometer (ny);29.12.2021 05:00:05;121.162
ekstensometer (ny);29.12.2021 06:00:06;121.162
ekstensometer (ny);29.12.2021 07:00:04;121.162
ekstensometer (ny);29.12.2021 08:00:07;121.162
ekstensometer (ny);29.12.2021 09:00:05;121.162
ekstensometer (ny);29.12.2021 10:00:05;120.938
ekstensometer (ny);29.12.2021 11:00:05;121.162
ekstensometer (ny);29.12.2021 12:00:06;121.162
ekstensometer (ny);29.12.2021 13:00:04;120.938
ekstensometer (ny);29.12.2021 14:00:05;121.162
ekstensometer (ny);29.12.2021 15:00:05;121.050
ekstensometer (ny);29.12.2021 16:00:07;121.162
ekstensometer (ny);29.12.2021 17:00:05;120.713
ekstensometer (ny);29.12.2021 18:00:04;121.162
ekstensometer (ny);29.12.2021 19:00:04;120.825
ekstensometer (ny);29.12.2021 20:00:07;121.162
ekstensometer (ny);29.12.2021 21:00:05;121.162
ekstensometer (ny);29.12.2021 22:00:05;121.162
ekstensometer (ny);29.12.2021 23:00:05;121.162
ekstensometer (ny);30.12.2021 00:00:07;121.162
ekstensometer (ny);30.12.2021 01:00:04;121.162
ekstensometer (ny);30.12.2021 02:00:04;121.162
ekstensometer (ny);30.12.2021 03:00:05;121.162
ekstensometer (ny);30.12.2021 04:00:07;121.162
ekstensometer (ny);30.12.2021 05:00:05;121.162
ekstensometer (ny);30.12.2021 06:00:05;120.938
ekstensometer (ny);30.12.2021 07:00:04;121.162
ekstensometer (ny);30.12.2021 08:00:07;120.600
ekstensometer (ny);30.12.2021 09:00:05;120.600
ekstensometer (ny);30.12.2021 10:00:05;120.600
ekstensometer (ny);30.12.2021 11:00:04;120.600
ekstensometer (ny);30.12.2021 12:00:07;120.600
ekstensometer (ny);30.12.2021 13:00:05;120.600
ekstensometer (ny);30.12.2021 14:00:05;120.600
ekstensometer (ny);30.12.2021 15:00:05;120.600
ekstensometer (ny);30.12.2021 16:00:07;120.600
ekstensometer (ny);30.12.2021 17:00:05;120.600
ekstensometer (ny);30.12.2021 18:00:04;120.600
ekstensometer (ny);30.12.2021 19:00:05;120.600
ekstensometer (ny);30.12.2021 20:00:07;120.600
ekstensometer (ny);30.12.2021 21:00:05;120.600
ekstensometer (ny);30.12.2021 22:00:05;120.600
ekstensometer (ny);30.12.2021 23:00:05;120.600
ekstensometer (ny);31.12.2021 00:00:06;120.600
ekstensometer (ny);31.12.2021 01:00:04;120.600
ekstensometer (ny);31.12.2021 02:00:05;120.600
ekstensometer (ny);31.12.2021 03:00:05;120.600
ekstensometer (ny);31.12.2021 04:00:07;120.600
ekstensometer (ny);31.12.2021 05:00:05;120.600
ekstensometer (ny);31.12.2021 06:00:04;120.600
ekstensometer (ny);31.12.2021 07:00:05;120.600
ekstensometer (ny);31.12.2021 08:00:07;120.600
ekstensometer (ny);31.12.2021 09:00:05;120.600
ekstensometer (ny);31.12.2021 10:00:05;120.600
ekstensometer (ny);31.12.2021 11:00:05;120.600
ekstensometer (ny);31.12.2021 12:00:27;120.600
ekstensometer (ny);31.12.2021 13:00:04;120.600
ekstensometer (ny);31.12.2021 14:00:05;120.600
ekstensometer (ny);31.12.2021 15:00:05;120.600
ekstensometer (ny);31.12.2021 16:00:27;120.600
ekstensometer (ny);31.12.2021 17:00:05;120.600
ekstensometer (ny);31.12.2021 18:00:05;120.600
ekstensometer (ny);31.12.2021 19:00:05;120.600
ekstensometer (ny);31.12.2021 20:00:07;120.600
ekstensometer (ny);31.12.2021 21:00:04;120.600
ekstensometer (ny);31.12.2021 22:00:05;120.600
ekstensometer (ny);31.12.2021 23:00:05;120.600
ekstensometer (ny);01.01.2022 00:00:07;120.600
ekstensometer (ny);01.01.2022 01:00:05;120.600
ekstensometer (ny);01.01.2022 02:00:04;120.600
ekstensometer (ny);01.01.2022 03:00:05;120.600
ekstensometer (ny);01.01.2022 04:00:07;120.600
ekstensometer (ny);01.01.2022 05:00:05;120.600
ekstensometer (ny);01.01.2022 06:00:05;120.600
ekstensometer (ny);01.01.2022 07:00:05;121.162
ekstensometer (ny);01.01.2022 08:00:07;121.162
ekstensometer (ny);01.01.2022 09:00:04;121.162
ekstensometer (ny);01.01.2022 10:00:05;121.162
ekstensometer (ny);01.01.2022 11:00:04;121.162
ekstensometer (ny);01.01.2022 12:00:07;121.162
ekstensometer (ny);01.01.2022 13:00:05;121.162
ekstensometer (ny);01.01.2022 14:00:05;121.162
ekstensometer (ny);01.01.2022 15:00:05;121.162
ekstensometer (ny);01.01.2022 16:00:07;121.162
ekstensometer (ny);01.01.2022 17:00:05;121.162
ekstensometer (ny);01.01.2022 18:00:04;121.162
ekstensometer (ny);01.01.2022 19:00:04;121.162
ekstensometer (ny);01.01.2022 20:00:07;121.162
ekstensometer (ny);01.01.2022 21:00:05;121.162
ekstensometer (ny);01.01.2022 22:00:05;120.600
ekstensometer (ny);01.01.2022 23:00:05;120.600
ekstensometer (ny);02.01.2022 00:00:07;120.600
ekstensometer (ny);02.01.2022 01:00:04;120.600
ekstensometer (ny);02.01.2022 02:00:04;120.600
ekstensometer (ny);02.01.2022 03:00:05;120.600
ekstensometer (ny);02.01.2022 04:00:08;120.600
ekstensometer (ny);02.01.2022 05:00:05;120.600
ekstensometer (ny);02.01.2022 06:00:05;120.600
ekstensometer (ny);02.01.2022 07:00:04;120.600
ekstensometer (ny);02.01.2022 08:00:07;120.600
ekstensometer (ny);02.01.2022 09:00:05;120.600
ekstensometer (ny);02.01.2022 10:00:05;120.600
ekstensometer (ny);02.01.2022 11:00:05;121.162
ekstensometer (ny);02.01.2022 12:00:07;120.600
ekstensometer (ny);02.01.2022 13:00:05;120.600
ekstensometer (ny);02.01.2022 14:00:04;120.600
ekstensometer (ny);02.01.2022 15:00:04;120.600
ekstensometer (ny);02.01.2022 16:00:26;121.162
ekstensometer (ny);02.01.2022 17:00:05;121.162
ekstensometer (ny);02.01.2022 18:00:05;121.162
ekstensometer (ny);02.01.2022 19:00:05;120.938
ekstensometer (ny);02.01.2022 20:00:06;121.162
ekstensometer (ny);02.01.2022 21:00:04;121.162
ekstensometer (ny);02.01.2022 22:00:05;121.162
ekstensometer (ny);02.01.2022 23:00:05;121.162
ekstensometer (ny);03.01.2022 00:00:07;121.162
ekstensometer (ny);03.01.2022 01:00:05;121.162
ekstensometer (ny);03.01.2022 02:00:05;121.162
ekstensometer (ny);03.01.2022 03:00:04;120.938
ekstensometer (ny);03.01.2022 04:00:07;121.162
ekstensometer (ny);03.01.2022 05:00:05;121.162
ekstensometer (ny);03.01.2022 06:00:05;121.162
ekstensometer (ny);03.01.2022 07:00:05;121.162
ekstensometer (ny);03.01.2022 08:00:07;121.162
ekstensometer (ny);03.01.2022 09:00:04;121.162
ekstensometer (ny);03.01.2022 10:00:05;121.162
ekstensometer (ny);03.01.2022 11:00:04;121.162
ekstensometer (ny);03.01.2022 12:00:38;121.162
ekstensometer (ny);03.01.2022 13:00:05;121.725
ekstensometer (ny);03.01.2022 14:00:05;121.725
ekstensometer (ny);03.01.2022 15:00:05;121.725
ekstensometer (ny);03.01.2022 16:00:41;121.725
ekstensometer (ny);03.01.2022 17:00:04;121.162
ekstensometer (ny);03.01.2022 18:00:04;121.162
ekstensometer (ny);03.01.2022 19:00:05;121.838
ekstensometer (ny);03.01.2022 20:00:07;121.838
ekstensometer (ny);03.01.2022 21:00:05;121.162
ekstensometer (ny);03.01.2022 22:00:05;121.162
ekstensometer (ny);03.01.2022 23:00:04;121.162
ekstensometer (ny);04.01.2022 00:00:07;121.162
ekstensometer (ny);04.01.2022 01:00:05;121.162
ekstensometer (ny);04.01.2022 02:00:05;121.162
ekstensometer (ny);04.01.2022 03:00:05;121.162
ekstensometer (ny);04.01.2022 04:00:07;121.162
ekstensometer (ny);04.01.2022 05:00:04;121.162
ekstensometer (ny);04.01.2022 06:00:05;121.162
ekstensometer (ny);04.01.2022 07:00:05;121.162
ekstensometer (ny);04.01.2022 08:00:07;121.725
ekstensometer (ny);04.01.2022 09:00:05;121.725
ekstensometer (ny);04.01.2022 10:00:05;121.725
ekstensometer (ny);04.01.2022 11:00:05;121.725
ekstensometer (ny);04.01.2022 12:00:07;121.725
ekstensometer (ny);04.01.2022 13:00:04;121.725
ekstensometer (ny);04.01.2022 14:00:04;121.725
ekstensometer (ny);04.01.2022 15:00:05;121.162
ekstensometer (ny);04.01.2022 16:00:07;121.162
ekstensometer (ny);04.01.2022 17:00:05;121.162
ekstensometer (ny);04.01.2022 18:00:05;121.162
ekstensometer (ny);04.01.2022 19:00:06;121.162
ekstensometer (ny);04.01.2022 20:00:07;121.162
ekstensometer (ny);04.01.2022 21:00:04;121.162
ekstensometer (ny);04.01.2022 22:00:05;121.162
ekstensometer (ny);04.01.2022 23:00:05;121.162
ekstensometer (ny);05.01.2022 00:00:07;121.838
ekstensometer (ny);05.01.2022 01:00:05;121.838
ekstensometer (ny);05.01.2022 02:00:04;121.162
ekstensometer (ny);05.01.2022 03:00:05;121.162
ekstensometer (ny);05.01.2022 04:00:07;121.838
ekstensometer (ny);05.01.2022 05:00:05;121.838
ekstensometer (ny);05.01.2022 06:00:05;121.162
ekstensometer (ny);05.01.2022 07:00:05;121.162
ekstensometer (ny);05.01.2022 08:00:06;121.162
ekstensometer (ny);05.01.2022 09:00:04;121.162
ekstensometer (ny);05.01.2022 10:00:05;121.162
ekstensometer (ny);05.01.2022 11:00:05;121.162
ekstensometer (ny);05.01.2022 12:00:07;121.162
ekstensometer (ny);05.01.2022 13:00:05;121.162
ekstensometer (ny);05.01.2022 14:00:05;121.162
ekstensometer (ny);05.01.2022 15:00:06;121.725
ekstensometer (ny);05.01.2022 16:00:27;121.162
ekstensometer (ny);05.01.2022 17:00:04;121.725
ekstensometer (ny);05.01.2022 18:00:05;121.725
ekstensometer (ny);05.01.2022 19:00:05;121.838
ekstensometer (ny);05.01.2022 20:00:07;121.725
ekstensometer (ny);05.01.2022 21:00:05;121.838
ekstensometer (ny);05.01.2022 22:00:04;121.725
ekstensometer (ny);05.01.2022 23:00:05;121.725
ekstensometer (ny);06.01.2022 00:00:07;121.725
ekstensometer (ny);06.01.2022 01:00:05;121.725
ekstensometer (ny);06.01.2022 02:00:05;121.725
ekstensometer (ny);06.01.2022 03:00:05;121.725
ekstensometer (ny);06.01.2022 04:00:07;121.725
ekstensometer (ny);06.01.2022 05:00:04;121.725
ekstensometer (ny);06.01.2022 06:00:05;121.725
ekstensometer (ny);06.01.2022 07:00:05;121.838
ekstensometer (ny);06.01.2022 08:00:07;121.838
ekstensometer (ny);06.01.2022 09:00:05;121.838
ekstensometer (ny);06.01.2022 10:00:05;121.838
ekstensometer (ny);06.01.2022 11:00:05;121.838
ekstensometer (ny);06.01.2022 12:00:06;121.838
ekstensometer (ny);06.01.2022 13:00:04;121.838
ekstensometer (ny);06.01.2022 14:00:05;121.838
ekstensometer (ny);06.01.2022 15:00:05;121.838
ekstensometer (ny);06.01.2022 16:00:07;121.838
ekstensometer (ny);06.01.2022 17:00:05;121.838
ekstensometer (ny);06.01.2022 18:00:05;121.838
ekstensometer (ny);06.01.2022 19:00:04;121.838
ekstensometer (ny);06.01.2022 20:00:07;121.838
ekstensometer (ny);06.01.2022 21:00:05;121.838
ekstensometer (ny);06.01.2022 22:00:05;121.838
ekstensometer (ny);06.01.2022 23:00:05;121.838
ekstensometer (ny);07.01.2022 00:00:07;121.838
ekstensometer (ny);07.01.2022 01:00:05;121.838
ekstensometer (ny);07.01.2022 02:00:04;121.838
ekstensometer (ny);07.01.2022 03:00:05;121.838
ekstensometer (ny);07.01.2022 04:00:07;121.838
ekstensometer (ny);07.01.2022 05:00:05;121.725
ekstensometer (ny);07.01.2022 06:00:05;121.725
ekstensometer (ny);07.01.2022 07:00:05;121.725
ekstensometer (ny);07.01.2022 08:00:26;121.725
ekstensometer (ny);07.01.2022 09:00:04;121.725
ekstensometer (ny);07.01.2022 10:00:05;121.725
ekstensometer (ny);07.01.2022 11:00:05;121.725
ekstensometer (ny);07.01.2022 12:00:07;121.725
ekstensometer (ny);07.01.2022 13:00:05;121.725
ekstensometer (ny);07.01.2022 14:00:05;121.725
ekstensometer (ny);07.01.2022 15:00:06;121.725
ekstensometer (ny);07.01.2022 16:00:07;121.725
ekstensometer (ny);07.01.2022 17:00:04;121.725
ekstensometer (ny);07.01.2022 18:00:05;121.725
ekstensometer (ny);07.01.2022 19:00:05;121.838
ekstensometer (ny);07.01.2022 20:00:07;121.838
ekstensometer (ny);07.01.2022 21:00:05;121.725
ekstensometer (ny);07.01.2022 22:00:04;121.725
ekstensometer (ny);07.01.2022 23:00:05;121.838
ekstensometer (ny);08.01.2022 00:00:07;121.838
ekstensometer (ny);08.01.2022 01:00:05;121.838
ekstensometer (ny);08.01.2022 02:00:05;121.950
ekstensometer (ny);08.01.2022 03:00:05;121.838
ekstensometer (ny);08.01.2022 04:00:07;121.725
ekstensometer (ny);08.01.2022 05:00:04;121.725
ekstensometer (ny);08.01.2022 06:00:05;121.725
ekstensometer (ny);08.01.2022 07:00:05;121.725
ekstensometer (ny);08.01.2022 08:00:07;121.725
ekstensometer (ny);08.01.2022 09:00:05;121.725
ekstensometer (ny);08.01.2022 10:00:05;121.725
ekstensometer (ny);08.01.2022 11:00:05;121.725
ekstensometer (ny);08.01.2022 12:00:07;121.725
ekstensometer (ny);08.01.2022 13:00:04;121.725
ekstensometer (ny);08.01.2022 14:00:05;121.725
ekstensometer (ny);08.01.2022 15:00:05;121.725
ekstensometer (ny);08.01.2022 16:00:07;121.838
ekstensometer (ny);08.01.2022 17:00:05;121.838
ekstensometer (ny);08.01.2022 18:00:05;121.838
ekstensometer (ny);08.01.2022 19:00:04;121.838
ekstensometer (ny);08.01.2022 20:00:07;121.838
ekstensometer (ny);08.01.2022 21:00:05;122.400
ekstensometer (ny);08.01.2022 22:00:05;122.400
ekstensometer (ny);08.01.2022 23:00:05;122.400
ekstensometer (ny);09.01.2022 00:00:07;122.400
ekstensometer (ny);09.01.2022 01:00:04;122.287
ekstensometer (ny);09.01.2022 02:00:04;122.400
ekstensometer (ny);09.01.2022 03:00:05;122.400
ekstensometer (ny);09.01.2022 04:00:07;122.400
ekstensometer (ny);09.01.2022 05:00:05;122.400
ekstensometer (ny);09.01.2022 06:00:05;122.062
ekstensometer (ny);09.01.2022 07:00:05;122.062
ekstensometer (ny);09.01.2022 08:00:07;122.062
ekstensometer (ny);09.01.2022 09:00:04;122.062
ekstensometer (ny);09.01.2022 10:00:05;121.725
ekstensometer (ny);09.01.2022 11:00:05;121.725
ekstensometer (ny);09.01.2022 12:00:07;121.725
ekstensometer (ny);09.01.2022 13:00:05;121.725
ekstensometer (ny);09.01.2022 14:00:05;121.725
ekstensometer (ny);09.01.2022 15:00:04;121.725
ekstensometer (ny);09.01.2022 16:00:07;121.725
ekstensometer (ny);09.01.2022 17:00:05;121.725
ekstensometer (ny);09.01.2022 18:00:05;121.725
ekstensometer (ny);09.01.2022 19:00:05;121.725
ekstensometer (ny);09.01.2022 20:00:07;121.725
ekstensometer (ny);09.01.2022 21:00:04;121.725
ekstensometer (ny);09.01.2022 22:00:04;121.725
ekstensometer (ny);09.01.2022 23:00:05;121.725
ekstensometer (ny);10.01.2022 00:00:07;122.287
ekstensometer (ny);10.01.2022 01:00:05;122.287
ekstensometer (ny);10.01.2022 02:00:05;122.287
ekstensometer (ny);10.01.2022 03:00:05;122.287
ekstensometer (ny);10.01.2022 04:00:06;121.725
ekstensometer (ny);10.01.2022 05:00:04;121.725
ekstensometer (ny);10.01.2022 06:00:05;121.725
ekstensometer (ny);10.01.2022 07:00:05;121.725
ekstensometer (ny);10.01.2022 08:00:27;121.725
ekstensometer (ny);10.01.2022 09:00:05;121.725
ekstensometer (ny);10.01.2022 10:00:04;121.725
ekstensometer (ny);10.01.2022 11:00:04;121.725
ekstensometer (ny);10.01.2022 12:00:07;121.725
ekstensometer (ny);10.01.2022 13:00:04;121.725
ekstensometer (ny);10.01.2022 14:00:05;121.725
ekstensometer (ny);10.01.2022 15:00:05;121.725
ekstensometer (ny);10.01.2022 16:00:07;121.725
ekstensometer (ny);10.01.2022 17:00:05;121.725
ekstensometer (ny);10.01.2022 18:00:04;121.725
ekstensometer (ny);10.01.2022 19:00:04;121.725
ekstensometer (ny);10.01.2022 20:00:27;121.725
ekstensometer (ny);10.01.2022 21:00:05;121.725
ekstensometer (ny);10.01.2022 22:00:05;121.725
ekstensometer (ny);10.01.2022 23:00:05;121.725
ekstensometer (ny);11.01.2022 00:00:07;121.725
ekstensometer (ny);11.01.2022 01:00:04;121.725
ekstensometer (ny);11.01.2022 02:00:04;121.725
ekstensometer (ny);11.01.2022 03:00:05;121.725
ekstensometer (ny);11.01.2022 04:00:07;121.725
ekstensometer (ny);11.01.2022 05:00:05;121.725
ekstensometer (ny);11.01.2022 06:00:05;121.725
ekstensometer (ny);11.01.2022 07:00:04;121.725
ekstensometer (ny);11.01.2022 08:00:07;121.725
ekstensometer (ny);11.01.2022 09:00:05;121.725
ekstensometer (ny);11.01.2022 10:00:05;121.725
ekstensometer (ny);11.01.2022 11:00:05;121.725
ekstensometer (ny);11.01.2022 12:00:07;121.725
ekstensometer (ny);11.01.2022 13:00:05;121.725
ekstensometer (ny);11.01.2022 14:00:05;121.725
ekstensometer (ny);11.01.2022 15:00:04;121.725
ekstensometer (ny);11.01.2022 16:00:27;121.725
ekstensometer (ny);11.01.2022 17:00:05;121.725
ekstensometer (ny);11.01.2022 18:00:05;121.725
ekstensometer (ny);11.01.2022 19:00:05;121.725
ekstensometer (ny);11.01.2022 20:00:07;121.725
ekstensometer (ny);11.01.2022 21:00:04;121.725
ekstensometer (ny);11.01.2022 22:00:04;121.725
ekstensometer (ny);11.01.2022 23:00:05;121.725
ekstensometer (ny);12.01.2022 00:00:07;121.725
ekstensometer (ny);12.01.2022 01:00:05;121.162
ekstensometer (ny);12.01.2022 02:00:05;121.162
ekstensometer (ny);12.01.2022 03:00:05;121.725
ekstensometer (ny);12.01.2022 04:00:06;121.162
ekstensometer (ny);12.01.2022 05:00:04;121.162
ekstensometer (ny);12.01.2022 06:00:05;121.162
ekstensometer (ny);12.01.2022 07:00:05;121.725
ekstensometer (ny);12.01.2022 08:00:07;121.725
ekstensometer (ny);12.01.2022 09:00:05;121.725
ekstensometer (ny);12.01.2022 10:00:06;121.725
ekstensometer (ny);12.01.2022 11:00:05;121.725
ekstensometer (ny);12.01.2022 12:00:07;121.162
ekstensometer (ny);12.01.2022 13:00:04;121.725
ekstensometer (ny);12.01.2022 14:00:05;121.162
ekstensometer (ny);12.01.2022 15:00:05;121.725
ekstensometer (ny);12.01.2022 16:00:07;121.162
ekstensometer (ny);12.01.2022 17:00:05;121.725
ekstensometer (ny);12.01.2022 18:00:04;121.162
ekstensometer (ny);12.01.2022 19:00:04;121.162
ekstensometer (ny);12.01.2022 20:00:07;121.162
ekstensometer (ny);12.01.2022 21:00:05;121.162
ekstensometer (ny);12.01.2022 22:00:05;121.162
ekstensometer (ny);12.01.2022 23:00:05;121.162
ekstensometer (ny);13.01.2022 00:00:07;121.162
ekstensometer (ny);13.01.2022 01:00:04;121.162
ekstensometer (ny);13.01.2022 02:00:04;121.162
ekstensometer (ny);13.01.2022 03:00:05;121.162
ekstensometer (ny);13.01.2022 04:00:07;121.162
ekstensometer (ny);13.01.2022 05:00:05;121.162
ekstensometer (ny);13.01.2022 06:00:05;121.725
ekstensometer (ny);13.01.2022 07:00:04;121.162
ekstensometer (ny);13.01.2022 08:00:07;121.162
ekstensometer (ny);13.01.2022 09:00:05;121.162
ekstensometer (ny);13.01.2022 10:00:05;121.725
ekstensometer (ny);13.01.2022 11:00:05;121.725
ekstensometer (ny);13.01.2022 12:00:07;121.725
ekstensometer (ny);13.01.2022 13:00:05;121.725
ekstensometer (ny);13.01.2022 14:00:05;121.162
ekstensometer (ny);13.01.2022 15:00:04;121.162
ekstensometer (ny);13.01.2022 16:00:07;122.287
ekstensometer (ny);13.01.2022 17:00:05;121.162
ekstensometer (ny);13.01.2022 18:00:05;121.162
ekstensometer (ny);13.01.2022 19:00:05;121.162
ekstensometer (ny);13.01.2022 20:00:26;123.750
ekstensometer (ny);13.01.2022 21:00:05;121.500
ekstensometer (ny);13.01.2022 22:00:04;121.725
ekstensometer (ny);13.01.2022 23:00:05;121.950
ekstensometer (ny);14.01.2022 00:00:07;122.287
ekstensometer (ny);14.01.2022 01:00:05;126.787
ekstensometer (ny);14.01.2022 02:00:05;151.087
ekstensometer (ny);14.01.2022 03:00:05;159.188
ekstensometer (ny);14.01.2022 04:00:06;171.900
ekstensometer (ny);14.01.2022 05:00:04;201.150
ekstensometer (ny);14.01.2022 06:00:05;202.837
ekstensometer (ny);14.01.2022 07:00:05;240.750
ekstensometer (ny);14.01.2022 08:00:07;303.862
ekstensometer (ny);14.01.2022 09:00:05;316.350
ekstensometer (ny);14.01.2022 10:00:05;326.138
ekstensometer (ny);14.01.2022 11:00:05;332.438
ekstensometer (ny);14.01.2022 12:00:06;322.650
ekstensometer (ny);14.01.2022 13:00:04;339.413
ekstensometer (ny);14.01.2022 14:00:05;340.538
ekstensometer (ny);14.01.2022 15:00:05;340.538
ekstensometer (ny);14.01.2022 16:00:28;340.538
ekstensometer (ny);14.01.2022 17:00:05;329.062
ekstensometer (ny);14.01.2022 18:00:05;329.062
ekstensometer (ny);14.01.2022 19:00:04;329.062
ekstensometer (ny);14.01.2022 20:00:07;329.062
ekstensometer (ny);14.01.2022 21:00:05;329.062
ekstensometer (ny);14.01.2022 22:00:05;329.062
ekstensometer (ny);14.01.2022 23:00:05;329.062
ekstensometer (ny);15.01.2022 00:00:07;329.062
ekstensometer (ny);15.01.2022 01:00:04;329.062
ekstensometer (ny);15.01.2022 02:00:04;329.625
ekstensometer (ny);15.01.2022 03:00:05;329.625
ekstensometer (ny);15.01.2022 04:00:07;329.625
ekstensometer (ny);15.01.2022 05:00:05;329.625
ekstensometer (ny);15.01.2022 06:00:05;329.625
ekstensometer (ny);15.01.2022 07:00:05;329.625
ekstensometer (ny);15.01.2022 08:00:06;329.625
ekstensometer (ny);15.01.2022 09:00:04;329.625
ekstensometer (ny);15.01.2022 10:00:05;329.625
ekstensometer (ny);15.01.2022 11:00:05;329.625
ekstensometer (ny);15.01.2022 12:00:27;329.625
ekstensometer (ny);15.01.2022 13:00:05;329.625
ekstensometer (ny);15.01.2022 14:00:05;329.625
ekstensometer (ny);15.01.2022 15:00:04;329.625
ekstensometer (ny);15.01.2022 16:00:07;329.625
ekstensometer (ny);15.01.2022 17:00:05;329.625
ekstensometer (ny);15.01.2022 18:00:05;329.625
ekstensometer (ny);15.01.2022 19:00:05;329.625
ekstensometer (ny);15.01.2022 20:00:07;329.625
ekstensometer (ny);15.01.2022 21:00:04;329.625
ekstensometer (ny);15.01.2022 22:00:05;329.625
ekstensometer (ny);15.01.2022 23:00:05;329.625
ekstensometer (ny);16.01.2022 00:00:07;329.625
ekstensometer (ny);16.01.2022 01:00:05;329.625
ekstensometer (ny);16.01.2022 02:00:05;329.625
ekstensometer (ny);16.01.2022 03:00:05;329.625
ekstensometer (ny);16.01.2022 04:00:07;329.625
ekstensometer (ny);16.01.2022 05:00:04;327.825
ekstensometer (ny);16.01.2022 06:00:05;309.600
ekstensometer (ny);16.01.2022 07:00:05;323.775
ekstensometer (ny);16.01.2022 08:00:07;320.962
ekstensometer (ny);16.01.2022 09:00:05;331.312
ekstensometer (ny);16.01.2022 10:00:04;309.038
ekstensometer (ny);16.01.2022 11:00:05;311.962
ekstensometer (ny);16.01.2022 12:00:07;328.500
ekstensometer (ny);16.01.2022 13:00:04;317.587
ekstensometer (ny);16.01.2022 14:00:05;312.525
ekstensometer (ny);16.01.2022 15:00:05;309.600
ekstensometer (ny);16.01.2022 16:00:07;311.962
ekstensometer (ny);16.01.2022 17:00:05;310.275
ekstensometer (ny);16.01.2022 18:00:05;1666.012
ekstensometer (ny);16.01.2022 19:00:04;1125.338
ekstensometer (ny);16.01.2022 20:00:26;1085.963
ekstensometer (ny);16.01.2022 21:00:05;381.375
ekstensometer (ny);16.01.2022 22:00:05;334.688
ekstensometer (ny);16.01.2022 23:00:05;332.438
ekstensometer (ny);17.01.2022 00:00:07;324.450
ekstensometer (ny);17.01.2022 01:00:05;321.638
ekstensometer (ny);17.01.2022 02:00:04;321.188
ekstensometer (ny);17.01.2022 03:00:05;194.288
ekstensometer (ny);17.01.2022 04:00:07;86.963
ekstensometer (ny);17.01.2022 05:00:05;86.963
ekstensometer (ny);17.01.2022 06:00:05;86.738
ekstensometer (ny);17.01.2022 07:00:05;86.400
ekstensometer (ny);17.01.2022 08:00:06;86.400
ekstensometer (ny);17.01.2022 09:00:04;86.625
ekstensometer (ny);17.01.2022 10:00:05;86.400
ekstensometer (ny);17.01.2022 11:00:04;86.400
ekstensometer (ny);17.01.2022 12:00:07;86.400
ekstensometer (ny);17.01.2022 13:00:05;86.738
ekstensometer (ny);17.01.2022 14:00:05;86.512
ekstensometer (ny);17.01.2022 15:00:05;86.400
ekstensometer (ny);17.01.2022 16:00:06;86.400
ekstensometer (ny);17.01.2022 17:00:04;86.400
ekstensometer (ny);17.01.2022 18:00:05;86.512
ekstensometer (ny);17.01.2022 19:00:05;86.625
ekstensometer (ny);17.01.2022 20:00:07;86.625
ekstensometer (ny);17.01.2022 21:00:05;86.287
ekstensometer (ny);17.01.2022 22:00:06;86.287
ekstensometer (ny);17.01.2022 23:00:04;86.287
ekstensometer (ny);18.01.2022 00:00:07;86.287
ekstensometer (ny);18.01.2022 01:00:05;86.287
ekstensometer (ny);18.01.2022 02:00:05;86.287
ekstensometer (ny);18.01.2022 03:00:05;86.287
ekstensometer (ny);18.01.2022 04:00:07;86.287
ekstensometer (ny);18.01.2022 05:00:05;86.287
ekstensometer (ny);18.01.2022 06:00:04;86.287
ekstensometer (ny);18.01.2022 07:00:05;86.287
ekstensometer (ny);18.01.2022 08:00:07;86.287
ekstensometer (ny);18.01.2022 09:00:05;86.287
ekstensometer (ny);18.01.2022 10:00:05;86.287
ekstensometer (ny);18.01.2022 11:00:05;86.287
ekstensometer (ny);18.01.2022 12:00:07;86.287
ekstensometer (ny);18.01.2022 13:00:05;86.287
ekstensometer (ny);18.01.2022 14:00:04;85.725
ekstensometer (ny);18.01.2022 15:00:04;74.925
ekstensometer (ny);18.01.2022 16:00:07;25.425
ekstensometer (ny);18.01.2022 17:00:05;-49.275
ekstensometer (ny);18.01.2022 18:00:05;-49.838
ekstensometer (ny);18.01.2022 19:00:05;-49.838
ekstensometer (ny);18.01.2022 20:00:06;-49.838
ekstensometer (ny);18.01.2022 21:00:04;-49.838
ekstensometer (ny);18.01.2022 22:00:05;-49.838
ekstensometer (ny);18.01.2022 23:00:05;-49.838
ekstensometer (ny);19.01.2022 00:00:07;-49.838
ekstensometer (ny);19.01.2022 01:00:05;-49.838
ekstensometer (ny);19.01.2022 02:00:06;-50.400
ekstensometer (ny);19.01.2022 03:00:04;-50.400
ekstensometer (ny);19.01.2022 04:00:07;-50.400
ekstensometer (ny);19.01.2022 05:00:05;-50.400
ekstensometer (ny);19.01.2022 06:00:05;-50.400
ekstensometer (ny);19.01.2022 07:00:05;-50.400
ekstensometer (ny);19.01.2022 08:00:07;-50.400
ekstensometer (ny);19.01.2022 09:00:04;-50.400
ekstensometer (ny);19.01.2022 10:00:05;-50.400
ekstensometer (ny);19.01.2022 11:00:04;-50.400
ekstensometer (ny);19.01.2022 12:00:07;-50.400
ekstensometer (ny);19.01.2022 13:00:05;-50.400
ekstensometer (ny);19.01.2022 14:00:05;-50.400
ekstensometer (ny);19.01.2022 15:00:05;-50.400
ekstensometer (ny);19.01.2022 16:00:07;-50.400
ekstensometer (ny);19.01.2022 17:00:04;-50.400
ekstensometer (ny);19.01.2022 18:00:04;-50.400
ekstensometer (ny);19.01.2022 19:00:05;-50.400
ekstensometer (ny);19.01.2022 20:00:28;-50.963
ekstensometer (ny);19.01.2022 21:00:05;-50.963
ekstensometer (ny);19.01.2022 22:00:05;-50.963
ekstensometer (ny);19.01.2022 23:00:04;-50.963
ekstensometer (ny);20.01.2022 00:00:07;-50.963
ekstensometer (ny);20.01.2022 01:00:05;-50.963
ekstensometer (ny);20.01.2022 02:00:05;-50.963
ekstensometer (ny);20.01.2022 03:00:05;-50.963
ekstensometer (ny);20.01.2022 04:00:07;-50.963
ekstensometer (ny);20.01.2022 05:00:05;-50.963
ekstensometer (ny);20.01.2022 06:00:04;-51.525
ekstensometer (ny);20.01.2022 07:00:05;-51.412
ekstensometer (ny);20.01.2022 08:00:07;-51.525
ekstensometer (ny);20.01.2022 09:00:05;-51.525
ekstensometer (ny);20.01.2022 10:00:05;-51.525
ekstensometer (ny);20.01.2022 11:00:04;-51.525
ekstensometer (ny);20.01.2022 12:00:07;-51.412
ekstensometer (ny);20.01.2022 13:00:05;-51.525
ekstensometer (ny);20.01.2022 14:00:05;-51.525
ekstensometer (ny);20.01.2022 15:00:05;-51.525
ekstensometer (ny);20.01.2022 16:00:07;-51.525
ekstensometer (ny);20.01.2022 17:00:04;-51.525
ekstensometer (ny);20.01.2022 18:00:04;-51.525
ekstensometer (ny);20.01.2022 19:00:05;-51.525
ekstensometer (ny);20.01.2022 20:00:07;-51.525
ekstensometer (ny);20.01.2022 21:00:05;-51.525
ekstensometer (ny);20.01.2022 22:00:05;-51.525
ekstensometer (ny);20.01.2022 23:00:05;-51.525
ekstensometer (ny);21.01.2022 00:00:07;-51.525
ekstensometer (ny);21.01.2022 01:00:04;-51.525
ekstensometer (ny);21.01.2022 02:00:05;-51.525
ekstensometer (ny);21.01.2022 03:00:05;-51.525
ekstensometer (ny);21.01.2022 04:00:07;-51.525
ekstensometer (ny);21.01.2022 05:00:05;-51.525
ekstensometer (ny);21.01.2022 06:00:04;-51.525
ekstensometer (ny);21.01.2022 07:00:05;-51.525
ekstensometer (ny);21.01.2022 08:00:07;-51.525
ekstensometer (ny);21.01.2022 09:00:05;-51.525
ekstensometer (ny);21.01.2022 10:00:05;-51.525
ekstensometer (ny);21.01.2022 11:00:04;-51.525
ekstensometer (ny);21.01.2022 12:00:07;-51.525
ekstensometer (ny);21.01.2022 13:00:05;-51.525
ekstensometer (ny);21.01.2022 14:00:05;-51.525
ekstensometer (ny);21.01.2022 15:00:05;-51.525
ekstensometer (ny);21.01.2022 16:00:07;-51.525
ekstensometer (ny);21.01.2022 17:00:04;-51.525
ekstensometer (ny);21.01.2022 18:00:04;-51.525
ekstensometer (ny);21.01.2022 19:00:05;-51.525
ekstensometer (ny);21.01.2022 20:00:07;-51.525
ekstensometer (ny);21.01.2022 21:00:05;-51.525
ekstensometer (ny);21.01.2022 22:00:05;-51.525
ekstensometer (ny);21.01.2022 23:00:05;-51.525
ekstensometer (ny);22.01.2022 00:00:07;-51.525
ekstensometer (ny);22.01.2022 01:00:04;-51.525
ekstensometer (ny);22.01.2022 02:00:05;-51.525
ekstensometer (ny);22.01.2022 03:00:05;-51.525
ekstensometer (ny);22.01.2022 04:00:07;-51.525
ekstensometer (ny);22.01.2022 05:00:05;-51.525
ekstensometer (ny);22.01.2022 06:00:04;-51.525
ekstensometer (ny);22.01.2022 07:00:05;-51.525
ekstensometer (ny);22.01.2022 08:00:07;-51.525
ekstensometer (ny);22.01.2022 09:00:05;-51.525
ekstensometer (ny);22.01.2022 10:00:05;-51.525
ekstensometer (ny);22.01.2022 11:00:05;-51.525
ekstensometer (ny);22.01.2022 12:00:07;-51.525
ekstensometer (ny);22.01.2022 13:00:05;-51.525
ekstensometer (ny);22.01.2022 14:00:04;-51.525
ekstensometer (ny);22.01.2022 15:00:04;-51.525
ekstensometer (ny);22.01.2022 16:00:07;-51.525
ekstensometer (ny);22.01.2022 17:00:05;-51.525
ekstensometer (ny);22.01.2022 18:00:05;-51.525
ekstensometer (ny);22.01.2022 19:00:06;-51.525
ekstensometer (ny);22.01.2022 20:00:07;-52.088
ekstensometer (ny);22.01.2022 21:00:04;-52.088
ekstensometer (ny);22.01.2022 22:00:05;-52.088
ekstensometer (ny);22.01.2022 23:00:05;-52.088
ekstensometer (ny);23.01.2022 00:00:07;-52.088
ekstensometer (ny);23.01.2022 01:00:05;-52.088
ekstensometer (ny);23.01.2022 02:00:04;-52.088
ekstensometer (ny);23.01.2022 03:00:05;-52.088
ekstensometer (ny);23.01.2022 04:00:07;-52.088
ekstensometer (ny);23.01.2022 05:00:05;-52.650
ekstensometer (ny);23.01.2022 06:00:05;-52.650
ekstensometer (ny);23.01.2022 07:00:05;-53.213
ekstensometer (ny);23.01.2022 08:00:06;-53.213
ekstensometer (ny);23.01.2022 09:00:04;-53.213
ekstensometer (ny);23.01.2022 10:00:05;-53.213
ekstensometer (ny);23.01.2022 11:00:05;-53.213
ekstensometer (ny);23.01.2022 12:00:07;-53.213
ekstensometer (ny);23.01.2022 13:00:04;-53.213
ekstensometer (ny);23.01.2022 14:00:04;-53.213
ekstensometer (ny);23.01.2022 15:00:05;-53.213
ekstensometer (ny);23.01.2022 16:00:07;-53.213
ekstensometer (ny);23.01.2022 17:00:05;-53.213
ekstensometer (ny);23.01.2022 18:00:05;-53.213
ekstensometer (ny);23.01.2022 19:00:06;-53.213
ekstensometer (ny);23.01.2022 20:00:07;-53.213
ekstensometer (ny);23.01.2022 21:00:04;-53.213
ekstensometer (ny);23.01.2022 22:00:05;-53.213
ekstensometer (ny);23.01.2022 23:00:05;-53.213
ekstensometer (ny);24.01.2022 00:00:07;-53.213
ekstensometer (ny);24.01.2022 01:00:05;-53.213
ekstensometer (ny);24.01.2022 02:00:04;-53.213
ekstensometer (ny);24.01.2022 03:00:05;-53.213
ekstensometer (ny);24.01.2022 04:00:07;-53.213
ekstensometer (ny);24.01.2022 05:00:05;-53.213
ekstensometer (ny);24.01.2022 06:00:05;-53.213
ekstensometer (ny);24.01.2022 07:00:05;-53.775
ekstensometer (ny);24.01.2022 08:00:07;-143.100
ekstensometer (ny);24.01.2022 09:00:04;-143.100
ekstensometer (ny);24.01.2022 10:00:05;-143.100
ekstensometer (ny);24.01.2022 11:00:05;-143.100
ekstensometer (ny);24.01.2022 12:00:27;-143.100
ekstensometer (ny);24.01.2022 13:00:05;-143.100
ekstensometer (ny);24.01.2022 14:00:05;-143.100
ekstensometer (ny);24.01.2022 15:00:04;-143.100
ekstensometer (ny);24.01.2022 16:00:27;-143.100
ekstensometer (ny);24.01.2022 17:00:05;-143.100
ekstensometer (ny);24.01.2022 18:00:05;-143.100
ekstensometer (ny);24.01.2022 19:00:05;-143.100
ekstensometer (ny);24.01.2022 20:00:07;-143.100
ekstensometer (ny);24.01.2022 21:00:05;-143.100
ekstensometer (ny);24.01.2022 22:00:04;-143.100
ekstensometer (ny);24.01.2022 23:00:05;-143.100
ekstensometer (ny);25.01.2022 00:00:07;-143.100
ekstensometer (ny);25.01.2022 01:00:05;-143.100
ekstensometer (ny);25.01.2022 02:00:05;-143.100
ekstensometer (ny);25.01.2022 03:00:05;-143.100
ekstensometer (ny);25.01.2022 04:00:07;-143.100
ekstensometer (ny);25.01.2022 05:00:04;-143.100
ekstensometer (ny);25.01.2022 06:00:05;-143.100
ekstensometer (ny);25.01.2022 07:00:05;-143.100
ekstensometer (ny);25.01.2022 08:00:07;-143.100
ekstensometer (ny);25.01.2022 09:00:05;-143.100
ekstensometer (ny);25.01.2022 10:00:05;-143.100
ekstensometer (ny);25.01.2022 11:00:04;-143.100
ekstensometer (ny);25.01.2022 12:00:07;-143.100
ekstensometer (ny);25.01.2022 13:00:05;-143.100
ekstensometer (ny);25.01.2022 14:00:05;-143.100
ekstensometer (ny);25.01.2022 15:00:05;-143.100
ekstensometer (ny);25.01.2022 16:00:06;-143.100
ekstensometer (ny);25.01.2022 17:00:04;-143.100
ekstensometer (ny);25.01.2022 18:00:05;-143.100
ekstensometer (ny);25.01.2022 19:00:05;-142.988
ekstensometer (ny);25.01.2022 20:00:07;-143.100
ekstensometer (ny);25.01.2022 21:00:05;-143.100
ekstensometer (ny);25.01.2022 22:00:05;-143.100
ekstensometer (ny);25.01.2022 23:00:04;-143.100
ekstensometer (ny);26.01.2022 00:00:07;-143.100
ekstensometer (ny);26.01.2022 01:00:05;-143.100
ekstensometer (ny);26.01.2022 02:00:05;-143.100
ekstensometer (ny);26.01.2022 03:00:05;-143.100
ekstensometer (ny);26.01.2022 04:00:07;-143.100
ekstensometer (ny);26.01.2022 05:00:04;-143.100
ekstensometer (ny);26.01.2022 06:00:04;-143.100
ekstensometer (ny);26.01.2022 07:00:05;-143.100
ekstensometer (ny);26.01.2022 08:00:27;-143.100
ekstensometer (ny);26.01.2022 09:00:05;-143.100
ekstensometer (ny);26.01.2022 10:00:05;-143.100
ekstensometer (ny);26.01.2022 11:00:05;-143.100
ekstensometer (ny);26.01.2022 12:00:27;-143.100
ekstensometer (ny);26.01.2022 13:00:04;-143.100
ekstensometer (ny);26.01.2022 14:00:05;-143.100
ekstensometer (ny);26.01.2022 15:00:05;-143.100
ekstensometer (ny);26.01.2022 16:00:07;-143.100
ekstensometer (ny);26.01.2022 17:00:05;-143.100
ekstensometer (ny);26.01.2022 18:00:06;-143.100
ekstensometer (ny);26.01.2022 19:00:04;-143.100
ekstensometer (ny);26.01.2022 20:00:07;-143.100
ekstensometer (ny);26.01.2022 21:00:05;-143.100
ekstensometer (ny);26.01.2022 22:00:05;-143.100
ekstensometer (ny);26.01.2022 23:00:05;-143.100
ekstensometer (ny);27.01.2022 00:00:07;-143.100
ekstensometer (ny);27.01.2022 01:00:04;-143.100
ekstensometer (ny);27.01.2022 02:00:05;-143.100
ekstensometer (ny);27.01.2022 03:00:05;-143.100
ekstensometer (ny);27.01.2022 04:00:07;-143.100
ekstensometer (ny);27.01.2022 05:00:05;-143.100
ekstensometer (ny);27.01.2022 06:00:05;-143.100
ekstensometer (ny);27.01.2022 07:00:04;-143.100
ekstensometer (ny);27.01.2022 08:00:07;-143.100
ekstensometer (ny);27.01.2022 09:00:05;-143.100
ekstensometer (ny);27.01.2022 10:00:05;-143.100
ekstensometer (ny);27.01.2022 11:00:04;-143.100
ekstensometer (ny);27.01.2022 12:00:07;-143.100
ekstensometer (ny);27.01.2022 13:00:05;-143.100
ekstensometer (ny);27.01.2022 14:00:05;-143.100
ekstensometer (ny);27.01.2022 15:00:05;-143.100
ekstensometer (ny);27.01.2022 16:00:07;-143.100
ekstensometer (ny);27.01.2022 17:00:04;-143.100
ekstensometer (ny);27.01.2022 18:00:04;-143.100
ekstensometer (ny);27.01.2022 19:00:05;-143.100
ekstensometer (ny);27.01.2022 20:00:07;-142.988
ekstensometer (ny);27.01.2022 21:00:05;-143.100
ekstensometer (ny);27.01.2022 22:00:05;-143.100
ekstensometer (ny);27.01.2022 23:00:06;-143.100
ekstensometer (ny);28.01.2022 00:00:07;-143.100
ekstensometer (ny);28.01.2022 01:00:04;-143.100
ekstensometer (ny);28.01.2022 02:00:05;-143.100
ekstensometer (ny);28.01.2022 03:00:05;-142.988
ekstensometer (ny);28.01.2022 04:00:07;-142.988
ekstensometer (ny);28.01.2022 05:00:05;-142.988
ekstensometer (ny);28.01.2022 06:00:04;-142.988
ekstensometer (ny);28.01.2022 07:00:05;-143.100
ekstensometer (ny);28.01.2022 08:00:07;-142.988
ekstensometer (ny);28.01.2022 09:00:05;-142.988
ekstensometer (ny);28.01.2022 10:00:05;-142.988
ekstensometer (ny);28.01.2022 11:00:05;-142.988
ekstensometer (ny);28.01.2022 12:00:07;-142.988
ekstensometer (ny);28.01.2022 13:00:05;-142.988
ekstensometer (ny);28.01.2022 14:00:04;-142.988
ekstensometer (ny);28.01.2022 15:00:04;-142.988
ekstensometer (ny);28.01.2022 16:00:27;-142.988
ekstensometer (ny);28.01.2022 17:00:05;-143.100
ekstensometer (ny);28.01.2022 18:00:05;-142.988
ekstensometer (ny);28.01.2022 19:00:05;-142.988
ekstensometer (ny);28.01.2022 20:00:07;-143.100
ekstensometer (ny);28.01.2022 21:00:04;-143.100
ekstensometer (ny);28.01.2022 22:00:04;-143.100
ekstensometer (ny);28.01.2022 23:00:05;-143.100
ekstensometer (ny);29.01.2022 00:00:07;-143.100
ekstensometer (ny);29.01.2022 01:00:05;-143.100
ekstensometer (ny);29.01.2022 02:00:05;-143.100
ekstensometer (ny);29.01.2022 03:00:04;-143.100
ekstensometer (ny);29.01.2022 04:00:07;-143.100
ekstensometer (ny);29.01.2022 05:00:05;-143.100
ekstensometer (ny);29.01.2022 06:00:05;-143.100
ekstensometer (ny);29.01.2022 07:00:05;-143.100
ekstensometer (ny);29.01.2022 08:00:07;-143.100
ekstensometer (ny);29.01.2022 09:00:05;-143.100
ekstensometer (ny);29.01.2022 10:00:04;-143.100
ekstensometer (ny);29.01.2022 11:00:04;-143.100
ekstensometer (ny);29.01.2022 12:00:07;-143.100
ekstensometer (ny);29.01.2022 13:00:05;-143.100
ekstensometer (ny);29.01.2022 14:00:05;-143.100
ekstensometer (ny);29.01.2022 15:00:05;-143.100
ekstensometer (ny);29.01.2022 16:00:07;-143.100
ekstensometer (ny);29.01.2022 17:00:05;-143.100
ekstensometer (ny);29.01.2022 18:00:04;-142.988
ekstensometer (ny);29.01.2022 19:00:04;-142.988
ekstensometer (ny);29.01.2022 20:00:07;-142.988
ekstensometer (ny);29.01.2022 21:00:05;-143.100
ekstensometer (ny);29.01.2022 22:00:05;-142.988
ekstensometer (ny);29.01.2022 23:00:05;-142.988
ekstensometer (ny);30.01.2022 00:00:06;-143.100
ekstensometer (ny);30.01.2022 01:00:04;-143.100
ekstensometer (ny);30.01.2022 02:00:05;-143.100
ekstensometer (ny);30.01.2022 03:00:05;-143.100
ekstensometer (ny);30.01.2022 04:00:07;-143.100
ekstensometer (ny);30.01.2022 05:00:05;-143.100
ekstensometer (ny);30.01.2022 06:00:05;-143.100
ekstensometer (ny);30.01.2022 07:00:04;-143.100
ekstensometer (ny);30.01.2022 08:00:07;-143.100
ekstensometer (ny);30.01.2022 09:00:05;-143.100
ekstensometer (ny);30.01.2022 10:00:05;-143.100
ekstensometer (ny);30.01.2022 11:00:05;-143.100
ekstensometer (ny);30.01.2022 12:00:07;-143.100
ekstensometer (ny);30.01.2022 13:00:05;-143.100
ekstensometer (ny);30.01.2022 14:00:05;-143.100
ekstensometer (ny);30.01.2022 15:00:04;-143.100
ekstensometer (ny);30.01.2022 16:00:07;-142.988
ekstensometer (ny);30.01.2022 17:00:05;-142.988
ekstensometer (ny);30.01.2022 18:00:05;-142.988
ekstensometer (ny);30.01.2022 19:00:05;-142.988
ekstensometer (ny);30.01.2022 20:00:27;-142.988
ekstensometer (ny);30.01.2022 21:00:05;-142.988
ekstensometer (ny);30.01.2022 22:00:04;-142.988
ekstensometer (ny);30.01.2022 23:00:05;-142.988
ekstensometer (ny);31.01.2022 00:00:07;-142.988
ekstensometer (ny);31.01.2022 01:00:05;-142.988
ekstensometer (ny);31.01.2022 02:00:05;-142.988
ekstensometer (ny);31.01.2022 03:00:05;-142.988
ekstensometer (ny);31.01.2022 04:00:06;-142.988
ekstensometer (ny);31.01.2022 05:00:04;-142.988
ekstensometer (ny);31.01.2022 06:00:05;-142.988
ekstensometer (ny);31.01.2022 07:00:05;-142.988
ekstensometer (ny);31.01.2022 08:00:07;-142.988
ekstensometer (ny);31.01.2022 09:00:05;-142.988
ekstensometer (ny);31.01.2022 10:00:04;-142.988
ekstensometer (ny);31.01.2022 11:00:04;-142.988
ekstensometer (ny);31.01.2022 12:00:07;-142.988
ekstensometer (ny);31.01.2022 13:00:04;-142.988
ekstensometer (ny);31.01.2022 14:00:05;-142.988
ekstensometer (ny);31.01.2022 15:00:05;-142.988
ekstensometer (ny);31.01.2022 16:00:07;-142.988
ekstensometer (ny);31.01.2022 17:00:05;-142.988
ekstensometer (ny);31.01.2022 18:00:04;-142.988
ekstensometer (ny);31.01.2022 19:00:04;-142.988
ekstensometer (ny);31.01.2022 20:00:07;-142.988
ekstensometer (ny);31.01.2022 21:00:05;-142.988
ekstensometer (ny);31.01.2022 22:00:05;-142.988
ekstensometer (ny);31.01.2022 23:00:05;-142.988
ekstensometer (ny);01.02.2022 00:00:06;-142.988
ekstensometer (ny);01.02.2022 01:00:04;-142.988
ekstensometer (ny);01.02.2022 02:00:04;-142.988
ekstensometer (ny);01.02.2022 03:00:05;-142.988
ekstensometer (ny);01.02.2022 04:00:07;-142.988
ekstensometer (ny);01.02.2022 05:00:05;-142.988
ekstensometer (ny);01.02.2022 06:00:05;-142.988
ekstensometer (ny);01.02.2022 07:00:04;-142.988
ekstensometer (ny);01.02.2022 08:00:07;-142.988
ekstensometer (ny);01.02.2022 09:00:05;-142.988
ekstensometer (ny);01.02.2022 10:00:05;-142.988
ekstensometer (ny);01.02.2022 11:00:05;-142.988
ekstensometer (ny);01.02.2022 12:00:07;-142.988
ekstensometer (ny);01.02.2022 13:00:05;-143.100
ekstensometer (ny);01.02.2022 14:00:04;-143.100
ekstensometer (ny);01.02.2022 15:00:04;-142.988
ekstensometer (ny);01.02.2022 16:00:07;-142.988
ekstensometer (ny);01.02.2022 17:00:05;-142.988
ekstensometer (ny);01.02.2022 18:00:05;-142.988
ekstensometer (ny);01.02.2022 19:00:05;-142.988
ekstensometer (ny);01.02.2022 20:00:27;-142.988
ekstensometer (ny);01.02.2022 21:00:04;-142.988
ekstensometer (ny);01.02.2022 22:00:04;-142.988
ekstensometer (ny);01.02.2022 23:00:05;-142.988
ekstensometer (ny);02.02.2022 00:00:07;-142.988
ekstensometer (ny);02.02.2022 01:00:05;-142.988
ekstensometer (ny);02.02.2022 02:00:05;-143.100
ekstensometer (ny);02.02.2022 03:00:04;-142.988
ekstensometer (ny);02.02.2022 04:00:07;-143.100
ekstensometer (ny);02.02.2022 05:00:04;-143.100
ekstensometer (ny);02.02.2022 06:00:05;-142.988
ekstensometer (ny);02.02.2022 07:00:05;-143.100
ekstensometer (ny);02.02.2022 08:00:07;-142.988
ekstensometer (ny);02.02.2022 09:00:05;-142.988
ekstensometer (ny);02.02.2022 10:00:04;-142.988
ekstensometer (ny);02.02.2022 11:00:04;-142.988
ekstensometer (ny);02.02.2022 12:00:07;-143.100
ekstensometer (ny);02.02.2022 13:00:05;-143.100
ekstensometer (ny);02.02.2022 14:00:05;-143.100
ekstensometer (ny);02.02.2022 15:00:05;-142.988
ekstensometer (ny);02.02.2022 16:00:07;-143.100
ekstensometer (ny);02.02.2022 17:00:04;-143.100
ekstensometer (ny);02.02.2022 18:00:04;-143.100
ekstensometer (ny);02.02.2022 19:00:04;-143.100
ekstensometer (ny);02.02.2022 20:00:07;-142.988
ekstensometer (ny);02.02.2022 21:00:05;-142.988
ekstensometer (ny);02.02.2022 22:00:05;-142.988
ekstensometer (ny);02.02.2022 23:00:05;-142.988
ekstensometer (ny);03.02.2022 00:00:06;-143.100
ekstensometer (ny);03.02.2022 01:00:04;-142.988
ekstensometer (ny);03.02.2022 02:00:05;-143.100
ekstensometer (ny);03.02.2022 03:00:05;-142.988
ekstensometer (ny);03.02.2022 04:00:07;-143.100
ekstensometer (ny);03.02.2022 05:00:05;-142.988
ekstensometer (ny);03.02.2022 06:00:04;-142.988
ekstensometer (ny);03.02.2022 07:00:05;-142.988
ekstensometer (ny);03.02.2022 08:00:07;-142.988
ekstensometer (ny);03.02.2022 09:00:05;-142.988
ekstensometer (ny);03.02.2022 10:00:05;-143.100
ekstensometer (ny);03.02.2022 11:00:05;-143.100
ekstensometer (ny);03.02.2022 12:00:07;-143.100
ekstensometer (ny);03.02.2022 13:00:05;-143.100
ekstensometer (ny);03.02.2022 14:00:04;-143.100
ekstensometer (ny);03.02.2022 15:00:04;-143.100
ekstensometer (ny);03.02.2022 16:00:07;-143.100
ekstensometer (ny);03.02.2022 17:00:05;-143.100
ekstensometer (ny);03.02.2022 18:00:05;-143.100
ekstensometer (ny);03.02.2022 19:00:05;-143.100
ekstensometer (ny);03.02.2022 20:00:26;-143.100
ekstensometer (ny);03.02.2022 21:00:04;-143.100
ekstensometer (ny);03.02.2022 22:00:04;-143.100
ekstensometer (ny);03.02.2022 23:00:05;-143.100
ekstensometer (ny);04.02.2022 00:00:07;-143.100
ekstensometer (ny);04.02.2022 01:00:05;-143.100
ekstensometer (ny);04.02.2022 02:00:06;-143.100
ekstensometer (ny);04.02.2022 03:00:04;-143.100
ekstensometer (ny);04.02.2022 04:00:12;-142.988
ekstensometer (ny);04.02.2022 05:00:05;-142.988
ekstensometer (ny);04.02.2022 06:00:05;-142.988
ekstensometer (ny);04.02.2022 07:00:05;-143.100
ekstensometer (ny);04.02.2022 08:00:40;-142.988
ekstensometer (ny);04.02.2022 09:00:04;-143.100
ekstensometer (ny);04.02.2022 10:00:05;-142.988
ekstensometer (ny);04.02.2022 11:00:05;-143.100
ekstensometer (ny);04.02.2022 12:00:07;-142.988
ekstensometer (ny);04.02.2022 13:00:05;-142.988
ekstensometer (ny);04.02.2022 14:00:04;-142.988
ekstensometer (ny);04.02.2022 15:00:04;-142.988
ekstensometer (ny);04.02.2022 16:00:07;-142.988
ekstensometer (ny);04.02.2022 17:00:05;-142.988
ekstensometer (ny);04.02.2022 18:00:05;-142.988
ekstensometer (ny);04.02.2022 19:00:05;-142.988
ekstensometer (ny);04.02.2022 20:00:07;-142.988
ekstensometer (ny);04.02.2022 21:00:04;-142.988
ekstensometer (ny);04.02.2022 22:00:04;-142.988
ekstensometer (ny);04.02.2022 23:00:05;-143.100
ekstensometer (ny);05.02.2022 00:00:07;-143.100
ekstensometer (ny);05.02.2022 01:00:05;-143.100
ekstensometer (ny);05.02.2022 02:00:05;-143.100
ekstensometer (ny);05.02.2022 03:00:04;-143.100
ekstensometer (ny);05.02.2022 04:00:07;-142.988
ekstensometer (ny);05.02.2022 05:00:05;-142.988
ekstensometer (ny);05.02.2022 06:00:05;-142.988
ekstensometer (ny);05.02.2022 07:00:05;-142.988
ekstensometer (ny);05.02.2022 08:00:07;-143.100
ekstensometer (ny);05.02.2022 09:00:05;-143.100
ekstensometer (ny);05.02.2022 10:00:04;-143.100
ekstensometer (ny);05.02.2022 11:00:05;-142.988
ekstensometer (ny);05.02.2022 12:00:07;-143.100
ekstensometer (ny);05.02.2022 13:00:05;-143.100
ekstensometer (ny);05.02.2022 14:00:04;-143.100
ekstensometer (ny);05.02.2022 15:00:04;-143.100
ekstensometer (ny);05.02.2022 16:00:07;-142.988
ekstensometer (ny);05.02.2022 17:00:05;-143.100
ekstensometer (ny);05.02.2022 18:00:05;-143.100
ekstensometer (ny);05.02.2022 19:00:05;-143.100
ekstensometer (ny);05.02.2022 20:00:06;-143.100
ekstensometer (ny);05.02.2022 21:00:04;-143.100
ekstensometer (ny);05.02.2022 22:00:05;-142.988
ekstensometer (ny);05.02.2022 23:00:05;-142.988
ekstensometer (ny);06.02.2022 00:00:13;-142.988
ekstensometer (ny);06.02.2022 01:00:05;-142.988
ekstensometer (ny);06.02.2022 02:00:06;-143.100
ekstensometer (ny);06.02.2022 03:00:04;-142.988
ekstensometer (ny);06.02.2022 04:00:07;-142.988
ekstensometer (ny);06.02.2022 05:00:05;-142.988
ekstensometer (ny);06.02.2022 06:00:05;-142.988
ekstensometer (ny);06.02.2022 07:00:05;-142.988
ekstensometer (ny);06.02.2022 08:00:07;-142.988
ekstensometer (ny);06.02.2022 09:00:04;-142.988
ekstensometer (ny);06.02.2022 10:00:05;-142.988
ekstensometer (ny);06.02.2022 11:00:04;-143.100
ekstensometer (ny);06.02.2022 12:00:07;-143.100
ekstensometer (ny);06.02.2022 13:00:05;-142.988
ekstensometer (ny);06.02.2022 14:00:05;-143.100
ekstensometer (ny);06.02.2022 15:00:05;-142.988
ekstensometer (ny);06.02.2022 16:00:07;-143.100
ekstensometer (ny);06.02.2022 17:00:04;-142.988
ekstensometer (ny);06.02.2022 18:00:04;-143.100
ekstensometer (ny);06.02.2022 19:00:05;-142.988
ekstensometer (ny);06.02.2022 20:00:07;-142.988
ekstensometer (ny);06.02.2022 21:00:05;-143.100
ekstensometer (ny);06.02.2022 22:00:05;-143.100
ekstensometer (ny);06.02.2022 23:00:04;-143.100
ekstensometer (ny);07.02.2022 00:00:07;-143.100
ekstensometer (ny);07.02.2022 01:00:05;-143.100
ekstensometer (ny);07.02.2022 02:00:05;-142.988
ekstensometer (ny);07.02.2022 03:00:05;-143.100
ekstensometer (ny);07.02.2022 04:00:07;-143.100
ekstensometer (ny);07.02.2022 05:00:05;-143.100
ekstensometer (ny);07.02.2022 06:00:04;-143.100
ekstensometer (ny);07.02.2022 07:00:05;-143.100
ekstensometer (ny);07.02.2022 08:00:07;-143.100
ekstensometer (ny);07.02.2022 09:00:05;-143.100
ekstensometer (ny);07.02.2022 10:00:05;-143.100
ekstensometer (ny);07.02.2022 11:00:05;-143.100
ekstensometer (ny);07.02.2022 12:00:27;-143.100
ekstensometer (ny);07.02.2022 13:00:04;-143.100
ekstensometer (ny);07.02.2022 14:00:05;-143.100
ekstensometer (ny);07.02.2022 15:00:05;-143.100
ekstensometer (ny);07.02.2022 16:00:07;-143.100
ekstensometer (ny);07.02.2022 17:00:05;-143.100
ekstensometer (ny);07.02.2022 18:00:05;-143.100
ekstensometer (ny);07.02.2022 19:00:04;-143.100
ekstensometer (ny);07.02.2022 20:00:07;-143.100
ekstensometer (ny);07.02.2022 21:00:05;-143.100
ekstensometer (ny);07.02.2022 22:00:05;-143.100
ekstensometer (ny);07.02.2022 23:00:05;-143.100
ekstensometer (ny);08.02.2022 00:00:27;-143.100
ekstensometer (ny);08.02.2022 01:00:05;-143.100
ekstensometer (ny);08.02.2022 02:00:04;-143.100
ekstensometer (ny);08.02.2022 03:00:05;-143.100
ekstensometer (ny);08.02.2022 04:00:07;-143.100
ekstensometer (ny);08.02.2022 05:00:05;-143.100
ekstensometer (ny);08.02.2022 06:00:05;-143.100
ekstensometer (ny);08.02.2022 07:00:05;-143.100
ekstensometer (ny);08.02.2022 08:00:07;-143.100
ekstensometer (ny);08.02.2022 09:00:04;-143.100
ekstensometer (ny);08.02.2022 10:00:05;-143.100
ekstensometer (ny);08.02.2022 11:00:04;-143.100
ekstensometer (ny);08.02.2022 12:00:07;-143.100
ekstensometer (ny);08.02.2022 13:00:05;-143.100
ekstensometer (ny);08.02.2022 14:00:05;-143.100
ekstensometer (ny);08.02.2022 15:00:05;-143.100
ekstensometer (ny);08.02.2022 16:00:40;-143.100
ekstensometer (ny);08.02.2022 17:00:05;-143.100
ekstensometer (ny);08.02.2022 18:00:04;-143.100
ekstensometer (ny);08.02.2022 19:00:04;-143.100
ekstensometer (ny);08.02.2022 20:00:07;-143.100
ekstensometer (ny);08.02.2022 21:00:05;-143.100
ekstensometer (ny);08.02.2022 22:00:05;-143.100
ekstensometer (ny);08.02.2022 23:00:05;-143.100
ekstensometer (ny);09.02.2022 00:00:07;-143.100
ekstensometer (ny);09.02.2022 01:00:04;-143.100
ekstensometer (ny);09.02.2022 02:00:04;-143.100
ekstensometer (ny);09.02.2022 03:00:05;-143.100
ekstensometer (ny);09.02.2022 04:00:07;-143.100
ekstensometer (ny);09.02.2022 05:00:05;-143.100
ekstensometer (ny);09.02.2022 06:00:05;-143.100
ekstensometer (ny);09.02.2022 07:00:04;-143.100
ekstensometer (ny);09.02.2022 08:00:07;-143.100
ekstensometer (ny);09.02.2022 09:00:05;-143.100
ekstensometer (ny);09.02.2022 10:00:05;-142.988
ekstensometer (ny);09.02.2022 11:00:05;-143.100
ekstensometer (ny);09.02.2022 12:00:07;-143.100
ekstensometer (ny);09.02.2022 13:00:05;-143.100
ekstensometer (ny);09.02.2022 14:00:05;-143.100
ekstensometer (ny);09.02.2022 15:00:04;-143.100
ekstensometer (ny);09.02.2022 16:00:26;-143.100
ekstensometer (ny);09.02.2022 17:00:05;-142.988
ekstensometer (ny);09.02.2022 18:00:05;-143.100
ekstensometer (ny);09.02.2022 19:00:05;-143.100
ekstensometer (ny);09.02.2022 20:00:07;-143.100
ekstensometer (ny);09.02.2022 21:00:04;-143.100
ekstensometer (ny);09.02.2022 22:00:04;-143.100
ekstensometer (ny);09.02.2022 23:00:05;-143.100
ekstensometer (ny);10.02.2022 00:00:07;-143.100
ekstensometer (ny);10.02.2022 01:00:05;-142.988
ekstensometer (ny);10.02.2022 02:00:05;-142.988
ekstensometer (ny);10.02.2022 03:00:05;-143.100
ekstensometer (ny);10.02.2022 04:00:06;-142.988
ekstensometer (ny);10.02.2022 05:00:04;-143.100
ekstensometer (ny);10.02.2022 06:00:05;-143.100
ekstensometer (ny);10.02.2022 07:00:05;-143.100
ekstensometer (ny);10.02.2022 08:00:07;-143.100
ekstensometer (ny);10.02.2022 09:00:05;-143.100
ekstensometer (ny);10.02.2022 10:00:06;-143.100
ekstensometer (ny);10.02.2022 11:00:05;-143.100
ekstensometer (ny);10.02.2022 12:00:07;-143.100
ekstensometer (ny);10.02.2022 13:00:05;-143.100
ekstensometer (ny);10.02.2022 14:00:05;-143.100
ekstensometer (ny);10.02.2022 15:00:05;-143.100
ekstensometer (ny);10.02.2022 16:00:06;-142.988
ekstensometer (ny);10.02.2022 17:00:04;-143.100
ekstensometer (ny);10.02.2022 18:00:05;-142.988
ekstensometer (ny);10.02.2022 19:00:05;-142.988
ekstensometer (ny);10.02.2022 20:00:27;-142.988
ekstensometer (ny);10.02.2022 21:00:05;-142.988
ekstensometer (ny);10.02.2022 22:00:04;-142.988
ekstensometer (ny);10.02.2022 23:00:05;-142.988
ekstensometer (ny);11.02.2022 00:00:07;-142.988
ekstensometer (ny);11.02.2022 01:00:05;-142.988
ekstensometer (ny);11.02.2022 02:00:05;-142.988
ekstensometer (ny);11.02.2022 03:00:05;-142.988
ekstensometer (ny);11.02.2022 04:00:07;-142.988
ekstensometer (ny);11.02.2022 05:00:04;-142.988
ekstensometer (ny);11.02.2022 06:00:05;-142.988
ekstensometer (ny);11.02.2022 07:00:05;-142.988
ekstensometer (ny);11.02.2022 08:00:07;-142.988
ekstensometer (ny);11.02.2022 09:00:05;-142.988
ekstensometer (ny);11.02.2022 10:00:05;-142.988
ekstensometer (ny);11.02.2022 11:00:05;-142.988
ekstensometer (ny);11.02.2022 12:00:07;-142.988
ekstensometer (ny);11.02.2022 13:00:05;-142.988
ekstensometer (ny);11.02.2022 14:00:04;-142.988
ekstensometer (ny);11.02.2022 15:00:04;-142.988
ekstensometer (ny);11.02.2022 16:00:07;-142.988
ekstensometer (ny);11.02.2022 17:00:05;-143.100
ekstensometer (ny);11.02.2022 18:00:05;-143.100
ekstensometer (ny);11.02.2022 19:00:05;-143.100
ekstensometer (ny);11.02.2022 20:00:07;-143.100
ekstensometer (ny);11.02.2022 21:00:04;-143.100
ekstensometer (ny);11.02.2022 22:00:04;-143.100
ekstensometer (ny);11.02.2022 23:00:05;-143.100
ekstensometer (ny);12.02.2022 00:00:07;-143.100
ekstensometer (ny);12.02.2022 01:00:05;-143.100
ekstensometer (ny);12.02.2022 02:00:05;-143.100
ekstensometer (ny);12.02.2022 03:00:04;-143.100
ekstensometer (ny);12.02.2022 04:00:07;-143.100
ekstensometer (ny);12.02.2022 05:00:05;-143.100
ekstensometer (ny);12.02.2022 06:00:05;-143.100
ekstensometer (ny);12.02.2022 07:00:05;-143.100
ekstensometer (ny);12.02.2022 08:00:07;-143.100
ekstensometer (ny);12.02.2022 09:00:05;-143.100
ekstensometer (ny);12.02.2022 10:00:04;-143.100
ekstensometer (ny);12.02.2022 11:00:04;-143.100
ekstensometer (ny);12.02.2022 12:00:07;-143.100
ekstensometer (ny);12.02.2022 13:00:05;-143.100
ekstensometer (ny);12.02.2022 14:00:05;-143.100
ekstensometer (ny);12.02.2022 15:00:05;-143.100
ekstensometer (ny);12.02.2022 16:00:07;-143.100
ekstensometer (ny);12.02.2022 17:00:04;-143.100
ekstensometer (ny);12.02.2022 18:00:04;-143.100
ekstensometer (ny);12.02.2022 19:00:04;-143.100
ekstensometer (ny);12.02.2022 20:00:07;-143.100
ekstensometer (ny);12.02.2022 21:00:05;-143.100
ekstensometer (ny);12.02.2022 22:00:05;-143.100
ekstensometer (ny);12.02.2022 23:00:05;-143.100
ekstensometer (ny);13.02.2022 00:00:06;-143.100
ekstensometer (ny);13.02.2022 01:00:04;-143.100
ekstensometer (ny);13.02.2022 02:00:05;-143.100
ekstensometer (ny);13.02.2022 03:00:05;-143.100
ekstensometer (ny);13.02.2022 04:00:07;-143.100
ekstensometer (ny);13.02.2022 05:00:05;-143.100
ekstensometer (ny);13.02.2022 06:00:06;-143.100
ekstensometer (ny);13.02.2022 07:00:04;-143.100
ekstensometer (ny);13.02.2022 08:00:07;-143.100
ekstensometer (ny);13.02.2022 09:00:05;-143.100
ekstensometer (ny);13.02.2022 10:00:05;-143.100
ekstensometer (ny);13.02.2022 11:00:05;-143.100
ekstensometer (ny);13.02.2022 12:00:07;-143.100
ekstensometer (ny);13.02.2022 13:00:05;-143.100
ekstensometer (ny);13.02.2022 14:00:05;-143.100
ekstensometer (ny);13.02.2022 15:00:04;-143.100
ekstensometer (ny);13.02.2022 16:00:07;-143.100
ekstensometer (ny);13.02.2022 17:00:05;-143.100
ekstensometer (ny);13.02.2022 18:00:05;-143.100
ekstensometer (ny);13.02.2022 19:00:05;-143.100
ekstensometer (ny);13.02.2022 20:00:27;-143.100
ekstensometer (ny);13.02.2022 21:00:05;-143.100
ekstensometer (ny);13.02.2022 22:00:04;-143.100
ekstensometer (ny);13.02.2022 23:00:05;-143.100
ekstensometer (ny);14.02.2022 00:00:07;-143.100
ekstensometer (ny);14.02.2022 01:00:05;-143.100
ekstensometer (ny);14.02.2022 02:00:05;-143.100
ekstensometer (ny);14.02.2022 03:00:05;-143.100
ekstensometer (ny);14.02.2022 04:00:06;-143.100
ekstensometer (ny);14.02.2022 05:00:04;-143.100
ekstensometer (ny);14.02.2022 06:00:05;-143.100
ekstensometer (ny);14.02.2022 07:00:05;-143.100
ekstensometer (ny);14.02.2022 08:00:07;-143.100
ekstensometer (ny);14.02.2022 09:00:05;-143.100
ekstensometer (ny);14.02.2022 10:00:05;-143.100
ekstensometer (ny);14.02.2022 11:00:05;-143.100
ekstensometer (ny);14.02.2022 12:00:07;-143.100
ekstensometer (ny);14.02.2022 13:00:04;-143.100
ekstensometer (ny);14.02.2022 14:00:04;-143.100
ekstensometer (ny);14.02.2022 15:00:05;-143.100
ekstensometer (ny);14.02.2022 16:00:07;-143.100
ekstensometer (ny);14.02.2022 17:00:05;-143.100
ekstensometer (ny);14.02.2022 18:00:05;-143.100
ekstensometer (ny);14.02.2022 19:00:04;-143.100
ekstensometer (ny);14.02.2022 20:00:07;-143.100
ekstensometer (ny);14.02.2022 21:00:05;-143.100
ekstensometer (ny);14.02.2022 22:00:05;-143.100
ekstensometer (ny);14.02.2022 23:00:05;-142.988
ekstensometer (ny);15.02.2022 00:00:07;-142.988
ekstensometer (ny);15.02.2022 01:00:04;-142.988
ekstensometer (ny);15.02.2022 02:00:04;-142.988
ekstensometer (ny);15.02.2022 03:00:05;-142.988
ekstensometer (ny);15.02.2022 04:00:07;-142.988
ekstensometer (ny);15.02.2022 05:00:05;-142.988
ekstensometer (ny);15.02.2022 06:00:05;-142.988
ekstensometer (ny);15.02.2022 07:00:05;-142.988
ekstensometer (ny);15.02.2022 08:00:06;-142.988
ekstensometer (ny);15.02.2022 09:00:04;-142.988
ekstensometer (ny);15.02.2022 10:00:05;-142.988
ekstensometer (ny);15.02.2022 11:00:05;-143.100
ekstensometer (ny);15.02.2022 12:00:07;-143.100
ekstensometer (ny);15.02.2022 13:00:05;-143.100
ekstensometer (ny);15.02.2022 14:00:05;-143.100
ekstensometer (ny);15.02.2022 15:00:04;-143.100
ekstensometer (ny);15.02.2022 16:00:07;-143.100
ekstensometer (ny);15.02.2022 17:00:05;-143.100
ekstensometer (ny);15.02.2022 18:00:05;-142.988
ekstensometer (ny);15.02.2022 19:00:05;-142.988
ekstensometer (ny);15.02.2022 20:00:27;-142.988
ekstensometer (ny);15.02.2022 21:00:05;-143.100
ekstensometer (ny);15.02.2022 22:00:04;-143.100
ekstensometer (ny);15.02.2022 23:00:05;-142.988
ekstensometer (ny);16.02.2022 00:00:07;-143.100
ekstensometer (ny);16.02.2022 01:00:05;-142.988
ekstensometer (ny);16.02.2022 02:00:05;-142.988
ekstensometer (ny);16.02.2022 03:00:05;-142.988
ekstensometer (ny);16.02.2022 04:00:06;-142.988
ekstensometer (ny);16.02.2022 05:00:04;-142.988
ekstensometer (ny);16.02.2022 06:00:05;-142.988
ekstensometer (ny);16.02.2022 07:00:05;-142.988
ekstensometer (ny);16.02.2022 08:00:07;-143.100
ekstensometer (ny);16.02.2022 09:00:05;-143.100
ekstensometer (ny);16.02.2022 10:00:06;-143.100
ekstensometer (ny);16.02.2022 11:00:05;-143.100
ekstensometer (ny);16.02.2022 12:00:06;-143.100
ekstensometer (ny);16.02.2022 13:00:04;-143.100
ekstensometer (ny);16.02.2022 14:00:05;-143.100
ekstensometer (ny);16.02.2022 15:00:05;-143.100
ekstensometer (ny);16.02.2022 16:00:07;-143.100
ekstensometer (ny);16.02.2022 17:00:05;-143.100
ekstensometer (ny);16.02.2022 18:00:04;-143.100
ekstensometer (ny);16.02.2022 19:00:04;-143.100
ekstensometer (ny);16.02.2022 20:00:07;-143.100
ekstensometer (ny);16.02.2022 21:00:05;-142.988
ekstensometer (ny);16.02.2022 22:00:05;-142.988
ekstensometer (ny);16.02.2022 23:00:05;-142.988
ekstensometer (ny);17.02.2022 00:00:07;-142.988
ekstensometer (ny);17.02.2022 01:00:04;-142.988
ekstensometer (ny);17.02.2022 02:00:04;-142.988
ekstensometer (ny);17.02.2022 03:00:05;-142.988
ekstensometer (ny);17.02.2022 04:00:07;-142.988
ekstensometer (ny);17.02.2022 05:00:05;-142.988
ekstensometer (ny);17.02.2022 06:00:05;-142.988
ekstensometer (ny);17.02.2022 07:00:04;-142.988
ekstensometer (ny);17.02.2022 08:00:26;-142.988
ekstensometer (ny);17.02.2022 09:00:05;-142.988
ekstensometer (ny);17.02.2022 10:00:05;-142.988
ekstensometer (ny);17.02.2022 11:00:05;-143.100
ekstensometer (ny);17.02.2022 12:00:07;-143.100
ekstensometer (ny);17.02.2022 13:00:05;-143.100
ekstensometer (ny);17.02.2022 14:00:05;-143.100
ekstensometer (ny);17.02.2022 15:00:04;-143.100
ekstensometer (ny);17.02.2022 16:00:07;-143.100
ekstensometer (ny);17.02.2022 17:00:05;-143.100
ekstensometer (ny);17.02.2022 18:00:05;-143.100
ekstensometer (ny);17.02.2022 19:00:05;-143.100
ekstensometer (ny);17.02.2022 20:00:27;-142.988
ekstensometer (ny);17.02.2022 21:00:05;-143.100
ekstensometer (ny);17.02.2022 22:00:04;-143.100
ekstensometer (ny);17.02.2022 23:00:05;-143.100
ekstensometer (ny);18.02.2022 00:00:07;-143.100
ekstensometer (ny);18.02.2022 01:00:05;-143.100
ekstensometer (ny);18.02.2022 02:00:05;-143.100
ekstensometer (ny);18.02.2022 03:00:05;-143.100
ekstensometer (ny);18.02.2022 04:00:06;-143.100
ekstensometer (ny);18.02.2022 05:00:04;-143.100
ekstensometer (ny);18.02.2022 06:00:05;-143.100
ekstensometer (ny);18.02.2022 07:00:05;-143.100
ekstensometer (ny);18.02.2022 08:00:07;-143.100
ekstensometer (ny);18.02.2022 09:00:05;-143.100
ekstensometer (ny);18.02.2022 10:00:04;-143.100
ekstensometer (ny);18.02.2022 11:00:05;-143.100
ekstensometer (ny);18.02.2022 12:00:07;-143.100
ekstensometer (ny);18.02.2022 13:00:04;-143.100
ekstensometer (ny);18.02.2022 14:00:05;-143.100
ekstensometer (ny);18.02.2022 15:00:05;-143.100
ekstensometer (ny);18.02.2022 16:00:07;-143.100
ekstensometer (ny);18.02.2022 17:00:05;-143.100
ekstensometer (ny);18.02.2022 18:00:04;-142.988
ekstensometer (ny);18.02.2022 19:00:04;-142.988
ekstensometer (ny);18.02.2022 20:00:07;-142.988
ekstensometer (ny);18.02.2022 21:00:05;-142.988
ekstensometer (ny);18.02.2022 22:00:05;-142.988
ekstensometer (ny);18.02.2022 23:00:05;-142.988
ekstensometer (ny);19.02.2022 00:00:07;-142.988
ekstensometer (ny);19.02.2022 01:00:04;-142.988
ekstensometer (ny);19.02.2022 02:00:04;-142.988
ekstensometer (ny);19.02.2022 03:00:05;-142.988
ekstensometer (ny);19.02.2022 04:00:07;-142.988
ekstensometer (ny);19.02.2022 05:00:05;-142.988
ekstensometer (ny);19.02.2022 06:00:05;-142.988
ekstensometer (ny);19.02.2022 07:00:04;-142.988
ekstensometer (ny);19.02.2022 08:00:07;-142.988
ekstensometer (ny);19.02.2022 09:00:04;-142.988
ekstensometer (ny);19.02.2022 10:00:05;-142.988
ekstensometer (ny);19.02.2022 11:00:05;-143.100
ekstensometer (ny);19.02.2022 12:00:07;-143.100
ekstensometer (ny);19.02.2022 13:00:04;-143.100
ekstensometer (ny);19.02.2022 14:00:04;-143.100
ekstensometer (ny);19.02.2022 15:00:05;-142.988
ekstensometer (ny);19.02.2022 16:00:07;-142.988
ekstensometer (ny);19.02.2022 17:00:05;-142.988
ekstensometer (ny);19.02.2022 18:00:05;-142.988
ekstensometer (ny);19.02.2022 19:00:04;-142.988
ekstensometer (ny);19.02.2022 20:00:07;-142.988
ekstensometer (ny);19.02.2022 21:00:04;-142.988
ekstensometer (ny);19.02.2022 22:00:05;-142.988
ekstensometer (ny);19.02.2022 23:00:05;-142.988
ekstensometer (ny);20.02.2022 00:00:07;-142.988
ekstensometer (ny);20.02.2022 01:00:05;-142.988
ekstensometer (ny);20.02.2022 02:00:04;-142.988
ekstensometer (ny);20.02.2022 03:00:05;-142.988
ekstensometer (ny);20.02.2022 04:00:07;-142.988
ekstensometer (ny);20.02.2022 05:00:05;-142.988
ekstensometer (ny);20.02.2022 06:00:05;-142.988
ekstensometer (ny);20.02.2022 07:00:05;-142.988
ekstensometer (ny);20.02.2022 08:00:06;-142.988
ekstensometer (ny);20.02.2022 09:00:04;-142.988
ekstensometer (ny);20.02.2022 10:00:05;-142.988
ekstensometer (ny);20.02.2022 11:00:05;-143.100
ekstensometer (ny);20.02.2022 12:00:07;-143.100
ekstensometer (ny);20.02.2022 13:00:04;-143.100
ekstensometer (ny);20.02.2022 14:00:05;-143.100
ekstensometer (ny);20.02.2022 15:00:05;-142.988
ekstensometer (ny);20.02.2022 16:00:07;-142.988
ekstensometer (ny);20.02.2022 17:00:05;-142.988
ekstensometer (ny);20.02.2022 18:00:06;-142.988
ekstensometer (ny);20.02.2022 19:00:04;-142.988
ekstensometer (ny);20.02.2022 20:00:07;-142.988
ekstensometer (ny);20.02.2022 21:00:05;-142.988
ekstensometer (ny);20.02.2022 22:00:05;-142.988
ekstensometer (ny);20.02.2022 23:00:05;-142.988
ekstensometer (ny);21.02.2022 00:00:07;-142.988
ekstensometer (ny);21.02.2022 01:00:04;-142.988
ekstensometer (ny);21.02.2022 02:00:05;-142.988
ekstensometer (ny);21.02.2022 03:00:05;-142.988
ekstensometer (ny);21.02.2022 04:00:07;-142.988
ekstensometer (ny);21.02.2022 05:00:05;-142.988
ekstensometer (ny);21.02.2022 06:00:05;-142.988
ekstensometer (ny);21.02.2022 07:00:05;-142.988
ekstensometer (ny);21.02.2022 08:00:26;-142.988
ekstensometer (ny);21.02.2022 09:00:04;-142.988
ekstensometer (ny);21.02.2022 10:00:05;-143.100
ekstensometer (ny);21.02.2022 11:00:05;-143.100
ekstensometer (ny);21.02.2022 12:00:27;-143.100
ekstensometer (ny);21.02.2022 13:00:05;-143.100
ekstensometer (ny);21.02.2022 14:00:04;-143.100
ekstensometer (ny);21.02.2022 15:00:05;-143.100
ekstensometer (ny);21.02.2022 16:00:07;-143.100
ekstensometer (ny);21.02.2022 17:00:05;-143.100
ekstensometer (ny);21.02.2022 18:00:05;-143.100
ekstensometer (ny);21.02.2022 19:00:05;-143.100
ekstensometer (ny);21.02.2022 20:00:07;-143.100
ekstensometer (ny);21.02.2022 21:00:04;-143.100
ekstensometer (ny);21.02.2022 22:00:05;-142.988
ekstensometer (ny);21.02.2022 23:00:05;-142.988
ekstensometer (ny);22.02.2022 00:00:07;-142.988
ekstensometer (ny);22.02.2022 01:00:05;-142.988
ekstensometer (ny);22.02.2022 02:00:05;-142.988
ekstensometer (ny);22.02.2022 03:00:05;-142.875
ekstensometer (ny);22.02.2022 04:00:06;-142.875
ekstensometer (ny);22.02.2022 05:00:04;-142.875
ekstensometer (ny);22.02.2022 06:00:05;-142.875
ekstensometer (ny);22.02.2022 07:00:05;-142.875
ekstensometer (ny);22.02.2022 08:00:07;-142.988
ekstensometer (ny);22.02.2022 09:00:05;-142.988
ekstensometer (ny);22.02.2022 10:00:06;-143.100
ekstensometer (ny);22.02.2022 11:00:05;-143.100
ekstensometer (ny);22.02.2022 12:00:07;-143.100
ekstensometer (ny);22.02.2022 13:00:04;-143.100
ekstensometer (ny);22.02.2022 14:00:04;-143.100
ekstensometer (ny);22.02.2022 15:00:05;-142.988
ekstensometer (ny);22.02.2022 16:00:07;-142.988
ekstensometer (ny);22.02.2022 17:00:05;-142.988
ekstensometer (ny);22.02.2022 18:00:05;-142.988
ekstensometer (ny);22.02.2022 19:00:06;-142.988
ekstensometer (ny);22.02.2022 20:00:07;-143.100
ekstensometer (ny);22.02.2022 21:00:05;-143.100
ekstensometer (ny);22.02.2022 22:00:05;-143.100
ekstensometer (ny);22.02.2022 23:00:05;-143.100
ekstensometer (ny);23.02.2022 00:00:07;-143.100
ekstensometer (ny);23.02.2022 01:00:05;-143.100
ekstensometer (ny);23.02.2022 02:00:04;-143.100
ekstensometer (ny);23.02.2022 03:00:05;-143.100
ekstensometer (ny);23.02.2022 04:00:07;-143.100
ekstensometer (ny);23.02.2022 05:00:05;-143.100
ekstensometer (ny);23.02.2022 06:00:05;-143.100
ekstensometer (ny);23.02.2022 07:00:05;-143.100
ekstensometer (ny);23.02.2022 08:00:07;-143.100
ekstensometer (ny);23.02.2022 09:00:04;-143.100
ekstensometer (ny);23.02.2022 10:00:05;-143.100
ekstensometer (ny);23.02.2022 11:00:04;-143.100
ekstensometer (ny);23.02.2022 12:00:07;-143.100
ekstensometer (ny);23.02.2022 13:00:05;-143.100
ekstensometer (ny);23.02.2022 14:00:05;-143.100
ekstensometer (ny);23.02.2022 15:00:05;-143.100
ekstensometer (ny);23.02.2022 16:00:07;-143.100
ekstensometer (ny);23.02.2022 17:00:04;-143.100
ekstensometer (ny);23.02.2022 18:00:04;-143.100
ekstensometer (ny);23.02.2022 19:00:05;-143.100
ekstensometer (ny);23.02.2022 20:00:07;-143.100
ekstensometer (ny);23.02.2022 21:00:05;-143.100
ekstensometer (ny);23.02.2022 22:00:05;-143.100
ekstensometer (ny);23.02.2022 23:00:04;-143.100
ekstensometer (ny);24.02.2022 00:00:07;-143.100
ekstensometer (ny);24.02.2022 01:00:04;-142.988
ekstensometer (ny);24.02.2022 02:00:05;-142.988
ekstensometer (ny);24.02.2022 03:00:05;-142.988
ekstensometer (ny);24.02.2022 04:00:07;-142.988
ekstensometer (ny);24.02.2022 05:00:05;-142.988
ekstensometer (ny);24.02.2022 06:00:04;-142.988
ekstensometer (ny);24.02.2022 07:00:05;-142.988
ekstensometer (ny);24.02.2022 08:00:07;-142.988
ekstensometer (ny);24.02.2022 09:00:05;-143.100
ekstensometer (ny);24.02.2022 10:00:05;-143.100
ekstensometer (ny);24.02.2022 11:00:05;-143.100
ekstensometer (ny);24.02.2022 12:00:07;-143.100
ekstensometer (ny);24.02.2022 13:00:05;-143.100
ekstensometer (ny);24.02.2022 14:00:04;-142.988
ekstensometer (ny);24.02.2022 15:00:04;-142.988
ekstensometer (ny);24.02.2022 16:00:07;-142.988
ekstensometer (ny);24.02.2022 17:00:05;-142.988
ekstensometer (ny);24.02.2022 18:00:05;-142.988
ekstensometer (ny);24.02.2022 19:00:05;-142.988
ekstensometer (ny);24.02.2022 20:00:06;-142.988
ekstensometer (ny);24.02.2022 21:00:04;-142.988
ekstensometer (ny);24.02.2022 22:00:05;-142.988
ekstensometer (ny);24.02.2022 23:00:05;-142.988
ekstensometer (ny);25.02.2022 00:00:07;-142.538
ekstensometer (ny);25.02.2022 01:00:05;-142.538
ekstensometer (ny);25.02.2022 02:00:04;-142.538
ekstensometer (ny);25.02.2022 03:00:05;-142.538
ekstensometer (ny);25.02.2022 04:00:07;-142.538
ekstensometer (ny);25.02.2022 05:00:05;-142.538
ekstensometer (ny);25.02.2022 06:00:05;-142.538
ekstensometer (ny);25.02.2022 07:00:05;-142.538
ekstensometer (ny);25.02.2022 08:00:07;-142.538
ekstensometer (ny);25.02.2022 09:00:04;-141.975
ekstensometer (ny);25.02.2022 10:00:05;-141.975
ekstensometer (ny);25.02.2022 11:00:04;-141.413
ekstensometer (ny);25.02.2022 12:00:07;-141.413
ekstensometer (ny);25.02.2022 13:00:05;-141.413
ekstensometer (ny);25.02.2022 14:00:05;-141.413
ekstensometer (ny);25.02.2022 15:00:05;-141.413
ekstensometer (ny);25.02.2022 16:00:07;-141.413
ekstensometer (ny);25.02.2022 17:00:04;-140.738
ekstensometer (ny);25.02.2022 18:00:04;-140.625
ekstensometer (ny);25.02.2022 19:00:05;-140.625
ekstensometer (ny);25.02.2022 20:00:07;-140.625
ekstensometer (ny);25.02.2022 21:00:05;-140.625
ekstensometer (ny);25.02.2022 22:00:05;-140.625
ekstensometer (ny);25.02.2022 23:00:04;-140.625
ekstensometer (ny);26.02.2022 00:00:07;-140.062
ekstensometer (ny);26.02.2022 01:00:05;-140.062
ekstensometer (ny);26.02.2022 02:00:05;-140.062
ekstensometer (ny);26.02.2022 03:00:05;-140.062
ekstensometer (ny);26.02.2022 04:00:07;-140.062
ekstensometer (ny);26.02.2022 05:00:05;-140.062
ekstensometer (ny);26.02.2022 06:00:04;-140.062
ekstensometer (ny);26.02.2022 07:00:05;-140.062
ekstensometer (ny);26.02.2022 08:00:07;-140.062
ekstensometer (ny);26.02.2022 09:00:05;-139.500
ekstensometer (ny);26.02.2022 10:00:05;-139.500
ekstensometer (ny);26.02.2022 11:00:05;-139.500
ekstensometer (ny);26.02.2022 12:00:07;-139.500
ekstensometer (ny);26.02.2022 13:00:04;-139.500
ekstensometer (ny);26.02.2022 14:00:04;-139.500
ekstensometer (ny);26.02.2022 15:00:05;-139.500
ekstensometer (ny);26.02.2022 16:00:07;-139.500
ekstensometer (ny);26.02.2022 17:00:05;-139.500
ekstensometer (ny);26.02.2022 18:00:05;-139.613
ekstensometer (ny);26.02.2022 19:00:04;-139.613
ekstensometer (ny);26.02.2022 20:00:07;-139.613
ekstensometer (ny);26.02.2022 21:00:05;-139.613
ekstensometer (ny);26.02.2022 22:00:05;-139.500
ekstensometer (ny);26.02.2022 23:00:05;-139.500
ekstensometer (ny);27.02.2022 00:00:07;-139.500
ekstensometer (ny);27.02.2022 01:00:05;-139.500
ekstensometer (ny);27.02.2022 02:00:04;-139.500
ekstensometer (ny);27.02.2022 03:00:05;-139.500
ekstensometer (ny);27.02.2022 04:00:07;-138.938
ekstensometer (ny);27.02.2022 05:00:05;-138.938
ekstensometer (ny);27.02.2022 06:00:05;-138.938
ekstensometer (ny);27.02.2022 07:00:05;-138.938
ekstensometer (ny);27.02.2022 08:00:06;-138.938
ekstensometer (ny);27.02.2022 09:00:04;-138.938
ekstensometer (ny);27.02.2022 10:00:05;-138.938
ekstensometer (ny);27.02.2022 11:00:04;-138.938
ekstensometer (ny);27.02.2022 12:00:07;-139.050
ekstensometer (ny);27.02.2022 13:00:05;-139.050
ekstensometer (ny);27.02.2022 14:00:05;-139.050
ekstensometer (ny);27.02.2022 15:00:05;-139.050
ekstensometer (ny);27.02.2022 16:00:07;-139.050
ekstensometer (ny);27.02.2022 17:00:04;-138.938
ekstensometer (ny);27.02.2022 18:00:05;-138.938
ekstensometer (ny);27.02.2022 19:00:05;-138.938
ekstensometer (ny);27.02.2022 20:00:07;-138.938
ekstensometer (ny);27.02.2022 21:00:05;-138.938
ekstensometer (ny);27.02.2022 22:00:04;-138.375
ekstensometer (ny);27.02.2022 23:00:05;-138.375
ekstensometer (ny);28.02.2022 00:00:07;-138.375
ekstensometer (ny);28.02.2022 01:00:05;-138.375
ekstensometer (ny);28.02.2022 02:00:05;-138.375
ekstensometer (ny);28.02.2022 03:00:05;-138.375
ekstensometer (ny);28.02.2022 04:00:06;-138.375
ekstensometer (ny);28.02.2022 05:00:04;-138.375
ekstensometer (ny);28.02.2022 06:00:05;-138.375
ekstensometer (ny);28.02.2022 07:00:05;-138.375
ekstensometer (ny);28.02.2022 08:00:07;-138.375
ekstensometer (ny);28.02.2022 09:00:05;-138.375
ekstensometer (ny);28.02.2022 10:00:05;-138.375
ekstensometer (ny);28.02.2022 11:00:05;-138.375
ekstensometer (ny);28.02.2022 12:00:06;-138.375
ekstensometer (ny);28.02.2022 13:00:04;-138.375
ekstensometer (ny);28.02.2022 14:00:05;-138.375
ekstensometer (ny);28.02.2022 15:00:05;-138.375
ekstensometer (ny);28.02.2022 16:00:07;-138.375
ekstensometer (ny);28.02.2022 17:00:05;-138.375
ekstensometer (ny);28.02.2022 18:00:05;-138.375
ekstensometer (ny);28.02.2022 19:00:04;-138.375
ekstensometer (ny);28.02.2022 20:00:07;-138.375
ekstensometer (ny);28.02.2022 21:00:05;-138.375
ekstensometer (ny);28.02.2022 22:00:05;-138.375
ekstensometer (ny);28.02.2022 23:00:05;-138.375
ekstensometer (ny);01.03.2022 00:00:07;-138.375
ekstensometer (ny);01.03.2022 01:00:05;-138.375
ekstensometer (ny);01.03.2022 02:00:04;-138.375
ekstensometer (ny);01.03.2022 03:00:05;-138.375
ekstensometer (ny);01.03.2022 04:00:39;-138.375
ekstensometer (ny);01.03.2022 05:00:05;-138.375
ekstensometer (ny);01.03.2022 06:00:05;-138.375
ekstensometer (ny);01.03.2022 07:00:05;-138.375
ekstensometer (ny);01.03.2022 08:00:08;-138.375
ekstensometer (ny);01.03.2022 09:00:04;-138.375
ekstensometer (ny);01.03.2022 10:00:05;-138.375
ekstensometer (ny);01.03.2022 11:00:04;-138.375
ekstensometer (ny);01.03.2022 12:00:07;-138.375
ekstensometer (ny);01.03.2022 13:00:05;-138.375
ekstensometer (ny);01.03.2022 14:00:05;-138.375
ekstensometer (ny);01.03.2022 15:00:05;-138.375
ekstensometer (ny);01.03.2022 16:00:07;-138.375
ekstensometer (ny);01.03.2022 17:00:04;-138.375
ekstensometer (ny);01.03.2022 18:00:04;-138.375
ekstensometer (ny);01.03.2022 19:00:05;-138.375
ekstensometer (ny);01.03.2022 20:00:07;-138.375
ekstensometer (ny);01.03.2022 21:00:05;-138.938
ekstensometer (ny);01.03.2022 22:00:05;-138.938
ekstensometer (ny);01.03.2022 23:00:04;-138.938
ekstensometer (ny);02.03.2022 00:00:07;-138.938
ekstensometer (ny);02.03.2022 01:00:05;-138.938
ekstensometer (ny);02.03.2022 02:00:05;-138.938
ekstensometer (ny);02.03.2022 03:00:05;-138.938
ekstensometer (ny);02.03.2022 04:00:07;-138.938
ekstensometer (ny);02.03.2022 05:00:05;-138.375
ekstensometer (ny);02.03.2022 06:00:04;-138.375
ekstensometer (ny);02.03.2022 07:00:05;-138.375
ekstensometer (ny);02.03.2022 08:00:07;-138.375
ekstensometer (ny);02.03.2022 09:00:05;-138.375
ekstensometer (ny);02.03.2022 10:00:05;-138.375
ekstensometer (ny);02.03.2022 11:00:05;-138.375
ekstensometer (ny);02.03.2022 12:00:07;-138.375
ekstensometer (ny);02.03.2022 13:00:04;-138.375
ekstensometer (ny);02.03.2022 14:00:04;-138.375
ekstensometer (ny);02.03.2022 15:00:05;-138.375
ekstensometer (ny);02.03.2022 16:00:07;-138.375
ekstensometer (ny);02.03.2022 17:00:05;-138.375
ekstensometer (ny);02.03.2022 18:00:05;-138.375
ekstensometer (ny);02.03.2022 19:00:04;-138.375
ekstensometer (ny);02.03.2022 20:00:07;-138.262
ekstensometer (ny);02.03.2022 21:00:05;-138.262
ekstensometer (ny);02.03.2022 22:00:05;-138.262
ekstensometer (ny);02.03.2022 23:00:05;-138.262
ekstensometer (ny);03.03.2022 01:00:05;-138.262
ekstensometer (ny);03.03.2022 02:00:04;-138.262
ekstensometer (ny);03.03.2022 03:00:05;-138.262
ekstensometer (ny);03.03.2022 05:00:05;-138.150
ekstensometer (ny);03.03.2022 06:00:05;-138.150
ekstensometer (ny);03.03.2022 07:00:05;-138.150
ekstensometer (ny);03.03.2022 08:00:58;-138.262
ekstensometer (ny);03.03.2022 09:00:04;-138.262
ekstensometer (ny);03.03.2022 10:00:05;-138.262
ekstensometer (ny);03.03.2022 11:00:04;-138.375
ekstensometer (ny);03.03.2022 12:00:07;-138.375
ekstensometer (ny);03.03.2022 13:00:05;-138.375
ekstensometer (ny);03.03.2022 14:00:05;-138.488
ekstensometer (ny);03.03.2022 15:00:05;-138.488
ekstensometer (ny);03.03.2022 16:00:07;-138.375
ekstensometer (ny);03.03.2022 17:00:04;-138.375
ekstensometer (ny);03.03.2022 18:00:04;-138.262
ekstensometer (ny);03.03.2022 19:00:05;-138.262
ekstensometer (ny);03.03.2022 20:00:07;-138.262
ekstensometer (ny);03.03.2022 21:00:05;-138.262
ekstensometer (ny);03.03.2022 22:00:05;-138.262
ekstensometer (ny);03.03.2022 23:00:04;-138.262
ekstensometer (ny);04.03.2022 00:00:07;-138.262
ekstensometer (ny);04.03.2022 01:00:05;-138.262
ekstensometer (ny);04.03.2022 02:00:05;-138.150
ekstensometer (ny);04.03.2022 03:00:05;-138.150
ekstensometer (ny);04.03.2022 04:00:07;-138.150
ekstensometer (ny);04.03.2022 05:00:05;-138.150
ekstensometer (ny);04.03.2022 06:00:04;-138.262
ekstensometer (ny);04.03.2022 07:00:05;-138.262
ekstensometer (ny);04.03.2022 08:00:07;-138.150
ekstensometer (ny);04.03.2022 09:00:05;-138.262
ekstensometer (ny);04.03.2022 10:00:05;-138.262
ekstensometer (ny);04.03.2022 11:00:05;-138.375
ekstensometer (ny);04.03.2022 12:00:07;-138.375
ekstensometer (ny);04.03.2022 13:00:05;-138.375
ekstensometer (ny);04.03.2022 14:00:04;-138.488
ekstensometer (ny);04.03.2022 15:00:04;-138.488
ekstensometer (ny);04.03.2022 16:00:07;-138.375
ekstensometer (ny);04.03.2022 17:00:05;-138.375
ekstensometer (ny);04.03.2022 18:00:05;-138.262
ekstensometer (ny);04.03.2022 19:00:05;-138.262
ekstensometer (ny);04.03.2022 20:00:07;-138.262
ekstensometer (ny);04.03.2022 21:00:04;-138.262
ekstensometer (ny);04.03.2022 22:00:05;-138.262
ekstensometer (ny);04.03.2022 23:00:05;-138.262
ekstensometer (ny);05.03.2022 00:00:39;-138.150
ekstensometer (ny);05.03.2022 01:00:05;-138.262
ekstensometer (ny);05.03.2022 02:00:06;-138.262
ekstensometer (ny);05.03.2022 03:00:04;-138.262
ekstensometer (ny);05.03.2022 04:00:07;-138.262
ekstensometer (ny);05.03.2022 05:00:05;-138.262
ekstensometer (ny);05.03.2022 06:00:05;-138.262
ekstensometer (ny);05.03.2022 07:00:05;-138.262
ekstensometer (ny);05.03.2022 08:00:07;-138.375
ekstensometer (ny);05.03.2022 09:00:04;-138.375
ekstensometer (ny);05.03.2022 10:00:05;-138.375
ekstensometer (ny);05.03.2022 11:00:04;-138.375
ekstensometer (ny);05.03.2022 12:00:07;-138.375
ekstensometer (ny);05.03.2022 13:00:05;-138.375
ekstensometer (ny);05.03.2022 14:00:05;-138.375
ekstensometer (ny);05.03.2022 15:00:05;-138.375
ekstensometer (ny);05.03.2022 16:00:29;-138.375
ekstensometer (ny);05.03.2022 17:00:04;-138.375
ekstensometer (ny);05.03.2022 18:00:04;-138.262
ekstensometer (ny);05.03.2022 19:00:05;-138.375
ekstensometer (ny);05.03.2022 20:00:07;-138.375
ekstensometer (ny);05.03.2022 21:00:05;-138.375
ekstensometer (ny);05.03.2022 22:00:05;-138.375
ekstensometer (ny);05.03.2022 23:00:04;-138.375
ekstensometer (ny);06.03.2022 00:00:07;-138.375
ekstensometer (ny);06.03.2022 01:00:05;-138.375
ekstensometer (ny);06.03.2022 02:00:05;-138.375
ekstensometer (ny);06.03.2022 03:00:05;-138.375
ekstensometer (ny);06.03.2022 04:00:07;-138.375
ekstensometer (ny);06.03.2022 05:00:05;-138.375
ekstensometer (ny);06.03.2022 06:00:04;-138.262
ekstensometer (ny);06.03.2022 07:00:05;-138.375
ekstensometer (ny);06.03.2022 08:00:17;-138.375
ekstensometer (ny);06.03.2022 09:00:05;-138.375
ekstensometer (ny);06.03.2022 10:00:05;-138.375
ekstensometer (ny);06.03.2022 11:00:05;-138.375
ekstensometer (ny);06.03.2022 12:00:07;-138.375
ekstensometer (ny);06.03.2022 13:00:04;-138.375
ekstensometer (ny);06.03.2022 14:00:04;-138.375
ekstensometer (ny);06.03.2022 15:00:05;-138.375
ekstensometer (ny);06.03.2022 16:00:07;-138.375
ekstensometer (ny);06.03.2022 17:00:05;-138.375
ekstensometer (ny);06.03.2022 18:00:05;-138.375
ekstensometer (ny);06.03.2022 19:00:05;-138.375
ekstensometer (ny);06.03.2022 20:00:07;-138.375
ekstensometer (ny);06.03.2022 21:00:04;-138.375
ekstensometer (ny);06.03.2022 22:00:05;-138.375
ekstensometer (ny);06.03.2022 23:00:05;-138.375
ekstensometer (ny);07.03.2022 00:00:07;-138.375
ekstensometer (ny);07.03.2022 01:00:05;-138.375
ekstensometer (ny);07.03.2022 02:00:04;-138.375
ekstensometer (ny);07.03.2022 03:00:05;-138.375
ekstensometer (ny);07.03.2022 04:00:07;-138.375
ekstensometer (ny);07.03.2022 05:00:05;-138.375
ekstensometer (ny);07.03.2022 06:00:05;-138.375
ekstensometer (ny);07.03.2022 07:00:05;-138.375
ekstensometer (ny);07.03.2022 08:00:08;-138.375
ekstensometer (ny);07.03.2022 09:00:04;-138.375
ekstensometer (ny);07.03.2022 10:00:05;-138.375
ekstensometer (ny);07.03.2022 11:00:04;-138.375
ekstensometer (ny);07.03.2022 12:00:07;-138.375
ekstensometer (ny);07.03.2022 13:00:05;-138.375
ekstensometer (ny);07.03.2022 14:00:05;-138.375
ekstensometer (ny);07.03.2022 15:00:05;-138.375
ekstensometer (ny);07.03.2022 16:00:07;-138.375
ekstensometer (ny);07.03.2022 17:00:04;-138.375
ekstensometer (ny);07.03.2022 18:00:04;-138.375
ekstensometer (ny);07.03.2022 19:00:05;-138.262
ekstensometer (ny);07.03.2022 20:00:17;-138.262
ekstensometer (ny);07.03.2022 21:00:05;-138.262
ekstensometer (ny);07.03.2022 22:00:05;-138.262
ekstensometer (ny);07.03.2022 23:00:05;-138.262
ekstensometer (ny);08.03.2022 00:00:07;-138.262
ekstensometer (ny);08.03.2022 01:00:04;-138.262
ekstensometer (ny);08.03.2022 02:00:05;-138.262
ekstensometer (ny);08.03.2022 03:00:05;-138.262
ekstensometer (ny);08.03.2022 04:00:07;-138.262
ekstensometer (ny);08.03.2022 05:00:05;-138.262
ekstensometer (ny);08.03.2022 06:00:06;-138.262
ekstensometer (ny);08.03.2022 07:00:04;-138.262
ekstensometer (ny);08.03.2022 08:00:30;-138.262
ekstensometer (ny);08.03.2022 09:00:05;-138.262
ekstensometer (ny);08.03.2022 10:00:05;-138.262
ekstensometer (ny);08.03.2022 11:00:05;-138.375
ekstensometer (ny);08.03.2022 12:00:08;-138.488
ekstensometer (ny);08.03.2022 13:00:04;-138.488
ekstensometer (ny);08.03.2022 14:00:04;-138.600
ekstensometer (ny);08.03.2022 15:00:05;-138.488
ekstensometer (ny);08.03.2022 16:00:07;-138.488
ekstensometer (ny);08.03.2022 17:00:05;-138.375
ekstensometer (ny);08.03.2022 18:00:05;-138.375
ekstensometer (ny);08.03.2022 19:00:04;-138.375
ekstensometer (ny);08.03.2022 20:00:07;-138.375
ekstensometer (ny);08.03.2022 21:00:05;-138.375
ekstensometer (ny);08.03.2022 22:00:05;-138.375
ekstensometer (ny);08.03.2022 23:00:05;-138.375
ekstensometer (ny);09.03.2022 00:00:27;-138.375
ekstensometer (ny);09.03.2022 01:00:05;-138.375
ekstensometer (ny);09.03.2022 02:00:04;-138.375
ekstensometer (ny);09.03.2022 03:00:05;-138.375
ekstensometer (ny);09.03.2022 04:00:07;-138.375
ekstensometer (ny);09.03.2022 05:00:05;-138.375
ekstensometer (ny);09.03.2022 06:00:05;-138.375
ekstensometer (ny);09.03.2022 07:00:05;-138.375
ekstensometer (ny);09.03.2022 08:00:06;-138.375
ekstensometer (ny);09.03.2022 09:00:04;-138.375
ekstensometer (ny);09.03.2022 10:00:05;-138.375
ekstensometer (ny);09.03.2022 11:00:05;-138.488
ekstensometer (ny);09.03.2022 12:00:39;-138.488
ekstensometer (ny);09.03.2022 13:00:05;-138.488
ekstensometer (ny);09.03.2022 14:00:05;-138.488
ekstensometer (ny);09.03.2022 15:00:05;-138.488
ekstensometer (ny);09.03.2022 16:00:16;-138.375
ekstensometer (ny);09.03.2022 17:00:04;-138.375
ekstensometer (ny);09.03.2022 18:00:05;-138.375
ekstensometer (ny);09.03.2022 19:00:05;-138.375
ekstensometer (ny);09.03.2022 20:00:07;-138.375
ekstensometer (ny);09.03.2022 21:00:05;-138.375
ekstensometer (ny);09.03.2022 22:00:04;-138.375
ekstensometer (ny);09.03.2022 23:00:05;-138.375
ekstensometer (ny);10.03.2022 00:00:07;-138.375
ekstensometer (ny);10.03.2022 01:00:05;-138.375
ekstensometer (ny);10.03.2022 02:00:05;-138.375
ekstensometer (ny);10.03.2022 03:00:05;-138.375
ekstensometer (ny);10.03.2022 04:00:07;-138.375
ekstensometer (ny);10.03.2022 05:00:04;-138.375
ekstensometer (ny);10.03.2022 06:00:05;-138.375
ekstensometer (ny);10.03.2022 07:00:05;-138.375
ekstensometer (ny);10.03.2022 08:00:07;-138.375
ekstensometer (ny);10.03.2022 09:00:05;-138.375
ekstensometer (ny);10.03.2022 10:00:05;-138.375
ekstensometer (ny);10.03.2022 11:00:05;-138.375
ekstensometer (ny);10.03.2022 12:00:08;-51.075
ekstensometer (ny);10.03.2022 13:00:04;146.475
ekstensometer (ny);10.03.2022 14:00:04;146.475
ekstensometer (ny);10.03.2022 15:00:05;146.475
ekstensometer (ny);10.03.2022 16:00:08;146.475
ekstensometer (ny);10.03.2022 17:00:05;146.475
ekstensometer (ny);10.03.2022 18:00:05;146.587
ekstensometer (ny);10.03.2022 19:00:04;146.587
ekstensometer (ny);10.03.2022 20:00:07;146.587
ekstensometer (ny);10.03.2022 21:00:05;147.150
ekstensometer (ny);10.03.2022 22:00:05;147.150
ekstensometer (ny);10.03.2022 23:00:05;147.150
ekstensometer (ny);11.03.2022 00:00:07;147.150
ekstensometer (ny);11.03.2022 01:00:05;147.150
ekstensometer (ny);11.03.2022 02:00:04;147.150
ekstensometer (ny);11.03.2022 03:00:05;147.150
ekstensometer (ny);11.03.2022 04:00:07;147.150
ekstensometer (ny);11.03.2022 05:00:05;147.150
ekstensometer (ny);11.03.2022 06:00:05;147.150
ekstensometer (ny);11.03.2022 07:00:05;147.150
ekstensometer (ny);11.03.2022 08:00:17;147.150
ekstensometer (ny);11.03.2022 09:00:04;147.150
ekstensometer (ny);11.03.2022 10:00:05;147.150
ekstensometer (ny);11.03.2022 11:00:05;147.038
ekstensometer (ny);11.03.2022 12:00:08;146.925
ekstensometer (ny);11.03.2022 13:00:04;146.925
ekstensometer (ny);11.03.2022 14:00:04;146.925
ekstensometer (ny);11.03.2022 15:00:05;146.363
ekstensometer (ny);11.03.2022 16:00:07;146.475
ekstensometer (ny);11.03.2022 17:00:05;147.038
ekstensometer (ny);11.03.2022 18:00:05;147.150
ekstensometer (ny);11.03.2022 19:00:06;147.150
ekstensometer (ny);11.03.2022 20:00:07;147.150
ekstensometer (ny);11.03.2022 21:00:04;147.150
ekstensometer (ny);11.03.2022 22:00:05;147.150
ekstensometer (ny);11.03.2022 23:00:05;147.150
ekstensometer (ny);12.03.2022 00:00:07;147.150
ekstensometer (ny);12.03.2022 01:00:05;147.150
ekstensometer (ny);12.03.2022 02:00:04;147.150
ekstensometer (ny);12.03.2022 03:00:05;147.150
ekstensometer (ny);12.03.2022 04:00:07;147.150
ekstensometer (ny);12.03.2022 05:00:05;147.150
ekstensometer (ny);12.03.2022 06:00:05;147.150
ekstensometer (ny);12.03.2022 07:00:05;147.150
ekstensometer (ny);12.03.2022 08:00:09;147.150
ekstensometer (ny);12.03.2022 09:00:04;147.150
ekstensometer (ny);12.03.2022 10:00:05;147.038
ekstensometer (ny);12.03.2022 11:00:05;147.038
ekstensometer (ny);12.03.2022 12:00:26;146.925
ekstensometer (ny);12.03.2022 13:00:05;146.812
ekstensometer (ny);12.03.2022 14:00:05;146.250
ekstensometer (ny);12.03.2022 15:00:04;146.475
ekstensometer (ny);12.03.2022 16:00:27;146.475
ekstensometer (ny);12.03.2022 17:00:05;147.038
ekstensometer (ny);12.03.2022 18:00:05;147.150
ekstensometer (ny);12.03.2022 19:00:05;147.150
ekstensometer (ny);12.03.2022 20:00:17;147.150
ekstensometer (ny);12.03.2022 21:00:04;147.150
ekstensometer (ny);12.03.2022 22:00:05;147.150
ekstensometer (ny);12.03.2022 23:00:04;147.150
ekstensometer (ny);13.03.2022 00:00:07;147.150
ekstensometer (ny);13.03.2022 01:00:05;147.150
ekstensometer (ny);13.03.2022 02:00:05;147.150
ekstensometer (ny);13.03.2022 03:00:05;147.150
ekstensometer (ny);13.03.2022 04:00:07;147.150
ekstensometer (ny);13.03.2022 05:00:04;147.150
ekstensometer (ny);13.03.2022 06:00:05;147.150
ekstensometer (ny);13.03.2022 07:00:05;147.150
ekstensometer (ny);13.03.2022 08:00:07;147.038
ekstensometer (ny);13.03.2022 09:00:05;147.038
ekstensometer (ny);13.03.2022 10:00:05;147.038
ekstensometer (ny);13.03.2022 11:00:04;147.038
ekstensometer (ny);13.03.2022 12:00:27;147.038
ekstensometer (ny);13.03.2022 13:00:05;147.038
ekstensometer (ny);13.03.2022 14:00:05;147.038
ekstensometer (ny);13.03.2022 15:00:05;147.038
ekstensometer (ny);13.03.2022 16:00:28;147.038
ekstensometer (ny);13.03.2022 17:00:04;147.038
ekstensometer (ny);13.03.2022 18:00:05;147.038
ekstensometer (ny);13.03.2022 19:00:05;147.150
ekstensometer (ny);13.03.2022 20:00:07;147.150
ekstensometer (ny);13.03.2022 21:00:05;147.150
ekstensometer (ny);13.03.2022 22:00:05;147.150
ekstensometer (ny);13.03.2022 23:00:05;147.150
ekstensometer (ny);14.03.2022 00:00:06;147.150
ekstensometer (ny);14.03.2022 01:00:04;147.150
ekstensometer (ny);14.03.2022 02:00:05;147.150
ekstensometer (ny);14.03.2022 03:00:05;147.150
ekstensometer (ny);14.03.2022 04:00:07;147.150
ekstensometer (ny);14.03.2022 05:00:05;147.150
ekstensometer (ny);14.03.2022 06:00:04;147.150
ekstensometer (ny);14.03.2022 07:00:05;147.150
ekstensometer (ny);14.03.2022 08:00:07;147.150
ekstensometer (ny);14.03.2022 09:00:05;147.038
ekstensometer (ny);14.03.2022 10:00:05;147.038
ekstensometer (ny);14.03.2022 11:00:05;147.038
ekstensometer (ny);14.03.2022 12:00:26;146.475
ekstensometer (ny);14.03.2022 13:00:04;146.475
ekstensometer (ny);14.03.2022 14:00:05;146.475
ekstensometer (ny);14.03.2022 15:00:05;146.475
ekstensometer (ny);14.03.2022 16:00:07;146.475
ekstensometer (ny);14.03.2022 17:00:05;146.475
ekstensometer (ny);14.03.2022 18:00:05;146.587
ekstensometer (ny);14.03.2022 19:00:04;146.587
ekstensometer (ny);14.03.2022 20:00:26;146.587
ekstensometer (ny);14.03.2022 21:00:05;146.587
ekstensometer (ny);14.03.2022 22:00:05;147.150
ekstensometer (ny);14.03.2022 23:00:05;147.150
ekstensometer (ny);15.03.2022 00:00:07;147.150
ekstensometer (ny);15.03.2022 01:00:04;147.150
ekstensometer (ny);15.03.2022 02:00:05;147.150
ekstensometer (ny);15.03.2022 03:00:04;147.150
ekstensometer (ny);15.03.2022 04:00:07;147.150
ekstensometer (ny);15.03.2022 05:00:05;147.150
ekstensometer (ny);15.03.2022 06:00:05;147.150
ekstensometer (ny);15.03.2022 07:00:05;147.150
ekstensometer (ny);15.03.2022 08:00:06;147.150
ekstensometer (ny);15.03.2022 09:00:04;147.150
ekstensometer (ny);15.03.2022 10:00:05;147.150
ekstensometer (ny);15.03.2022 11:00:04;147.038
ekstensometer (ny);15.03.2022 12:00:07;147.038
ekstensometer (ny);15.03.2022 13:00:05;147.038
ekstensometer (ny);15.03.2022 14:00:05;147.038
ekstensometer (ny);15.03.2022 15:00:05;147.038
ekstensometer (ny);15.03.2022 16:00:07;147.150
ekstensometer (ny);15.03.2022 17:00:04;147.150
ekstensometer (ny);15.03.2022 18:00:04;147.150
ekstensometer (ny);15.03.2022 19:00:05;147.150
ekstensometer (ny);15.03.2022 20:00:27;147.150
ekstensometer (ny);15.03.2022 21:00:05;147.150
ekstensometer (ny);15.03.2022 22:00:05;147.150
ekstensometer (ny);15.03.2022 23:00:04;147.150
ekstensometer (ny);16.03.2022 00:00:07;147.150
ekstensometer (ny);16.03.2022 01:00:05;147.150
ekstensometer (ny);16.03.2022 02:00:05;147.150
ekstensometer (ny);16.03.2022 03:00:05;147.150
ekstensometer (ny);16.03.2022 04:00:07;147.150
ekstensometer (ny);16.03.2022 05:00:05;147.150
ekstensometer (ny);16.03.2022 06:00:04;147.150
ekstensometer (ny);16.03.2022 07:00:05;147.150
ekstensometer (ny);16.03.2022 08:00:07;147.150
ekstensometer (ny);16.03.2022 09:00:05;147.150
ekstensometer (ny);16.03.2022 10:00:05;147.150
ekstensometer (ny);16.03.2022 11:00:05;147.150
ekstensometer (ny);16.03.2022 12:00:07;147.150
ekstensometer (ny);16.03.2022 13:00:05;147.150
ekstensometer (ny);16.03.2022 14:00:04;147.150
ekstensometer (ny);16.03.2022 15:00:04;147.038
ekstensometer (ny);16.03.2022 16:00:07;147.150
ekstensometer (ny);16.03.2022 17:00:05;147.150
ekstensometer (ny);16.03.2022 18:00:05;146.587
ekstensometer (ny);16.03.2022 19:00:05;146.587
ekstensometer (ny);16.03.2022 20:00:07;146.587
ekstensometer (ny);16.03.2022 21:00:04;146.587
ekstensometer (ny);16.03.2022 22:00:04;146.587
ekstensometer (ny);16.03.2022 23:00:05;146.587
ekstensometer (ny);17.03.2022 00:00:27;146.587
ekstensometer (ny);17.03.2022 01:00:05;147.038
ekstensometer (ny);17.03.2022 02:00:05;147.150
ekstensometer (ny);17.03.2022 03:00:05;147.150
ekstensometer (ny);17.03.2022 04:00:07;147.150
ekstensometer (ny);17.03.2022 05:00:04;147.150
ekstensometer (ny);17.03.2022 06:00:05;147.150
ekstensometer (ny);17.03.2022 07:00:05;147.150
ekstensometer (ny);17.03.2022 08:00:27;147.150
ekstensometer (ny);17.03.2022 09:00:05;147.150
ekstensometer (ny);17.03.2022 10:00:05;147.150
ekstensometer (ny);17.03.2022 11:00:05;147.150
ekstensometer (ny);17.03.2022 12:00:06;147.150
ekstensometer (ny);17.03.2022 13:00:04;147.150
ekstensometer (ny);17.03.2022 14:00:05;147.150
ekstensometer (ny);17.03.2022 15:00:05;147.150
ekstensometer (ny);17.03.2022 16:00:07;147.150
ekstensometer (ny);17.03.2022 17:00:05;147.150
ekstensometer (ny);17.03.2022 18:00:05;147.150
ekstensometer (ny);17.03.2022 19:00:04;147.150
ekstensometer (ny);17.03.2022 20:00:07;147.150
ekstensometer (ny);17.03.2022 21:00:05;147.150
ekstensometer (ny);17.03.2022 22:00:05;147.150
ekstensometer (ny);17.03.2022 23:00:05;147.150
ekstensometer (ny);18.03.2022 00:00:07;147.150
ekstensometer (ny);18.03.2022 01:00:05;147.150
ekstensometer (ny);18.03.2022 02:00:04;147.150
ekstensometer (ny);18.03.2022 03:00:05;147.150
ekstensometer (ny);18.03.2022 04:00:07;147.150
ekstensometer (ny);18.03.2022 05:00:05;147.150
ekstensometer (ny);18.03.2022 06:00:05;147.150
ekstensometer (ny);18.03.2022 07:00:05;147.150
ekstensometer (ny);18.03.2022 08:00:06;147.150
ekstensometer (ny);18.03.2022 09:00:04;147.150
ekstensometer (ny);18.03.2022 10:00:05;147.150
ekstensometer (ny);18.03.2022 11:00:04;147.150
ekstensometer (ny);18.03.2022 12:00:07;147.038
ekstensometer (ny);18.03.2022 13:00:05;147.038
ekstensometer (ny);18.03.2022 14:00:05;147.038
ekstensometer (ny);18.03.2022 15:00:05;147.038
ekstensometer (ny);18.03.2022 16:00:06;147.038
ekstensometer (ny);18.03.2022 17:00:04;147.038
ekstensometer (ny);18.03.2022 18:00:05;147.150
ekstensometer (ny);18.03.2022 19:00:05;147.150
ekstensometer (ny);18.03.2022 20:00:07;147.150
ekstensometer (ny);18.03.2022 21:00:05;147.150
ekstensometer (ny);18.03.2022 22:00:05;147.150
ekstensometer (ny);18.03.2022 23:00:04;147.150
ekstensometer (ny);19.03.2022 00:00:07;147.150
ekstensometer (ny);19.03.2022 01:00:05;147.150
ekstensometer (ny);19.03.2022 02:00:05;147.150
ekstensometer (ny);19.03.2022 03:00:05;147.150
ekstensometer (ny);19.03.2022 04:00:07;147.150
ekstensometer (ny);19.03.2022 05:00:04;147.150
ekstensometer (ny);19.03.2022 06:00:05;147.150
ekstensometer (ny);19.03.2022 07:00:04;147.150
ekstensometer (ny);19.03.2022 08:00:07;147.150
ekstensometer (ny);19.03.2022 09:00:05;147.150
ekstensometer (ny);19.03.2022 10:00:05;147.038
ekstensometer (ny);19.03.2022 11:00:05;147.038
ekstensometer (ny);19.03.2022 12:00:07;147.038
ekstensometer (ny);19.03.2022 13:00:04;146.475
ekstensometer (ny);19.03.2022 14:00:04;146.475
ekstensometer (ny);19.03.2022 15:00:05;146.475
ekstensometer (ny);19.03.2022 16:00:39;146.363
ekstensometer (ny);19.03.2022 17:00:05;146.363
ekstensometer (ny);19.03.2022 18:00:05;146.587
ekstensometer (ny);19.03.2022 19:00:06;146.587
ekstensometer (ny);19.03.2022 20:00:07;146.587
ekstensometer (ny);19.03.2022 21:00:04;146.587
ekstensometer (ny);19.03.2022 22:00:05;146.587
ekstensometer (ny);19.03.2022 23:00:05;146.587
ekstensometer (ny);20.03.2022 00:00:07;146.587
ekstensometer (ny);20.03.2022 01:00:05;146.587
ekstensometer (ny);20.03.2022 02:00:04;146.587
ekstensometer (ny);20.03.2022 03:00:05;146.587
ekstensometer (ny);20.03.2022 04:00:07;146.587
ekstensometer (ny);20.03.2022 05:00:05;146.587
ekstensometer (ny);20.03.2022 06:00:05;146.587
ekstensometer (ny);20.03.2022 07:00:05;146.587
ekstensometer (ny);20.03.2022 08:00:06;146.587
ekstensometer (ny);20.03.2022 09:00:04;146.475
ekstensometer (ny);20.03.2022 10:00:05;146.475
ekstensometer (ny);20.03.2022 11:00:04;146.363
ekstensometer (ny);20.03.2022 12:00:07;146.250
ekstensometer (ny);20.03.2022 13:00:05;146.250
ekstensometer (ny);20.03.2022 14:00:05;146.363
ekstensometer (ny);20.03.2022 15:00:05;146.363
ekstensometer (ny);20.03.2022 16:00:06;146.363
ekstensometer (ny);20.03.2022 17:00:04;146.475
ekstensometer (ny);20.03.2022 18:00:05;146.587
ekstensometer (ny);20.03.2022 19:00:05;146.587
ekstensometer (ny);20.03.2022 20:00:07;146.587
ekstensometer (ny);20.03.2022 21:00:05;146.587
ekstensometer (ny);20.03.2022 22:00:06;146.587
ekstensometer (ny);20.03.2022 23:00:04;146.587
ekstensometer (ny);21.03.2022 00:00:07;146.587
ekstensometer (ny);21.03.2022 01:00:05;146.587
ekstensometer (ny);21.03.2022 02:00:05;147.150
ekstensometer (ny);21.03.2022 03:00:05;147.150
ekstensometer (ny);21.03.2022 04:00:07;147.150
ekstensometer (ny);21.03.2022 05:00:04;147.150
ekstensometer (ny);21.03.2022 06:00:05;147.150
ekstensometer (ny);21.03.2022 07:00:05;147.150
ekstensometer (ny);21.03.2022 08:00:07;147.150
ekstensometer (ny);21.03.2022 09:00:05;147.150
ekstensometer (ny);21.03.2022 10:00:05;147.038
ekstensometer (ny);21.03.2022 11:00:05;147.038
ekstensometer (ny);21.03.2022 12:00:07;146.925
ekstensometer (ny);21.03.2022 13:00:04;146.475
ekstensometer (ny);21.03.2022 14:00:04;146.363
ekstensometer (ny);21.03.2022 15:00:05;146.363
ekstensometer (ny);21.03.2022 16:00:07;146.475
ekstensometer (ny);21.03.2022 17:00:05;146.587
ekstensometer (ny);21.03.2022 18:00:05;146.587
ekstensometer (ny);21.03.2022 19:00:06;146.587
ekstensometer (ny);21.03.2022 20:00:06;146.587
ekstensometer (ny);21.03.2022 21:00:04;146.587
ekstensometer (ny);21.03.2022 22:00:05;146.587
ekstensometer (ny);21.03.2022 23:00:05;146.587
ekstensometer (ny);22.03.2022 00:00:07;146.587
ekstensometer (ny);22.03.2022 01:00:05;146.587
ekstensometer (ny);22.03.2022 02:00:06;146.700
ekstensometer (ny);22.03.2022 03:00:04;146.700
ekstensometer (ny);22.03.2022 04:00:07;146.700
ekstensometer (ny);22.03.2022 05:00:05;146.700
ekstensometer (ny);22.03.2022 06:00:05;146.587
ekstensometer (ny);22.03.2022 07:00:05;146.700
ekstensometer (ny);22.03.2022 08:00:07;146.587
ekstensometer (ny);22.03.2022 09:00:04;146.587
ekstensometer (ny);22.03.2022 10:00:05;146.587
ekstensometer (ny);22.03.2022 11:00:04;146.587
ekstensometer (ny);22.03.2022 12:00:07;146.587
ekstensometer (ny);22.03.2022 13:00:05;146.587
ekstensometer (ny);22.03.2022 14:00:05;146.475
ekstensometer (ny);22.03.2022 15:00:05;146.475
ekstensometer (ny);22.03.2022 16:00:07;146.475
ekstensometer (ny);22.03.2022 17:00:04;146.587
ekstensometer (ny);22.03.2022 18:00:04;146.587
ekstensometer (ny);22.03.2022 19:00:05;146.587
ekstensometer (ny);22.03.2022 20:00:07;147.150
ekstensometer (ny);22.03.2022 21:00:05;147.150
ekstensometer (ny);22.03.2022 22:00:05;147.262
ekstensometer (ny);22.03.2022 23:00:04;147.262
ekstensometer (ny);23.03.2022 00:00:07;147.262
ekstensometer (ny);23.03.2022 01:00:05;147.262
ekstensometer (ny);23.03.2022 02:00:05;147.262
ekstensometer (ny);23.03.2022 03:00:05;147.262
ekstensometer (ny);23.03.2022 04:00:07;147.262
ekstensometer (ny);23.03.2022 05:00:05;147.262
ekstensometer (ny);23.03.2022 06:00:04;147.262
ekstensometer (ny);23.03.2022 07:00:05;147.150
ekstensometer (ny);23.03.2022 08:00:07;147.150
ekstensometer (ny);23.03.2022 09:00:05;147.150
ekstensometer (ny);23.03.2022 10:00:05;147.038
ekstensometer (ny);23.03.2022 11:00:05;147.038
ekstensometer (ny);23.03.2022 12:00:26;146.475
ekstensometer (ny);23.03.2022 13:00:04;146.475
ekstensometer (ny);23.03.2022 14:00:05;146.475
ekstensometer (ny);23.03.2022 15:00:05;146.587
ekstensometer (ny);23.03.2022 16:00:07;146.587
ekstensometer (ny);23.03.2022 17:00:05;146.587
ekstensometer (ny);23.03.2022 18:00:04;146.587
ekstensometer (ny);23.03.2022 19:00:05;146.587
ekstensometer (ny);23.03.2022 20:00:07;146.587
ekstensometer (ny);23.03.2022 21:00:05;146.587
ekstensometer (ny);23.03.2022 22:00:05;146.587
ekstensometer (ny);23.03.2022 23:00:05;146.587
ekstensometer (ny);24.03.2022 00:00:07;146.587
ekstensometer (ny);24.03.2022 01:00:04;146.587
ekstensometer (ny);24.03.2022 02:00:05;146.587
ekstensometer (ny);24.03.2022 03:00:05;146.587
ekstensometer (ny);24.03.2022 04:00:07;146.587
ekstensometer (ny);24.03.2022 05:00:05;146.587
ekstensometer (ny);24.03.2022 06:00:05;146.587
ekstensometer (ny);24.03.2022 07:00:05;146.587
ekstensometer (ny);24.03.2022 08:00:07;146.587
ekstensometer (ny);24.03.2022 09:00:04;146.587
ekstensometer (ny);24.03.2022 10:00:05;146.587
ekstensometer (ny);24.03.2022 11:00:04;146.587
ekstensometer (ny);24.03.2022 12:00:07;146.587
ekstensometer (ny);24.03.2022 13:00:05;146.587
ekstensometer (ny);24.03.2022 14:00:05;146.587
ekstensometer (ny);24.03.2022 15:00:05;146.587
ekstensometer (ny);24.03.2022 16:00:07;146.587
ekstensometer (ny);24.03.2022 17:00:04;146.587
ekstensometer (ny);24.03.2022 18:00:04;146.587
ekstensometer (ny);24.03.2022 19:00:05;146.587
ekstensometer (ny);24.03.2022 20:00:07;146.587
ekstensometer (ny);24.03.2022 21:00:05;146.587
ekstensometer (ny);24.03.2022 22:00:05;146.587
ekstensometer (ny);24.03.2022 23:00:04;146.587
ekstensometer (ny);25.03.2022 00:00:07;146.587
ekstensometer (ny);25.03.2022 01:00:05;146.587
ekstensometer (ny);25.03.2022 02:00:05;146.587
ekstensometer (ny);25.03.2022 03:00:05;147.150
ekstensometer (ny);25.03.2022 04:00:07;146.587
ekstensometer (ny);25.03.2022 05:00:04;146.587
ekstensometer (ny);25.03.2022 06:00:04;146.587
ekstensometer (ny);25.03.2022 07:00:05;146.587
ekstensometer (ny);25.03.2022 08:00:07;146.587
ekstensometer (ny);25.03.2022 09:00:05;146.587
ekstensometer (ny);25.03.2022 10:00:05;146.587
ekstensometer (ny);25.03.2022 11:00:05;147.150
ekstensometer (ny);25.03.2022 12:00:07;146.587
ekstensometer (ny);25.03.2022 13:00:05;146.587
ekstensometer (ny);25.03.2022 14:00:04;147.150
ekstensometer (ny);25.03.2022 15:00:04;146.587
ekstensometer (ny);25.03.2022 16:00:07;146.587
ekstensometer (ny);25.03.2022 17:00:05;146.587
ekstensometer (ny);25.03.2022 18:00:05;146.587
ekstensometer (ny);25.03.2022 19:00:05;146.587
ekstensometer (ny);25.03.2022 20:00:06;146.587
ekstensometer (ny);25.03.2022 21:00:04;146.587
ekstensometer (ny);25.03.2022 22:00:05;146.587
ekstensometer (ny);25.03.2022 23:00:05;146.587
ekstensometer (ny);26.03.2022 00:00:07;146.587
ekstensometer (ny);26.03.2022 01:00:05;146.587
ekstensometer (ny);26.03.2022 02:00:06;146.587
ekstensometer (ny);26.03.2022 03:00:04;146.587
ekstensometer (ny);26.03.2022 04:00:07;146.587
ekstensometer (ny);26.03.2022 05:00:05;146.587
ekstensometer (ny);26.03.2022 06:00:05;146.587
ekstensometer (ny);26.03.2022 07:00:05;146.587
ekstensometer (ny);26.03.2022 08:00:07;146.587
ekstensometer (ny);26.03.2022 09:00:04;146.587
ekstensometer (ny);26.03.2022 10:00:05;146.475
ekstensometer (ny);26.03.2022 11:00:04;146.475
ekstensometer (ny);26.03.2022 12:00:07;146.475
ekstensometer (ny);26.03.2022 13:00:05;146.475
ekstensometer (ny);26.03.2022 14:00:05;146.475
ekstensometer (ny);26.03.2022 15:00:05;146.475
ekstensometer (ny);26.03.2022 16:00:07;146.587
ekstensometer (ny);26.03.2022 17:00:04;146.587
ekstensometer (ny);26.03.2022 18:00:04;146.587
ekstensometer (ny);26.03.2022 19:00:05;146.587
ekstensometer (ny);26.03.2022 20:00:07;146.587
ekstensometer (ny);26.03.2022 21:00:05;146.587
ekstensometer (ny);26.03.2022 22:00:05;146.587
ekstensometer (ny);26.03.2022 23:00:05;146.587
ekstensometer (ny);27.03.2022 00:00:07;146.587
ekstensometer (ny);27.03.2022 01:00:04;146.587
ekstensometer (ny);27.03.2022 02:00:05;147.150
ekstensometer (ny);27.03.2022 03:00:05;146.587
ekstensometer (ny);27.03.2022 04:00:07;146.587
ekstensometer (ny);27.03.2022 05:00:05;146.587
ekstensometer (ny);27.03.2022 06:00:04;146.587
ekstensometer (ny);27.03.2022 07:00:05;146.587
ekstensometer (ny);27.03.2022 08:00:07;146.587
ekstensometer (ny);27.03.2022 09:00:05;146.587
ekstensometer (ny);27.03.2022 10:00:05;146.587
ekstensometer (ny);27.03.2022 11:00:05;146.587
ekstensometer (ny);27.03.2022 12:00:07;146.587
ekstensometer (ny);27.03.2022 13:00:05;146.587
ekstensometer (ny);27.03.2022 14:00:04;146.587
ekstensometer (ny);27.03.2022 15:00:04;146.587
ekstensometer (ny);27.03.2022 16:00:26;146.587
ekstensometer (ny);27.03.2022 17:00:05;146.587
ekstensometer (ny);27.03.2022 18:00:05;146.587
ekstensometer (ny);27.03.2022 19:00:05;146.587
ekstensometer (ny);27.03.2022 20:00:06;146.587
ekstensometer (ny);27.03.2022 21:00:04;146.587
ekstensometer (ny);27.03.2022 22:00:05;146.587
ekstensometer (ny);27.03.2022 23:00:05;146.587
ekstensometer (ny);28.03.2022 00:00:07;146.587
ekstensometer (ny);28.03.2022 01:00:05;146.587
ekstensometer (ny);28.03.2022 02:00:06;146.587
ekstensometer (ny);28.03.2022 03:00:04;146.587
ekstensometer (ny);28.03.2022 04:00:07;146.587
ekstensometer (ny);28.03.2022 05:00:05;146.587
ekstensometer (ny);28.03.2022 06:00:05;146.587
ekstensometer (ny);28.03.2022 07:00:05;146.587
ekstensometer (ny);28.03.2022 08:00:07;146.587
ekstensometer (ny);28.03.2022 09:00:04;147.150
ekstensometer (ny);28.03.2022 10:00:05;146.587
ekstensometer (ny);28.03.2022 11:00:04;146.587
ekstensometer (ny);28.03.2022 12:00:07;146.587
ekstensometer (ny);28.03.2022 13:00:05;146.587
ekstensometer (ny);28.03.2022 14:00:05;146.587
ekstensometer (ny);28.03.2022 15:00:05;146.587
ekstensometer (ny);28.03.2022 16:00:07;146.587
ekstensometer (ny);28.03.2022 17:00:04;146.587
ekstensometer (ny);28.03.2022 18:00:04;147.038
ekstensometer (ny);28.03.2022 19:00:05;146.587
ekstensometer (ny);28.03.2022 20:00:07;147.150
ekstensometer (ny);28.03.2022 21:00:05;147.150
ekstensometer (ny);28.03.2022 22:00:05;147.150
ekstensometer (ny);28.03.2022 23:00:05;147.150
ekstensometer (ny);29.03.2022 00:00:07;147.150
ekstensometer (ny);29.03.2022 01:00:04;147.150
ekstensometer (ny);29.03.2022 02:00:05;147.150
ekstensometer (ny);29.03.2022 03:00:05;147.150
ekstensometer (ny);29.03.2022 04:00:07;147.150
ekstensometer (ny);29.03.2022 05:00:05;147.150
ekstensometer (ny);29.03.2022 06:00:04;147.150
ekstensometer (ny);29.03.2022 07:00:05;147.150
ekstensometer (ny);29.03.2022 08:00:07;147.150
ekstensometer (ny);29.03.2022 09:00:05;147.150
ekstensometer (ny);29.03.2022 10:00:05;147.150
ekstensometer (ny);29.03.2022 11:00:05;147.150
ekstensometer (ny);29.03.2022 12:00:07;147.150
ekstensometer (ny);29.03.2022 13:00:05;147.150
ekstensometer (ny);29.03.2022 14:00:04;147.150
ekstensometer (ny);29.03.2022 15:00:04;147.150
ekstensometer (ny);29.03.2022 16:00:07;147.150
ekstensometer (ny);29.03.2022 17:00:05;147.150
ekstensometer (ny);29.03.2022 18:00:05;147.150
ekstensometer (ny);29.03.2022 19:00:05;147.150
ekstensometer (ny);29.03.2022 20:00:06;147.150
ekstensometer (ny);29.03.2022 21:00:04;147.262
ekstensometer (ny);29.03.2022 22:00:05;147.262
ekstensometer (ny);29.03.2022 23:00:05;147.262
ekstensometer (ny);30.03.2022 00:00:07;147.262
ekstensometer (ny);30.03.2022 01:00:05;147.262
ekstensometer (ny);30.03.2022 02:00:06;147.262
ekstensometer (ny);30.03.2022 03:00:04;147.262
ekstensometer (ny);30.03.2022 04:00:07;147.825
ekstensometer (ny);30.03.2022 05:00:05;147.825
ekstensometer (ny);30.03.2022 06:00:05;147.825
ekstensometer (ny);30.03.2022 07:00:05;147.825
ekstensometer (ny);30.03.2022 08:00:07;147.825
ekstensometer (ny);30.03.2022 09:00:04;147.712
ekstensometer (ny);30.03.2022 10:00:05;147.600
ekstensometer (ny);30.03.2022 11:00:05;147.600
ekstensometer (ny);30.03.2022 12:00:07;147.600
ekstensometer (ny);30.03.2022 13:00:05;147.038
ekstensometer (ny);30.03.2022 14:00:04;147.038
ekstensometer (ny);30.03.2022 15:00:04;147.150
ekstensometer (ny);30.03.2022 16:00:07;147.150
ekstensometer (ny);30.03.2022 17:00:05;147.150
ekstensometer (ny);30.03.2022 18:00:05;147.150
ekstensometer (ny);30.03.2022 19:00:05;147.150
ekstensometer (ny);30.03.2022 20:00:06;147.150
ekstensometer (ny);30.03.2022 21:00:04;147.262
ekstensometer (ny);30.03.2022 22:00:05;147.262
ekstensometer (ny);30.03.2022 23:00:05;147.262
ekstensometer (ny);31.03.2022 00:00:07;147.825
ekstensometer (ny);31.03.2022 01:00:05;147.825
ekstensometer (ny);31.03.2022 02:00:05;147.825
ekstensometer (ny);31.03.2022 03:00:04;147.825
ekstensometer (ny);31.03.2022 04:00:07;147.825
ekstensometer (ny);31.03.2022 05:00:05;147.825
ekstensometer (ny);31.03.2022 06:00:05;147.825
ekstensometer (ny);31.03.2022 07:00:05;147.825
ekstensometer (ny);31.03.2022 08:00:07;147.712
ekstensometer (ny);31.03.2022 09:00:05;147.712
ekstensometer (ny);31.03.2022 10:00:04;147.600
ekstensometer (ny);31.03.2022 11:00:05;147.600
ekstensometer (ny);31.03.2022 12:00:07;147.600
ekstensometer (ny);31.03.2022 13:00:04;147.600
ekstensometer (ny);31.03.2022 14:00:04;147.038
ekstensometer (ny);31.03.2022 15:00:05;147.150
ekstensometer (ny);31.03.2022 16:00:07;147.150
ekstensometer (ny);31.03.2022 17:00:05;147.150
ekstensometer (ny);31.03.2022 18:00:05;147.150
ekstensometer (ny);31.03.2022 19:00:04;147.150
ekstensometer (ny);31.03.2022 20:00:07;147.150
ekstensometer (ny);31.03.2022 21:00:05;147.150
ekstensometer (ny);31.03.2022 22:00:05;147.262
ekstensometer (ny);31.03.2022 23:00:05;147.262
ekstensometer (ny);01.04.2022 00:00:07;147.825
ekstensometer (ny);01.04.2022 01:00:05;147.825
ekstensometer (ny);01.04.2022 02:00:04;147.825
ekstensometer (ny);01.04.2022 03:00:05;147.825
ekstensometer (ny);01.04.2022 04:00:07;147.825
ekstensometer (ny);01.04.2022 05:00:05;147.825
ekstensometer (ny);01.04.2022 06:00:05;147.825
ekstensometer (ny);01.04.2022 07:00:05;147.825
ekstensometer (ny);01.04.2022 08:00:08;147.825
ekstensometer (ny);01.04.2022 09:00:04;147.712
ekstensometer (ny);01.04.2022 10:00:05;147.600
ekstensometer (ny);01.04.2022 11:00:05;147.488
ekstensometer (ny);01.04.2022 12:00:07;147.600
ekstensometer (ny);01.04.2022 13:00:05;147.600
ekstensometer (ny);01.04.2022 14:00:04;147.038
ekstensometer (ny);01.04.2022 15:00:04;147.038
ekstensometer (ny);01.04.2022 16:00:07;147.038
ekstensometer (ny);01.04.2022 17:00:05;147.038
ekstensometer (ny);01.04.2022 18:00:05;147.150
ekstensometer (ny);01.04.2022 19:00:05;147.712
ekstensometer (ny);01.04.2022 20:00:06;147.712
ekstensometer (ny);01.04.2022 21:00:04;147.712
ekstensometer (ny);01.04.2022 22:00:04;147.825
ekstensometer (ny);01.04.2022 23:00:05;147.825
ekstensometer (ny);02.04.2022 00:00:07;147.825
ekstensometer (ny);02.04.2022 01:00:05;147.825
ekstensometer (ny);02.04.2022 02:00:06;147.825
ekstensometer (ny);02.04.2022 03:00:04;147.825
ekstensometer (ny);02.04.2022 04:00:07;147.825
ekstensometer (ny);02.04.2022 05:00:05;147.825
ekstensometer (ny);02.04.2022 06:00:05;147.825
ekstensometer (ny);02.04.2022 07:00:05;147.825
ekstensometer (ny);02.04.2022 08:00:07;147.712
ekstensometer (ny);02.04.2022 09:00:04;147.712
ekstensometer (ny);02.04.2022 10:00:05;147.712
ekstensometer (ny);02.04.2022 11:00:05;147.600
ekstensometer (ny);02.04.2022 12:00:07;147.600
ekstensometer (ny);02.04.2022 13:00:04;147.600
ekstensometer (ny);02.04.2022 14:00:05;147.712
ekstensometer (ny);02.04.2022 15:00:05;147.712
ekstensometer (ny);02.04.2022 16:00:07;147.712
ekstensometer (ny);02.04.2022 17:00:05;147.712
ekstensometer (ny);02.04.2022 18:00:05;147.712
ekstensometer (ny);02.04.2022 19:00:05;147.712
ekstensometer (ny);02.04.2022 20:00:07;147.712
ekstensometer (ny);02.04.2022 21:00:04;147.712
ekstensometer (ny);02.04.2022 22:00:05;147.712
ekstensometer (ny);02.04.2022 23:00:05;147.712
ekstensometer (ny);03.04.2022 00:00:07;147.712
ekstensometer (ny);03.04.2022 01:00:05;147.712
ekstensometer (ny);03.04.2022 02:00:04;147.712
ekstensometer (ny);03.04.2022 03:00:05;147.712
ekstensometer (ny);03.04.2022 04:00:07;147.712
ekstensometer (ny);03.04.2022 05:00:05;147.712
ekstensometer (ny);03.04.2022 06:00:05;147.712
ekstensometer (ny);03.04.2022 07:00:05;147.712
ekstensometer (ny);03.04.2022 08:00:07;147.712
ekstensometer (ny);03.04.2022 09:00:04;147.712
ekstensometer (ny);03.04.2022 10:00:05;147.712
ekstensometer (ny);03.04.2022 11:00:04;147.712
ekstensometer (ny);03.04.2022 12:00:07;147.150
ekstensometer (ny);03.04.2022 13:00:05;147.150
ekstensometer (ny);03.04.2022 14:00:05;147.150
ekstensometer (ny);03.04.2022 15:00:05;147.150
ekstensometer (ny);03.04.2022 16:00:06;147.712
ekstensometer (ny);03.04.2022 17:00:04;147.712
ekstensometer (ny);03.04.2022 18:00:05;147.712
ekstensometer (ny);03.04.2022 19:00:05;147.712
ekstensometer (ny);03.04.2022 20:00:07;147.712
ekstensometer (ny);03.04.2022 21:00:05;147.712
ekstensometer (ny);03.04.2022 22:00:05;147.712
ekstensometer (ny);03.04.2022 23:00:04;147.712
ekstensometer (ny);04.04.2022 00:00:07;147.712
ekstensometer (ny);04.04.2022 01:00:05;147.712
ekstensometer (ny);04.04.2022 02:00:05;147.712
ekstensometer (ny);04.04.2022 03:00:05;147.712
ekstensometer (ny);04.04.2022 04:00:07;147.712
ekstensometer (ny);04.04.2022 05:00:05;147.712
ekstensometer (ny);04.04.2022 06:00:04;147.712
ekstensometer (ny);04.04.2022 07:00:05;147.712
ekstensometer (ny);04.04.2022 08:00:07;147.712
ekstensometer (ny);04.04.2022 09:00:05;147.712
ekstensometer (ny);04.04.2022 10:00:05;147.712
ekstensometer (ny);04.04.2022 11:00:05;147.712
ekstensometer (ny);04.04.2022 12:00:40;147.712
ekstensometer (ny);04.04.2022 13:00:04;147.712
ekstensometer (ny);04.04.2022 14:00:04;148.275
ekstensometer (ny);04.04.2022 15:00:05;147.712
ekstensometer (ny);04.04.2022 16:00:07;147.712
ekstensometer (ny);04.04.2022 17:00:05;147.712
ekstensometer (ny);04.04.2022 18:00:05;147.712
ekstensometer (ny);04.04.2022 19:00:05;147.712
ekstensometer (ny);04.04.2022 20:00:06;147.712
ekstensometer (ny);04.04.2022 21:00:04;147.712
ekstensometer (ny);04.04.2022 22:00:05;147.825
ekstensometer (ny);04.04.2022 23:00:05;147.712
ekstensometer (ny);05.04.2022 00:00:07;147.712
ekstensometer (ny);05.04.2022 01:00:05;147.712
ekstensometer (ny);05.04.2022 02:00:06;147.712
ekstensometer (ny);05.04.2022 03:00:04;147.712
ekstensometer (ny);05.04.2022 04:00:07;147.825
ekstensometer (ny);05.04.2022 05:00:05;147.712
ekstensometer (ny);05.04.2022 06:00:05;147.825
ekstensometer (ny);05.04.2022 07:00:05;147.712
ekstensometer (ny);05.04.2022 08:00:07;147.825
ekstensometer (ny);05.04.2022 09:00:04;148.275
ekstensometer (ny);05.04.2022 10:00:05;148.163
ekstensometer (ny);05.04.2022 11:00:04;147.938
ekstensometer (ny);05.04.2022 12:00:07;147.488
ekstensometer (ny);05.04.2022 13:00:05;147.600
ekstensometer (ny);05.04.2022 14:00:05;147.600
ekstensometer (ny);05.04.2022 15:00:05;147.600
ekstensometer (ny);05.04.2022 16:00:07;147.600
ekstensometer (ny);05.04.2022 17:00:04;147.600
ekstensometer (ny);05.04.2022 18:00:04;147.712
ekstensometer (ny);05.04.2022 19:00:05;147.712
ekstensometer (ny);05.04.2022 20:00:07;147.712
ekstensometer (ny);05.04.2022 21:00:05;147.712
ekstensometer (ny);05.04.2022 22:00:05;147.712
ekstensometer (ny);05.04.2022 23:00:05;147.712
ekstensometer (ny);06.04.2022 00:00:06;147.825
ekstensometer (ny);06.04.2022 01:00:04;148.387
ekstensometer (ny);06.04.2022 02:00:05;148.387
ekstensometer (ny);06.04.2022 03:00:05;148.387
ekstensometer (ny);06.04.2022 04:00:08;148.387
ekstensometer (ny);06.04.2022 05:00:05;148.387
ekstensometer (ny);06.04.2022 06:00:04;148.387
ekstensometer (ny);06.04.2022 07:00:05;148.275
ekstensometer (ny);06.04.2022 08:00:07;148.275
ekstensometer (ny);06.04.2022 09:00:05;148.275
ekstensometer (ny);06.04.2022 10:00:05;148.163
ekstensometer (ny);06.04.2022 11:00:05;148.163
ekstensometer (ny);06.04.2022 12:00:07;147.488
ekstensometer (ny);06.04.2022 13:00:04;147.488
ekstensometer (ny);06.04.2022 14:00:04;147.488
ekstensometer (ny);06.04.2022 15:00:05;147.488
ekstensometer (ny);06.04.2022 16:00:39;147.488
ekstensometer (ny);06.04.2022 17:00:05;147.600
ekstensometer (ny);06.04.2022 18:00:05;147.600
ekstensometer (ny);06.04.2022 19:00:04;147.712
ekstensometer (ny);06.04.2022 20:00:07;147.712
ekstensometer (ny);06.04.2022 21:00:05;147.712
ekstensometer (ny);06.04.2022 22:00:05;148.275
ekstensometer (ny);06.04.2022 23:00:05;148.387
ekstensometer (ny);07.04.2022 00:00:07;148.387
ekstensometer (ny);07.04.2022 01:00:05;148.387
ekstensometer (ny);07.04.2022 02:00:04;148.387
ekstensometer (ny);07.04.2022 03:00:05;148.387
ekstensometer (ny);07.04.2022 04:00:07;148.387
ekstensometer (ny);07.04.2022 05:00:05;148.387
ekstensometer (ny);07.04.2022 06:00:05;148.387
ekstensometer (ny);07.04.2022 07:00:05;148.275
ekstensometer (ny);07.04.2022 08:00:08;148.275
ekstensometer (ny);07.04.2022 09:00:04;148.275
ekstensometer (ny);07.04.2022 10:00:05;148.275
ekstensometer (ny);07.04.2022 11:00:04;148.275
ekstensometer (ny);07.04.2022 12:00:07;147.712
ekstensometer (ny);07.04.2022 13:00:05;147.600
ekstensometer (ny);07.04.2022 14:00:05;147.712
ekstensometer (ny);07.04.2022 15:00:05;147.712
ekstensometer (ny);07.04.2022 16:00:07;147.712
ekstensometer (ny);07.04.2022 17:00:04;147.712
ekstensometer (ny);07.04.2022 18:00:04;147.712
ekstensometer (ny);07.04.2022 19:00:05;147.712
ekstensometer (ny);07.04.2022 20:00:07;147.712
ekstensometer (ny);07.04.2022 21:00:05;147.712
ekstensometer (ny);07.04.2022 22:00:05;147.712
ekstensometer (ny);07.04.2022 23:00:05;147.712
ekstensometer (ny);08.04.2022 00:00:26;147.712
ekstensometer (ny);08.04.2022 01:00:04;147.712
ekstensometer (ny);08.04.2022 02:00:05;147.712
ekstensometer (ny);08.04.2022 03:00:05;147.712
ekstensometer (ny);08.04.2022 04:00:07;147.825
ekstensometer (ny);08.04.2022 05:00:05;147.825
ekstensometer (ny);08.04.2022 06:00:04;147.712
ekstensometer (ny);08.04.2022 07:00:05;148.275
ekstensometer (ny);08.04.2022 08:00:07;148.275
ekstensometer (ny);08.04.2022 09:00:05;148.275
ekstensometer (ny);08.04.2022 10:00:05;148.163
ekstensometer (ny);08.04.2022 11:00:05;147.600
ekstensometer (ny);08.04.2022 12:00:07;147.600
ekstensometer (ny);08.04.2022 13:00:04;147.600
ekstensometer (ny);08.04.2022 14:00:04;148.275
ekstensometer (ny);08.04.2022 15:00:04;147.712
ekstensometer (ny);08.04.2022 16:00:07;147.712
ekstensometer (ny);08.04.2022 17:00:05;147.712
ekstensometer (ny);08.04.2022 18:00:05;147.712
ekstensometer (ny);08.04.2022 19:00:05;147.712
ekstensometer (ny);08.04.2022 20:00:06;148.275
ekstensometer (ny);08.04.2022 21:00:04;147.712
ekstensometer (ny);08.04.2022 22:00:05;147.712
ekstensometer (ny);08.04.2022 23:00:05;147.712
ekstensometer (ny);09.04.2022 00:00:07;147.712
ekstensometer (ny);09.04.2022 01:00:05;147.712
ekstensometer (ny);09.04.2022 02:00:06;147.712
ekstensometer (ny);09.04.2022 03:00:04;147.712
ekstensometer (ny);09.04.2022 04:00:07;147.712
ekstensometer (ny);09.04.2022 05:00:05;148.275
ekstensometer (ny);09.04.2022 06:00:05;147.712
ekstensometer (ny);09.04.2022 07:00:05;147.712
ekstensometer (ny);09.04.2022 08:00:07;147.712
ekstensometer (ny);09.04.2022 09:00:04;147.712
ekstensometer (ny);09.04.2022 10:00:05;147.712
ekstensometer (ny);09.04.2022 11:00:05;147.712
ekstensometer (ny);09.04.2022 12:00:07;147.712
ekstensometer (ny);09.04.2022 13:00:05;147.712
ekstensometer (ny);09.04.2022 14:00:05;147.712
ekstensometer (ny);09.04.2022 15:00:04;147.712
ekstensometer (ny);09.04.2022 16:00:07;147.712
ekstensometer (ny);09.04.2022 17:00:05;147.712
ekstensometer (ny);09.04.2022 18:00:05;147.712
ekstensometer (ny);09.04.2022 19:00:05;148.275
ekstensometer (ny);09.04.2022 20:00:07;147.712
ekstensometer (ny);09.04.2022 21:00:05;147.712
ekstensometer (ny);09.04.2022 22:00:04;148.275
ekstensometer (ny);09.04.2022 23:00:05;147.712
ekstensometer (ny);10.04.2022 00:00:07;147.712
ekstensometer (ny);10.04.2022 01:00:05;147.712
ekstensometer (ny);10.04.2022 02:00:05;147.712
ekstensometer (ny);10.04.2022 03:00:05;148.275
ekstensometer (ny);10.04.2022 04:00:06;147.712
ekstensometer (ny);10.04.2022 05:00:04;147.712
ekstensometer (ny);10.04.2022 06:00:05;147.712
ekstensometer (ny);10.04.2022 07:00:05;147.712
ekstensometer (ny);10.04.2022 08:00:07;147.712
ekstensometer (ny);10.04.2022 09:00:05;147.712
ekstensometer (ny);10.04.2022 10:00:05;147.712
ekstensometer (ny);10.04.2022 11:00:05;148.275
ekstensometer (ny);10.04.2022 12:00:07;148.275
ekstensometer (ny);10.04.2022 13:00:05;147.712
ekstensometer (ny);10.04.2022 14:00:04;147.712
ekstensometer (ny);10.04.2022 15:00:04;147.712
ekstensometer (ny);10.04.2022 16:00:07;147.712
ekstensometer (ny);10.04.2022 17:00:05;147.712
ekstensometer (ny);10.04.2022 18:00:05;147.712
ekstensometer (ny);10.04.2022 19:00:05;147.712
ekstensometer (ny);10.04.2022 20:00:07;147.712
ekstensometer (ny);10.04.2022 21:00:04;147.712
ekstensometer (ny);10.04.2022 22:00:04;147.712
ekstensometer (ny);10.04.2022 23:00:05;147.712
ekstensometer (ny);11.04.2022 00:00:07;147.712
ekstensometer (ny);11.04.2022 01:00:05;147.712
ekstensometer (ny);11.04.2022 02:00:05;147.712
ekstensometer (ny);11.04.2022 03:00:04;147.712
ekstensometer (ny);11.04.2022 04:00:07;148.275
ekstensometer (ny);11.04.2022 05:00:05;147.712
ekstensometer (ny);11.04.2022 06:00:05;147.712
ekstensometer (ny);11.04.2022 07:00:05;148.275
ekstensometer (ny);11.04.2022 08:00:26;148.275
ekstensometer (ny);11.04.2022 09:00:05;147.712
ekstensometer (ny);11.04.2022 10:00:04;147.712
ekstensometer (ny);11.04.2022 11:00:04;147.712
ekstensometer (ny);11.04.2022 12:00:07;147.712
ekstensometer (ny);11.04.2022 13:00:04;147.712
ekstensometer (ny);11.04.2022 14:00:05;147.712
ekstensometer (ny);11.04.2022 15:00:05;147.712
ekstensometer (ny);11.04.2022 16:00:07;147.712
ekstensometer (ny);11.04.2022 17:00:05;147.712
ekstensometer (ny);11.04.2022 18:00:04;147.712
ekstensometer (ny);11.04.2022 19:00:04;147.712
ekstensometer (ny);11.04.2022 20:00:26;147.712
ekstensometer (ny);11.04.2022 21:00:05;147.712
ekstensometer (ny);11.04.2022 22:00:05;147.712
ekstensometer (ny);11.04.2022 23:00:05;147.712
ekstensometer (ny);12.04.2022 00:00:06;147.712
ekstensometer (ny);12.04.2022 01:00:04;147.712
ekstensometer (ny);12.04.2022 02:00:05;147.712
ekstensometer (ny);12.04.2022 03:00:05;147.712
ekstensometer (ny);12.04.2022 04:00:07;147.712
ekstensometer (ny);12.04.2022 05:00:05;147.712
ekstensometer (ny);12.04.2022 06:00:06;147.712
ekstensometer (ny);12.04.2022 07:00:04;147.712
ekstensometer (ny);12.04.2022 08:00:07;147.712
ekstensometer (ny);12.04.2022 09:00:05;147.712
ekstensometer (ny);12.04.2022 10:00:05;147.712
ekstensometer (ny);12.04.2022 11:00:05;147.712
ekstensometer (ny);12.04.2022 12:00:07;147.600
ekstensometer (ny);12.04.2022 13:00:05;147.600
ekstensometer (ny);12.04.2022 14:00:04;147.600
ekstensometer (ny);12.04.2022 15:00:04;147.600
ekstensometer (ny);12.04.2022 16:00:07;147.600
ekstensometer (ny);12.04.2022 17:00:05;147.712
ekstensometer (ny);12.04.2022 18:00:05;147.712
ekstensometer (ny);12.04.2022 19:00:05;147.712
ekstensometer (ny);12.04.2022 20:00:27;147.712
ekstensometer (ny);12.04.2022 21:00:04;147.712
ekstensometer (ny);12.04.2022 22:00:04;147.712
ekstensometer (ny);12.04.2022 23:00:05;147.712
ekstensometer (ny);13.04.2022 00:00:07;147.712
ekstensometer (ny);13.04.2022 01:00:05;147.712
ekstensometer (ny);13.04.2022 02:00:05;147.712
ekstensometer (ny);13.04.2022 03:00:04;147.712
ekstensometer (ny);13.04.2022 04:00:07;147.712
ekstensometer (ny);13.04.2022 05:00:05;147.712
ekstensometer (ny);13.04.2022 06:00:05;147.712
ekstensometer (ny);13.04.2022 07:00:05;147.712
ekstensometer (ny);13.04.2022 08:00:07;147.712
ekstensometer (ny);13.04.2022 09:00:05;147.712
ekstensometer (ny);13.04.2022 10:00:04;147.712
ekstensometer (ny);13.04.2022 11:00:04;147.712
ekstensometer (ny);13.04.2022 12:00:07;147.150
ekstensometer (ny);13.04.2022 13:00:05;147.150
ekstensometer (ny);13.04.2022 14:00:05;147.150
ekstensometer (ny);13.04.2022 15:00:05;147.150
ekstensometer (ny);13.04.2022 16:00:07;147.150
ekstensometer (ny);13.04.2022 17:00:05;147.150
ekstensometer (ny);13.04.2022 18:00:04;147.150
ekstensometer (ny);13.04.2022 19:00:04;147.150
ekstensometer (ny);13.04.2022 20:00:07;147.150
ekstensometer (ny);13.04.2022 21:00:05;147.150
ekstensometer (ny);13.04.2022 22:00:05;147.150
ekstensometer (ny);13.04.2022 23:00:05;147.150
ekstensometer (ny);14.04.2022 00:00:07;147.150
ekstensometer (ny);14.04.2022 01:00:04;147.150
ekstensometer (ny);14.04.2022 02:00:05;147.150
ekstensometer (ny);14.04.2022 03:00:05;147.150
ekstensometer (ny);14.04.2022 04:00:07;147.150
ekstensometer (ny);14.04.2022 05:00:05;147.712
ekstensometer (ny);14.04.2022 06:00:05;147.712
ekstensometer (ny);14.04.2022 07:00:04;147.712
ekstensometer (ny);14.04.2022 08:00:07;147.712
ekstensometer (ny);14.04.2022 09:00:05;147.712
ekstensometer (ny);14.04.2022 10:00:05;147.712
ekstensometer (ny);14.04.2022 11:00:05;147.712
ekstensometer (ny);14.04.2022 12:00:07;147.712
ekstensometer (ny);14.04.2022 13:00:05;147.038
ekstensometer (ny);14.04.2022 14:00:05;147.038
ekstensometer (ny);14.04.2022 15:00:04;147.038
ekstensometer (ny);14.04.2022 16:00:27;147.038
ekstensometer (ny);14.04.2022 17:00:05;147.150
ekstensometer (ny);14.04.2022 18:00:05;147.150
ekstensometer (ny);14.04.2022 19:00:05;147.150
ekstensometer (ny);14.04.2022 20:00:07;147.150
ekstensometer (ny);14.04.2022 21:00:04;147.150
ekstensometer (ny);14.04.2022 22:00:04;147.150
ekstensometer (ny);14.04.2022 23:00:05;147.150
ekstensometer (ny);15.04.2022 00:00:07;147.150
ekstensometer (ny);15.04.2022 01:00:05;147.150
ekstensometer (ny);15.04.2022 02:00:05;147.150
ekstensometer (ny);15.04.2022 03:00:05;147.150
ekstensometer (ny);15.04.2022 04:00:07;147.150
ekstensometer (ny);15.04.2022 05:00:04;147.150
ekstensometer (ny);15.04.2022 06:00:05;147.150
ekstensometer (ny);15.04.2022 07:00:05;147.150
ekstensometer (ny);15.04.2022 08:00:07;147.150
ekstensometer (ny);15.04.2022 09:00:05;147.150
ekstensometer (ny);15.04.2022 10:00:04;147.150
ekstensometer (ny);15.04.2022 11:00:05;147.038
ekstensometer (ny);15.04.2022 12:00:07;147.038
ekstensometer (ny);15.04.2022 13:00:05;147.038
ekstensometer (ny);15.04.2022 14:00:05;147.038
ekstensometer (ny);15.04.2022 15:00:05;147.038
ekstensometer (ny);15.04.2022 16:00:07;147.038
ekstensometer (ny);15.04.2022 17:00:04;147.038
ekstensometer (ny);15.04.2022 18:00:05;147.038
ekstensometer (ny);15.04.2022 19:00:05;147.038
ekstensometer (ny);15.04.2022 20:00:07;147.150
ekstensometer (ny);15.04.2022 21:00:05;147.150
ekstensometer (ny);15.04.2022 22:00:05;147.150
ekstensometer (ny);15.04.2022 23:00:04;147.150
ekstensometer (ny);16.04.2022 00:00:07;147.150
ekstensometer (ny);16.04.2022 01:00:05;147.150
ekstensometer (ny);16.04.2022 02:00:05;147.150
ekstensometer (ny);16.04.2022 03:00:05;147.150
ekstensometer (ny);16.04.2022 04:00:07;147.150
ekstensometer (ny);16.04.2022 05:00:04;147.150
ekstensometer (ny);16.04.2022 06:00:04;147.150
ekstensometer (ny);16.04.2022 07:00:05;147.150
ekstensometer (ny);16.04.2022 08:00:07;147.150
ekstensometer (ny);16.04.2022 09:00:05;147.038
ekstensometer (ny);16.04.2022 10:00:05;146.925
ekstensometer (ny);16.04.2022 11:00:04;146.925
ekstensometer (ny);16.04.2022 12:00:26;146.925
ekstensometer (ny);16.04.2022 13:00:05;147.038
ekstensometer (ny);16.04.2022 14:00:05;146.475
ekstensometer (ny);16.04.2022 15:00:05;146.475
ekstensometer (ny);16.04.2022 16:00:07;146.475
ekstensometer (ny);16.04.2022 17:00:04;146.475
ekstensometer (ny);16.04.2022 18:00:05;146.475
ekstensometer (ny);16.04.2022 19:00:05;146.587
ekstensometer (ny);16.04.2022 20:00:07;146.587
ekstensometer (ny);16.04.2022 21:00:05;146.587
ekstensometer (ny);16.04.2022 22:00:05;146.587
ekstensometer (ny);16.04.2022 23:00:05;147.038
ekstensometer (ny);17.04.2022 00:00:06;147.150
ekstensometer (ny);17.04.2022 01:00:04;147.150
ekstensometer (ny);17.04.2022 02:00:05;147.150
ekstensometer (ny);17.04.2022 03:00:05;147.150
ekstensometer (ny);17.04.2022 04:00:07;147.150
ekstensometer (ny);17.04.2022 05:00:05;147.150
ekstensometer (ny);17.04.2022 06:00:05;147.150
ekstensometer (ny);17.04.2022 07:00:04;147.150
ekstensometer (ny);17.04.2022 08:00:07;147.038
ekstensometer (ny);17.04.2022 09:00:05;147.038
ekstensometer (ny);17.04.2022 10:00:05;146.925
ekstensometer (ny);17.04.2022 11:00:04;146.363
ekstensometer (ny);17.04.2022 12:00:07;146.363
ekstensometer (ny);17.04.2022 13:00:05;146.475
ekstensometer (ny);17.04.2022 14:00:05;146.475
ekstensometer (ny);17.04.2022 15:00:05;146.475
ekstensometer (ny);17.04.2022 16:00:07;146.475
ekstensometer (ny);17.04.2022 17:00:05;146.475
ekstensometer (ny);17.04.2022 18:00:04;146.475
ekstensometer (ny);17.04.2022 19:00:04;146.587
ekstensometer (ny);17.04.2022 20:00:07;146.587
ekstensometer (ny);17.04.2022 21:00:05;146.587
ekstensometer (ny);17.04.2022 22:00:05;146.587
ekstensometer (ny);17.04.2022 23:00:05;146.587
ekstensometer (ny);18.04.2022 00:00:07;146.587
ekstensometer (ny);18.04.2022 01:00:04;146.587
ekstensometer (ny);18.04.2022 02:00:04;146.587
ekstensometer (ny);18.04.2022 03:00:05;146.587
ekstensometer (ny);18.04.2022 04:00:07;146.587
ekstensometer (ny);18.04.2022 05:00:05;146.587
ekstensometer (ny);18.04.2022 06:00:05;146.587
ekstensometer (ny);18.04.2022 07:00:04;146.587
ekstensometer (ny);18.04.2022 08:00:07;146.475
ekstensometer (ny);18.04.2022 09:00:05;146.363
ekstensometer (ny);18.04.2022 10:00:05;146.363
ekstensometer (ny);18.04.2022 11:00:05;146.363
ekstensometer (ny);18.04.2022 12:00:27;146.363
ekstensometer (ny);18.04.2022 13:00:05;146.475
ekstensometer (ny);18.04.2022 14:00:04;146.475
ekstensometer (ny);18.04.2022 15:00:05;146.475
ekstensometer (ny);18.04.2022 16:00:07;146.475
ekstensometer (ny);18.04.2022 17:00:05;146.587
ekstensometer (ny);18.04.2022 18:00:05;146.587
ekstensometer (ny);18.04.2022 19:00:05;146.587
ekstensometer (ny);18.04.2022 20:00:07;146.587
ekstensometer (ny);18.04.2022 21:00:04;146.587
ekstensometer (ny);18.04.2022 22:00:05;146.587
ekstensometer (ny);18.04.2022 23:00:05;146.587
ekstensometer (ny);19.04.2022 00:00:07;146.587
ekstensometer (ny);19.04.2022 01:00:05;146.587
ekstensometer (ny);19.04.2022 02:00:06;146.587
ekstensometer (ny);19.04.2022 03:00:04;146.587
ekstensometer (ny);19.04.2022 04:00:07;146.587
ekstensometer (ny);19.04.2022 05:00:05;146.587
ekstensometer (ny);19.04.2022 06:00:05;146.587
ekstensometer (ny);19.04.2022 07:00:05;146.587
ekstensometer (ny);19.04.2022 08:00:27;146.475
ekstensometer (ny);19.04.2022 09:00:05;146.475
ekstensometer (ny);19.04.2022 10:00:04;146.363
ekstensometer (ny);19.04.2022 11:00:05;146.363
ekstensometer (ny);19.04.2022 12:00:06;146.363
ekstensometer (ny);19.04.2022 13:00:04;146.363
ekstensometer (ny);19.04.2022 14:00:05;146.475
ekstensometer (ny);19.04.2022 15:00:05;146.475
ekstensometer (ny);19.04.2022 16:00:07;146.475
ekstensometer (ny);19.04.2022 17:00:05;146.475
ekstensometer (ny);19.04.2022 18:00:06;146.475
ekstensometer (ny);19.04.2022 19:00:04;146.475
ekstensometer (ny);19.04.2022 20:00:07;146.587
ekstensometer (ny);19.04.2022 21:00:05;146.587
ekstensometer (ny);19.04.2022 22:00:05;146.587
ekstensometer (ny);19.04.2022 23:00:05;146.587
ekstensometer (ny);20.04.2022 00:00:07;146.587
ekstensometer (ny);20.04.2022 01:00:04;146.587
ekstensometer (ny);20.04.2022 02:00:05;146.587
ekstensometer (ny);20.04.2022 03:00:05;146.587
ekstensometer (ny);20.04.2022 04:00:07;146.587
ekstensometer (ny);20.04.2022 05:00:05;146.587
ekstensometer (ny);20.04.2022 06:00:05;146.587
ekstensometer (ny);20.04.2022 07:00:05;146.587
ekstensometer (ny);20.04.2022 08:00:07;146.587
ekstensometer (ny);20.04.2022 09:00:04;146.475
ekstensometer (ny);20.04.2022 10:00:05;146.363
ekstensometer (ny);20.04.2022 11:00:05;146.363
ekstensometer (ny);20.04.2022 12:00:07;146.363
ekstensometer (ny);20.04.2022 13:00:05;146.475
ekstensometer (ny);20.04.2022 14:00:05;145.913
ekstensometer (ny);20.04.2022 15:00:04;145.913
ekstensometer (ny);20.04.2022 16:00:07;145.913
ekstensometer (ny);20.04.2022 17:00:05;145.913
ekstensometer (ny);20.04.2022 18:00:05;146.025
ekstensometer (ny);20.04.2022 19:00:05;146.475
ekstensometer (ny);20.04.2022 20:00:07;146.587
ekstensometer (ny);20.04.2022 21:00:05;146.587
ekstensometer (ny);20.04.2022 22:00:04;146.587
ekstensometer (ny);20.04.2022 23:00:05;146.587
ekstensometer (ny);21.04.2022 00:00:07;146.587
ekstensometer (ny);21.04.2022 01:00:05;146.587
ekstensometer (ny);21.04.2022 02:00:05;146.587
ekstensometer (ny);21.04.2022 03:00:05;146.587
ekstensometer (ny);21.04.2022 04:00:07;146.587
ekstensometer (ny);21.04.2022 05:00:04;146.587
ekstensometer (ny);21.04.2022 06:00:05;146.587
ekstensometer (ny);21.04.2022 07:00:05;146.587
ekstensometer (ny);21.04.2022 08:00:07;146.587
ekstensometer (ny);21.04.2022 09:00:05;146.475
ekstensometer (ny);21.04.2022 10:00:05;146.475
ekstensometer (ny);21.04.2022 11:00:05;146.475
ekstensometer (ny);21.04.2022 12:00:06;146.475
ekstensometer (ny);21.04.2022 13:00:04;146.475
ekstensometer (ny);21.04.2022 14:00:05;146.475
ekstensometer (ny);21.04.2022 15:00:05;145.913
ekstensometer (ny);21.04.2022 16:00:07;145.913
ekstensometer (ny);21.04.2022 17:00:05;146.025
ekstensometer (ny);21.04.2022 18:00:04;146.025
ekstensometer (ny);21.04.2022 19:00:04;146.025
ekstensometer (ny);21.04.2022 20:00:07;146.025
ekstensometer (ny);21.04.2022 21:00:05;146.025
ekstensometer (ny);21.04.2022 22:00:05;146.025
ekstensometer (ny);21.04.2022 23:00:05;146.025
ekstensometer (ny);22.04.2022 00:00:07;146.587
ekstensometer (ny);22.04.2022 01:00:04;146.587
ekstensometer (ny);22.04.2022 02:00:04;146.587
ekstensometer (ny);22.04.2022 03:00:05;146.587
ekstensometer (ny);22.04.2022 04:00:07;146.587
ekstensometer (ny);22.04.2022 05:00:05;146.587
ekstensometer (ny);22.04.2022 06:00:05;146.587
ekstensometer (ny);22.04.2022 07:00:04;146.587
ekstensometer (ny);22.04.2022 08:00:07;146.587
ekstensometer (ny);22.04.2022 09:00:05;146.475
ekstensometer (ny);22.04.2022 10:00:05;146.475
ekstensometer (ny);22.04.2022 11:00:05;146.475
ekstensometer (ny);22.04.2022 12:00:07;146.475
ekstensometer (ny);22.04.2022 13:00:05;145.913
ekstensometer (ny);22.04.2022 14:00:04;145.913
ekstensometer (ny);22.04.2022 15:00:04;145.913
ekstensometer (ny);22.04.2022 16:00:07;145.913
ekstensometer (ny);22.04.2022 17:00:05;145.913
ekstensometer (ny);22.04.2022 18:00:05;145.913
ekstensometer (ny);22.04.2022 19:00:05;146.025
ekstensometer (ny);22.04.2022 20:00:07;146.025
ekstensometer (ny);22.04.2022 21:00:04;146.025
ekstensometer (ny);22.04.2022 22:00:04;146.025
ekstensometer (ny);22.04.2022 23:00:05;146.025
ekstensometer (ny);23.04.2022 00:00:07;146.587
ekstensometer (ny);23.04.2022 01:00:05;146.587
ekstensometer (ny);23.04.2022 02:00:05;146.587
ekstensometer (ny);23.04.2022 03:00:04;146.587
ekstensometer (ny);23.04.2022 04:00:26;146.587
ekstensometer (ny);23.04.2022 05:00:04;146.587
ekstensometer (ny);23.04.2022 06:00:05;146.587
ekstensometer (ny);23.04.2022 07:00:05;146.587
ekstensometer (ny);23.04.2022 08:00:07;146.475
ekstensometer (ny);23.04.2022 09:00:05;146.475
ekstensometer (ny);23.04.2022 10:00:04;146.363
ekstensometer (ny);23.04.2022 11:00:04;146.363
ekstensometer (ny);23.04.2022 12:00:07;146.475
ekstensometer (ny);23.04.2022 13:00:05;146.475
ekstensometer (ny);23.04.2022 14:00:05;145.913
ekstensometer (ny);23.04.2022 15:00:05;145.913
ekstensometer (ny);23.04.2022 16:00:27;145.913
ekstensometer (ny);23.04.2022 17:00:04;145.913
ekstensometer (ny);23.04.2022 18:00:04;146.025
ekstensometer (ny);23.04.2022 19:00:05;146.025
ekstensometer (ny);23.04.2022 20:00:07;146.025
ekstensometer (ny);23.04.2022 21:00:05;146.025
ekstensometer (ny);23.04.2022 22:00:05;146.025
ekstensometer (ny);23.04.2022 23:00:06;146.587
ekstensometer (ny);24.04.2022 00:00:07;146.587
ekstensometer (ny);24.04.2022 01:00:04;146.587
ekstensometer (ny);24.04.2022 02:00:05;146.587
ekstensometer (ny);24.04.2022 03:00:05;146.587
ekstensometer (ny);24.04.2022 04:00:07;146.587
ekstensometer (ny);24.04.2022 05:00:05;146.587
ekstensometer (ny);24.04.2022 06:00:04;146.587
ekstensometer (ny);24.04.2022 07:00:05;146.587
ekstensometer (ny);24.04.2022 08:00:07;146.587
ekstensometer (ny);24.04.2022 09:00:05;146.587
ekstensometer (ny);24.04.2022 10:00:05;146.475
ekstensometer (ny);24.04.2022 11:00:05;146.475
ekstensometer (ny);24.04.2022 12:00:07;146.475
ekstensometer (ny);24.04.2022 13:00:05;146.475
ekstensometer (ny);24.04.2022 14:00:04;146.475
ekstensometer (ny);24.04.2022 15:00:04;146.475
ekstensometer (ny);24.04.2022 16:00:07;146.587
ekstensometer (ny);24.04.2022 17:00:05;146.587
ekstensometer (ny);24.04.2022 18:00:05;146.587
ekstensometer (ny);24.04.2022 19:00:05;146.587
ekstensometer (ny);24.04.2022 20:00:06;146.587
ekstensometer (ny);24.04.2022 21:00:04;146.587
ekstensometer (ny);24.04.2022 22:00:05;146.587
ekstensometer (ny);24.04.2022 23:00:05;146.587
ekstensometer (ny);25.04.2022 00:00:07;146.587
ekstensometer (ny);25.04.2022 01:00:05;146.587
ekstensometer (ny);25.04.2022 02:00:06;146.587
ekstensometer (ny);25.04.2022 03:00:04;146.587
ekstensometer (ny);25.04.2022 04:00:07;146.587
ekstensometer (ny);25.04.2022 05:00:05;146.587
ekstensometer (ny);25.04.2022 06:00:05;146.587
ekstensometer (ny);25.04.2022 07:00:05;146.587
ekstensometer (ny);25.04.2022 08:00:07;146.587
ekstensometer (ny);25.04.2022 09:00:04;146.475
ekstensometer (ny);25.04.2022 10:00:05;146.475
ekstensometer (ny);25.04.2022 11:00:04;146.475
ekstensometer (ny);25.04.2022 12:00:07;146.475
ekstensometer (ny);25.04.2022 13:00:05;146.475
ekstensometer (ny);25.04.2022 14:00:05;146.475
ekstensometer (ny);25.04.2022 15:00:05;146.475
ekstensometer (ny);25.04.2022 16:00:07;145.913
ekstensometer (ny);25.04.2022 17:00:04;145.913
ekstensometer (ny);25.04.2022 18:00:04;146.025
ekstensometer (ny);25.04.2022 19:00:05;146.025
ekstensometer (ny);25.04.2022 20:00:27;146.025
ekstensometer (ny);25.04.2022 21:00:05;146.587
ekstensometer (ny);25.04.2022 22:00:05;146.587
ekstensometer (ny);25.04.2022 23:00:04;146.587
ekstensometer (ny);26.04.2022 00:00:07;146.587
ekstensometer (ny);26.04.2022 01:00:05;146.587
ekstensometer (ny);26.04.2022 02:00:05;146.587
ekstensometer (ny);26.04.2022 03:00:05;146.587
ekstensometer (ny);26.04.2022 04:00:07;146.587
ekstensometer (ny);26.04.2022 05:00:05;146.587
ekstensometer (ny);26.04.2022 06:00:04;146.587
ekstensometer (ny);26.04.2022 07:00:05;146.587
ekstensometer (ny);26.04.2022 08:00:27;146.587
ekstensometer (ny);26.04.2022 09:00:05;146.587
ekstensometer (ny);26.04.2022 10:00:05;146.587
ekstensometer (ny);26.04.2022 11:00:05;146.587
ekstensometer (ny);26.04.2022 12:00:07;146.587
ekstensometer (ny);26.04.2022 13:00:04;146.587
ekstensometer (ny);26.04.2022 14:00:04;146.475
ekstensometer (ny);26.04.2022 15:00:05;146.587
ekstensometer (ny);26.04.2022 16:00:27;146.587
ekstensometer (ny);26.04.2022 17:00:05;146.587
ekstensometer (ny);26.04.2022 18:00:05;146.587
ekstensometer (ny);26.04.2022 19:00:06;146.587
ekstensometer (ny);26.04.2022 20:00:07;146.587
ekstensometer (ny);26.04.2022 21:00:04;146.587
ekstensometer (ny);26.04.2022 22:00:05;146.587
ekstensometer (ny);26.04.2022 23:00:05;146.587
ekstensometer (ny);27.04.2022 00:00:39;146.587
ekstensometer (ny);27.04.2022 01:00:05;146.700
ekstensometer (ny);27.04.2022 02:00:04;146.700
ekstensometer (ny);27.04.2022 03:00:05;146.700
ekstensometer (ny);27.04.2022 04:00:07;146.700
ekstensometer (ny);27.04.2022 05:00:05;146.700
ekstensometer (ny);27.04.2022 06:00:05;146.700
ekstensometer (ny);27.04.2022 07:00:05;146.587
ekstensometer (ny);27.04.2022 08:00:07;146.587
ekstensometer (ny);27.04.2022 09:00:04;146.475
ekstensometer (ny);27.04.2022 10:00:05;146.475
ekstensometer (ny);27.04.2022 11:00:04;146.475
ekstensometer (ny);27.04.2022 12:00:07;146.475
ekstensometer (ny);27.04.2022 13:00:05;146.475
ekstensometer (ny);27.04.2022 14:00:05;146.475
ekstensometer (ny);27.04.2022 15:00:05;146.587
ekstensometer (ny);27.04.2022 16:00:06;146.587
ekstensometer (ny);27.04.2022 17:00:04;146.587
ekstensometer (ny);27.04.2022 18:00:04;146.587
ekstensometer (ny);27.04.2022 19:00:05;146.587
ekstensometer (ny);27.04.2022 20:00:07;146.587
ekstensometer (ny);27.04.2022 21:00:05;146.587
ekstensometer (ny);27.04.2022 22:00:05;146.587
ekstensometer (ny);27.04.2022 23:00:04;146.587
ekstensometer (ny);28.04.2022 00:00:07;146.587
ekstensometer (ny);28.04.2022 01:00:05;146.587
ekstensometer (ny);28.04.2022 02:00:05;146.587
ekstensometer (ny);28.04.2022 03:00:05;146.587
ekstensometer (ny);28.04.2022 04:00:07;146.587
ekstensometer (ny);28.04.2022 05:00:05;146.587
ekstensometer (ny);28.04.2022 06:00:04;146.587
ekstensometer (ny);28.04.2022 07:00:05;146.587
ekstensometer (ny);28.04.2022 08:00:26;146.587
ekstensometer (ny);28.04.2022 09:00:05;146.587
ekstensometer (ny);28.04.2022 10:00:05;146.587
ekstensometer (ny);28.04.2022 11:00:05;146.587
ekstensometer (ny);28.04.2022 12:00:07;146.587
ekstensometer (ny);28.04.2022 13:00:05;146.587
ekstensometer (ny);28.04.2022 14:00:04;146.587
ekstensometer (ny);28.04.2022 15:00:04;146.587
ekstensometer (ny);28.04.2022 16:00:07;146.587
ekstensometer (ny);28.04.2022 17:00:05;146.587
ekstensometer (ny);28.04.2022 18:00:05;146.587
ekstensometer (ny);28.04.2022 19:00:05;146.587
ekstensometer (ny);28.04.2022 20:00:07;146.587
ekstensometer (ny);28.04.2022 21:00:04;146.587
ekstensometer (ny);28.04.2022 22:00:04;146.587
ekstensometer (ny);28.04.2022 23:00:05;146.587
ekstensometer (ny);29.04.2022 00:00:07;146.587
ekstensometer (ny);29.04.2022 01:00:05;146.587
ekstensometer (ny);29.04.2022 02:00:05;146.587
ekstensometer (ny);29.04.2022 03:00:05;146.587
ekstensometer (ny);29.04.2022 04:00:06;146.587
ekstensometer (ny);29.04.2022 05:00:04;146.587
ekstensometer (ny);29.04.2022 06:00:05;146.587
ekstensometer (ny);29.04.2022 07:00:05;146.587
ekstensometer (ny);29.04.2022 08:00:07;146.587
ekstensometer (ny);29.04.2022 09:00:05;146.587
ekstensometer (ny);29.04.2022 10:00:05;146.587
ekstensometer (ny);29.04.2022 11:00:05;146.587
ekstensometer (ny);29.04.2022 12:00:06;146.587
ekstensometer (ny);29.04.2022 13:00:04;146.475
ekstensometer (ny);29.04.2022 14:00:05;146.587
ekstensometer (ny);29.04.2022 15:00:05;146.587
ekstensometer (ny);29.04.2022 16:00:07;146.587
ekstensometer (ny);29.04.2022 17:00:05;146.587
ekstensometer (ny);29.04.2022 18:00:05;146.587
ekstensometer (ny);29.04.2022 19:00:04;146.587
ekstensometer (ny);29.04.2022 20:00:07;146.587
ekstensometer (ny);29.04.2022 21:00:05;146.587
ekstensometer (ny);29.04.2022 22:00:05;146.587
ekstensometer (ny);29.04.2022 23:00:05;146.587
ekstensometer (ny);30.04.2022 00:00:07;146.587
ekstensometer (ny);30.04.2022 01:00:04;146.587
ekstensometer (ny);30.04.2022 02:00:04;146.587
ekstensometer (ny);30.04.2022 03:00:05;146.587
ekstensometer (ny);30.04.2022 04:00:07;146.587
ekstensometer (ny);30.04.2022 05:00:05;146.587
ekstensometer (ny);30.04.2022 06:00:05;146.587
ekstensometer (ny);30.04.2022 07:00:05;146.587
ekstensometer (ny);30.04.2022 08:00:06;146.587
ekstensometer (ny);30.04.2022 09:00:04;146.587
ekstensometer (ny);30.04.2022 10:00:05;146.587
ekstensometer (ny);30.04.2022 11:00:04;146.587
ekstensometer (ny);30.04.2022 12:00:07;146.587
ekstensometer (ny);30.04.2022 13:00:05;146.587
ekstensometer (ny);30.04.2022 14:00:05;146.587
ekstensometer (ny);30.04.2022 15:00:05;146.587
ekstensometer (ny);30.04.2022 16:00:26;146.587
ekstensometer (ny);30.04.2022 17:00:04;146.587
ekstensometer (ny);30.04.2022 18:00:05;146.587
ekstensometer (ny);30.04.2022 19:00:05;146.587
ekstensometer (ny);30.04.2022 20:00:07;146.587
ekstensometer (ny);30.04.2022 21:00:05;146.587
ekstensometer (ny);30.04.2022 22:00:06;146.587
ekstensometer (ny);30.04.2022 23:00:04;146.587
ekstensometer (ny);01.05.2022 00:00:07;146.587
ekstensometer (ny);01.05.2022 01:00:05;146.587
ekstensometer (ny);01.05.2022 02:00:05;146.700
ekstensometer (ny);01.05.2022 03:00:05;146.700
ekstensometer (ny);01.05.2022 04:00:07;146.700
ekstensometer (ny);01.05.2022 05:00:04;146.587
ekstensometer (ny);01.05.2022 06:00:05;146.587
ekstensometer (ny);01.05.2022 07:00:05;146.587
ekstensometer (ny);01.05.2022 08:00:07;146.475
ekstensometer (ny);01.05.2022 09:00:05;146.363
ekstensometer (ny);01.05.2022 10:00:05;146.475
ekstensometer (ny);01.05.2022 11:00:05;146.475
ekstensometer (ny);01.05.2022 12:00:07;146.475
ekstensometer (ny);01.05.2022 13:00:04;146.475
ekstensometer (ny);01.05.2022 14:00:04;146.475
ekstensometer (ny);01.05.2022 15:00:05;146.475
ekstensometer (ny);01.05.2022 16:00:07;146.587
ekstensometer (ny);01.05.2022 17:00:05;146.587
ekstensometer (ny);01.05.2022 18:00:05;146.587
ekstensometer (ny);01.05.2022 19:00:04;146.587
ekstensometer (ny);01.05.2022 20:00:39;146.587
ekstensometer (ny);01.05.2022 21:00:04;146.587
ekstensometer (ny);01.05.2022 22:00:05;146.587
ekstensometer (ny);01.05.2022 23:00:05;146.587
ekstensometer (ny);02.05.2022 00:00:07;146.587
ekstensometer (ny);02.05.2022 01:00:05;146.587
ekstensometer (ny);02.05.2022 02:00:04;146.587
ekstensometer (ny);02.05.2022 03:00:05;146.587
ekstensometer (ny);02.05.2022 04:00:07;146.587
ekstensometer (ny);02.05.2022 05:00:05;146.587
ekstensometer (ny);02.05.2022 06:00:05;146.587
ekstensometer (ny);02.05.2022 07:00:05;146.587
ekstensometer (ny);02.05.2022 08:00:06;146.587
ekstensometer (ny);02.05.2022 09:00:04;146.587
ekstensometer (ny);02.05.2022 10:00:05;146.587
ekstensometer (ny);02.05.2022 11:00:04;146.587
ekstensometer (ny);02.05.2022 12:00:07;146.587
ekstensometer (ny);02.05.2022 13:00:05;146.587
ekstensometer (ny);02.05.2022 14:00:05;146.587
ekstensometer (ny);02.05.2022 15:00:05;146.587
ekstensometer (ny);02.05.2022 16:00:06;146.587
ekstensometer (ny);02.05.2022 17:00:04;146.587
ekstensometer (ny);02.05.2022 18:00:05;146.587
ekstensometer (ny);02.05.2022 19:00:05;146.587
ekstensometer (ny);02.05.2022 20:00:07;146.587
ekstensometer (ny);02.05.2022 21:00:05;146.587
ekstensometer (ny);02.05.2022 22:00:04;146.587
ekstensometer (ny);02.05.2022 23:00:05;146.587
ekstensometer (ny);03.05.2022 00:00:07;146.587
ekstensometer (ny);03.05.2022 01:00:05;146.587
ekstensometer (ny);03.05.2022 02:00:05;146.587
ekstensometer (ny);03.05.2022 03:00:05;146.700
ekstensometer (ny);03.05.2022 04:00:08;146.587
ekstensometer (ny);03.05.2022 05:00:04;146.587
ekstensometer (ny);03.05.2022 06:00:05;146.587
ekstensometer (ny);03.05.2022 07:00:05;146.587
ekstensometer (ny);03.05.2022 08:00:07;146.587
ekstensometer (ny);03.05.2022 09:00:05;146.587
ekstensometer (ny);03.05.2022 10:00:05;146.587
ekstensometer (ny);03.05.2022 11:00:05;146.587
ekstensometer (ny);03.05.2022 12:00:07;146.587
ekstensometer (ny);03.05.2022 13:00:04;146.475
ekstensometer (ny);03.05.2022 14:00:04;146.587
ekstensometer (ny);03.05.2022 15:00:05;146.475
ekstensometer (ny);03.05.2022 16:00:07;146.587
ekstensometer (ny);03.05.2022 17:00:05;146.587
ekstensometer (ny);03.05.2022 18:00:05;146.587
ekstensometer (ny);03.05.2022 19:00:05;146.587
ekstensometer (ny);03.05.2022 20:00:06;146.587
ekstensometer (ny);03.05.2022 21:00:04;146.587
ekstensometer (ny);03.05.2022 22:00:05;146.587
ekstensometer (ny);03.05.2022 23:00:05;146.587
ekstensometer (ny);04.05.2022 00:00:07;146.587
ekstensometer (ny);04.05.2022 01:00:05;146.587
ekstensometer (ny);04.05.2022 02:00:04;146.587
ekstensometer (ny);04.05.2022 03:00:05;146.587
ekstensometer (ny);04.05.2022 04:00:07;146.587
ekstensometer (ny);04.05.2022 05:00:05;146.587
ekstensometer (ny);04.05.2022 06:00:05;146.587
ekstensometer (ny);04.05.2022 07:00:05;146.587
ekstensometer (ny);04.05.2022 08:00:07;146.587
ekstensometer (ny);04.05.2022 09:00:04;146.587
ekstensometer (ny);04.05.2022 10:00:05;146.475
ekstensometer (ny);04.05.2022 11:00:05;146.475
ekstensometer (ny);04.05.2022 12:00:28;146.587
ekstensometer (ny);04.05.2022 13:00:05;146.587
ekstensometer (ny);04.05.2022 14:00:06;146.587
ekstensometer (ny);04.05.2022 15:00:04;146.587
ekstensometer (ny);04.05.2022 16:00:07;146.587
ekstensometer (ny);04.05.2022 17:00:05;146.587
ekstensometer (ny);04.05.2022 18:00:05;146.587
ekstensometer (ny);04.05.2022 19:00:05;146.587
ekstensometer (ny);04.05.2022 20:00:07;146.587
ekstensometer (ny);04.05.2022 21:00:04;146.587
ekstensometer (ny);04.05.2022 22:00:05;146.587
ekstensometer (ny);04.05.2022 23:00:05;146.587
ekstensometer (ny);05.05.2022 00:00:07;146.587
ekstensometer (ny);05.05.2022 01:00:05;146.587
ekstensometer (ny);05.05.2022 02:00:05;146.587
ekstensometer (ny);05.05.2022 03:00:05;146.587
ekstensometer (ny);05.05.2022 04:00:07;146.587
ekstensometer (ny);05.05.2022 05:00:04;146.587
ekstensometer (ny);05.05.2022 06:00:05;146.587
ekstensometer (ny);05.05.2022 07:00:05;146.587
ekstensometer (ny);05.05.2022 08:00:07;146.587
ekstensometer (ny);05.05.2022 09:00:05;146.587
ekstensometer (ny);05.05.2022 10:00:04;146.587
ekstensometer (ny);05.05.2022 11:00:05;146.587
ekstensometer (ny);05.05.2022 12:00:07;146.587
ekstensometer (ny);05.05.2022 13:00:04;146.587
ekstensometer (ny);05.05.2022 14:00:05;146.587
ekstensometer (ny);05.05.2022 15:00:05;146.587
ekstensometer (ny);05.05.2022 16:00:27;146.587
ekstensometer (ny);05.05.2022 17:00:05;146.587
ekstensometer (ny);05.05.2022 18:00:05;146.587
ekstensometer (ny);05.05.2022 19:00:04;146.587
ekstensometer (ny);05.05.2022 20:00:07;146.587
ekstensometer (ny);05.05.2022 21:00:05;146.587
ekstensometer (ny);05.05.2022 22:00:05;146.587
ekstensometer (ny);05.05.2022 23:00:05;146.587
ekstensometer (ny);06.05.2022 00:00:07;146.587
ekstensometer (ny);06.05.2022 01:00:05;146.587
ekstensometer (ny);06.05.2022 02:00:04;146.587
ekstensometer (ny);06.05.2022 03:00:05;146.587
ekstensometer (ny);06.05.2022 04:00:07;146.587
ekstensometer (ny);06.05.2022 05:00:05;146.587
ekstensometer (ny);06.05.2022 06:00:05;146.587
ekstensometer (ny);06.05.2022 07:00:05;146.587
ekstensometer (ny);06.05.2022 08:00:06;146.587
ekstensometer (ny);06.05.2022 09:00:04;146.587
ekstensometer (ny);06.05.2022 10:00:05;146.587
ekstensometer (ny);06.05.2022 11:00:05;146.587
ekstensometer (ny);06.05.2022 12:00:07;146.587
ekstensometer (ny);06.05.2022 13:00:05;146.587
ekstensometer (ny);06.05.2022 14:00:05;146.587
ekstensometer (ny);06.05.2022 15:00:06;146.587
ekstensometer (ny);06.05.2022 16:00:06;146.587
ekstensometer (ny);06.05.2022 17:00:04;146.587
ekstensometer (ny);06.05.2022 18:00:05;146.587
ekstensometer (ny);06.05.2022 19:00:05;146.587
ekstensometer (ny);06.05.2022 20:00:07;146.587
ekstensometer (ny);06.05.2022 21:00:05;146.587
ekstensometer (ny);06.05.2022 22:00:06;146.587
ekstensometer (ny);06.05.2022 23:00:04;146.587
ekstensometer (ny);07.05.2022 00:00:07;146.587
ekstensometer (ny);07.05.2022 01:00:05;146.587
ekstensometer (ny);07.05.2022 02:00:05;146.587
ekstensometer (ny);07.05.2022 03:00:05;146.587
ekstensometer (ny);07.05.2022 04:00:07;146.587
ekstensometer (ny);07.05.2022 05:00:04;146.587
ekstensometer (ny);07.05.2022 06:00:05;146.587
ekstensometer (ny);07.05.2022 07:00:05;146.587
ekstensometer (ny);07.05.2022 08:00:07;146.587
ekstensometer (ny);07.05.2022 09:00:05;146.587
ekstensometer (ny);07.05.2022 10:00:05;146.475
ekstensometer (ny);07.05.2022 11:00:05;146.587
ekstensometer (ny);07.05.2022 12:00:06;146.587
ekstensometer (ny);07.05.2022 13:00:04;146.475
ekstensometer (ny);07.05.2022 14:00:04;146.587
ekstensometer (ny);07.05.2022 15:00:05;146.587
ekstensometer (ny);07.05.2022 16:00:07;146.587
ekstensometer (ny);07.05.2022 17:00:05;146.587
ekstensometer (ny);07.05.2022 18:00:05;146.587
ekstensometer (ny);07.05.2022 19:00:04;146.587
ekstensometer (ny);07.05.2022 20:00:07;146.587
ekstensometer (ny);07.05.2022 21:00:05;146.587
ekstensometer (ny);07.05.2022 22:00:05;146.587
ekstensometer (ny);07.05.2022 23:00:05;146.587
ekstensometer (ny);08.05.2022 00:00:07;146.587
ekstensometer (ny);08.05.2022 01:00:05;146.587
ekstensometer (ny);08.05.2022 02:00:04;146.587
ekstensometer (ny);08.05.2022 03:00:05;146.587
ekstensometer (ny);08.05.2022 04:00:07;146.587
ekstensometer (ny);08.05.2022 05:00:05;146.587
ekstensometer (ny);08.05.2022 06:00:05;146.587
ekstensometer (ny);08.05.2022 07:00:05;146.587
ekstensometer (ny);08.05.2022 08:00:06;146.587
ekstensometer (ny);08.05.2022 09:00:04;146.475
ekstensometer (ny);08.05.2022 10:00:05;146.475
ekstensometer (ny);08.05.2022 11:00:04;146.475
ekstensometer (ny);08.05.2022 12:00:07;146.475
ekstensometer (ny);08.05.2022 13:00:05;146.475
ekstensometer (ny);08.05.2022 14:00:05;146.475
ekstensometer (ny);08.05.2022 15:00:05;146.475
ekstensometer (ny);08.05.2022 16:00:06;146.475
ekstensometer (ny);08.05.2022 17:00:04;146.475
ekstensometer (ny);08.05.2022 18:00:05;146.587
ekstensometer (ny);08.05.2022 19:00:05;146.587
ekstensometer (ny);08.05.2022 20:00:39;146.587
ekstensometer (ny);08.05.2022 21:00:05;146.587
ekstensometer (ny);08.05.2022 22:00:05;146.587
ekstensometer (ny);08.05.2022 23:00:04;146.587
ekstensometer (ny);09.05.2022 00:00:07;146.587
ekstensometer (ny);09.05.2022 01:00:05;146.587
ekstensometer (ny);09.05.2022 02:00:05;146.587
ekstensometer (ny);09.05.2022 03:00:05;146.587
ekstensometer (ny);09.05.2022 04:00:07;146.587
ekstensometer (ny);09.05.2022 05:00:05;146.587
ekstensometer (ny);09.05.2022 06:00:04;146.587
ekstensometer (ny);09.05.2022 07:00:05;146.587
ekstensometer (ny);09.05.2022 08:00:07;146.475
ekstensometer (ny);09.05.2022 09:00:05;146.475
ekstensometer (ny);09.05.2022 10:00:05;146.475
ekstensometer (ny);09.05.2022 11:00:05;146.475
ekstensometer (ny);09.05.2022 12:00:26;145.913
ekstensometer (ny);09.05.2022 13:00:04;145.913
ekstensometer (ny);09.05.2022 14:00:05;145.913
ekstensometer (ny);09.05.2022 15:00:05;145.913
ekstensometer (ny);09.05.2022 16:00:07;146.025
ekstensometer (ny);09.05.2022 17:00:05;146.025
ekstensometer (ny);09.05.2022 18:00:05;146.025
ekstensometer (ny);09.05.2022 19:00:04;146.025
ekstensometer (ny);09.05.2022 20:00:07;146.025
ekstensometer (ny);09.05.2022 21:00:05;146.587
ekstensometer (ny);09.05.2022 22:00:05;146.587
ekstensometer (ny);09.05.2022 23:00:05;146.587
ekstensometer (ny);10.05.2022 00:00:07;146.587
ekstensometer (ny);10.05.2022 01:00:05;146.587
ekstensometer (ny);10.05.2022 02:00:04;146.587
ekstensometer (ny);10.05.2022 03:00:05;146.587
ekstensometer (ny);10.05.2022 04:00:27;146.587
ekstensometer (ny);10.05.2022 05:00:05;146.587
ekstensometer (ny);10.05.2022 06:00:05;146.587
ekstensometer (ny);10.05.2022 07:00:05;146.587
ekstensometer (ny);10.05.2022 08:00:27;146.587
ekstensometer (ny);10.05.2022 09:00:04;146.587
ekstensometer (ny);10.05.2022 10:00:05;146.587
ekstensometer (ny);10.05.2022 11:00:04;146.587
ekstensometer (ny);10.05.2022 12:00:07;146.587
ekstensometer (ny);10.05.2022 13:00:05;146.587
ekstensometer (ny);10.05.2022 14:00:05;146.587
ekstensometer (ny);10.05.2022 15:00:05;146.587
ekstensometer (ny);10.05.2022 16:00:07;146.587
ekstensometer (ny);10.05.2022 17:00:05;146.587
ekstensometer (ny);10.05.2022 18:00:04;146.587
ekstensometer (ny);10.05.2022 19:00:04;146.587
ekstensometer (ny);10.05.2022 20:00:07;146.587
ekstensometer (ny);10.05.2022 21:00:05;146.587
ekstensometer (ny);10.05.2022 22:00:05;146.587
ekstensometer (ny);10.05.2022 23:00:05;146.587
ekstensometer (ny);11.05.2022 00:00:06;146.587
ekstensometer (ny);11.05.2022 01:00:04;146.587
ekstensometer (ny);11.05.2022 02:00:05;146.587
ekstensometer (ny);11.05.2022 03:00:05;146.587
ekstensometer (ny);11.05.2022 04:00:07;146.587
ekstensometer (ny);11.05.2022 05:00:05;146.587
ekstensometer (ny);11.05.2022 06:00:06;146.587
ekstensometer (ny);11.05.2022 07:00:04;146.587
ekstensometer (ny);11.05.2022 08:00:07;146.587
ekstensometer (ny);11.05.2022 09:00:05;146.587
ekstensometer (ny);11.05.2022 10:00:05;146.587
ekstensometer (ny);11.05.2022 11:00:05;146.587
ekstensometer (ny);11.05.2022 12:00:07;146.587
ekstensometer (ny);11.05.2022 13:00:04;146.587
ekstensometer (ny);11.05.2022 14:00:05;146.587
ekstensometer (ny);11.05.2022 15:00:05;146.587
ekstensometer (ny);11.05.2022 16:00:07;146.587
ekstensometer (ny);11.05.2022 17:00:05;146.587
ekstensometer (ny);11.05.2022 18:00:04;146.587
ekstensometer (ny);11.05.2022 19:00:04;146.587
ekstensometer (ny);11.05.2022 20:00:07;146.587
ekstensometer (ny);11.05.2022 21:00:05;146.587
ekstensometer (ny);11.05.2022 22:00:05;146.587
ekstensometer (ny);11.05.2022 23:00:05;146.587
ekstensometer (ny);12.05.2022 00:00:07;146.587
ekstensometer (ny);12.05.2022 01:00:04;146.587
ekstensometer (ny);12.05.2022 02:00:04;146.587
ekstensometer (ny);12.05.2022 03:00:05;146.587
ekstensometer (ny);12.05.2022 04:00:07;146.587
ekstensometer (ny);12.05.2022 05:00:05;146.587
ekstensometer (ny);12.05.2022 06:00:05;147.150
ekstensometer (ny);12.05.2022 07:00:05;146.587
ekstensometer (ny);12.05.2022 08:00:07;146.587
ekstensometer (ny);12.05.2022 09:00:04;146.587
ekstensometer (ny);12.05.2022 10:00:05;146.587
ekstensometer (ny);12.05.2022 11:00:05;146.587
ekstensometer (ny);12.05.2022 12:00:27;146.587
ekstensometer (ny);12.05.2022 13:00:05;146.587
ekstensometer (ny);12.05.2022 14:00:04;146.587
ekstensometer (ny);12.05.2022 15:00:05;146.587
ekstensometer (ny);12.05.2022 16:00:07;146.587
ekstensometer (ny);12.05.2022 17:00:05;146.587
ekstensometer (ny);12.05.2022 18:00:05;146.587
ekstensometer (ny);12.05.2022 19:00:05;146.587
ekstensometer (ny);12.05.2022 20:00:06;146.587
ekstensometer (ny);12.05.2022 21:00:04;146.587
ekstensometer (ny);12.05.2022 22:00:05;146.587
ekstensometer (ny);12.05.2022 23:00:05;146.587
ekstensometer (ny);13.05.2022 00:00:07;146.587
ekstensometer (ny);13.05.2022 01:00:05;146.587
ekstensometer (ny);13.05.2022 02:00:05;146.587
ekstensometer (ny);13.05.2022 03:00:04;146.587
ekstensometer (ny);13.05.2022 04:00:07;146.587
ekstensometer (ny);13.05.2022 05:00:05;146.587
ekstensometer (ny);13.05.2022 06:00:05;146.587
ekstensometer (ny);13.05.2022 07:00:05;146.587
ekstensometer (ny);13.05.2022 08:00:07;146.587
ekstensometer (ny);13.05.2022 09:00:04;146.587
ekstensometer (ny);13.05.2022 10:00:05;146.587
ekstensometer (ny);13.05.2022 11:00:05;146.587
ekstensometer (ny);13.05.2022 12:00:07;146.587
ekstensometer (ny);13.05.2022 13:00:05;146.587
ekstensometer (ny);13.05.2022 14:00:05;146.587
ekstensometer (ny);13.05.2022 15:00:04;146.587
ekstensometer (ny);13.05.2022 16:00:07;146.587
ekstensometer (ny);13.05.2022 17:00:05;146.587
ekstensometer (ny);13.05.2022 18:00:05;146.587
ekstensometer (ny);13.05.2022 19:00:05;146.587
ekstensometer (ny);13.05.2022 20:00:07;146.587
ekstensometer (ny);13.05.2022 21:00:04;146.587
ekstensometer (ny);13.05.2022 22:00:04;146.587
ekstensometer (ny);13.05.2022 23:00:05;146.587
ekstensometer (ny);14.05.2022 00:00:07;147.150
ekstensometer (ny);14.05.2022 01:00:05;147.150
ekstensometer (ny);14.05.2022 02:00:05;147.150
ekstensometer (ny);14.05.2022 03:00:05;147.150
ekstensometer (ny);14.05.2022 04:00:07;147.150
ekstensometer (ny);14.05.2022 05:00:04;147.150
ekstensometer (ny);14.05.2022 06:00:05;147.150
ekstensometer (ny);14.05.2022 07:00:05;147.150
ekstensometer (ny);14.05.2022 08:00:07;147.150
ekstensometer (ny);14.05.2022 09:00:05;147.150
ekstensometer (ny);14.05.2022 10:00:05;147.150
ekstensometer (ny);14.05.2022 11:00:05;147.150
ekstensometer (ny);14.05.2022 12:00:07;147.150
ekstensometer (ny);14.05.2022 13:00:04;147.150
ekstensometer (ny);14.05.2022 14:00:05;146.587
ekstensometer (ny);14.05.2022 15:00:05;147.150
ekstensometer (ny);14.05.2022 16:00:07;147.150
ekstensometer (ny);14.05.2022 17:00:05;147.150
ekstensometer (ny);14.05.2022 18:00:04;147.150
ekstensometer (ny);14.05.2022 19:00:04;147.150
ekstensometer (ny);14.05.2022 20:00:07;147.150
ekstensometer (ny);14.05.2022 21:00:05;147.150
ekstensometer (ny);14.05.2022 22:00:05;147.150
ekstensometer (ny);14.05.2022 23:00:05;147.150
ekstensometer (ny);15.05.2022 00:00:06;147.150
ekstensometer (ny);15.05.2022 01:00:04;147.150
ekstensometer (ny);15.05.2022 02:00:05;147.150
ekstensometer (ny);15.05.2022 03:00:04;147.150
ekstensometer (ny);15.05.2022 04:00:07;147.150
ekstensometer (ny);15.05.2022 05:00:05;147.150
ekstensometer (ny);15.05.2022 06:00:04;147.150
ekstensometer (ny);07.07.2022 09:00:04;233.100
ekstensometer (ny);07.07.2022 10:00:05;233.100
ekstensometer (ny);07.07.2022 11:00:05;233.100
ekstensometer (ny);07.07.2022 12:00:07;233.100
ekstensometer (ny);07.07.2022 13:00:07;233.100
ekstensometer (ny);07.07.2022 14:00:07;233.100
ekstensometer (ny);07.07.2022 15:00:07;233.100
ekstensometer (ny);07.07.2022 16:00:07;233.663
ekstensometer (ny);07.07.2022 17:00:07;233.663
ekstensometer (ny);07.07.2022 18:00:07;233.663
ekstensometer (ny);07.07.2022 19:00:08;233.663
ekstensometer (ny);07.07.2022 20:00:07;233.663
ekstensometer (ny);07.07.2022 21:00:07;234.225
ekstensometer (ny);07.07.2022 22:00:07;234.225
ekstensometer (ny);07.07.2022 23:00:07;234.225
ekstensometer (ny);08.07.2022 00:00:07;234.225
ekstensometer (ny);08.07.2022 01:00:07;234.225
ekstensometer (ny);08.07.2022 02:00:07;234.225
ekstensometer (ny);08.07.2022 03:00:07;234.225
ekstensometer (ny);08.07.2022 04:00:07;234.225
ekstensometer (ny);08.07.2022 05:00:07;234.225
ekstensometer (ny);08.07.2022 06:00:06;234.225
ekstensometer (ny);08.07.2022 07:00:07;234.225
ekstensometer (ny);08.07.2022 08:00:07;234.225
ekstensometer (ny);08.07.2022 09:00:07;234.225
ekstensometer (ny);08.07.2022 10:00:08;234.900
ekstensometer (ny);08.07.2022 11:00:38;234.900
ekstensometer (ny);08.07.2022 12:00:07;235.462
ekstensometer (ny);08.07.2022 13:00:07;235.462
ekstensometer (ny);08.07.2022 14:00:07;235.462
ekstensometer (ny);08.07.2022 15:00:07;235.462
ekstensometer (ny);08.07.2022 16:00:07;235.462
ekstensometer (ny);08.07.2022 17:00:07;235.462
ekstensometer (ny);08.07.2022 18:00:07;235.462
ekstensometer (ny);08.07.2022 19:00:08;236.025
ekstensometer (ny);08.07.2022 20:00:07;236.025
ekstensometer (ny);08.07.2022 21:00:07;236.587
ekstensometer (ny);08.07.2022 22:00:07;236.025
ekstensometer (ny);08.07.2022 23:00:07;236.587
ekstensometer (ny);09.07.2022 00:00:25;236.587
ekstensometer (ny);09.07.2022 01:00:07;236.587
ekstensometer (ny);09.07.2022 02:00:07;236.587
ekstensometer (ny);09.07.2022 03:00:07;237.262
ekstensometer (ny);09.07.2022 04:00:08;237.262
ekstensometer (ny);09.07.2022 05:00:07;237.262
ekstensometer (ny);09.07.2022 06:00:07;237.262
ekstensometer (ny);09.07.2022 07:00:07;237.825
ekstensometer (ny);09.07.2022 08:00:07;237.825
ekstensometer (ny);09.07.2022 09:00:07;237.825
ekstensometer (ny);09.07.2022 10:00:07;237.825
ekstensometer (ny);09.07.2022 11:00:08;237.825
ekstensometer (ny);09.07.2022 12:00:06;237.825
ekstensometer (ny);09.07.2022 13:00:07;237.825
ekstensometer (ny);09.07.2022 14:00:07;237.825
ekstensometer (ny);09.07.2022 15:00:07;237.825
ekstensometer (ny);09.07.2022 16:00:07;237.825
ekstensometer (ny);09.07.2022 17:00:07;237.825
ekstensometer (ny);09.07.2022 18:00:08;237.825
ekstensometer (ny);09.07.2022 19:00:07;237.825
ekstensometer (ny);09.07.2022 20:00:07;237.825
ekstensometer (ny);09.07.2022 21:00:07;237.825
ekstensometer (ny);09.07.2022 22:00:07;237.825
ekstensometer (ny);09.07.2022 23:00:07;237.825
ekstensometer (ny);10.07.2022 00:00:07;237.825
ekstensometer (ny);10.07.2022 01:00:07;238.500
ekstensometer (ny);10.07.2022 02:00:06;238.500
ekstensometer (ny);10.07.2022 03:00:07;238.500
ekstensometer (ny);10.07.2022 04:00:07;238.500
ekstensometer (ny);10.07.2022 05:00:07;238.500
ekstensometer (ny);10.07.2022 06:00:07;238.500
ekstensometer (ny);10.07.2022 07:00:07;238.500
ekstensometer (ny);10.07.2022 08:00:07;238.387
ekstensometer (ny);10.07.2022 09:00:07;238.387
ekstensometer (ny);10.07.2022 10:00:07;238.387
ekstensometer (ny);10.07.2022 11:00:07;238.387
ekstensometer (ny);10.07.2022 12:00:26;238.387
ekstensometer (ny);10.07.2022 13:00:07;238.387
ekstensometer (ny);10.07.2022 14:00:08;238.387
ekstensometer (ny);10.07.2022 15:00:06;238.500
ekstensometer (ny);10.07.2022 16:00:07;238.500
ekstensometer (ny);10.07.2022 17:00:07;238.500
ekstensometer (ny);10.07.2022 18:00:27;238.500
ekstensometer (ny);10.07.2022 19:00:07;238.500
ekstensometer (ny);10.07.2022 20:00:07;238.500
ekstensometer (ny);10.07.2022 21:00:07;238.500
ekstensometer (ny);10.07.2022 22:00:07;238.950
ekstensometer (ny);10.07.2022 23:00:06;238.950
ekstensometer (ny);11.07.2022 00:00:07;238.950
ekstensometer (ny);11.07.2022 01:00:07;240.075
ekstensometer (ny);11.07.2022 02:00:07;240.188
ekstensometer (ny);11.07.2022 03:00:07;240.188
ekstensometer (ny);11.07.2022 04:00:07;240.075
ekstensometer (ny);11.07.2022 05:00:07;240.075
ekstensometer (ny);11.07.2022 06:00:07;240.075
ekstensometer (ny);11.07.2022 07:00:06;240.075
ekstensometer (ny);11.07.2022 08:00:07;240.188
ekstensometer (ny);11.07.2022 09:00:07;240.075
ekstensometer (ny);11.07.2022 10:00:07;240.075
ekstensometer (ny);11.07.2022 11:00:07;239.512
ekstensometer (ny);11.07.2022 12:00:25;239.512
ekstensometer (ny);11.07.2022 13:00:07;239.512
ekstensometer (ny);11.07.2022 14:00:07;239.400
ekstensometer (ny);11.07.2022 15:00:08;239.625
ekstensometer (ny);11.07.2022 16:00:07;239.625
ekstensometer (ny);11.07.2022 17:00:06;239.625
ekstensometer (ny);11.07.2022 18:00:07;239.625
ekstensometer (ny);11.07.2022 19:00:07;239.625
ekstensometer (ny);11.07.2022 20:00:07;239.625
ekstensometer (ny);11.07.2022 21:00:07;239.512
ekstensometer (ny);11.07.2022 22:00:08;239.625
ekstensometer (ny);11.07.2022 23:00:07;240.188
ekstensometer (ny);12.07.2022 00:00:06;240.188
ekstensometer (ny);12.07.2022 01:00:07;240.075
ekstensometer (ny);12.07.2022 02:00:08;240.188
ekstensometer (ny);12.07.2022 03:00:06;240.188
ekstensometer (ny);12.07.2022 04:00:07;240.188
ekstensometer (ny);12.07.2022 05:00:07;240.188
ekstensometer (ny);12.07.2022 06:00:38;240.188
ekstensometer (ny);12.07.2022 07:00:07;240.188
ekstensometer (ny);12.07.2022 08:00:07;240.188
ekstensometer (ny);12.07.2022 09:00:07;240.188
ekstensometer (ny);12.07.2022 10:00:07;240.188
ekstensometer (ny);12.07.2022 11:00:07;240.188
ekstensometer (ny);12.07.2022 12:00:07;240.188
ekstensometer (ny);12.07.2022 13:00:08;240.750
ekstensometer (ny);12.07.2022 14:00:07;240.750
ekstensometer (ny);12.07.2022 15:00:07;240.750
ekstensometer (ny);12.07.2022 16:00:07;240.750
ekstensometer (ny);12.07.2022 17:00:07;240.750
ekstensometer (ny);12.07.2022 18:00:07;241.312
ekstensometer (ny);12.07.2022 19:00:07;241.312
ekstensometer (ny);12.07.2022 20:00:08;241.312
ekstensometer (ny);12.07.2022 21:00:07;241.312
ekstensometer (ny);12.07.2022 22:00:07;241.875
ekstensometer (ny);12.07.2022 23:00:07;241.875
ekstensometer (ny);13.07.2022 00:00:07;241.875
ekstensometer (ny);13.07.2022 01:00:07;241.875
ekstensometer (ny);13.07.2022 02:00:07;241.875
ekstensometer (ny);13.07.2022 03:00:07;241.875
ekstensometer (ny);13.07.2022 04:00:08;241.875
ekstensometer (ny);13.07.2022 05:00:07;241.875
ekstensometer (ny);13.07.2022 06:00:07;241.875
ekstensometer (ny);13.07.2022 07:00:07;241.875
ekstensometer (ny);13.07.2022 08:00:07;241.875
ekstensometer (ny);13.07.2022 09:00:07;242.438
ekstensometer (ny);13.07.2022 10:00:07;242.438
ekstensometer (ny);13.07.2022 11:00:08;243.000
ekstensometer (ny);13.07.2022 12:00:07;243.000
ekstensometer (ny);13.07.2022 13:00:07;243.000
ekstensometer (ny);13.07.2022 14:00:07;243.000
ekstensometer (ny);13.07.2022 15:00:07;243.000
ekstensometer (ny);13.07.2022 16:00:07;243.000
ekstensometer (ny);13.07.2022 17:00:07;243.000
ekstensometer (ny);13.07.2022 18:00:08;243.562
ekstensometer (ny);13.07.2022 19:00:07;243.562
ekstensometer (ny);13.07.2022 20:00:07;243.562
ekstensometer (ny);13.07.2022 21:00:07;243.562
ekstensometer (ny);13.07.2022 22:00:07;243.562
ekstensometer (ny);13.07.2022 23:00:07;243.562
ekstensometer (ny);14.07.2022 00:00:07;243.562
ekstensometer (ny);14.07.2022 01:00:07;243.562
ekstensometer (ny);14.07.2022 02:00:07;243.562
ekstensometer (ny);14.07.2022 03:00:07;244.125
ekstensometer (ny);14.07.2022 04:00:07;244.238
ekstensometer (ny);14.07.2022 05:00:07;244.238
ekstensometer (ny);14.07.2022 06:00:08;244.125
ekstensometer (ny);14.07.2022 07:00:07;244.125
ekstensometer (ny);14.07.2022 08:00:06;244.125
ekstensometer (ny);14.07.2022 09:00:07;244.238
ekstensometer (ny);14.07.2022 10:00:07;244.238
ekstensometer (ny);14.07.2022 11:00:07;244.238
ekstensometer (ny);14.07.2022 12:00:07;244.125
ekstensometer (ny);14.07.2022 13:00:08;244.125
ekstensometer (ny);14.07.2022 14:00:07;244.238
ekstensometer (ny);14.07.2022 15:00:06;244.125
ekstensometer (ny);14.07.2022 16:00:07;244.125
ekstensometer (ny);14.07.2022 17:00:07;244.800
ekstensometer (ny);14.07.2022 18:00:07;244.800
ekstensometer (ny);14.07.2022 19:00:07;244.800
ekstensometer (ny);14.07.2022 20:00:08;245.475
ekstensometer (ny);14.07.2022 21:00:07;245.475
ekstensometer (ny);14.07.2022 22:00:07;245.475
ekstensometer (ny);14.07.2022 23:00:07;245.475
ekstensometer (ny);15.07.2022 00:00:07;245.475
ekstensometer (ny);15.07.2022 01:00:07;245.475
ekstensometer (ny);15.07.2022 02:00:07;245.363
ekstensometer (ny);15.07.2022 03:00:07;245.475
ekstensometer (ny);15.07.2022 04:00:08;245.475
ekstensometer (ny);15.07.2022 05:00:07;245.475
ekstensometer (ny);15.07.2022 06:00:07;245.475
ekstensometer (ny);15.07.2022 07:00:25;245.475
ekstensometer (ny);15.07.2022 08:00:07;245.475
ekstensometer (ny);15.07.2022 09:00:07;245.475
ekstensometer (ny);15.07.2022 10:00:07;245.475
ekstensometer (ny);15.07.2022 11:00:08;245.363
ekstensometer (ny);15.07.2022 12:00:06;245.363
ekstensometer (ny);15.07.2022 13:00:07;245.475
ekstensometer (ny);15.07.2022 14:00:07;246.038
ekstensometer (ny);15.07.2022 15:00:07;246.038
ekstensometer (ny);15.07.2022 16:00:07;246.038
ekstensometer (ny);15.07.2022 17:00:07;246.038
ekstensometer (ny);15.07.2022 18:00:08;246.038
ekstensometer (ny);15.07.2022 19:00:07;246.038
ekstensometer (ny);15.07.2022 20:00:07;246.038
ekstensometer (ny);15.07.2022 21:00:07;246.038
ekstensometer (ny);15.07.2022 22:00:07;246.038
ekstensometer (ny);15.07.2022 23:00:07;246.038
ekstensometer (ny);16.07.2022 00:00:07;246.600
ekstensometer (ny);16.07.2022 01:00:07;246.600
ekstensometer (ny);16.07.2022 02:00:07;246.600
ekstensometer (ny);16.07.2022 03:00:07;246.600
ekstensometer (ny);16.07.2022 04:00:07;246.600
ekstensometer (ny);16.07.2022 05:00:08;246.600
ekstensometer (ny);16.07.2022 06:00:07;246.600
ekstensometer (ny);16.07.2022 07:00:07;246.600
ekstensometer (ny);16.07.2022 08:00:07;246.600
ekstensometer (ny);16.07.2022 09:00:07;246.600
ekstensometer (ny);16.07.2022 10:00:07;246.600
ekstensometer (ny);16.07.2022 11:00:07;246.600
ekstensometer (ny);16.07.2022 12:00:08;246.600
ekstensometer (ny);16.07.2022 13:00:07;246.600
ekstensometer (ny);16.07.2022 14:00:07;246.600
ekstensometer (ny);16.07.2022 15:00:07;246.600
ekstensometer (ny);16.07.2022 16:00:07;246.600
ekstensometer (ny);16.07.2022 17:00:07;246.600
ekstensometer (ny);16.07.2022 18:00:07;246.600
ekstensometer (ny);16.07.2022 19:00:08;246.600
ekstensometer (ny);16.07.2022 20:00:07;246.600
ekstensometer (ny);16.07.2022 21:00:07;247.275
ekstensometer (ny);16.07.2022 22:00:07;247.163
ekstensometer (ny);16.07.2022 23:00:07;247.275
ekstensometer (ny);17.07.2022 00:00:07;247.275
ekstensometer (ny);17.07.2022 01:00:07;247.275
ekstensometer (ny);17.07.2022 02:00:07;247.837
ekstensometer (ny);17.07.2022 03:00:06;247.837
ekstensometer (ny);17.07.2022 04:00:07;247.837
ekstensometer (ny);17.07.2022 05:00:07;247.837
ekstensometer (ny);17.07.2022 06:00:07;247.837
ekstensometer (ny);17.07.2022 07:00:07;247.837
ekstensometer (ny);17.07.2022 08:00:07;247.837
ekstensometer (ny);17.07.2022 09:00:07;247.837
ekstensometer (ny);17.07.2022 10:00:07;247.837
ekstensometer (ny);17.07.2022 11:00:07;247.837
ekstensometer (ny);17.07.2022 12:00:07;247.837
ekstensometer (ny);17.07.2022 13:00:07;247.837
ekstensometer (ny);17.07.2022 14:00:07;247.837
ekstensometer (ny);17.07.2022 15:00:07;248.400
ekstensometer (ny);17.07.2022 16:00:06;248.400
ekstensometer (ny);17.07.2022 17:00:07;248.400
ekstensometer (ny);17.07.2022 18:00:07;248.400
ekstensometer (ny);17.07.2022 19:00:07;248.400
ekstensometer (ny);17.07.2022 20:00:07;248.400
ekstensometer (ny);17.07.2022 21:00:08;248.400
ekstensometer (ny);17.07.2022 22:00:07;248.400
ekstensometer (ny);17.07.2022 23:00:07;248.962
ekstensometer (ny);18.07.2022 00:00:07;248.850
ekstensometer (ny);18.07.2022 01:00:07;248.962
ekstensometer (ny);18.07.2022 02:00:07;249.525
ekstensometer (ny);18.07.2022 03:00:07;249.525
ekstensometer (ny);18.07.2022 04:00:07;249.525
ekstensometer (ny);18.07.2022 05:00:07;249.525
ekstensometer (ny);18.07.2022 06:00:06;249.525
ekstensometer (ny);18.07.2022 07:00:07;249.525
ekstensometer (ny);18.07.2022 08:00:26;249.525
ekstensometer (ny);18.07.2022 09:00:07;249.525
ekstensometer (ny);18.07.2022 10:00:07;249.525
ekstensometer (ny);18.07.2022 11:00:08;249.525
ekstensometer (ny);18.07.2022 12:00:07;249.525
ekstensometer (ny);18.07.2022 13:00:06;249.525
ekstensometer (ny);18.07.2022 14:00:07;249.525
ekstensometer (ny);18.07.2022 15:00:07;249.525
ekstensometer (ny);18.07.2022 16:00:07;249.525
ekstensometer (ny);18.07.2022 17:00:07;249.525
ekstensometer (ny);18.07.2022 18:00:08;249.525
ekstensometer (ny);18.07.2022 19:00:07;249.525
ekstensometer (ny);18.07.2022 20:00:07;249.525
ekstensometer (ny);18.07.2022 21:00:07;249.525
ekstensometer (ny);18.07.2022 22:00:07;249.525
ekstensometer (ny);18.07.2022 23:00:07;249.525
ekstensometer (ny);19.07.2022 00:00:07;250.087
ekstensometer (ny);19.07.2022 01:00:07;250.087
ekstensometer (ny);19.07.2022 02:00:08;250.087
ekstensometer (ny);19.07.2022 03:00:07;250.087
ekstensometer (ny);19.07.2022 04:00:07;250.087
ekstensometer (ny);19.07.2022 05:00:07;250.087
ekstensometer (ny);19.07.2022 06:00:07;250.087
ekstensometer (ny);19.07.2022 07:00:07;250.087
ekstensometer (ny);19.07.2022 08:00:07;250.087
ekstensometer (ny);19.07.2022 09:00:06;250.087
ekstensometer (ny);19.07.2022 10:00:07;250.087
ekstensometer (ny);19.07.2022 11:00:07;250.087
ekstensometer (ny);19.07.2022 12:00:07;250.087
ekstensometer (ny);19.07.2022 13:00:08;250.087
ekstensometer (ny);19.07.2022 14:00:07;250.087
ekstensometer (ny);19.07.2022 15:00:07;250.087
ekstensometer (ny);19.07.2022 16:00:07;249.637
ekstensometer (ny);19.07.2022 17:00:07;249.525
ekstensometer (ny);19.07.2022 18:00:07;249.750
ekstensometer (ny);19.07.2022 19:00:25;249.525
ekstensometer (ny);19.07.2022 20:00:07;249.525
ekstensometer (ny);19.07.2022 21:00:07;249.525
ekstensometer (ny);19.07.2022 22:00:07;249.525
ekstensometer (ny);19.07.2022 23:00:07;250.087
ekstensometer (ny);20.07.2022 00:00:08;250.087
ekstensometer (ny);20.07.2022 01:00:07;250.087
ekstensometer (ny);20.07.2022 02:00:07;250.087
ekstensometer (ny);20.07.2022 03:00:07;250.087
ekstensometer (ny);20.07.2022 04:00:06;250.087
ekstensometer (ny);20.07.2022 05:00:07;250.087
ekstensometer (ny);20.07.2022 06:00:07;250.087
ekstensometer (ny);20.07.2022 07:00:07;250.087
ekstensometer (ny);20.07.2022 08:00:07;250.087
ekstensometer (ny);20.07.2022 09:00:07;250.087
ekstensometer (ny);20.07.2022 10:00:07;250.200
ekstensometer (ny);20.07.2022 11:00:07;250.200
ekstensometer (ny);20.07.2022 12:00:07;250.762
ekstensometer (ny);20.07.2022 13:00:07;250.762
ekstensometer (ny);20.07.2022 14:00:07;250.762
ekstensometer (ny);20.07.2022 15:00:07;250.762
ekstensometer (ny);20.07.2022 16:00:07;250.762
ekstensometer (ny);20.07.2022 17:00:06;250.762
ekstensometer (ny);20.07.2022 18:00:07;250.762
ekstensometer (ny);20.07.2022 19:00:07;250.762
ekstensometer (ny);20.07.2022 20:00:08;250.762
ekstensometer (ny);20.07.2022 21:00:07;251.325
ekstensometer (ny);20.07.2022 22:00:08;251.325
ekstensometer (ny);20.07.2022 23:00:07;251.325
ekstensometer (ny);21.07.2022 00:00:06;251.325
ekstensometer (ny);21.07.2022 01:00:07;251.325
ekstensometer (ny);21.07.2022 02:00:07;251.325
ekstensometer (ny);21.07.2022 03:00:07;251.325
ekstensometer (ny);21.07.2022 04:00:07;251.325
ekstensometer (ny);21.07.2022 05:00:07;251.325
ekstensometer (ny);21.07.2022 06:00:08;251.887
ekstensometer (ny);21.07.2022 07:00:07;251.887
ekstensometer (ny);21.07.2022 08:00:07;251.887
ekstensometer (ny);21.07.2022 09:00:07;251.887
ekstensometer (ny);21.07.2022 10:00:07;251.887
ekstensometer (ny);21.07.2022 11:00:07;251.887
ekstensometer (ny);21.07.2022 12:00:07;251.887
ekstensometer (ny);21.07.2022 13:00:07;251.887
ekstensometer (ny);21.07.2022 14:00:07;251.775
ekstensometer (ny);21.07.2022 15:00:07;251.775
ekstensometer (ny);21.07.2022 16:00:07;251.887
ekstensometer (ny);21.07.2022 17:00:07;251.887
ekstensometer (ny);21.07.2022 18:00:07;251.775
ekstensometer (ny);21.07.2022 19:00:07;251.887
ekstensometer (ny);21.07.2022 20:00:07;251.775
ekstensometer (ny);21.07.2022 21:00:07;251.775
ekstensometer (ny);21.07.2022 22:00:07;252.450
ekstensometer (ny);21.07.2022 23:00:07;252.450
ekstensometer (ny);22.07.2022 00:00:08;252.450
ekstensometer (ny);22.07.2022 01:00:07;253.012
ekstensometer (ny);22.07.2022 02:00:07;253.012
ekstensometer (ny);22.07.2022 03:00:07;253.012
ekstensometer (ny);22.07.2022 04:00:07;253.012
ekstensometer (ny);22.07.2022 05:00:07;253.012
ekstensometer (ny);22.07.2022 06:00:07;253.012
ekstensometer (ny);22.07.2022 07:00:08;253.012
ekstensometer (ny);22.07.2022 08:00:07;253.012
ekstensometer (ny);22.07.2022 09:00:07;252.900
ekstensometer (ny);22.07.2022 10:00:07;253.012
ekstensometer (ny);22.07.2022 11:00:07;252.900
ekstensometer (ny);22.07.2022 12:00:07;252.900
ekstensometer (ny);22.07.2022 13:00:07;253.012
ekstensometer (ny);22.07.2022 14:00:08;253.012
ekstensometer (ny);22.07.2022 15:00:07;253.125
ekstensometer (ny);22.07.2022 16:00:07;253.125
ekstensometer (ny);22.07.2022 17:00:07;253.125
ekstensometer (ny);22.07.2022 18:00:07;253.125
ekstensometer (ny);22.07.2022 19:00:07;253.125
ekstensometer (ny);22.07.2022 20:00:25;253.125
ekstensometer (ny);22.07.2022 21:00:07;253.012
ekstensometer (ny);22.07.2022 22:00:07;253.012
ekstensometer (ny);22.07.2022 23:00:07;253.012
ekstensometer (ny);23.07.2022 00:00:07;253.012
ekstensometer (ny);23.07.2022 01:00:08;253.012
ekstensometer (ny);23.07.2022 02:00:07;253.012
ekstensometer (ny);23.07.2022 03:00:08;253.688
ekstensometer (ny);23.07.2022 04:00:06;253.688
ekstensometer (ny);23.07.2022 05:00:07;253.688
ekstensometer (ny);23.07.2022 06:00:07;253.688
ekstensometer (ny);23.07.2022 07:00:07;253.688
ekstensometer (ny);23.07.2022 08:00:07;253.688
ekstensometer (ny);23.07.2022 09:00:07;253.688
ekstensometer (ny);23.07.2022 10:00:08;253.688
ekstensometer (ny);23.07.2022 11:00:07;253.688
ekstensometer (ny);23.07.2022 12:00:25;253.688
ekstensometer (ny);23.07.2022 13:00:07;253.688
ekstensometer (ny);23.07.2022 14:00:08;253.688
ekstensometer (ny);23.07.2022 15:00:07;253.688
ekstensometer (ny);23.07.2022 16:00:07;253.688
ekstensometer (ny);23.07.2022 17:00:07;253.688
ekstensometer (ny);23.07.2022 18:00:07;253.688
ekstensometer (ny);23.07.2022 19:00:07;254.250
ekstensometer (ny);23.07.2022 20:00:07;254.250
ekstensometer (ny);23.07.2022 21:00:07;254.250
ekstensometer (ny);23.07.2022 22:00:07;254.250
ekstensometer (ny);23.07.2022 23:00:07;254.250
ekstensometer (ny);24.07.2022 00:00:07;254.812
ekstensometer (ny);24.07.2022 01:00:07;254.812
ekstensometer (ny);24.07.2022 02:00:07;254.812
ekstensometer (ny);24.07.2022 03:00:07;254.812
ekstensometer (ny);24.07.2022 04:00:07;254.812
ekstensometer (ny);24.07.2022 05:00:08;254.812
ekstensometer (ny);24.07.2022 06:00:06;254.812
ekstensometer (ny);24.07.2022 07:00:07;254.812
ekstensometer (ny);24.07.2022 08:00:07;254.812
ekstensometer (ny);24.07.2022 09:00:07;254.812
ekstensometer (ny);24.07.2022 10:00:07;254.812
ekstensometer (ny);24.07.2022 11:00:07;254.812
ekstensometer (ny);24.07.2022 12:00:08;254.812
ekstensometer (ny);24.07.2022 13:00:07;254.812
ekstensometer (ny);24.07.2022 14:00:07;254.925
ekstensometer (ny);24.07.2022 15:00:07;255.038
ekstensometer (ny);24.07.2022 16:00:07;254.812
ekstensometer (ny);24.07.2022 17:00:07;255.038
ekstensometer (ny);24.07.2022 18:00:07;255.262
ekstensometer (ny);24.07.2022 19:00:06;255.038
ekstensometer (ny);24.07.2022 20:00:07;255.375
ekstensometer (ny);24.07.2022 21:00:07;255.375
ekstensometer (ny);24.07.2022 22:00:07;255.375
ekstensometer (ny);24.07.2022 23:00:07;255.375
ekstensometer (ny);25.07.2022 00:00:07;255.375
ekstensometer (ny);25.07.2022 01:00:07;255.375
ekstensometer (ny);25.07.2022 02:00:07;255.375
ekstensometer (ny);25.07.2022 03:00:07;255.375
ekstensometer (ny);25.07.2022 04:00:07;255.938
ekstensometer (ny);25.07.2022 05:00:07;255.938
ekstensometer (ny);25.07.2022 06:00:07;255.938
ekstensometer (ny);25.07.2022 07:00:08;255.938
ekstensometer (ny);25.07.2022 08:00:07;255.938
ekstensometer (ny);25.07.2022 09:00:06;255.938
ekstensometer (ny);25.07.2022 10:00:07;255.938
ekstensometer (ny);25.07.2022 11:00:07;255.938
ekstensometer (ny);25.07.2022 12:00:07;255.938
ekstensometer (ny);25.07.2022 13:00:07;255.938
ekstensometer (ny);25.07.2022 14:00:08;255.938
ekstensometer (ny);25.07.2022 15:00:07;256.500
ekstensometer (ny);25.07.2022 16:00:07;256.500
ekstensometer (ny);25.07.2022 17:00:07;256.500
ekstensometer (ny);25.07.2022 18:00:25;256.500
ekstensometer (ny);25.07.2022 19:00:07;257.175
ekstensometer (ny);25.07.2022 20:00:07;257.175
ekstensometer (ny);25.07.2022 21:00:07;257.062
ekstensometer (ny);25.07.2022 22:00:07;257.175
ekstensometer (ny);25.07.2022 23:00:07;257.175
ekstensometer (ny);26.07.2022 00:00:07;257.175
ekstensometer (ny);26.07.2022 01:00:07;257.062
ekstensometer (ny);26.07.2022 02:00:07;257.062
ekstensometer (ny);26.07.2022 03:00:08;257.175
ekstensometer (ny);26.07.2022 04:00:07;257.062
ekstensometer (ny);26.07.2022 05:00:07;257.625
ekstensometer (ny);26.07.2022 06:00:07;257.625
ekstensometer (ny);26.07.2022 07:00:07;257.625
ekstensometer (ny);26.07.2022 08:00:07;257.625
ekstensometer (ny);26.07.2022 09:00:07;257.625
ekstensometer (ny);26.07.2022 10:00:08;257.625
ekstensometer (ny);26.07.2022 11:00:06;257.625
ekstensometer (ny);26.07.2022 12:00:07;257.625
ekstensometer (ny);26.07.2022 13:00:07;257.625
ekstensometer (ny);26.07.2022 14:00:07;257.625
ekstensometer (ny);26.07.2022 15:00:26;257.625
ekstensometer (ny);26.07.2022 16:00:07;257.625
ekstensometer (ny);26.07.2022 17:00:07;257.625
ekstensometer (ny);26.07.2022 18:00:08;257.625
ekstensometer (ny);26.07.2022 19:00:07;257.625
ekstensometer (ny);26.07.2022 20:00:07;258.188
ekstensometer (ny);26.07.2022 21:00:07;258.188
ekstensometer (ny);26.07.2022 22:00:07;258.188
ekstensometer (ny);26.07.2022 23:00:07;258.188
ekstensometer (ny);27.07.2022 00:00:07;258.188
ekstensometer (ny);27.07.2022 01:00:07;258.188
ekstensometer (ny);27.07.2022 02:00:07;258.750
ekstensometer (ny);27.07.2022 03:00:07;258.750
ekstensometer (ny);27.07.2022 04:00:07;258.750
ekstensometer (ny);27.07.2022 05:00:08;258.750
ekstensometer (ny);27.07.2022 06:00:07;258.750
ekstensometer (ny);27.07.2022 07:00:07;258.750
ekstensometer (ny);27.07.2022 08:00:07;258.750
ekstensometer (ny);27.07.2022 09:00:07;258.750
ekstensometer (ny);27.07.2022 10:00:07;258.638
ekstensometer (ny);27.07.2022 11:00:07;258.638
ekstensometer (ny);27.07.2022 12:00:08;258.638
ekstensometer (ny);27.07.2022 13:00:06;258.638
ekstensometer (ny);27.07.2022 14:00:07;258.750
ekstensometer (ny);27.07.2022 15:00:07;258.750
ekstensometer (ny);27.07.2022 16:00:07;258.750
ekstensometer (ny);27.07.2022 17:00:07;259.312
ekstensometer (ny);27.07.2022 18:00:07;259.312
ekstensometer (ny);27.07.2022 19:00:08;259.312
ekstensometer (ny);27.07.2022 20:00:07;259.312
ekstensometer (ny);27.07.2022 21:00:07;259.312
ekstensometer (ny);27.07.2022 22:00:07;259.312
ekstensometer (ny);27.07.2022 23:00:07;259.875
ekstensometer (ny);28.07.2022 00:00:07;259.875
ekstensometer (ny);28.07.2022 01:00:07;259.875
ekstensometer (ny);28.07.2022 02:00:06;259.875
ekstensometer (ny);28.07.2022 03:00:07;259.875
ekstensometer (ny);28.07.2022 04:00:07;259.875
ekstensometer (ny);28.07.2022 05:00:07;259.875
ekstensometer (ny);28.07.2022 06:00:08;259.875
ekstensometer (ny);28.07.2022 07:00:07;259.875
ekstensometer (ny);28.07.2022 08:00:26;259.875
ekstensometer (ny);28.07.2022 09:00:07;259.763
ekstensometer (ny);28.07.2022 10:00:07;259.763
ekstensometer (ny);28.07.2022 11:00:07;259.763
ekstensometer (ny);28.07.2022 12:00:07;259.763
ekstensometer (ny);28.07.2022 13:00:07;259.875
ekstensometer (ny);28.07.2022 14:00:25;259.875
ekstensometer (ny);28.07.2022 15:00:07;259.875
ekstensometer (ny);28.07.2022 16:00:07;259.875
ekstensometer (ny);28.07.2022 17:00:06;259.875
ekstensometer (ny);28.07.2022 18:00:07;259.875
ekstensometer (ny);28.07.2022 19:00:07;259.875
ekstensometer (ny);28.07.2022 20:00:07;259.875
ekstensometer (ny);28.07.2022 21:00:08;260.438
ekstensometer (ny);28.07.2022 22:00:07;260.438
ekstensometer (ny);28.07.2022 23:00:07;260.438
ekstensometer (ny);29.07.2022 00:00:07;260.438
ekstensometer (ny);29.07.2022 01:00:07;261.000
ekstensometer (ny);29.07.2022 02:00:07;261.000
ekstensometer (ny);29.07.2022 03:00:07;261.000
ekstensometer (ny);29.07.2022 04:00:06;261.000
ekstensometer (ny);29.07.2022 05:00:07;261.000
ekstensometer (ny);29.07.2022 06:00:07;261.000
ekstensometer (ny);29.07.2022 07:00:07;260.888
ekstensometer (ny);29.07.2022 08:00:07;261.000
ekstensometer (ny);29.07.2022 09:00:08;260.888
ekstensometer (ny);29.07.2022 10:00:07;261.000
ekstensometer (ny);29.07.2022 11:00:07;261.000
ekstensometer (ny);29.07.2022 12:00:07;261.000
ekstensometer (ny);29.07.2022 13:00:07;260.438
ekstensometer (ny);29.07.2022 14:00:07;260.438
ekstensometer (ny);29.07.2022 15:00:07;260.438
ekstensometer (ny);29.07.2022 16:00:08;260.550
ekstensometer (ny);29.07.2022 17:00:07;260.438
ekstensometer (ny);29.07.2022 18:00:07;260.438
ekstensometer (ny);29.07.2022 19:00:07;260.550
ekstensometer (ny);29.07.2022 20:00:07;261.000
ekstensometer (ny);29.07.2022 21:00:07;261.562
ekstensometer (ny);29.07.2022 22:00:07;261.562
ekstensometer (ny);29.07.2022 23:00:08;261.562
ekstensometer (ny);30.07.2022 00:00:07;261.562
ekstensometer (ny);30.07.2022 01:00:07;262.125
ekstensometer (ny);30.07.2022 02:00:07;262.125
ekstensometer (ny);30.07.2022 03:00:07;262.125
ekstensometer (ny);30.07.2022 04:00:07;262.125
ekstensometer (ny);30.07.2022 05:00:07;262.125
ekstensometer (ny);30.07.2022 06:00:06;262.125
ekstensometer (ny);30.07.2022 07:00:07;262.125
ekstensometer (ny);30.07.2022 08:00:07;262.125
ekstensometer (ny);30.07.2022 09:00:07;262.125
ekstensometer (ny);30.07.2022 10:00:08;262.125
ekstensometer (ny);30.07.2022 11:00:07;262.125
ekstensometer (ny);30.07.2022 12:00:07;262.125
ekstensometer (ny);30.07.2022 13:00:07;262.125
ekstensometer (ny);30.07.2022 14:00:07;262.237
ekstensometer (ny);30.07.2022 15:00:07;262.125
ekstensometer (ny);30.07.2022 16:00:07;262.237
ekstensometer (ny);30.07.2022 17:00:08;262.237
ekstensometer (ny);30.07.2022 18:00:07;262.125
ekstensometer (ny);30.07.2022 19:00:07;262.125
ekstensometer (ny);30.07.2022 20:00:07;262.125
ekstensometer (ny);30.07.2022 21:00:07;262.125
ekstensometer (ny);30.07.2022 22:00:07;262.125
ekstensometer (ny);30.07.2022 23:00:07;262.125
ekstensometer (ny);31.07.2022 00:00:08;262.125
ekstensometer (ny);31.07.2022 01:00:07;262.800
ekstensometer (ny);31.07.2022 02:00:07;262.800
ekstensometer (ny);31.07.2022 03:00:07;262.800
ekstensometer (ny);31.07.2022 04:00:07;262.800
ekstensometer (ny);31.07.2022 05:00:07;262.800
ekstensometer (ny);31.07.2022 06:00:07;262.800
ekstensometer (ny);31.07.2022 07:00:08;262.800
ekstensometer (ny);31.07.2022 08:00:07;262.800
ekstensometer (ny);31.07.2022 09:00:06;262.800
ekstensometer (ny);31.07.2022 10:00:07;262.800
ekstensometer (ny);31.07.2022 11:00:07;262.800
ekstensometer (ny);31.07.2022 12:00:07;262.800
ekstensometer (ny);31.07.2022 13:00:07;262.800
ekstensometer (ny);31.07.2022 14:00:08;262.800
ekstensometer (ny);31.07.2022 15:00:27;262.800
ekstensometer (ny);31.07.2022 16:00:07;262.800
ekstensometer (ny);31.07.2022 17:00:07;262.800
ekstensometer (ny);31.07.2022 18:00:07;263.362
ekstensometer (ny);31.07.2022 19:00:07;263.362
ekstensometer (ny);31.07.2022 20:00:26;263.362
ekstensometer (ny);31.07.2022 21:00:07;263.362
ekstensometer (ny);31.07.2022 22:00:07;263.362
ekstensometer (ny);31.07.2022 23:00:07;263.362
ekstensometer (ny);01.08.2022 00:00:07;264.038
ekstensometer (ny);01.08.2022 01:00:07;263.925
ekstensometer (ny);01.08.2022 02:00:07;263.925
ekstensometer (ny);01.08.2022 03:00:07;263.925
ekstensometer (ny);01.08.2022 04:00:07;263.925
ekstensometer (ny);01.08.2022 05:00:07;263.925
ekstensometer (ny);01.08.2022 06:00:07;263.925
ekstensometer (ny);01.08.2022 07:00:07;263.925
ekstensometer (ny);01.08.2022 08:00:07;264.487
ekstensometer (ny);01.08.2022 09:00:07;263.925
ekstensometer (ny);01.08.2022 10:00:07;264.487
ekstensometer (ny);01.08.2022 11:00:07;263.925
ekstensometer (ny);01.08.2022 12:00:07;263.812
ekstensometer (ny);01.08.2022 13:00:07;263.925
ekstensometer (ny);01.08.2022 14:00:07;263.925
ekstensometer (ny);01.08.2022 15:00:07;263.925
ekstensometer (ny);01.08.2022 16:00:08;263.925
ekstensometer (ny);01.08.2022 17:00:07;264.487
ekstensometer (ny);01.08.2022 18:00:06;264.487
ekstensometer (ny);01.08.2022 19:00:07;264.487
ekstensometer (ny);01.08.2022 20:00:07;264.487
ekstensometer (ny);01.08.2022 21:00:07;265.163
ekstensometer (ny);01.08.2022 22:00:07;265.163
ekstensometer (ny);01.08.2022 23:00:08;265.163
ekstensometer (ny);02.08.2022 00:00:06;265.163
ekstensometer (ny);02.08.2022 01:00:07;265.050
ekstensometer (ny);02.08.2022 02:00:07;265.163
ekstensometer (ny);02.08.2022 03:00:07;265.050
ekstensometer (ny);02.08.2022 04:00:07;265.163
ekstensometer (ny);02.08.2022 05:00:07;265.163
ekstensometer (ny);02.08.2022 06:00:08;265.050
ekstensometer (ny);02.08.2022 07:00:07;265.163
ekstensometer (ny);02.08.2022 08:00:07;265.163
ekstensometer (ny);02.08.2022 09:00:07;265.050
ekstensometer (ny);02.08.2022 10:00:07;265.050
ekstensometer (ny);02.08.2022 11:00:08;265.163
ekstensometer (ny);02.08.2022 12:00:07;265.163
ekstensometer (ny);02.08.2022 13:00:08;265.050
ekstensometer (ny);02.08.2022 14:00:06;265.163
ekstensometer (ny);02.08.2022 15:00:07;265.050
ekstensometer (ny);02.08.2022 16:00:07;265.725
ekstensometer (ny);02.08.2022 17:00:07;265.725
ekstensometer (ny);02.08.2022 18:00:07;265.725
ekstensometer (ny);02.08.2022 19:00:07;265.725
ekstensometer (ny);02.08.2022 20:00:08;265.725
ekstensometer (ny);02.08.2022 21:00:07;265.725
ekstensometer (ny);02.08.2022 22:00:07;265.725
ekstensometer (ny);02.08.2022 23:00:07;265.725
ekstensometer (ny);03.08.2022 00:00:07;265.725
ekstensometer (ny);03.08.2022 01:00:07;265.725
ekstensometer (ny);03.08.2022 02:00:07;265.725
ekstensometer (ny);03.08.2022 03:00:07;265.725
ekstensometer (ny);03.08.2022 04:00:07;265.725
ekstensometer (ny);03.08.2022 05:00:07;265.725
ekstensometer (ny);03.08.2022 06:00:07;265.725
ekstensometer (ny);03.08.2022 07:00:07;265.725
ekstensometer (ny);03.08.2022 08:00:08;265.725
ekstensometer (ny);03.08.2022 09:00:07;266.288
ekstensometer (ny);03.08.2022 10:00:06;266.288
ekstensometer (ny);03.08.2022 11:00:07;266.288
ekstensometer (ny);03.08.2022 12:00:07;266.288
ekstensometer (ny);03.08.2022 13:00:07;266.288
ekstensometer (ny);03.08.2022 14:00:07;266.288
ekstensometer (ny);03.08.2022 15:00:08;266.288
ekstensometer (ny);03.08.2022 16:00:07;266.850
ekstensometer (ny);03.08.2022 17:00:07;266.850
ekstensometer (ny);03.08.2022 18:00:07;266.850
ekstensometer (ny);03.08.2022 19:00:07;266.850
ekstensometer (ny);03.08.2022 20:00:07;266.850
ekstensometer (ny);03.08.2022 21:00:27;266.850
ekstensometer (ny);03.08.2022 22:00:07;266.850
ekstensometer (ny);03.08.2022 23:00:26;266.850
ekstensometer (ny);04.08.2022 00:00:06;266.850
ekstensometer (ny);04.08.2022 01:00:07;267.188
ekstensometer (ny);04.08.2022 02:00:06;267.413
ekstensometer (ny);04.08.2022 03:00:07;267.413
ekstensometer (ny);04.08.2022 04:00:07;267.300
ekstensometer (ny);04.08.2022 05:00:07;267.413
ekstensometer (ny);04.08.2022 06:00:08;267.300
ekstensometer (ny);04.08.2022 07:00:07;267.300
ekstensometer (ny);04.08.2022 08:00:07;267.413
ekstensometer (ny);04.08.2022 09:00:06;267.300
ekstensometer (ny);04.08.2022 10:00:07;267.300
ekstensometer (ny);04.08.2022 11:00:07;267.300
ekstensometer (ny);04.08.2022 12:00:07;267.300
ekstensometer (ny);04.08.2022 13:00:07;267.413
ekstensometer (ny);04.08.2022 14:00:07;267.300
ekstensometer (ny);04.08.2022 15:00:08;267.862
ekstensometer (ny);04.08.2022 16:00:07;267.975
ekstensometer (ny);04.08.2022 17:00:07;268.425
ekstensometer (ny);04.08.2022 18:00:07;268.425
ekstensometer (ny);04.08.2022 19:00:08;268.425
ekstensometer (ny);04.08.2022 20:00:07;268.425
ekstensometer (ny);04.08.2022 21:00:08;268.425
ekstensometer (ny);04.08.2022 22:00:07;268.425
ekstensometer (ny);04.08.2022 23:00:07;268.987
ekstensometer (ny);05.08.2022 00:00:07;268.987
ekstensometer (ny);05.08.2022 01:00:07;269.100
ekstensometer (ny);05.08.2022 02:00:07;268.987
ekstensometer (ny);05.08.2022 03:00:07;268.987
ekstensometer (ny);05.08.2022 04:00:07;269.438
ekstensometer (ny);05.08.2022 05:00:07;269.438
ekstensometer (ny);05.08.2022 06:00:08;269.438
ekstensometer (ny);05.08.2022 07:00:07;269.550
ekstensometer (ny);05.08.2022 08:00:25;269.550
ekstensometer (ny);05.08.2022 09:00:07;269.550
ekstensometer (ny);05.08.2022 10:00:07;269.663
ekstensometer (ny);05.08.2022 11:00:07;269.550
ekstensometer (ny);05.08.2022 12:00:07;270.112
ekstensometer (ny);05.08.2022 13:00:08;270.112
ekstensometer (ny);05.08.2022 14:00:07;270.112
ekstensometer (ny);05.08.2022 15:00:07;270.112
ekstensometer (ny);05.08.2022 16:00:07;270.112
ekstensometer (ny);05.08.2022 17:00:07;270.112
ekstensometer (ny);05.08.2022 18:00:07;270.112
ekstensometer (ny);05.08.2022 19:00:07;270.112
ekstensometer (ny);05.08.2022 20:00:08;270.112
ekstensometer (ny);05.08.2022 21:00:06;270.675
ekstensometer (ny);05.08.2022 22:00:07;270.675
ekstensometer (ny);05.08.2022 23:00:07;270.675
ekstensometer (ny);06.08.2022 00:00:07;270.788
ekstensometer (ny);06.08.2022 01:00:07;270.675
ekstensometer (ny);06.08.2022 02:00:07;271.350
ekstensometer (ny);06.08.2022 03:00:07;271.237
ekstensometer (ny);06.08.2022 04:00:06;271.237
ekstensometer (ny);06.08.2022 05:00:07;271.350
ekstensometer (ny);06.08.2022 06:00:07;271.350
ekstensometer (ny);06.08.2022 07:00:07;271.237
ekstensometer (ny);06.08.2022 08:00:08;271.688
ekstensometer (ny);06.08.2022 09:00:07;271.913
ekstensometer (ny);06.08.2022 10:00:08;271.913
ekstensometer (ny);06.08.2022 11:00:07;271.913
ekstensometer (ny);06.08.2022 12:00:07;271.913
ekstensometer (ny);06.08.2022 13:00:07;272.475
ekstensometer (ny);06.08.2022 14:00:07;272.475
ekstensometer (ny);06.08.2022 15:00:08;272.475
ekstensometer (ny);06.08.2022 16:00:07;272.475
ekstensometer (ny);06.08.2022 17:00:07;272.475
ekstensometer (ny);06.08.2022 18:00:07;272.475
ekstensometer (ny);06.08.2022 19:00:07;272.475
ekstensometer (ny);06.08.2022 20:00:07;272.475
ekstensometer (ny);06.08.2022 21:00:07;272.475
ekstensometer (ny);06.08.2022 22:00:08;272.475
ekstensometer (ny);06.08.2022 23:00:07;272.475
ekstensometer (ny);07.08.2022 00:00:07;272.475
ekstensometer (ny);07.08.2022 01:00:07;272.475
ekstensometer (ny);07.08.2022 02:00:07;272.812
ekstensometer (ny);07.08.2022 03:00:08;273.038
ekstensometer (ny);07.08.2022 04:00:06;273.038
ekstensometer (ny);07.08.2022 05:00:07;273.038
ekstensometer (ny);07.08.2022 06:00:07;273.038
ekstensometer (ny);07.08.2022 07:00:07;273.038
ekstensometer (ny);07.08.2022 08:00:07;273.038
ekstensometer (ny);07.08.2022 09:00:07;273.038
ekstensometer (ny);07.08.2022 10:00:06;273.038
ekstensometer (ny);07.08.2022 11:00:07;273.600
ekstensometer (ny);07.08.2022 12:00:07;273.600
ekstensometer (ny);07.08.2022 13:00:07;273.600
ekstensometer (ny);07.08.2022 14:00:07;273.600
ekstensometer (ny);07.08.2022 15:00:07;273.600
ekstensometer (ny);07.08.2022 16:00:07;273.600
ekstensometer (ny);07.08.2022 17:00:07;273.600
ekstensometer (ny);07.08.2022 18:00:07;273.600
ekstensometer (ny);07.08.2022 19:00:07;274.163
ekstensometer (ny);07.08.2022 20:00:07;274.163
ekstensometer (ny);07.08.2022 21:00:08;274.163
ekstensometer (ny);07.08.2022 22:00:07;274.163
ekstensometer (ny);07.08.2022 23:00:07;274.163
ekstensometer (ny);08.08.2022 00:00:07;274.837
ekstensometer (ny);08.08.2022 01:00:07;274.725
ekstensometer (ny);08.08.2022 02:00:06;274.725
ekstensometer (ny);08.08.2022 03:00:07;274.725
ekstensometer (ny);08.08.2022 04:00:07;274.725
ekstensometer (ny);08.08.2022 05:00:07;274.725
ekstensometer (ny);08.08.2022 06:00:07;274.837
ekstensometer (ny);08.08.2022 07:00:07;275.288
ekstensometer (ny);08.08.2022 08:00:07;275.400
ekstensometer (ny);08.08.2022 09:00:26;275.400
ekstensometer (ny);08.08.2022 10:00:07;275.400
ekstensometer (ny);08.08.2022 11:00:07;275.400
ekstensometer (ny);08.08.2022 12:00:07;275.400
ekstensometer (ny);08.08.2022 13:00:08;275.400
ekstensometer (ny);08.08.2022 14:00:07;275.400
ekstensometer (ny);08.08.2022 15:00:06;275.400
ekstensometer (ny);08.08.2022 16:00:07;275.400
ekstensometer (ny);08.08.2022 17:00:07;275.625
ekstensometer (ny);08.08.2022 18:00:07;275.850
ekstensometer (ny);08.08.2022 19:00:07;275.850
ekstensometer (ny);08.08.2022 20:00:08;275.850
ekstensometer (ny);08.08.2022 21:00:07;275.962
ekstensometer (ny);08.08.2022 22:00:07;276.413
ekstensometer (ny);08.08.2022 23:00:07;276.525
ekstensometer (ny);09.08.2022 00:00:07;276.413
ekstensometer (ny);09.08.2022 01:00:07;276.413
ekstensometer (ny);09.08.2022 02:00:07;276.413
ekstensometer (ny);09.08.2022 03:00:07;276.975
ekstensometer (ny);09.08.2022 04:00:08;276.975
ekstensometer (ny);09.08.2022 05:00:07;276.975
ekstensometer (ny);09.08.2022 06:00:07;276.975
ekstensometer (ny);09.08.2022 07:00:07;276.975
ekstensometer (ny);09.08.2022 08:00:07;277.538
ekstensometer (ny);09.08.2022 09:00:07;277.538
ekstensometer (ny);09.08.2022 10:00:07;277.538
ekstensometer (ny);09.08.2022 11:00:06;277.538
ekstensometer (ny);09.08.2022 12:00:07;277.538
ekstensometer (ny);09.08.2022 13:00:07;277.538
ekstensometer (ny);09.08.2022 14:00:07;277.538
ekstensometer (ny);09.08.2022 15:00:07;277.538
ekstensometer (ny);09.08.2022 16:00:07;277.538
ekstensometer (ny);09.08.2022 17:00:07;278.100
ekstensometer (ny);09.08.2022 18:00:07;278.100
ekstensometer (ny);09.08.2022 19:00:07;278.100
ekstensometer (ny);09.08.2022 20:00:07;278.100
ekstensometer (ny);09.08.2022 21:00:07;278.100
ekstensometer (ny);09.08.2022 22:00:07;278.663
ekstensometer (ny);09.08.2022 23:00:07;278.775
ekstensometer (ny);10.08.2022 00:00:06;278.775
ekstensometer (ny);10.08.2022 01:00:07;278.663
ekstensometer (ny);10.08.2022 02:00:07;278.663
ekstensometer (ny);10.08.2022 03:00:07;278.663
ekstensometer (ny);10.08.2022 04:00:07;278.663
ekstensometer (ny);10.08.2022 05:00:07;278.663
ekstensometer (ny);10.08.2022 06:00:08;279.225
ekstensometer (ny);10.08.2022 07:00:07;279.900
ekstensometer (ny);10.08.2022 08:00:07;279.900
ekstensometer (ny);10.08.2022 09:00:07;279.900
ekstensometer (ny);10.08.2022 10:00:07;279.900
ekstensometer (ny);10.08.2022 11:00:07;279.788
ekstensometer (ny);10.08.2022 12:00:07;279.900
ekstensometer (ny);10.08.2022 13:00:08;279.900
ekstensometer (ny);10.08.2022 14:00:07;279.900
ekstensometer (ny);10.08.2022 15:00:07;279.900
ekstensometer (ny);10.08.2022 16:00:07;279.788
ekstensometer (ny);10.08.2022 17:00:07;279.900
ekstensometer (ny);10.08.2022 18:00:07;279.900
ekstensometer (ny);10.08.2022 19:00:07;280.237
ekstensometer (ny);10.08.2022 20:00:08;280.350
ekstensometer (ny);10.08.2022 21:00:07;280.462
ekstensometer (ny);10.08.2022 22:00:07;280.462
ekstensometer (ny);10.08.2022 23:00:07;280.462
ekstensometer (ny);11.08.2022 00:00:07;280.462
ekstensometer (ny);11.08.2022 01:00:07;281.025
ekstensometer (ny);11.08.2022 02:00:08;281.025
ekstensometer (ny);11.08.2022 03:00:07;281.025
ekstensometer (ny);11.08.2022 04:00:07;281.025
ekstensometer (ny);11.08.2022 05:00:07;281.587
ekstensometer (ny);11.08.2022 06:00:07;282.150
ekstensometer (ny);11.08.2022 07:00:07;282.150
ekstensometer (ny);11.08.2022 08:00:07;282.150
ekstensometer (ny);11.08.2022 09:00:08;282.150
ekstensometer (ny);11.08.2022 10:00:25;282.150
ekstensometer (ny);11.08.2022 11:00:07;282.150
ekstensometer (ny);11.08.2022 12:00:07;282.150
ekstensometer (ny);11.08.2022 13:00:08;282.263
ekstensometer (ny);11.08.2022 14:00:07;282.263
ekstensometer (ny);11.08.2022 15:00:07;282.150
ekstensometer (ny);11.08.2022 16:00:07;282.263
ekstensometer (ny);11.08.2022 17:00:07;282.263
ekstensometer (ny);11.08.2022 18:00:07;282.150
ekstensometer (ny);11.08.2022 19:00:07;282.150
ekstensometer (ny);11.08.2022 20:00:08;282.825
ekstensometer (ny);11.08.2022 21:00:07;282.825
ekstensometer (ny);11.08.2022 22:00:07;282.825
ekstensometer (ny);11.08.2022 23:00:07;282.825
ekstensometer (ny);12.08.2022 00:00:07;283.388
ekstensometer (ny);12.08.2022 01:00:07;282.825
ekstensometer (ny);12.08.2022 02:00:07;283.388
ekstensometer (ny);12.08.2022 03:00:07;283.050
ekstensometer (ny);12.08.2022 04:00:27;283.388
ekstensometer (ny);12.08.2022 05:00:07;283.388
ekstensometer (ny);12.08.2022 06:00:07;283.388
ekstensometer (ny);12.08.2022 07:00:07;283.388
ekstensometer (ny);12.08.2022 08:00:08;283.388
ekstensometer (ny);12.08.2022 09:00:07;283.388
ekstensometer (ny);12.08.2022 10:00:07;283.388
ekstensometer (ny);12.08.2022 11:00:07;283.388
ekstensometer (ny);12.08.2022 12:00:07;283.388
ekstensometer (ny);12.08.2022 13:00:07;283.388
ekstensometer (ny);12.08.2022 14:00:07;284.062
ekstensometer (ny);12.08.2022 15:00:08;284.062
ekstensometer (ny);12.08.2022 16:00:07;283.950
ekstensometer (ny);12.08.2022 17:00:07;283.950
ekstensometer (ny);12.08.2022 18:00:07;283.950
ekstensometer (ny);12.08.2022 19:00:07;283.950
ekstensometer (ny);12.08.2022 20:00:07;284.062
ekstensometer (ny);12.08.2022 21:00:07;284.625
ekstensometer (ny);12.08.2022 22:00:07;284.625
ekstensometer (ny);12.08.2022 23:00:07;284.625
ekstensometer (ny);13.08.2022 00:00:07;284.625
ekstensometer (ny);13.08.2022 01:00:17;284.625
ekstensometer (ny);13.08.2022 02:00:07;285.188
ekstensometer (ny);13.08.2022 03:00:07;285.188
ekstensometer (ny);13.08.2022 04:00:07;285.075
ekstensometer (ny);13.08.2022 05:00:07;285.638
ekstensometer (ny);13.08.2022 06:00:08;285.638
ekstensometer (ny);13.08.2022 07:00:07;285.638
ekstensometer (ny);13.08.2022 08:00:07;285.750
ekstensometer (ny);13.08.2022 09:00:07;285.638
ekstensometer (ny);13.08.2022 10:00:07;285.638
ekstensometer (ny);13.08.2022 11:00:07;285.638
ekstensometer (ny);13.08.2022 12:00:07;285.638
ekstensometer (ny);13.08.2022 13:00:08;285.638
ekstensometer (ny);13.08.2022 14:00:07;285.638
ekstensometer (ny);13.08.2022 15:00:07;285.750
ekstensometer (ny);13.08.2022 16:00:07;285.750
ekstensometer (ny);13.08.2022 17:00:07;285.638
ekstensometer (ny);13.08.2022 18:00:07;285.638
ekstensometer (ny);13.08.2022 19:00:07;285.638
ekstensometer (ny);13.08.2022 20:00:08;286.200
ekstensometer (ny);13.08.2022 21:00:07;286.200
ekstensometer (ny);13.08.2022 22:00:07;286.763
ekstensometer (ny);13.08.2022 23:00:07;286.763
ekstensometer (ny);14.08.2022 00:00:07;286.763
ekstensometer (ny);14.08.2022 01:00:07;287.325
ekstensometer (ny);14.08.2022 02:00:07;287.325
ekstensometer (ny);14.08.2022 03:00:07;287.325
ekstensometer (ny);14.08.2022 04:00:07;287.325
ekstensometer (ny);14.08.2022 05:00:07;287.550
ekstensometer (ny);14.08.2022 06:00:07;287.888
ekstensometer (ny);14.08.2022 07:00:07;287.888
ekstensometer (ny);14.08.2022 08:00:08;287.325
ekstensometer (ny);14.08.2022 09:00:07;287.212
ekstensometer (ny);14.08.2022 10:00:06;287.212
ekstensometer (ny);14.08.2022 11:00:25;287.325
ekstensometer (ny);14.08.2022 12:00:07;287.325
ekstensometer (ny);14.08.2022 13:00:07;287.438
ekstensometer (ny);14.08.2022 14:00:06;287.438
ekstensometer (ny);14.08.2022 15:00:07;287.438
ekstensometer (ny);14.08.2022 16:00:07;287.438
ekstensometer (ny);14.08.2022 17:00:07;287.438
ekstensometer (ny);14.08.2022 18:00:07;287.438
ekstensometer (ny);14.08.2022 19:00:07;288.000
ekstensometer (ny);14.08.2022 20:00:07;288.000
ekstensometer (ny);14.08.2022 21:00:07;288.000
ekstensometer (ny);14.08.2022 22:00:07;288.000
ekstensometer (ny);14.08.2022 23:00:07;288.450
ekstensometer (ny);15.08.2022 00:00:07;288.562
ekstensometer (ny);15.08.2022 01:00:07;288.562
ekstensometer (ny);15.08.2022 02:00:07;288.562
ekstensometer (ny);15.08.2022 03:00:07;288.562
ekstensometer (ny);15.08.2022 04:00:07;288.562
ekstensometer (ny);15.08.2022 05:00:06;288.562
ekstensometer (ny);15.08.2022 06:00:07;288.562
ekstensometer (ny);15.08.2022 07:00:39;288.562
ekstensometer (ny);15.08.2022 08:00:07;289.125
ekstensometer (ny);15.08.2022 09:00:07;289.125
ekstensometer (ny);15.08.2022 10:00:08;289.125
ekstensometer (ny);15.08.2022 11:00:07;289.125
ekstensometer (ny);15.08.2022 12:00:07;289.125
ekstensometer (ny);15.08.2022 13:00:07;289.125
ekstensometer (ny);15.08.2022 14:00:07;289.125
ekstensometer (ny);15.08.2022 15:00:07;289.125
ekstensometer (ny);15.08.2022 16:00:07;289.125
ekstensometer (ny);15.08.2022 17:00:08;289.125
ekstensometer (ny);15.08.2022 18:00:07;289.125
ekstensometer (ny);15.08.2022 19:00:07;289.688
ekstensometer (ny);15.08.2022 20:00:07;289.688
ekstensometer (ny);15.08.2022 21:00:07;289.688
ekstensometer (ny);15.08.2022 22:00:07;289.688
ekstensometer (ny);15.08.2022 23:00:07;290.250
ekstensometer (ny);16.08.2022 00:00:08;290.250
ekstensometer (ny);16.08.2022 01:00:07;290.250
ekstensometer (ny);16.08.2022 02:00:07;290.250
ekstensometer (ny);16.08.2022 03:00:07;290.250
ekstensometer (ny);16.08.2022 04:00:07;290.250
ekstensometer (ny);16.08.2022 05:00:07;290.250
ekstensometer (ny);16.08.2022 06:00:07;290.700
ekstensometer (ny);16.08.2022 07:00:07;290.250
ekstensometer (ny);16.08.2022 08:00:07;290.250
ekstensometer (ny);16.08.2022 09:00:07;290.362
ekstensometer (ny);16.08.2022 10:00:07;290.362
ekstensometer (ny);16.08.2022 11:00:08;290.362
ekstensometer (ny);16.08.2022 12:00:07;290.362
ekstensometer (ny);16.08.2022 13:00:07;291.038
ekstensometer (ny);16.08.2022 14:00:07;290.925
ekstensometer (ny);16.08.2022 15:00:07;290.925
ekstensometer (ny);16.08.2022 16:00:07;290.925
ekstensometer (ny);16.08.2022 17:00:07;290.925
ekstensometer (ny);16.08.2022 18:00:08;291.487
ekstensometer (ny);16.08.2022 19:00:07;291.487
ekstensometer (ny);16.08.2022 20:00:07;291.487
ekstensometer (ny);16.08.2022 21:00:07;291.487
ekstensometer (ny);16.08.2022 22:00:07;291.487
ekstensometer (ny);16.08.2022 23:00:07;292.050
ekstensometer (ny);17.08.2022 00:00:07;292.725
ekstensometer (ny);17.08.2022 01:00:07;292.725
ekstensometer (ny);17.08.2022 02:00:07;292.725
ekstensometer (ny);17.08.2022 03:00:07;292.725
ekstensometer (ny);17.08.2022 04:00:07;292.725
ekstensometer (ny);17.08.2022 05:00:07;292.725
ekstensometer (ny);17.08.2022 06:00:08;292.725
ekstensometer (ny);17.08.2022 07:00:07;293.288
ekstensometer (ny);17.08.2022 08:00:06;293.288
ekstensometer (ny);17.08.2022 09:00:07;293.288
ekstensometer (ny);17.08.2022 10:00:07;293.850
ekstensometer (ny);17.08.2022 11:00:07;293.850
ekstensometer (ny);17.08.2022 12:00:07;293.850
ekstensometer (ny);17.08.2022 13:00:08;293.850
ekstensometer (ny);17.08.2022 14:00:07;293.850
ekstensometer (ny);17.08.2022 15:00:07;293.850
ekstensometer (ny);17.08.2022 16:00:07;293.850
ekstensometer (ny);17.08.2022 17:00:07;293.850
ekstensometer (ny);17.08.2022 18:00:07;293.850
ekstensometer (ny);17.08.2022 19:00:07;293.850
ekstensometer (ny);17.08.2022 20:00:08;294.413
ekstensometer (ny);17.08.2022 21:00:06;294.975
ekstensometer (ny);17.08.2022 22:00:07;295.538
ekstensometer (ny);17.08.2022 23:00:07;295.538
ekstensometer (ny);18.08.2022 00:00:07;295.538
ekstensometer (ny);18.08.2022 01:00:07;295.538
ekstensometer (ny);18.08.2022 02:00:07;295.538
ekstensometer (ny);18.08.2022 03:00:07;295.538
ekstensometer (ny);18.08.2022 04:00:07;295.538
ekstensometer (ny);18.08.2022 05:00:07;295.538
ekstensometer (ny);18.08.2022 06:00:07;295.538
ekstensometer (ny);18.08.2022 07:00:07;295.538
ekstensometer (ny);18.08.2022 08:00:25;295.425
ekstensometer (ny);18.08.2022 09:00:07;295.425
ekstensometer (ny);18.08.2022 10:00:06;295.538
ekstensometer (ny);18.08.2022 11:00:07;295.425
ekstensometer (ny);18.08.2022 12:00:07;295.538
ekstensometer (ny);18.08.2022 13:00:07;295.538
ekstensometer (ny);18.08.2022 14:00:07;295.538
ekstensometer (ny);18.08.2022 15:00:08;295.538
ekstensometer (ny);18.08.2022 16:00:07;295.538
ekstensometer (ny);18.08.2022 17:00:07;295.875
ekstensometer (ny);18.08.2022 18:00:07;295.538
ekstensometer (ny);18.08.2022 19:00:07;296.100
ekstensometer (ny);18.08.2022 20:00:07;296.100
ekstensometer (ny);18.08.2022 21:00:07;296.663
ekstensometer (ny);18.08.2022 22:00:08;296.663
ekstensometer (ny);18.08.2022 23:00:06;296.663
ekstensometer (ny);19.08.2022 00:00:07;296.663
ekstensometer (ny);19.08.2022 01:00:07;297.225
ekstensometer (ny);19.08.2022 02:00:07;297.225
ekstensometer (ny);19.08.2022 03:00:07;297.788
ekstensometer (ny);19.08.2022 04:00:07;297.788
ekstensometer (ny);19.08.2022 05:00:08;297.788
ekstensometer (ny);19.08.2022 06:00:07;297.788
ekstensometer (ny);19.08.2022 07:00:26;297.788
ekstensometer (ny);19.08.2022 08:00:07;297.788
ekstensometer (ny);19.08.2022 09:00:07;297.788
ekstensometer (ny);19.08.2022 10:00:07;297.788
ekstensometer (ny);19.08.2022 11:00:07;297.788
ekstensometer (ny);19.08.2022 12:00:08;297.788
ekstensometer (ny);19.08.2022 13:00:07;298.237
ekstensometer (ny);19.08.2022 14:00:06;298.350
ekstensometer (ny);19.08.2022 15:00:07;297.900
ekstensometer (ny);19.08.2022 16:00:07;298.350
ekstensometer (ny);19.08.2022 17:00:07;298.350
ekstensometer (ny);19.08.2022 18:00:07;298.913
ekstensometer (ny);19.08.2022 19:00:08;298.913
ekstensometer (ny);19.08.2022 20:00:07;298.913
ekstensometer (ny);19.08.2022 21:00:07;298.913
ekstensometer (ny);19.08.2022 22:00:07;298.913
ekstensometer (ny);19.08.2022 23:00:07;300.150
ekstensometer (ny);20.08.2022 00:00:07;300.150
ekstensometer (ny);20.08.2022 01:00:07;300.150
ekstensometer (ny);20.08.2022 02:00:06;300.150
ekstensometer (ny);20.08.2022 03:00:07;300.150
ekstensometer (ny);20.08.2022 04:00:07;300.150
ekstensometer (ny);20.08.2022 05:00:07;300.150
ekstensometer (ny);20.08.2022 06:00:08;300.150
ekstensometer (ny);20.08.2022 07:00:07;300.150
ekstensometer (ny);20.08.2022 08:00:07;300.712
ekstensometer (ny);20.08.2022 09:00:07;300.712
ekstensometer (ny);20.08.2022 10:00:07;300.712
ekstensometer (ny);20.08.2022 11:00:07;300.712
ekstensometer (ny);20.08.2022 12:00:07;300.712
ekstensometer (ny);20.08.2022 13:00:08;300.712
ekstensometer (ny);20.08.2022 14:00:07;300.712
ekstensometer (ny);20.08.2022 15:00:06;301.050
ekstensometer (ny);20.08.2022 16:00:07;300.825
ekstensometer (ny);20.08.2022 17:00:07;301.275
ekstensometer (ny);20.08.2022 18:00:07;301.275
ekstensometer (ny);20.08.2022 19:00:07;301.275
ekstensometer (ny);20.08.2022 20:00:08;301.275
ekstensometer (ny);20.08.2022 21:00:07;301.275
ekstensometer (ny);20.08.2022 22:00:07;301.950
ekstensometer (ny);20.08.2022 23:00:07;301.837
ekstensometer (ny);21.08.2022 00:00:07;301.950
ekstensometer (ny);21.08.2022 01:00:07;301.950
ekstensometer (ny);21.08.2022 02:00:07;302.513
ekstensometer (ny);21.08.2022 03:00:07;302.513
ekstensometer (ny);21.08.2022 04:00:08;302.513
ekstensometer (ny);21.08.2022 05:00:07;303.188
ekstensometer (ny);21.08.2022 06:00:07;303.188
ekstensometer (ny);21.08.2022 07:00:07;303.188
ekstensometer (ny);21.08.2022 08:00:07;303.188
ekstensometer (ny);21.08.2022 09:00:07;303.188
ekstensometer (ny);21.08.2022 10:00:07;303.750
ekstensometer (ny);21.08.2022 11:00:07;303.750
ekstensometer (ny);21.08.2022 12:00:07;303.638
ekstensometer (ny);21.08.2022 13:00:07;303.638
ekstensometer (ny);21.08.2022 14:00:07;304.200
ekstensometer (ny);21.08.2022 15:00:08;304.312
ekstensometer (ny);21.08.2022 16:00:07;304.200
ekstensometer (ny);21.08.2022 17:00:26;304.312
ekstensometer (ny);21.08.2022 18:00:07;304.200
ekstensometer (ny);21.08.2022 19:00:07;304.875
ekstensometer (ny);21.08.2022 20:00:07;304.875
ekstensometer (ny);21.08.2022 21:00:07;305.325
ekstensometer (ny);21.08.2022 22:00:08;305.438
ekstensometer (ny);21.08.2022 23:00:07;305.438
ekstensometer (ny);22.08.2022 00:00:07;305.438
ekstensometer (ny);22.08.2022 01:00:07;305.438
ekstensometer (ny);22.08.2022 02:00:07;305.438
ekstensometer (ny);22.08.2022 03:00:07;305.325
ekstensometer (ny);22.08.2022 04:00:07;305.325
ekstensometer (ny);22.08.2022 05:00:08;306.000
ekstensometer (ny);22.08.2022 06:00:07;306.000
ekstensometer (ny);22.08.2022 07:00:07;306.000
ekstensometer (ny);22.08.2022 08:00:07;306.000
ekstensometer (ny);22.08.2022 09:00:07;306.562
ekstensometer (ny);22.08.2022 10:00:07;306.562
ekstensometer (ny);22.08.2022 11:00:07;306.225
ekstensometer (ny);22.08.2022 12:00:08;306.562
ekstensometer (ny);22.08.2022 13:00:07;306.562
ekstensometer (ny);22.08.2022 14:00:07;306.562
ekstensometer (ny);22.08.2022 15:00:07;306.562
ekstensometer (ny);22.08.2022 16:00:07;306.562
ekstensometer (ny);22.08.2022 17:00:07;306.562
ekstensometer (ny);22.08.2022 18:00:07;306.562
ekstensometer (ny);22.08.2022 19:00:06;307.125
ekstensometer (ny);22.08.2022 20:00:07;307.125
ekstensometer (ny);22.08.2022 21:00:07;307.688
ekstensometer (ny);22.08.2022 22:00:07;307.688
ekstensometer (ny);22.08.2022 23:00:07;307.688
ekstensometer (ny);23.08.2022 00:00:07;307.688
ekstensometer (ny);23.08.2022 01:00:08;307.688
ekstensometer (ny);23.08.2022 02:00:07;307.688
ekstensometer (ny);23.08.2022 03:00:07;308.250
ekstensometer (ny);23.08.2022 04:00:07;308.250
ekstensometer (ny);23.08.2022 05:00:07;308.250
ekstensometer (ny);23.08.2022 06:00:07;308.250
ekstensometer (ny);23.08.2022 07:00:08;308.250
ekstensometer (ny);23.08.2022 08:00:07;308.250
ekstensometer (ny);23.08.2022 09:00:06;308.250
ekstensometer (ny);23.08.2022 10:00:07;308.250
ekstensometer (ny);23.08.2022 11:00:07;308.250
ekstensometer (ny);23.08.2022 12:00:07;308.250
ekstensometer (ny);23.08.2022 13:00:07;308.250
ekstensometer (ny);23.08.2022 14:00:08;308.250
ekstensometer (ny);23.08.2022 15:00:07;308.250
ekstensometer (ny);23.08.2022 16:00:07;308.250
ekstensometer (ny);23.08.2022 17:00:07;308.250
ekstensometer (ny);23.08.2022 18:00:07;308.250
ekstensometer (ny);23.08.2022 19:00:07;308.812
ekstensometer (ny);23.08.2022 20:00:07;308.812
ekstensometer (ny);23.08.2022 21:00:08;309.487
ekstensometer (ny);23.08.2022 22:00:07;309.487
ekstensometer (ny);23.08.2022 23:00:07;309.487
ekstensometer (ny);24.08.2022 00:00:07;309.487
ekstensometer (ny);24.08.2022 01:00:07;309.487
ekstensometer (ny);24.08.2022 02:00:07;309.487
ekstensometer (ny);24.08.2022 03:00:07;309.487
ekstensometer (ny);24.08.2022 04:00:07;309.487
ekstensometer (ny);24.08.2022 05:00:06;310.050
ekstensometer (ny);24.08.2022 06:00:07;310.050
ekstensometer (ny);24.08.2022 07:00:07;310.050
ekstensometer (ny);24.08.2022 08:00:07;310.050
ekstensometer (ny);24.08.2022 09:00:07;310.050
ekstensometer (ny);24.08.2022 10:00:07;310.050
ekstensometer (ny);24.08.2022 11:00:07;310.050
ekstensometer (ny);24.08.2022 12:00:07;310.050
ekstensometer (ny);24.08.2022 13:00:07;310.050
ekstensometer (ny);24.08.2022 14:00:07;310.612
ekstensometer (ny);24.08.2022 15:00:07;310.612
ekstensometer (ny);24.08.2022 16:00:08;310.725
ekstensometer (ny);24.08.2022 17:00:07;310.612
ekstensometer (ny);24.08.2022 18:00:25;310.612
ekstensometer (ny);24.08.2022 19:00:07;311.288
ekstensometer (ny);24.08.2022 20:00:07;311.288
ekstensometer (ny);24.08.2022 21:00:07;311.288
ekstensometer (ny);24.08.2022 22:00:07;311.288
ekstensometer (ny);24.08.2022 23:00:06;311.288
ekstensometer (ny);25.08.2022 00:00:07;311.288
ekstensometer (ny);25.08.2022 01:00:07;311.288
ekstensometer (ny);25.08.2022 02:00:07;311.288
ekstensometer (ny);25.08.2022 03:00:07;311.850
ekstensometer (ny);25.08.2022 04:00:08;311.850
ekstensometer (ny);25.08.2022 05:00:07;311.850
ekstensometer (ny);25.08.2022 06:00:07;311.850
ekstensometer (ny);25.08.2022 07:00:07;311.850
ekstensometer (ny);25.08.2022 08:00:07;311.850
ekstensometer (ny);25.08.2022 09:00:07;311.850
ekstensometer (ny);25.08.2022 10:00:07;311.962
ekstensometer (ny);25.08.2022 11:00:08;311.850
ekstensometer (ny);25.08.2022 12:00:26;312.413
ekstensometer (ny);25.08.2022 13:00:07;312.413
ekstensometer (ny);25.08.2022 14:00:07;312.413
ekstensometer (ny);25.08.2022 15:00:08;312.413
ekstensometer (ny);25.08.2022 16:00:07;312.638
ekstensometer (ny);25.08.2022 17:00:08;312.975
ekstensometer (ny);25.08.2022 18:00:07;312.975
ekstensometer (ny);25.08.2022 19:00:07;312.975
ekstensometer (ny);25.08.2022 20:00:07;313.425
ekstensometer (ny);25.08.2022 21:00:07;313.425
ekstensometer (ny);25.08.2022 22:00:08;313.538
ekstensometer (ny);25.08.2022 23:00:08;313.538
ekstensometer (ny);26.08.2022 00:00:25;313.425
ekstensometer (ny);26.08.2022 01:00:38;313.987
ekstensometer (ny);26.08.2022 02:00:07;313.987
ekstensometer (ny);26.08.2022 03:00:07;313.987
ekstensometer (ny);26.08.2022 04:00:07;313.987
ekstensometer (ny);26.08.2022 05:00:07;313.987
ekstensometer (ny);26.08.2022 06:00:08;313.987
ekstensometer (ny);26.08.2022 07:00:07;313.987
ekstensometer (ny);26.08.2022 08:00:07;314.550
ekstensometer (ny);26.08.2022 09:00:26;314.550
ekstensometer (ny);26.08.2022 10:00:07;314.550
ekstensometer (ny);26.08.2022 11:00:07;314.550
ekstensometer (ny);26.08.2022 12:00:07;314.550
ekstensometer (ny);26.08.2022 13:00:08;314.550
ekstensometer (ny);26.08.2022 14:00:07;315.112
ekstensometer (ny);26.08.2022 15:00:08;315.112
ekstensometer (ny);26.08.2022 16:00:07;315.112
ekstensometer (ny);26.08.2022 17:00:07;315.112
ekstensometer (ny);26.08.2022 18:00:07;315.675
ekstensometer (ny);26.08.2022 19:00:07;315.675
ekstensometer (ny);26.08.2022 20:00:08;315.675
ekstensometer (ny);26.08.2022 21:00:08;315.675
ekstensometer (ny);26.08.2022 22:00:07;316.237
ekstensometer (ny);26.08.2022 23:00:07;316.237
ekstensometer (ny);27.08.2022 00:00:07;316.237
ekstensometer (ny);27.08.2022 01:00:07;316.237
ekstensometer (ny);27.08.2022 02:00:07;316.462
ekstensometer (ny);27.08.2022 03:00:07;316.800
ekstensometer (ny);27.08.2022 04:00:08;316.800
ekstensometer (ny);27.08.2022 05:00:49;316.800
ekstensometer (ny);27.08.2022 06:00:07;316.800
ekstensometer (ny);27.08.2022 07:00:07;317.362
ekstensometer (ny);27.08.2022 08:00:06;317.362
ekstensometer (ny);27.08.2022 09:00:07;317.250
ekstensometer (ny);27.08.2022 10:00:07;317.362
ekstensometer (ny);27.08.2022 11:00:07;317.250
ekstensometer (ny);27.08.2022 12:00:07;317.250
ekstensometer (ny);27.08.2022 13:00:07;317.925
ekstensometer (ny);27.08.2022 14:00:07;317.925
ekstensometer (ny);27.08.2022 15:00:07;317.925
ekstensometer (ny);27.08.2022 16:00:07;317.925
ekstensometer (ny);27.08.2022 17:00:07;318.600
ekstensometer (ny);27.08.2022 18:00:07;318.600
ekstensometer (ny);27.08.2022 19:00:08;319.163
ekstensometer (ny);27.08.2022 20:00:07;319.163
ekstensometer (ny);27.08.2022 21:00:06;319.725
ekstensometer (ny);27.08.2022 22:00:07;319.725
ekstensometer (ny);27.08.2022 23:00:07;319.725
ekstensometer (ny);28.08.2022 00:00:07;319.725
ekstensometer (ny);28.08.2022 01:00:07;319.725
ekstensometer (ny);28.08.2022 02:00:07;319.725
ekstensometer (ny);28.08.2022 03:00:07;319.725
ekstensometer (ny);28.08.2022 04:00:07;320.288
ekstensometer (ny);28.08.2022 05:00:07;320.288
ekstensometer (ny);28.08.2022 06:00:08;320.288
ekstensometer (ny);28.08.2022 07:00:25;320.850
ekstensometer (ny);28.08.2022 08:00:08;320.850
ekstensometer (ny);28.08.2022 09:00:07;320.850
ekstensometer (ny);28.08.2022 10:00:07;320.850
ekstensometer (ny);28.08.2022 11:00:07;320.850
ekstensometer (ny);28.08.2022 12:00:07;320.850
ekstensometer (ny);28.08.2022 13:00:08;320.850
ekstensometer (ny);28.08.2022 14:00:08;320.850
ekstensometer (ny);28.08.2022 15:00:07;320.850
ekstensometer (ny);28.08.2022 16:00:07;320.850
ekstensometer (ny);28.08.2022 17:00:07;321.413
ekstensometer (ny);28.08.2022 18:00:07;321.413
ekstensometer (ny);28.08.2022 19:00:07;321.975
ekstensometer (ny);28.08.2022 20:00:08;321.975
ekstensometer (ny);28.08.2022 21:00:08;321.975
ekstensometer (ny);28.08.2022 22:00:07;321.975
ekstensometer (ny);28.08.2022 23:00:07;322.538
ekstensometer (ny);29.08.2022 00:00:07;322.538
ekstensometer (ny);29.08.2022 01:00:17;322.538
ekstensometer (ny);29.08.2022 02:00:08;323.100
ekstensometer (ny);29.08.2022 03:00:07;323.100
ekstensometer (ny);29.08.2022 04:00:07;323.100
ekstensometer (ny);29.08.2022 05:00:07;323.100
ekstensometer (ny);29.08.2022 06:00:07;323.100
ekstensometer (ny);29.08.2022 07:00:08;323.100
ekstensometer (ny);29.08.2022 08:00:07;323.438
ekstensometer (ny);29.08.2022 09:00:07;323.100
ekstensometer (ny);29.08.2022 10:00:07;323.100
ekstensometer (ny);29.08.2022 11:00:07;323.100
ekstensometer (ny);29.08.2022 12:00:07;323.100
ekstensometer (ny);29.08.2022 13:00:07;323.100
ekstensometer (ny);29.08.2022 14:00:08;323.663
ekstensometer (ny);29.08.2022 15:00:07;323.663
ekstensometer (ny);29.08.2022 16:00:07;323.663
ekstensometer (ny);29.08.2022 17:00:07;324.225
ekstensometer (ny);29.08.2022 18:00:07;324.225
ekstensometer (ny);29.08.2022 19:00:07;324.225
ekstensometer (ny);29.08.2022 20:00:07;324.337
ekstensometer (ny);29.08.2022 21:00:08;324.788
ekstensometer (ny);29.08.2022 22:00:07;324.788
ekstensometer (ny);29.08.2022 23:00:07;325.350
ekstensometer (ny);30.08.2022 00:00:07;325.350
ekstensometer (ny);30.08.2022 01:00:07;325.350
ekstensometer (ny);30.08.2022 02:00:39;325.913
ekstensometer (ny);30.08.2022 03:00:07;325.913
ekstensometer (ny);30.08.2022 04:00:07;325.913
ekstensometer (ny);30.08.2022 05:00:07;325.913
ekstensometer (ny);30.08.2022 06:00:07;325.913
ekstensometer (ny);30.08.2022 07:00:07;325.913
ekstensometer (ny);30.08.2022 08:00:07;325.913
ekstensometer (ny);30.08.2022 09:00:08;325.913
ekstensometer (ny);30.08.2022 10:00:07;325.800
ekstensometer (ny);30.08.2022 11:00:07;325.800
ekstensometer (ny);30.08.2022 12:00:07;325.913
ekstensometer (ny);30.08.2022 13:00:26;325.913
ekstensometer (ny);30.08.2022 14:00:07;325.913
ekstensometer (ny);30.08.2022 15:00:06;326.475
ekstensometer (ny);30.08.2022 16:00:07;326.475
ekstensometer (ny);30.08.2022 17:00:07;326.475
ekstensometer (ny);30.08.2022 18:00:07;327.038
ekstensometer (ny);30.08.2022 19:00:07;327.150
ekstensometer (ny);30.08.2022 20:00:08;327.712
ekstensometer (ny);30.08.2022 21:00:07;327.712
ekstensometer (ny);30.08.2022 22:00:07;327.712
ekstensometer (ny);30.08.2022 23:00:07;328.275
ekstensometer (ny);31.08.2022 00:00:07;328.275
ekstensometer (ny);31.08.2022 01:00:07;328.275
ekstensometer (ny);31.08.2022 02:00:07;328.275
ekstensometer (ny);31.08.2022 03:00:07;328.837
ekstensometer (ny);31.08.2022 04:00:07;328.837
ekstensometer (ny);31.08.2022 05:00:07;328.837
ekstensometer (ny);31.08.2022 06:00:07;328.837
ekstensometer (ny);31.08.2022 07:00:08;328.837
ekstensometer (ny);31.08.2022 08:00:07;328.837
ekstensometer (ny);31.08.2022 09:00:07;328.837
ekstensometer (ny);31.08.2022 10:00:07;328.837
ekstensometer (ny);31.08.2022 11:00:07;328.725
ekstensometer (ny);31.08.2022 12:00:07;328.837
ekstensometer (ny);31.08.2022 13:00:07;328.837
ekstensometer (ny);31.08.2022 14:00:08;328.837
ekstensometer (ny);31.08.2022 15:00:07;328.837
ekstensometer (ny);31.08.2022 16:00:07;328.837
ekstensometer (ny);31.08.2022 17:00:07;329.400
ekstensometer (ny);31.08.2022 18:00:07;329.400
ekstensometer (ny);31.08.2022 19:00:07;329.962
ekstensometer (ny);31.08.2022 20:00:07;329.962
ekstensometer (ny);31.08.2022 21:00:08;330.638
ekstensometer (ny);31.08.2022 22:00:07;330.638
ekstensometer (ny);31.08.2022 23:00:07;330.638
ekstensometer (ny);01.09.2022 00:00:07;330.638
ekstensometer (ny);01.09.2022 01:00:07;331.087
ekstensometer (ny);01.09.2022 02:00:08;331.087
ekstensometer (ny);01.09.2022 03:00:07;331.200
ekstensometer (ny);01.09.2022 04:00:07;331.650
ekstensometer (ny);01.09.2022 05:00:07;331.650
ekstensometer (ny);01.09.2022 06:00:07;331.650
ekstensometer (ny);01.09.2022 07:00:07;331.650
ekstensometer (ny);01.09.2022 08:00:07;331.650
ekstensometer (ny);01.09.2022 09:00:08;331.650
ekstensometer (ny);01.09.2022 12:00:26;331.650
ekstensometer (ny);01.09.2022 16:00:27;331.650
ekstensometer (ny);01.09.2022 17:00:07;331.763
ekstensometer (ny);01.09.2022 18:00:07;331.987
ekstensometer (ny);01.09.2022 19:00:07;332.212
ekstensometer (ny);01.09.2022 20:00:07;332.775
ekstensometer (ny);01.09.2022 21:00:07;332.775
ekstensometer (ny);01.09.2022 22:00:07;332.775
ekstensometer (ny);01.09.2022 23:00:08;332.775
ekstensometer (ny);02.09.2022 00:00:07;333.337
ekstensometer (ny);02.09.2022 01:00:07;333.337
ekstensometer (ny);02.09.2022 02:00:07;333.337
ekstensometer (ny);02.09.2022 03:00:08;333.900
ekstensometer (ny);02.09.2022 04:00:07;333.900
ekstensometer (ny);02.09.2022 05:00:07;333.900
ekstensometer (ny);02.09.2022 06:00:07;333.900
ekstensometer (ny);02.09.2022 07:00:07;333.900
ekstensometer (ny);02.09.2022 08:00:07;333.900
ekstensometer (ny);02.09.2022 09:00:07;333.900
ekstensometer (ny);02.09.2022 10:00:08;333.788
ekstensometer (ny);02.09.2022 11:00:07;333.788
ekstensometer (ny);02.09.2022 12:00:07;333.900
ekstensometer (ny);02.09.2022 13:00:07;333.900
ekstensometer (ny);02.09.2022 14:00:07;333.900
ekstensometer (ny);02.09.2022 15:00:07;333.900
ekstensometer (ny);02.09.2022 16:00:07;333.900
ekstensometer (ny);02.09.2022 17:00:08;333.900
ekstensometer (ny);02.09.2022 18:00:07;334.462
ekstensometer (ny);02.09.2022 19:00:07;334.462
ekstensometer (ny);02.09.2022 20:00:07;335.025
ekstensometer (ny);02.09.2022 21:00:07;335.587
ekstensometer (ny);02.09.2022 22:00:07;335.700
ekstensometer (ny);02.09.2022 23:00:07;335.700
ekstensometer (ny);03.09.2022 00:00:06;335.587
ekstensometer (ny);03.09.2022 01:00:07;335.587
ekstensometer (ny);03.09.2022 02:00:07;335.700
ekstensometer (ny);03.09.2022 03:00:07;335.700
ekstensometer (ny);03.09.2022 04:00:07;335.812
ekstensometer (ny);03.09.2022 05:00:08;336.263
ekstensometer (ny);03.09.2022 06:00:07;336.263
ekstensometer (ny);03.09.2022 07:00:07;336.263
ekstensometer (ny);03.09.2022 08:00:07;336.263
ekstensometer (ny);03.09.2022 09:00:07;336.263
ekstensometer (ny);03.09.2022 10:00:07;336.150
ekstensometer (ny);03.09.2022 11:00:07;336.150
ekstensometer (ny);03.09.2022 12:00:08;336.150
ekstensometer (ny);03.09.2022 13:00:07;336.150
ekstensometer (ny);03.09.2022 14:00:07;336.263
ekstensometer (ny);03.09.2022 15:00:07;336.263
ekstensometer (ny);03.09.2022 16:00:07;336.263
ekstensometer (ny);03.09.2022 17:00:07;336.263
ekstensometer (ny);03.09.2022 18:00:07;336.825
ekstensometer (ny);03.09.2022 19:00:08;336.825
ekstensometer (ny);03.09.2022 20:00:07;337.388
ekstensometer (ny);05.10.2022 11:37:14;433.125
ekstensometer (ny);05.10.2022 12:00:07;433.125
ekstensometer (ny);05.10.2022 13:00:07;433.125
ekstensometer (ny);05.10.2022 14:00:06;433.125
ekstensometer (ny);05.10.2022 15:00:07;433.125
ekstensometer (ny);05.10.2022 16:00:07;433.125
ekstensometer (ny);05.10.2022 17:00:07;433.125
ekstensometer (ny);05.10.2022 18:00:07;433.688
ekstensometer (ny);05.10.2022 19:00:08;433.688
ekstensometer (ny);05.10.2022 20:00:07;433.688
ekstensometer (ny);05.10.2022 21:00:07;434.250
ekstensometer (ny);05.10.2022 22:00:07;434.250
ekstensometer (ny);05.10.2022 23:00:07;434.812
ekstensometer (ny);06.10.2022 00:00:07;434.812
ekstensometer (ny);06.10.2022 01:00:07;434.812
ekstensometer (ny);06.10.2022 02:00:07;435.375
ekstensometer (ny);06.10.2022 03:00:07;435.375
ekstensometer (ny);06.10.2022 04:00:07;435.938
ekstensometer (ny);06.10.2022 05:00:07;435.938
ekstensometer (ny);06.10.2022 06:00:08;435.938
ekstensometer (ny);06.10.2022 07:00:07;435.938
ekstensometer (ny);06.10.2022 08:00:07;436.500
ekstensometer (ny);06.10.2022 09:00:07;436.500
ekstensometer (ny);06.10.2022 10:00:07;436.500
ekstensometer (ny);06.10.2022 11:00:07;436.500
ekstensometer (ny);06.10.2022 12:00:07;437.062
ekstensometer (ny);06.10.2022 13:00:07;437.737
ekstensometer (ny);06.10.2022 14:00:07;437.737
ekstensometer (ny);06.10.2022 15:00:07;438.300
ekstensometer (ny);06.10.2022 16:00:07;437.737
ekstensometer (ny);06.10.2022 17:00:07;438.300
ekstensometer (ny);06.10.2022 18:00:07;438.300
ekstensometer (ny);06.10.2022 19:00:06;438.862
ekstensometer (ny);06.10.2022 20:00:07;438.862
ekstensometer (ny);06.10.2022 21:00:07;439.538
ekstensometer (ny);06.10.2022 22:00:07;439.538
ekstensometer (ny);06.10.2022 23:00:07;439.538
ekstensometer (ny);07.10.2022 00:00:08;439.538
ekstensometer (ny);07.10.2022 01:00:07;439.538
ekstensometer (ny);07.10.2022 02:00:07;439.538
ekstensometer (ny);07.10.2022 03:00:07;440.100
ekstensometer (ny);07.10.2022 04:00:07;440.100
ekstensometer (ny);07.10.2022 05:00:07;440.663
ekstensometer (ny);07.10.2022 06:00:07;440.663
ekstensometer (ny);07.10.2022 07:00:08;441.225
ekstensometer (ny);07.10.2022 08:00:07;441.225
ekstensometer (ny);07.10.2022 09:00:07;441.788
ekstensometer (ny);07.10.2022 10:00:07;441.788
ekstensometer (ny);07.10.2022 11:00:07;442.350
ekstensometer (ny);07.10.2022 12:00:07;442.350
ekstensometer (ny);07.10.2022 13:00:07;442.913
ekstensometer (ny);07.10.2022 14:00:08;442.913
ekstensometer (ny);07.10.2022 15:00:07;443.475
ekstensometer (ny);07.10.2022 16:00:07;444.038
ekstensometer (ny);07.10.2022 17:00:07;444.600
ekstensometer (ny);07.10.2022 18:00:07;444.600
ekstensometer (ny);07.10.2022 19:00:07;444.600
ekstensometer (ny);07.10.2022 20:00:07;445.163
ekstensometer (ny);07.10.2022 21:00:08;445.163
ekstensometer (ny);07.10.2022 22:00:07;445.725
ekstensometer (ny);07.10.2022 23:00:07;446.400
ekstensometer (ny);08.10.2022 00:00:07;446.400
ekstensometer (ny);08.10.2022 01:00:07;446.962
ekstensometer (ny);08.10.2022 02:00:07;447.525
ekstensometer (ny);08.10.2022 03:00:07;447.525
ekstensometer (ny);08.10.2022 04:00:07;448.087
ekstensometer (ny);08.10.2022 05:00:07;448.087
ekstensometer (ny);08.10.2022 06:00:07;448.650
ekstensometer (ny);08.10.2022 07:00:07;448.650
ekstensometer (ny);08.10.2022 08:00:07;449.325
ekstensometer (ny);08.10.2022 09:00:08;449.888
ekstensometer (ny);08.10.2022 10:00:07;450.450
ekstensometer (ny);08.10.2022 11:00:07;450.450
ekstensometer (ny);08.10.2022 12:00:25;450.450
ekstensometer (ny);08.10.2022 13:00:07;450.337
ekstensometer (ny);08.10.2022 14:00:07;450.900
ekstensometer (ny);08.10.2022 15:00:07;450.900
ekstensometer (ny);08.10.2022 16:00:08;451.462
ekstensometer (ny);08.10.2022 17:00:07;451.462
ekstensometer (ny);08.10.2022 18:00:07;452.138
ekstensometer (ny);08.10.2022 19:00:07;452.138
ekstensometer (ny);08.10.2022 20:00:07;452.700
ekstensometer (ny);08.10.2022 21:00:07;452.700
ekstensometer (ny);08.10.2022 22:00:07;453.263
ekstensometer (ny);08.10.2022 23:00:07;453.263
ekstensometer (ny);09.10.2022 00:00:07;453.263
ekstensometer (ny);09.10.2022 01:00:07;453.263
ekstensometer (ny);09.10.2022 02:00:07;453.825
ekstensometer (ny);09.10.2022 03:00:07;453.825
ekstensometer (ny);09.10.2022 04:00:07;454.388
ekstensometer (ny);09.10.2022 05:00:07;454.500
ekstensometer (ny);09.10.2022 06:00:07;455.062
ekstensometer (ny);09.10.2022 07:00:08;455.062
ekstensometer (ny);09.10.2022 08:00:07;455.625
ekstensometer (ny);09.10.2022 09:00:07;455.625
ekstensometer (ny);09.10.2022 10:00:07;455.625
ekstensometer (ny);09.10.2022 11:00:07;456.188
ekstensometer (ny);09.10.2022 12:00:07;456.188
ekstensometer (ny);09.10.2022 13:00:07;456.750
ekstensometer (ny);09.10.2022 14:00:07;456.750
ekstensometer (ny);09.10.2022 15:00:07;456.750
ekstensometer (ny);09.10.2022 16:00:07;457.312
ekstensometer (ny);09.10.2022 17:00:07;457.312
ekstensometer (ny);09.10.2022 18:00:07;457.987
ekstensometer (ny);09.10.2022 19:00:07;458.550
ekstensometer (ny);09.10.2022 20:00:07;459.112
ekstensometer (ny);09.10.2022 21:00:07;459.112
ekstensometer (ny);09.10.2022 22:00:07;459.112
ekstensometer (ny);09.10.2022 23:00:07;459.675
ekstensometer (ny);10.10.2022 00:00:07;459.675
ekstensometer (ny);10.10.2022 01:00:07;460.237
ekstensometer (ny);10.10.2022 02:00:08;460.237
ekstensometer (ny);10.10.2022 03:00:07;460.800
ekstensometer (ny);10.10.2022 04:00:07;460.688
ekstensometer (ny);10.10.2022 05:00:07;460.688
ekstensometer (ny);10.10.2022 06:00:07;461.250
ekstensometer (ny);10.10.2022 07:00:07;461.362
ekstensometer (ny);10.10.2022 08:00:07;461.925
ekstensometer (ny);10.10.2022 09:00:08;462.487
ekstensometer (ny);10.10.2022 10:00:07;463.612
ekstensometer (ny);10.10.2022 11:00:07;463.612
ekstensometer (ny);10.10.2022 12:00:07;463.612
ekstensometer (ny);10.10.2022 12:28:21;463.612
ekstensometer (ny);10.10.2022 13:00:07;463.500
ekstensometer (ny);10.10.2022 14:00:07;463.500
ekstensometer (ny);10.10.2022 15:00:07;464.175
ekstensometer (ny);10.10.2022 16:00:07;464.737
ekstensometer (ny);10.10.2022 17:00:07;464.737
ekstensometer (ny);10.10.2022 18:00:07;465.413
ekstensometer (ny);10.10.2022 19:00:07;465.413
ekstensometer (ny);10.10.2022 20:00:07;466.538
ekstensometer (ny);10.10.2022 21:00:08;466.538
ekstensometer (ny);10.10.2022 22:00:07;466.538
ekstensometer (ny);10.10.2022 23:00:07;467.100
ekstensometer (ny);11.10.2022 00:00:07;467.100
ekstensometer (ny);11.10.2022 01:00:07;467.100
ekstensometer (ny);11.10.2022 02:00:07;467.663
ekstensometer (ny);11.10.2022 03:00:07;468.225
ekstensometer (ny);11.10.2022 04:00:07;468.225
ekstensometer (ny);11.10.2022 05:00:08;468.225
ekstensometer (ny);11.10.2022 06:00:06;468.788
ekstensometer (ny);11.10.2022 07:00:07;468.788
ekstensometer (ny);11.10.2022 08:00:07;468.788
ekstensometer (ny);11.10.2022 09:00:07;469.350
ekstensometer (ny);11.10.2022 10:00:07;469.350
ekstensometer (ny);11.10.2022 11:00:07;469.800
ekstensometer (ny);11.10.2022 12:00:08;469.800
ekstensometer (ny);11.10.2022 13:00:25;469.800
ekstensometer (ny);11.10.2022 14:00:07;470.250
ekstensometer (ny);11.10.2022 15:00:07;470.250
ekstensometer (ny);11.10.2022 16:00:08;470.362
ekstensometer (ny);11.10.2022 17:00:07;470.700
ekstensometer (ny);11.10.2022 18:00:07;470.925
ekstensometer (ny);11.10.2022 19:00:07;470.925
ekstensometer (ny);11.10.2022 20:00:07;470.925
ekstensometer (ny);11.10.2022 21:00:07;471.487
ekstensometer (ny);11.10.2022 22:00:07;471.487
ekstensometer (ny);11.10.2022 23:00:06;471.938
ekstensometer (ny);12.10.2022 00:00:07;471.938
ekstensometer (ny);12.10.2022 01:00:07;472.050
ekstensometer (ny);12.10.2022 02:00:07;472.612
ekstensometer (ny);12.10.2022 03:00:07;472.612
ekstensometer (ny);12.10.2022 04:00:07;473.175
ekstensometer (ny);12.10.2022 05:00:07;473.175
ekstensometer (ny);12.10.2022 06:00:07;473.737
ekstensometer (ny);12.10.2022 07:00:08;473.737
ekstensometer (ny);12.10.2022 08:00:06;473.737
ekstensometer (ny);12.10.2022 09:00:07;473.737
ekstensometer (ny);12.10.2022 10:00:07;473.737
ekstensometer (ny);12.10.2022 11:00:07;474.413
ekstensometer (ny);12.10.2022 11:30:33;474.413
ekstensometer (ny);12.10.2022 11:42:03;474.413
ekstensometer (ny);12.10.2022 12:00:07;474.413
ekstensometer (ny);12.10.2022 13:00:07;474.413
ekstensometer (ny);12.10.2022 14:00:06;474.975
ekstensometer (ny);12.10.2022 15:00:07;474.975
ekstensometer (ny);12.10.2022 16:00:07;475.538
ekstensometer (ny);12.10.2022 17:00:07;475.538
ekstensometer (ny);12.10.2022 18:00:07;476.100
ekstensometer (ny);12.10.2022 19:00:07;476.100
ekstensometer (ny);12.10.2022 20:00:07;476.100
ekstensometer (ny);12.10.2022 21:00:07;476.100
ekstensometer (ny);12.10.2022 22:00:07;476.663
ekstensometer (ny);12.10.2022 23:00:07;476.663
ekstensometer (ny);13.10.2022 00:00:07;476.663
ekstensometer (ny);13.10.2022 01:00:07;477.225
ekstensometer (ny);13.10.2022 02:00:08;477.225
ekstensometer (ny);13.10.2022 03:00:07;477.225
ekstensometer (ny);13.10.2022 04:00:07;477.225
ekstensometer (ny);13.10.2022 05:00:07;477.788
ekstensometer (ny);13.10.2022 06:00:07;477.788
ekstensometer (ny);13.10.2022 07:00:07;478.350
ekstensometer (ny);13.10.2022 08:00:07;478.350
ekstensometer (ny);13.10.2022 09:00:08;478.913
ekstensometer (ny);13.10.2022 10:00:07;478.913
ekstensometer (ny);13.10.2022 11:00:07;478.913
ekstensometer (ny);13.10.2022 12:00:07;478.913
ekstensometer (ny);13.10.2022 13:00:07;478.913
ekstensometer (ny);13.10.2022 14:00:07;478.913
ekstensometer (ny);13.10.2022 15:00:07;478.913
ekstensometer (ny);13.10.2022 16:00:08;479.475
ekstensometer (ny);13.10.2022 17:00:07;480.038
ekstensometer (ny);13.10.2022 18:00:07;480.038
ekstensometer (ny);13.10.2022 19:00:07;480.600
ekstensometer (ny);13.10.2022 20:00:07;480.600
ekstensometer (ny);13.10.2022 21:00:07;480.600
ekstensometer (ny);13.10.2022 22:00:07;481.163
ekstensometer (ny);13.10.2022 23:00:07;481.163
ekstensometer (ny);14.10.2022 00:00:07;481.163
ekstensometer (ny);14.10.2022 01:00:07;481.725
ekstensometer (ny);14.10.2022 02:00:07;481.725
ekstensometer (ny);14.10.2022 03:00:07;481.725
ekstensometer (ny);14.10.2022 04:00:08;482.288
ekstensometer (ny);14.10.2022 05:00:07;482.288
ekstensometer (ny);14.10.2022 06:00:06;482.288
ekstensometer (ny);14.10.2022 07:00:07;482.288
ekstensometer (ny);14.10.2022 08:00:07;482.288
ekstensometer (ny);14.10.2022 09:00:07;482.962
ekstensometer (ny);14.10.2022 10:00:07;482.962
ekstensometer (ny);14.10.2022 11:00:08;482.962
ekstensometer (ny);14.10.2022 12:00:07;482.962
ekstensometer (ny);14.10.2022 13:00:07;483.188
ekstensometer (ny);14.10.2022 14:00:25;483.525
ekstensometer (ny);14.10.2022 15:00:07;483.525
ekstensometer (ny);14.10.2022 16:00:07;484.087
ekstensometer (ny);14.10.2022 17:00:07;484.087
ekstensometer (ny);14.10.2022 18:00:07;484.087
ekstensometer (ny);14.10.2022 19:00:07;484.650
ekstensometer (ny);14.10.2022 20:00:07;484.650
ekstensometer (ny);14.10.2022 21:00:08;484.650
ekstensometer (ny);14.10.2022 22:00:07;485.325
ekstensometer (ny);14.10.2022 23:00:07;485.325
ekstensometer (ny);15.10.2022 00:00:07;485.888
ekstensometer (ny);15.10.2022 01:00:07;485.888
ekstensometer (ny);15.10.2022 02:00:07;485.888
ekstensometer (ny);15.10.2022 03:00:07;485.888
ekstensometer (ny);15.10.2022 04:00:07;486.562
ekstensometer (ny);15.10.2022 05:00:07;486.562
ekstensometer (ny);15.10.2022 06:00:08;487.125
ekstensometer (ny);15.10.2022 07:00:07;487.125
ekstensometer (ny);15.10.2022 08:00:07;487.125
ekstensometer (ny);15.10.2022 09:00:07;487.688
ekstensometer (ny);15.10.2022 10:00:07;487.688
ekstensometer (ny);15.10.2022 11:00:07;488.138
ekstensometer (ny);15.10.2022 12:00:07;488.025
ekstensometer (ny);15.10.2022 13:00:08;488.025
ekstensometer (ny);15.10.2022 14:00:07;488.700
ekstensometer (ny);15.10.2022 15:00:07;488.700
ekstensometer (ny);15.10.2022 16:00:07;488.812
ekstensometer (ny);15.10.2022 17:00:07;488.700
ekstensometer (ny);15.10.2022 18:00:07;489.938
ekstensometer (ny);15.10.2022 19:00:07;489.938
ekstensometer (ny);15.10.2022 20:00:08;489.938
ekstensometer (ny);15.10.2022 21:00:07;489.938
ekstensometer (ny);15.10.2022 22:00:07;489.938
ekstensometer (ny);15.10.2022 23:00:07;489.938
ekstensometer (ny);16.10.2022 00:00:07;490.500
ekstensometer (ny);16.10.2022 01:00:07;490.500
ekstensometer (ny);16.10.2022 02:00:07;491.062
ekstensometer (ny);16.10.2022 03:00:07;491.062
ekstensometer (ny);16.10.2022 04:00:07;491.062
ekstensometer (ny);16.10.2022 05:00:07;491.062
ekstensometer (ny);16.10.2022 06:00:07;491.625
ekstensometer (ny);16.10.2022 07:00:08;491.625
ekstensometer (ny);16.10.2022 08:00:06;492.300
ekstensometer (ny);16.10.2022 09:00:07;492.300
ekstensometer (ny);16.10.2022 10:00:07;492.300
ekstensometer (ny);16.10.2022 11:00:07;492.862
ekstensometer (ny);16.10.2022 12:00:07;492.862
ekstensometer (ny);16.10.2022 13:00:07;492.862
ekstensometer (ny);16.10.2022 14:00:08;492.862
ekstensometer (ny);16.10.2022 15:00:07;493.425
ekstensometer (ny);16.10.2022 16:00:07;493.425
ekstensometer (ny);16.10.2022 17:00:07;494.100
ekstensometer (ny);16.10.2022 18:00:07;494.100
ekstensometer (ny);16.10.2022 19:00:07;494.663
ekstensometer (ny);16.10.2022 20:00:07;494.663
ekstensometer (ny);16.10.2022 21:00:07;495.225
ekstensometer (ny);16.10.2022 22:00:07;495.788
ekstensometer (ny);16.10.2022 23:00:07;495.788
ekstensometer (ny);17.10.2022 00:00:07;495.788
ekstensometer (ny);17.10.2022 01:00:07;496.350
ekstensometer (ny);17.10.2022 02:00:07;496.350
ekstensometer (ny);17.10.2022 03:00:07;496.350
ekstensometer (ny);17.10.2022 04:00:07;496.350
ekstensometer (ny);17.10.2022 05:00:08;496.350
ekstensometer (ny);17.10.2022 06:00:07;496.350
ekstensometer (ny);17.10.2022 07:00:07;496.913
ekstensometer (ny);17.10.2022 08:00:07;496.913
ekstensometer (ny);17.10.2022 09:00:07;496.913
ekstensometer (ny);17.10.2022 10:00:07;496.913
ekstensometer (ny);17.10.2022 11:00:07;496.913
ekstensometer (ny);17.10.2022 12:00:08;497.475
ekstensometer (ny);17.10.2022 13:00:07;498.038
ekstensometer (ny);17.10.2022 14:00:07;498.038
ekstensometer (ny);17.10.2022 15:00:26;498.600
ekstensometer (ny);17.10.2022 16:00:07;498.600
ekstensometer (ny);17.10.2022 17:00:07;498.600
ekstensometer (ny);17.10.2022 18:00:07;499.163
ekstensometer (ny);17.10.2022 19:00:07;499.163
ekstensometer (ny);17.10.2022 20:00:07;499.163
ekstensometer (ny);17.10.2022 21:00:07;499.725
ekstensometer (ny);17.10.2022 22:00:07;499.725
ekstensometer (ny);17.10.2022 23:00:07;500.288
ekstensometer (ny);18.10.2022 00:00:07;500.288
ekstensometer (ny);18.10.2022 01:00:07;500.288
ekstensometer (ny);18.10.2022 02:00:06;500.850
ekstensometer (ny);18.10.2022 03:00:07;500.850
ekstensometer (ny);18.10.2022 04:00:07;500.850
ekstensometer (ny);18.10.2022 05:00:07;500.850
ekstensometer (ny);18.10.2022 06:00:07;501.413
ekstensometer (ny);18.10.2022 07:00:07;501.525
ekstensometer (ny);18.10.2022 08:00:07;502.087
ekstensometer (ny);18.10.2022 09:00:06;502.087
ekstensometer (ny);18.10.2022 10:00:07;502.087
ekstensometer (ny);18.10.2022 11:00:07;502.087
ekstensometer (ny);18.10.2022 12:00:07;502.538
ekstensometer (ny);18.10.2022 13:00:07;502.650
ekstensometer (ny);18.10.2022 14:00:07;502.650
ekstensometer (ny);18.10.2022 15:00:06;503.212
ekstensometer (ny);18.10.2022 16:00:07;503.212
ekstensometer (ny);18.10.2022 17:00:07;503.775
ekstensometer (ny);18.10.2022 18:00:07;503.888
ekstensometer (ny);18.10.2022 19:00:07;503.888
ekstensometer (ny);18.10.2022 20:00:08;504.450
ekstensometer (ny);18.10.2022 21:00:07;504.450
ekstensometer (ny);18.10.2022 22:00:07;505.125
ekstensometer (ny);18.10.2022 23:00:07;505.125
ekstensometer (ny);19.10.2022 00:00:07;505.125
ekstensometer (ny);19.10.2022 01:00:07;505.688
ekstensometer (ny);19.10.2022 02:00:07;505.688
ekstensometer (ny);19.10.2022 03:00:07;505.688
ekstensometer (ny);19.10.2022 04:00:08;506.250
ekstensometer (ny);19.10.2022 05:00:07;506.250
ekstensometer (ny);19.10.2022 06:00:07;506.250
ekstensometer (ny);19.10.2022 07:00:07;506.812
ekstensometer (ny);19.10.2022 08:00:07;506.812
ekstensometer (ny);19.10.2022 09:00:07;506.812
ekstensometer (ny);19.10.2022 10:00:07;507.375
ekstensometer (ny);19.10.2022 11:00:06;507.375
ekstensometer (ny);19.10.2022 12:00:07;507.263
ekstensometer (ny);19.10.2022 13:00:07;507.938
ekstensometer (ny);19.10.2022 14:00:07;508.500
ekstensometer (ny);19.10.2022 15:00:08;508.500
ekstensometer (ny);19.10.2022 16:00:07;508.388
ekstensometer (ny);19.10.2022 17:00:07;509.062
ekstensometer (ny);19.10.2022 18:00:07;509.062
ekstensometer (ny);19.10.2022 19:00:07;509.625
ekstensometer (ny);19.10.2022 20:00:07;509.625
ekstensometer (ny);19.10.2022 21:00:07;510.188
ekstensometer (ny);19.10.2022 22:00:08;510.188
ekstensometer (ny);19.10.2022 23:00:07;510.862
ekstensometer (ny);20.10.2022 00:00:06;510.862
ekstensometer (ny);20.10.2022 01:00:07;510.862
ekstensometer (ny);20.10.2022 02:00:07;510.862
ekstensometer (ny);20.10.2022 03:00:07;511.538
ekstensometer (ny);20.10.2022 04:00:07;511.538
ekstensometer (ny);20.10.2022 05:00:07;511.538
ekstensometer (ny);20.10.2022 06:00:08;511.538
ekstensometer (ny);20.10.2022 07:00:07;512.100
ekstensometer (ny);20.10.2022 08:00:07;512.100
ekstensometer (ny);20.10.2022 09:00:07;512.662
ekstensometer (ny);20.10.2022 10:00:07;512.662
ekstensometer (ny);20.10.2022 20:00:26;516.600
ekstensometer (ny);20.10.2022 21:00:07;516.600
ekstensometer (ny);20.10.2022 22:00:08;516.600
ekstensometer (ny);20.10.2022 23:00:07;516.600
ekstensometer (ny);21.10.2022 00:00:07;517.050
ekstensometer (ny);21.10.2022 01:00:07;517.162
ekstensometer (ny);21.10.2022 02:00:07;517.162
ekstensometer (ny);21.10.2022 03:00:07;517.162
ekstensometer (ny);21.10.2022 04:00:07;517.162
ekstensometer (ny);21.10.2022 05:00:08;517.725
ekstensometer (ny);21.10.2022 06:00:07;517.725
ekstensometer (ny);21.10.2022 07:00:07;517.725
ekstensometer (ny);21.10.2022 08:00:07;517.725
ekstensometer (ny);21.10.2022 09:00:07;517.725
ekstensometer (ny);21.10.2022 10:00:07;517.725
ekstensometer (ny);21.10.2022 11:00:07;517.725
ekstensometer (ny);21.10.2022 12:00:08;517.725
ekstensometer (ny);21.10.2022 13:00:06;518.287
ekstensometer (ny);21.10.2022 14:00:07;518.287
ekstensometer (ny);21.10.2022 15:00:07;518.287
ekstensometer (ny);21.10.2022 16:00:07;518.850
ekstensometer (ny);21.10.2022 17:00:07;518.850
ekstensometer (ny);21.10.2022 18:00:07;518.850
ekstensometer (ny);21.10.2022 19:00:08;518.850
ekstensometer (ny);21.10.2022 20:00:07;519.412
ekstensometer (ny);21.10.2022 21:00:07;519.412
ekstensometer (ny);21.10.2022 22:00:07;519.412
ekstensometer (ny);21.10.2022 23:00:07;520.088
ekstensometer (ny);22.10.2022 00:00:07;519.975
ekstensometer (ny);22.10.2022 01:00:07;520.088
ekstensometer (ny);22.10.2022 02:00:07;520.088
ekstensometer (ny);22.10.2022 03:00:07;520.650
ekstensometer (ny);22.10.2022 04:00:07;520.650
ekstensometer (ny);22.10.2022 05:00:07;520.650
ekstensometer (ny);22.10.2022 06:00:07;521.213
ekstensometer (ny);22.10.2022 07:00:08;521.213
ekstensometer (ny);22.10.2022 08:00:07;521.325
ekstensometer (ny);22.10.2022 09:00:07;521.213
ekstensometer (ny);22.10.2022 10:00:07;521.213
ekstensometer (ny);22.10.2022 11:00:07;521.888
ekstensometer (ny);22.10.2022 12:00:07;521.888
ekstensometer (ny);22.10.2022 13:00:07;521.888
ekstensometer (ny);22.10.2022 14:00:08;521.888
ekstensometer (ny);22.10.2022 15:00:06;522.450
ekstensometer (ny);22.10.2022 16:00:07;522.338
ekstensometer (ny);22.10.2022 17:00:07;523.013
ekstensometer (ny);22.10.2022 18:00:07;523.013
ekstensometer (ny);22.10.2022 19:00:07;523.013
ekstensometer (ny);22.10.2022 20:00:07;523.688
ekstensometer (ny);22.10.2022 21:00:08;523.688
ekstensometer (ny);22.10.2022 22:00:07;523.688
ekstensometer (ny);22.10.2022 23:00:07;524.250
ekstensometer (ny);23.10.2022 00:00:07;524.250
ekstensometer (ny);23.10.2022 01:00:07;524.250
ekstensometer (ny);23.10.2022 02:00:07;524.250
ekstensometer (ny);23.10.2022 03:00:07;524.250
ekstensometer (ny);23.10.2022 04:00:07;524.250
ekstensometer (ny);23.10.2022 05:00:07;524.812
ekstensometer (ny);23.10.2022 06:00:07;524.700
ekstensometer (ny);23.10.2022 07:00:07;524.812
ekstensometer (ny);23.10.2022 08:00:07;524.812
ekstensometer (ny);23.10.2022 09:00:08;524.812
ekstensometer (ny);23.10.2022 10:00:07;524.812
ekstensometer (ny);23.10.2022 11:00:06;524.812
ekstensometer (ny);23.10.2022 12:00:07;524.812
ekstensometer (ny);23.10.2022 13:00:07;524.812
ekstensometer (ny);23.10.2022 14:00:07;525.375
ekstensometer (ny);23.10.2022 15:00:07;525.375
ekstensometer (ny);23.10.2022 16:00:08;525.375
ekstensometer (ny);23.10.2022 17:00:07;525.375
ekstensometer (ny);23.10.2022 18:00:07;525.375
ekstensometer (ny);23.10.2022 19:00:07;525.938
ekstensometer (ny);23.10.2022 20:00:07;525.938
ekstensometer (ny);23.10.2022 21:00:25;525.938
ekstensometer (ny);23.10.2022 22:00:07;526.500
ekstensometer (ny);23.10.2022 23:00:07;526.500
ekstensometer (ny);24.10.2022 00:00:07;527.062
ekstensometer (ny);24.10.2022 01:00:06;527.062
ekstensometer (ny);24.10.2022 02:00:07;527.062
ekstensometer (ny);24.10.2022 03:00:07;527.062
ekstensometer (ny);24.10.2022 04:00:07;527.062
ekstensometer (ny);24.10.2022 05:00:07;527.400
ekstensometer (ny);24.10.2022 06:00:07;527.625
ekstensometer (ny);24.10.2022 07:00:08;527.625
ekstensometer (ny);24.10.2022 08:00:07;527.625
ekstensometer (ny);24.10.2022 09:00:07;527.625
ekstensometer (ny);24.10.2022 10:00:07;528.188
ekstensometer (ny);24.10.2022 11:00:07;528.188
ekstensometer (ny);24.10.2022 12:00:07;528.188
ekstensometer (ny);24.10.2022 13:00:07;528.188
ekstensometer (ny);24.10.2022 14:00:07;528.188
ekstensometer (ny);24.10.2022 15:00:07;528.188
ekstensometer (ny);24.10.2022 16:00:07;528.750
ekstensometer (ny);24.10.2022 17:00:07;528.750
ekstensometer (ny);24.10.2022 18:00:08;528.750
ekstensometer (ny);24.10.2022 19:00:07;529.312
ekstensometer (ny);24.10.2022 20:00:07;529.312
ekstensometer (ny);24.10.2022 21:00:07;529.312
ekstensometer (ny);24.10.2022 22:00:07;529.987
ekstensometer (ny);24.10.2022 23:00:07;529.987
ekstensometer (ny);25.10.2022 00:00:07;529.987
ekstensometer (ny);25.10.2022 01:00:07;529.987
ekstensometer (ny);25.10.2022 02:00:08;530.550
ekstensometer (ny);25.10.2022 03:00:07;530.550
ekstensometer (ny);25.10.2022 04:00:07;530.550
ekstensometer (ny);25.10.2022 05:00:07;530.550
ekstensometer (ny);25.10.2022 06:00:07;530.550
ekstensometer (ny);25.10.2022 07:00:07;530.550
ekstensometer (ny);25.10.2022 08:00:07;530.550
ekstensometer (ny);25.10.2022 09:00:08;530.550
ekstensometer (ny);25.10.2022 10:00:06;530.550
ekstensometer (ny);25.10.2022 11:00:07;530.550
ekstensometer (ny);25.10.2022 12:00:07;531.112
ekstensometer (ny);25.10.2022 13:00:07;531.112
ekstensometer (ny);25.10.2022 14:00:07;531.112
ekstensometer (ny);25.10.2022 15:00:07;531.112
ekstensometer (ny);25.10.2022 16:00:08;531.787
ekstensometer (ny);25.10.2022 17:00:07;531.787
ekstensometer (ny);25.10.2022 18:00:07;531.787
ekstensometer (ny);25.10.2022 19:00:07;532.350
ekstensometer (ny);25.10.2022 20:00:07;532.350
ekstensometer (ny);25.10.2022 21:00:07;532.350
ekstensometer (ny);25.10.2022 22:00:07;532.350
ekstensometer (ny);25.10.2022 23:00:06;532.688
ekstensometer (ny);26.10.2022 00:00:07;532.350
ekstensometer (ny);26.10.2022 01:00:07;532.350
ekstensometer (ny);26.10.2022 02:00:07;532.350
ekstensometer (ny);26.10.2022 03:00:07;532.912
ekstensometer (ny);26.10.2022 04:00:07;532.912
ekstensometer (ny);26.10.2022 05:00:07;532.912
ekstensometer (ny);26.10.2022 06:00:07;532.912
ekstensometer (ny);26.10.2022 07:00:07;533.138
ekstensometer (ny);26.10.2022 08:00:07;533.475
ekstensometer (ny);26.10.2022 09:00:07;533.475
ekstensometer (ny);26.10.2022 10:00:07;533.475
ekstensometer (ny);26.10.2022 11:00:08;533.475
ekstensometer (ny);26.10.2022 12:00:07;533.475
ekstensometer (ny);26.10.2022 13:00:07;534.037
ekstensometer (ny);26.10.2022 14:00:07;534.037
ekstensometer (ny);26.10.2022 15:00:07;533.925
ekstensometer (ny);26.10.2022 16:00:07;534.487
ekstensometer (ny);26.10.2022 17:00:07;534.600
ekstensometer (ny);26.10.2022 18:00:08;534.487
ekstensometer (ny);26.10.2022 19:00:07;534.487
ekstensometer (ny);26.10.2022 20:00:07;535.050
ekstensometer (ny);26.10.2022 21:00:07;534.938
ekstensometer (ny);27.10.2022 01:00:26;535.050
ekstensometer (ny);27.10.2022 02:00:07;535.725
ekstensometer (ny);27.10.2022 03:00:08;535.612
ekstensometer (ny);27.10.2022 04:00:07;536.287
ekstensometer (ny);27.10.2022 05:00:07;536.287
ekstensometer (ny);27.10.2022 06:00:07;536.175
ekstensometer (ny);27.10.2022 07:00:38;536.737
ekstensometer (ny);27.10.2022 08:00:07;536.287
ekstensometer (ny);27.10.2022 09:00:07;536.737
ekstensometer (ny);27.10.2022 10:00:07;536.737
ekstensometer (ny);27.10.2022 11:00:08;536.737
ekstensometer (ny);27.10.2022 12:00:06;536.737
ekstensometer (ny);27.10.2022 13:00:07;536.850
ekstensometer (ny);27.10.2022 14:00:07;537.300
ekstensometer (ny);27.10.2022 15:00:07;537.412
ekstensometer (ny);27.10.2022 16:00:07;537.412
ekstensometer (ny);27.10.2022 17:00:07;537.412
ekstensometer (ny);27.10.2022 18:00:08;537.975
ekstensometer (ny);27.10.2022 19:00:07;537.975
ekstensometer (ny);27.10.2022 20:00:07;537.975
ekstensometer (ny);27.10.2022 21:00:07;537.975
ekstensometer (ny);27.10.2022 22:00:07;537.975
ekstensometer (ny);27.10.2022 23:00:07;537.975
ekstensometer (ny);28.10.2022 00:00:07;537.975
ekstensometer (ny);28.10.2022 01:00:07;537.975
ekstensometer (ny);28.10.2022 02:00:07;537.862
ekstensometer (ny);28.10.2022 03:00:07;537.975
ekstensometer (ny);28.10.2022 04:00:07;538.537
ekstensometer (ny);28.10.2022 05:00:08;538.537
ekstensometer (ny);28.10.2022 06:00:07;538.537
ekstensometer (ny);28.10.2022 07:00:07;538.537
ekstensometer (ny);28.10.2022 08:00:07;538.537
ekstensometer (ny);28.10.2022 09:00:07;538.537
ekstensometer (ny);28.10.2022 10:00:07;538.537
ekstensometer (ny);28.10.2022 11:00:07;539.100
ekstensometer (ny);28.10.2022 12:00:07;539.100
ekstensometer (ny);28.10.2022 13:00:07;539.100
ekstensometer (ny);28.10.2022 14:00:07;539.100
ekstensometer (ny);28.10.2022 15:00:07;539.662
ekstensometer (ny);28.10.2022 16:00:07;539.662
ekstensometer (ny);28.10.2022 17:00:07;539.662
ekstensometer (ny);28.10.2022 18:00:07;540.225
ekstensometer (ny);28.10.2022 19:00:07;540.338
ekstensometer (ny);28.10.2022 20:00:07;540.338
ekstensometer (ny);28.10.2022 21:00:07;540.900
ekstensometer (ny);28.10.2022 22:00:07;541.463
ekstensometer (ny);28.10.2022 23:00:08;542.025
ekstensometer (ny);29.10.2022 00:00:07;543.713
ekstensometer (ny);29.10.2022 01:00:07;542.025
ekstensometer (ny);29.10.2022 02:00:07;542.025
ekstensometer (ny);29.10.2022 03:00:07;542.025
ekstensometer (ny);29.10.2022 04:00:07;542.588
ekstensometer (ny);29.10.2022 05:00:07;542.588
ekstensometer (ny);29.10.2022 06:00:07;543.150
ekstensometer (ny);29.10.2022 07:00:07;542.588
ekstensometer (ny);29.10.2022 08:00:07;542.588
ekstensometer (ny);29.10.2022 09:00:07;542.588
ekstensometer (ny);29.10.2022 10:00:08;543.150
ekstensometer (ny);29.10.2022 11:00:07;543.150
ekstensometer (ny);29.10.2022 12:00:07;543.150
ekstensometer (ny);29.10.2022 13:00:07;543.713
ekstensometer (ny);29.10.2022 14:00:07;543.713
ekstensometer (ny);29.10.2022 15:00:07;543.713
ekstensometer (ny);29.10.2022 16:00:07;543.713
ekstensometer (ny);29.10.2022 17:00:08;543.713
ekstensometer (ny);29.10.2022 18:00:07;543.713
ekstensometer (ny);29.10.2022 19:00:07;543.713
ekstensometer (ny);29.10.2022 20:00:07;543.713
ekstensometer (ny);29.10.2022 21:00:07;544.275
ekstensometer (ny);29.10.2022 22:00:07;544.275
ekstensometer (ny);29.10.2022 23:00:07;544.275
ekstensometer (ny);30.10.2022 00:00:08;544.275
ekstensometer (ny);30.10.2022 01:00:07;544.838
ekstensometer (ny);30.10.2022 02:00:07;544.838
ekstensometer (ny);30.10.2022 03:00:07;544.838
ekstensometer (ny);30.10.2022 04:00:07;544.838
ekstensometer (ny);30.10.2022 05:00:07;545.400
ekstensometer (ny);30.10.2022 06:00:07;545.963
ekstensometer (ny);30.10.2022 07:00:07;545.963
ekstensometer (ny);30.10.2022 19:00:43;547.088
ekstensometer (ny);03.11.2022 11:00:07;566.213
ekstensometer (ny);03.11.2022 12:00:07;566.888
ekstensometer (ny);03.11.2022 13:00:07;566.888
ekstensometer (ny);03.11.2022 14:00:07;567.562
ekstensometer (ny);03.11.2022 15:00:08;567.562
ekstensometer (ny);03.11.2022 16:00:07;568.125
ekstensometer (ny);03.11.2022 17:00:07;568.125
ekstensometer (ny);03.11.2022 18:00:07;568.688
ekstensometer (ny);03.11.2022 19:00:07;568.688
ekstensometer (ny);03.11.2022 20:00:07;569.250
ekstensometer (ny);03.11.2022 21:00:07;569.925
ekstensometer (ny);03.11.2022 22:00:08;569.925
ekstensometer (ny);03.11.2022 23:00:07;570.487
ekstensometer (ny);04.11.2022 00:00:07;571.050
ekstensometer (ny);04.11.2022 01:00:07;571.050
ekstensometer (ny);04.11.2022 02:00:07;571.162
ekstensometer (ny);04.11.2022 03:00:07;571.050
ekstensometer (ny);04.11.2022 04:00:07;571.612
ekstensometer (ny);04.11.2022 05:00:08;572.175
ekstensometer (ny);04.11.2022 06:00:07;572.175
ekstensometer (ny);04.11.2022 07:00:07;572.175
ekstensometer (ny);04.11.2022 08:00:07;572.850
ekstensometer (ny);04.11.2022 09:00:07;573.412
ekstensometer (ny);04.11.2022 10:00:07;573.412
ekstensometer (ny);04.11.2022 11:00:07;573.975
ekstensometer (ny);04.11.2022 12:00:08;573.975
ekstensometer (ny);04.11.2022 13:00:06;574.537
ekstensometer (ny);04.11.2022 14:00:07;574.537
ekstensometer (ny);04.11.2022 15:00:07;575.100
ekstensometer (ny);04.11.2022 16:00:07;575.662
ekstensometer (ny);04.11.2022 17:00:07;575.775
ekstensometer (ny);04.11.2022 18:00:07;576.338
ekstensometer (ny);04.11.2022 19:00:06;576.338
ekstensometer (ny);04.11.2022 20:00:07;576.900
ekstensometer (ny);04.11.2022 21:00:07;576.900
ekstensometer (ny);04.11.2022 22:00:07;577.463
ekstensometer (ny);04.11.2022 23:00:07;578.138
ekstensometer (ny);05.11.2022 00:00:07;578.025
ekstensometer (ny);05.11.2022 01:00:07;578.700
ekstensometer (ny);05.11.2022 02:00:07;579.263
ekstensometer (ny);05.11.2022 03:00:07;579.263
ekstensometer (ny);05.11.2022 04:00:07;579.825
ekstensometer (ny);05.11.2022 05:00:07;580.388
ekstensometer (ny);05.11.2022 06:00:07;580.388
ekstensometer (ny);05.11.2022 07:00:08;580.950
ekstensometer (ny);05.11.2022 08:00:07;581.513
ekstensometer (ny);05.11.2022 09:00:07;582.075
ekstensometer (ny);05.11.2022 10:00:07;582.638
ekstensometer (ny);05.11.2022 11:00:07;582.638
ekstensometer (ny);05.11.2022 12:00:07;583.200
ekstensometer (ny);05.11.2022 13:00:07;583.875
ekstensometer (ny);05.11.2022 14:00:08;584.438
ekstensometer (ny);05.11.2022 15:00:07;585.000
ekstensometer (ny);05.11.2022 16:00:07;585.562
ekstensometer (ny);05.11.2022 17:00:07;586.125
ekstensometer (ny);05.11.2022 18:00:07;586.688
ekstensometer (ny);05.11.2022 19:00:07;587.250
ekstensometer (ny);05.11.2022 20:00:07;587.925
ekstensometer (ny);05.11.2022 21:00:08;588.487
ekstensometer (ny);05.11.2022 22:00:07;589.050
ekstensometer (ny);05.11.2022 23:00:07;589.612
ekstensometer (ny);06.11.2022 00:00:07;590.062
ekstensometer (ny);06.11.2022 01:00:07;590.625
ekstensometer (ny);06.11.2022 02:00:07;591.188
ekstensometer (ny);06.11.2022 03:00:07;591.750
ekstensometer (ny);06.11.2022 04:00:07;592.312
ekstensometer (ny);06.11.2022 05:00:07;592.875
ekstensometer (ny);06.11.2022 06:00:07;593.438
ekstensometer (ny);06.11.2022 07:00:07;594.112
ekstensometer (ny);06.11.2022 08:00:07;594.787
ekstensometer (ny);06.11.2022 09:00:08;595.350
ekstensometer (ny);06.11.2022 10:00:07;595.350
ekstensometer (ny);06.11.2022 11:00:25;595.912
ekstensometer (ny);06.11.2022 12:00:07;596.475
ekstensometer (ny);06.11.2022 13:00:07;597.713
ekstensometer (ny);06.11.2022 14:00:07;597.713
ekstensometer (ny);06.11.2022 15:00:07;598.388
ekstensometer (ny);06.11.2022 16:00:08;598.725
ekstensometer (ny);06.11.2022 17:00:06;599.287
ekstensometer (ny);06.11.2022 18:00:07;600.525
ekstensometer (ny);06.11.2022 19:00:07;601.088
ekstensometer (ny);06.11.2022 20:00:07;601.650
ekstensometer (ny);06.11.2022 21:00:07;602.213
ekstensometer (ny);06.11.2022 22:00:07;603.338
ekstensometer (ny);06.11.2022 23:00:08;604.013
ekstensometer (ny);07.11.2022 00:00:07;604.463
ekstensometer (ny);07.11.2022 01:00:07;605.138
ekstensometer (ny);07.11.2022 02:00:07;605.700
ekstensometer (ny);07.11.2022 03:00:07;606.263
ekstensometer (ny);07.11.2022 04:00:07;606.938
ekstensometer (ny);07.11.2022 05:00:07;607.388
ekstensometer (ny);07.11.2022 06:00:08;607.950
ekstensometer (ny);07.11.2022 07:00:07;609.075
ekstensometer (ny);07.11.2022 08:00:07;609.638
ekstensometer (ny);07.11.2022 09:00:07;609.638
ekstensometer (ny);07.11.2022 10:00:07;610.200
ekstensometer (ny);07.11.2022 11:00:07;611.325
ekstensometer (ny);07.11.2022 12:00:07;611.325
ekstensometer (ny);07.11.2022 13:00:08;612.562
ekstensometer (ny);07.11.2022 14:00:07;612.562
ekstensometer (ny);07.11.2022 15:00:07;613.688
ekstensometer (ny);07.11.2022 16:00:07;614.250
ekstensometer (ny);07.11.2022 17:00:07;614.250
ekstensometer (ny);07.11.2022 18:00:07;614.812
ekstensometer (ny);07.11.2022 19:00:07;615.487
ekstensometer (ny);07.11.2022 20:00:08;616.050
ekstensometer (ny);07.11.2022 21:00:07;616.612
ekstensometer (ny);07.11.2022 22:00:07;617.175
ekstensometer (ny);07.11.2022 23:00:07;617.737
ekstensometer (ny);08.11.2022 00:00:07;618.188
ekstensometer (ny);08.11.2022 01:00:07;618.862
ekstensometer (ny);08.11.2022 02:00:07;619.425
ekstensometer (ny);08.11.2022 03:00:07;619.987
ekstensometer (ny);08.11.2022 04:00:07;619.987
ekstensometer (ny);08.11.2022 05:00:07;620.550
ekstensometer (ny);08.11.2022 06:00:07;621.112
ekstensometer (ny);08.11.2022 07:00:07;621.787
ekstensometer (ny);08.11.2022 08:00:08;622.350
ekstensometer (ny);08.11.2022 09:00:08;622.912
ekstensometer (ny);08.11.2022 10:00:07;622.912
ekstensometer (ny);08.11.2022 11:00:07;623.475
ekstensometer (ny);08.11.2022 12:00:07;624.037
ekstensometer (ny);08.11.2022 13:00:07;624.037
ekstensometer (ny);08.11.2022 14:00:07;624.600
ekstensometer (ny);08.11.2022 15:00:08;625.162
ekstensometer (ny);08.11.2022 16:00:07;625.725
ekstensometer (ny);08.11.2022 17:00:07;625.725
ekstensometer (ny);08.11.2022 18:00:07;626.287
ekstensometer (ny);08.11.2022 19:00:07;626.850
ekstensometer (ny);08.11.2022 20:00:07;627.300
ekstensometer (ny);08.11.2022 21:00:07;628.312
ekstensometer (ny);08.11.2022 22:00:08;628.425
ekstensometer (ny);08.11.2022 23:00:06;628.987
ekstensometer (ny);09.11.2022 00:00:07;629.550
ekstensometer (ny);09.11.2022 01:00:07;630.112
ekstensometer (ny);09.11.2022 02:00:07;630.225
ekstensometer (ny);09.11.2022 03:00:07;630.787
ekstensometer (ny);09.11.2022 04:00:07;631.350
ekstensometer (ny);09.11.2022 05:00:07;631.912
ekstensometer (ny);09.11.2022 06:00:06;631.912
ekstensometer (ny);09.11.2022 07:00:07;632.475
ekstensometer (ny);09.11.2022 08:00:07;633.037
ekstensometer (ny);09.11.2022 09:00:08;633.600
ekstensometer (ny);09.11.2022 10:00:07;633.600
ekstensometer (ny);09.11.2022 11:00:08;634.275
ekstensometer (ny);09.11.2022 12:00:26;634.725
ekstensometer (ny);09.11.2022 13:00:07;635.287
ekstensometer (ny);09.11.2022 14:00:07;635.850
ekstensometer (ny);09.11.2022 15:00:07;636.412
ekstensometer (ny);09.11.2022 16:00:07;636.412
ekstensometer (ny);09.11.2022 17:00:07;636.975
ekstensometer (ny);09.11.2022 18:00:06;637.537
ekstensometer (ny);09.11.2022 19:00:07;638.100
ekstensometer (ny);09.11.2022 20:00:07;638.100
ekstensometer (ny);09.11.2022 21:00:07;638.662
ekstensometer (ny);09.11.2022 22:00:07;638.662
ekstensometer (ny);09.11.2022 23:00:07;639.225
ekstensometer (ny);10.11.2022 00:00:07;639.225
ekstensometer (ny);10.11.2022 01:00:07;639.787
ekstensometer (ny);10.11.2022 02:00:08;641.025
ekstensometer (ny);10.11.2022 03:00:07;641.025
ekstensometer (ny);10.11.2022 04:00:07;641.588
ekstensometer (ny);10.11.2022 05:00:07;642.150
ekstensometer (ny);10.11.2022 06:00:07;642.150
ekstensometer (ny);10.11.2022 07:00:07;642.150
ekstensometer (ny);10.11.2022 08:00:07;642.713
ekstensometer (ny);10.11.2022 09:00:08;642.713
ekstensometer (ny);10.11.2022 10:00:07;643.388
ekstensometer (ny);10.11.2022 11:00:07;643.950
ekstensometer (ny);10.11.2022 12:00:07;643.950
ekstensometer (ny);10.11.2022 13:00:07;644.400
ekstensometer (ny);10.11.2022 14:00:07;644.400
ekstensometer (ny);10.11.2022 15:00:07;644.963
ekstensometer (ny);10.11.2022 16:00:06;645.525
ekstensometer (ny);10.11.2022 17:00:07;645.525
ekstensometer (ny);10.11.2022 18:00:07;646.200
ekstensometer (ny);10.11.2022 19:00:07;646.763
ekstensometer (ny);10.11.2022 20:00:07;646.650
ekstensometer (ny);10.11.2022 21:00:07;647.325
ekstensometer (ny);10.11.2022 22:00:07;647.888
ekstensometer (ny);10.11.2022 23:00:06;647.888
ekstensometer (ny);11.11.2022 00:00:07;647.888
ekstensometer (ny);11.11.2022 01:00:07;648.450
ekstensometer (ny);11.11.2022 02:00:07;649.125
ekstensometer (ny);11.11.2022 03:00:07;649.688
ekstensometer (ny);11.11.2022 04:00:07;649.688
ekstensometer (ny);11.11.2022 05:00:08;650.250
ekstensometer (ny);11.11.2022 06:00:07;650.812
ekstensometer (ny);11.11.2022 07:00:07;650.812
ekstensometer (ny);11.11.2022 08:00:07;651.375
ekstensometer (ny);11.11.2022 09:00:07;651.938
ekstensometer (ny);11.11.2022 10:00:07;652.612
ekstensometer (ny);11.11.2022 11:00:07;653.175
ekstensometer (ny);11.11.2022 12:00:08;653.062
ekstensometer (ny);11.11.2022 13:00:07;653.625
ekstensometer (ny);11.11.2022 14:00:07;654.300
ekstensometer (ny);11.11.2022 15:00:07;654.750
ekstensometer (ny);11.11.2022 16:00:07;655.425
ekstensometer (ny);11.11.2022 17:00:07;655.987
ekstensometer (ny);11.11.2022 18:00:07;656.550
ekstensometer (ny);11.11.2022 19:00:08;657.112
ekstensometer (ny);11.11.2022 20:00:07;657.675
ekstensometer (ny);11.11.2022 21:00:07;658.237
ekstensometer (ny);11.11.2022 22:00:07;658.688
ekstensometer (ny);11.11.2022 23:00:07;659.475
ekstensometer (ny);12.11.2022 00:00:07;660.037
ekstensometer (ny);12.11.2022 01:00:07;660.600
ekstensometer (ny);12.11.2022 02:00:07;661.162
ekstensometer (ny);12.11.2022 03:00:07;662.400
ekstensometer (ny);12.11.2022 04:00:07;662.287
ekstensometer (ny);12.11.2022 05:00:07;662.850
ekstensometer (ny);12.11.2022 06:00:07;663.412
ekstensometer (ny);12.11.2022 07:00:08;663.412
ekstensometer (ny);12.11.2022 08:00:07;664.650
ekstensometer (ny);12.11.2022 09:00:07;665.100
ekstensometer (ny);12.11.2022 10:00:07;665.213
ekstensometer (ny);12.11.2022 11:00:07;665.662
ekstensometer (ny);12.11.2022 12:00:07;666.338
ekstensometer (ny);12.11.2022 13:00:26;666.900
ekstensometer (ny);12.11.2022 14:00:07;667.463
ekstensometer (ny);12.11.2022 15:00:07;668.025
ekstensometer (ny);12.11.2022 16:00:07;668.588
ekstensometer (ny);12.11.2022 17:00:07;669.150
ekstensometer (ny);12.11.2022 18:00:08;669.713
ekstensometer (ny);12.11.2022 19:00:07;670.275
ekstensometer (ny);12.11.2022 20:00:07;670.950
ekstensometer (ny);12.11.2022 21:00:07;671.400
ekstensometer (ny);12.11.2022 22:00:07;671.963
ekstensometer (ny);12.11.2022 23:00:07;672.525
ekstensometer (ny);13.11.2022 00:00:07;672.525
ekstensometer (ny);13.11.2022 01:00:07;673.088
ekstensometer (ny);13.11.2022 02:00:07;673.650
ekstensometer (ny);13.11.2022 03:00:07;674.213
ekstensometer (ny);13.11.2022 04:00:07;675.338
ekstensometer (ny);13.11.2022 05:00:07;675.338
ekstensometer (ny);13.11.2022 06:00:07;675.900
ekstensometer (ny);13.11.2022 07:00:07;676.463
ekstensometer (ny);13.11.2022 08:00:07;677.025
ekstensometer (ny);13.11.2022 09:00:08;677.025
ekstensometer (ny);13.11.2022 10:00:07;677.588
ekstensometer (ny);13.11.2022 11:00:07;677.588
ekstensometer (ny);13.11.2022 12:00:07;678.150
ekstensometer (ny);13.11.2022 13:00:07;678.713
ekstensometer (ny);13.11.2022 14:00:07;679.275
ekstensometer (ny);13.11.2022 15:00:07;679.275
ekstensometer (ny);13.11.2022 16:00:08;679.950
ekstensometer (ny);13.11.2022 17:00:07;680.400
ekstensometer (ny);13.11.2022 18:00:07;680.963
ekstensometer (ny);13.11.2022 19:00:07;681.525
ekstensometer (ny);13.11.2022 20:00:07;681.975
ekstensometer (ny);13.11.2022 21:00:07;682.537
ekstensometer (ny);13.11.2022 22:00:07;682.650
ekstensometer (ny);13.11.2022 23:00:08;683.100
ekstensometer (ny);14.11.2022 00:00:06;683.662
ekstensometer (ny);14.11.2022 01:00:07;684.225
ekstensometer (ny);14.11.2022 02:00:07;684.225
ekstensometer (ny);14.11.2022 03:00:07;684.787
ekstensometer (ny);14.11.2022 04:00:07;685.463
ekstensometer (ny);14.11.2022 05:00:07;685.463
ekstensometer (ny);14.11.2022 06:00:08;686.025
ekstensometer (ny);14.11.2022 07:00:07;686.025
ekstensometer (ny);14.11.2022 08:00:07;686.588
ekstensometer (ny);14.11.2022 09:00:07;686.588
ekstensometer (ny);14.11.2022 10:00:07;686.588
ekstensometer (ny);14.11.2022 11:00:07;687.150
ekstensometer (ny);14.11.2022 12:00:07;687.713
ekstensometer (ny);14.11.2022 13:00:08;687.713
ekstensometer (ny);14.11.2022 14:00:07;688.388
ekstensometer (ny);14.11.2022 15:00:07;688.950
ekstensometer (ny);14.11.2022 16:00:07;689.513
ekstensometer (ny);14.11.2022 17:00:07;689.400
ekstensometer (ny);14.11.2022 18:00:07;690.075
ekstensometer (ny);14.11.2022 19:00:07;689.963
ekstensometer (ny);14.11.2022 20:00:07;690.525
ekstensometer (ny);14.11.2022 21:00:07;691.088
ekstensometer (ny);14.11.2022 22:00:07;691.088
ekstensometer (ny);14.11.2022 23:00:07;691.650
ekstensometer (ny);15.11.2022 00:00:07;691.650
ekstensometer (ny);15.11.2022 01:00:06;692.213
ekstensometer (ny);15.11.2022 02:00:07;692.775
ekstensometer (ny);15.11.2022 03:00:07;692.775
ekstensometer (ny);15.11.2022 04:00:07;693.450
ekstensometer (ny);15.11.2022 05:00:07;693.450
ekstensometer (ny);15.11.2022 06:00:07;694.013
ekstensometer (ny);15.11.2022 07:00:07;694.575
ekstensometer (ny);15.11.2022 08:00:07;694.575
ekstensometer (ny);15.11.2022 09:00:26;695.250
ekstensometer (ny);15.11.2022 10:00:07;695.250
ekstensometer (ny);15.11.2022 11:00:07;695.812
ekstensometer (ny);15.11.2022 12:00:07;696.375
ekstensometer (ny);15.11.2022 13:00:07;696.375
ekstensometer (ny);15.11.2022 14:00:07;696.713
ekstensometer (ny);15.11.2022 15:00:24;696.938
ekstensometer (ny);15.11.2022 16:00:07;697.500
ekstensometer (ny);15.11.2022 17:00:08;697.500
ekstensometer (ny);15.11.2022 18:00:07;698.062
ekstensometer (ny);15.11.2022 19:00:07;698.625
ekstensometer (ny);15.11.2022 20:00:07;698.625
ekstensometer (ny);15.11.2022 21:00:07;699.188
ekstensometer (ny);15.11.2022 22:00:07;699.638
ekstensometer (ny);15.11.2022 23:00:07;699.638
ekstensometer (ny);16.11.2022 00:00:08;700.200
ekstensometer (ny);16.11.2022 01:00:07;700.200
ekstensometer (ny);16.11.2022 02:00:07;701.325
ekstensometer (ny);16.11.2022 03:00:07;701.325
ekstensometer (ny);16.11.2022 04:00:08;701.888
ekstensometer (ny);16.11.2022 05:00:07;701.888
ekstensometer (ny);16.11.2022 06:00:07;701.888
ekstensometer (ny);16.11.2022 07:00:07;701.888
ekstensometer (ny);16.11.2022 08:00:07;702.450
ekstensometer (ny);16.11.2022 09:00:07;703.125
ekstensometer (ny);16.11.2022 10:00:07;703.125
ekstensometer (ny);16.11.2022 11:00:08;703.688
ekstensometer (ny);16.11.2022 12:00:07;703.688
ekstensometer (ny);16.11.2022 13:00:07;704.250
ekstensometer (ny);16.11.2022 14:00:07;704.250
ekstensometer (ny);16.11.2022 15:00:07;704.812
ekstensometer (ny);16.11.2022 16:00:07;704.812
ekstensometer (ny);16.11.2022 17:00:07;705.375
ekstensometer (ny);16.11.2022 18:00:08;705.375
ekstensometer (ny);16.11.2022 19:00:06;705.938
ekstensometer (ny);16.11.2022 20:00:07;706.500
ekstensometer (ny);16.11.2022 21:00:07;706.500
ekstensometer (ny);16.11.2022 22:00:07;706.500
ekstensometer (ny);16.11.2022 23:00:07;707.175
ekstensometer (ny);17.11.2022 00:00:07;707.175
ekstensometer (ny);17.11.2022 01:00:07;707.625
ekstensometer (ny);17.11.2022 02:00:06;707.625
ekstensometer (ny);17.11.2022 03:00:07;708.188
ekstensometer (ny);17.11.2022 04:00:07;708.188
ekstensometer (ny);17.11.2022 05:00:07;708.750
ekstensometer (ny);17.11.2022 06:00:07;708.750
ekstensometer (ny);17.11.2022 07:00:07;708.750
ekstensometer (ny);17.11.2022 08:00:07;709.312
ekstensometer (ny);17.11.2022 09:00:06;709.312
ekstensometer (ny);17.11.2022 10:00:07;709.312
ekstensometer (ny);17.11.2022 11:00:07;709.875
ekstensometer (ny);17.11.2022 12:00:07;709.875
ekstensometer (ny);17.11.2022 13:00:07;709.875
ekstensometer (ny);17.11.2022 14:00:07;710.438
ekstensometer (ny);17.11.2022 15:00:07;710.438
ekstensometer (ny);17.11.2022 16:00:07;711.000
ekstensometer (ny);17.11.2022 17:00:07;711.562
ekstensometer (ny);17.11.2022 18:00:07;711.562
ekstensometer (ny);17.11.2022 19:00:07;711.562
ekstensometer (ny);17.11.2022 20:00:08;712.237
ekstensometer (ny);17.11.2022 21:00:07;712.237
ekstensometer (ny);17.11.2022 22:00:06;712.125
ekstensometer (ny);17.11.2022 23:00:07;712.688
ekstensometer (ny);18.11.2022 00:00:07;712.800
ekstensometer (ny);18.11.2022 01:00:07;712.800
ekstensometer (ny);18.11.2022 02:00:07;713.362
ekstensometer (ny);18.11.2022 03:00:07;713.362
ekstensometer (ny);18.11.2022 04:00:08;713.925
ekstensometer (ny);18.11.2022 05:00:06;713.925
ekstensometer (ny);18.11.2022 06:00:07;713.925
ekstensometer (ny);18.11.2022 07:00:07;714.037
ekstensometer (ny);18.11.2022 08:00:07;714.600
ekstensometer (ny);18.11.2022 09:00:07;714.600
ekstensometer (ny);18.11.2022 10:00:07;714.600
ekstensometer (ny);18.11.2022 11:00:08;714.600
ekstensometer (ny);18.11.2022 12:00:07;715.162
ekstensometer (ny);18.11.2022 13:00:07;715.162
ekstensometer (ny);18.11.2022 14:00:07;715.725
ekstensometer (ny);18.11.2022 15:00:07;715.725
ekstensometer (ny);18.11.2022 16:00:26;716.287
ekstensometer (ny);18.11.2022 17:00:07;716.287
ekstensometer (ny);18.11.2022 18:00:07;716.287
ekstensometer (ny);18.11.2022 19:00:08;716.287
ekstensometer (ny);18.11.2022 20:00:07;716.287
ekstensometer (ny);18.11.2022 21:00:07;716.287
ekstensometer (ny);18.11.2022 22:00:07;716.850
ekstensometer (ny);18.11.2022 23:00:07;716.850
ekstensometer (ny);19.11.2022 00:00:07;716.850
ekstensometer (ny);19.11.2022 01:00:06;717.412
ekstensometer (ny);19.11.2022 02:00:07;717.412
ekstensometer (ny);19.11.2022 03:00:07;717.412
ekstensometer (ny);19.11.2022 04:00:07;717.412
ekstensometer (ny);19.11.2022 05:00:07;717.412
ekstensometer (ny);19.11.2022 06:00:08;717.975
ekstensometer (ny);19.11.2022 07:00:07;717.975
ekstensometer (ny);19.11.2022 08:00:07;717.975
ekstensometer (ny);19.11.2022 09:00:07;717.975
ekstensometer (ny);19.11.2022 10:00:07;717.975
ekstensometer (ny);19.11.2022 11:00:07;718.537
ekstensometer (ny);19.11.2022 12:00:07;718.537
ekstensometer (ny);19.11.2022 13:00:08;719.100
ekstensometer (ny);19.11.2022 14:00:06;719.100
ekstensometer (ny);19.11.2022 15:00:07;719.100
ekstensometer (ny);19.11.2022 16:00:07;719.100
ekstensometer (ny);19.11.2022 17:00:07;719.100
ekstensometer (ny);19.11.2022 18:00:07;719.662
ekstensometer (ny);19.11.2022 19:00:07;719.662
ekstensometer (ny);19.11.2022 20:00:08;719.662
ekstensometer (ny);19.11.2022 21:00:06;720.225
ekstensometer (ny);19.11.2022 22:00:07;720.225
ekstensometer (ny);19.11.2022 23:00:07;720.225
ekstensometer (ny);20.11.2022 00:00:07;720.787
ekstensometer (ny);20.11.2022 01:00:07;720.787
ekstensometer (ny);20.11.2022 02:00:07;721.350
ekstensometer (ny);20.11.2022 03:00:07;721.350
ekstensometer (ny);20.11.2022 04:00:08;721.350
ekstensometer (ny);20.11.2022 05:00:07;721.463
ekstensometer (ny);20.11.2022 06:00:07;721.463
ekstensometer (ny);20.11.2022 07:00:07;721.463
ekstensometer (ny);20.11.2022 08:00:07;722.025
ekstensometer (ny);20.11.2022 09:00:07;722.025
ekstensometer (ny);20.11.2022 10:00:07;722.025
ekstensometer (ny);20.11.2022 11:00:06;722.025
ekstensometer (ny);20.11.2022 12:00:07;722.025
ekstensometer (ny);20.11.2022 13:00:07;722.588
ekstensometer (ny);20.11.2022 14:00:07;722.588
ekstensometer (ny);20.11.2022 15:00:07;722.588
ekstensometer (ny);20.11.2022 16:00:07;722.588
ekstensometer (ny);20.11.2022 17:00:07;722.588
ekstensometer (ny);20.11.2022 18:00:07;722.588
ekstensometer (ny);20.11.2022 19:00:07;723.037
ekstensometer (ny);20.11.2022 20:00:07;723.150
ekstensometer (ny);20.11.2022 21:00:07;723.150
ekstensometer (ny);20.11.2022 22:00:08;723.150
ekstensometer (ny);20.11.2022 23:00:07;723.150
ekstensometer (ny);21.11.2022 00:00:06;723.713
ekstensometer (ny);21.11.2022 01:00:07;723.713
ekstensometer (ny);21.11.2022 02:00:07;723.713
ekstensometer (ny);21.11.2022 03:00:07;723.713
ekstensometer (ny);21.11.2022 04:00:07;724.275
ekstensometer (ny);21.11.2022 05:00:07;724.388
ekstensometer (ny);21.11.2022 06:00:08;724.388
ekstensometer (ny);21.11.2022 07:00:07;724.388
ekstensometer (ny);21.11.2022 08:00:07;724.388
ekstensometer (ny);21.11.2022 09:00:07;724.388
ekstensometer (ny);21.11.2022 10:00:07;724.388
ekstensometer (ny);21.11.2022 11:00:07;724.275
ekstensometer (ny);21.11.2022 12:00:07;724.388
ekstensometer (ny);21.11.2022 13:00:06;724.275
ekstensometer (ny);21.11.2022 14:00:07;724.950
ekstensometer (ny);21.11.2022 15:00:07;724.950
ekstensometer (ny);21.11.2022 16:00:07;724.950
ekstensometer (ny);21.11.2022 17:00:26;724.950
ekstensometer (ny);21.11.2022 18:00:07;724.950
ekstensometer (ny);21.11.2022 19:00:07;724.950
ekstensometer (ny);21.11.2022 20:00:07;724.950
ekstensometer (ny);21.11.2022 21:00:07;724.950
ekstensometer (ny);21.11.2022 22:00:07;724.950
ekstensometer (ny);21.11.2022 23:00:07;725.175
ekstensometer (ny);22.11.2022 00:00:07;725.513
ekstensometer (ny);22.11.2022 01:00:07;725.513
ekstensometer (ny);22.11.2022 02:00:08;725.625
ekstensometer (ny);22.11.2022 03:00:07;725.625
ekstensometer (ny);22.11.2022 04:00:07;725.625
ekstensometer (ny);22.11.2022 05:00:07;725.625
ekstensometer (ny);22.11.2022 06:00:07;725.625
ekstensometer (ny);22.11.2022 07:00:07;726.188
ekstensometer (ny);22.11.2022 08:00:07;726.188
ekstensometer (ny);22.11.2022 09:00:07;726.188
ekstensometer (ny);22.11.2022 10:00:07;726.188
ekstensometer (ny);22.11.2022 11:00:07;726.188
ekstensometer (ny);22.11.2022 12:00:07;726.075
ekstensometer (ny);22.11.2022 13:00:08;726.075
ekstensometer (ny);22.11.2022 14:00:07;726.075
ekstensometer (ny);22.11.2022 15:00:06;726.075
ekstensometer (ny);22.11.2022 16:00:07;726.638
ekstensometer (ny);22.11.2022 17:00:07;726.638
ekstensometer (ny);22.11.2022 18:00:07;726.638
ekstensometer (ny);22.11.2022 19:00:07;726.638
ekstensometer (ny);22.11.2022 20:00:08;726.638
ekstensometer (ny);22.11.2022 21:00:07;726.638
ekstensometer (ny);22.11.2022 22:00:07;726.638
ekstensometer (ny);22.11.2022 23:00:07;726.638
ekstensometer (ny);23.11.2022 00:00:07;726.525
ekstensometer (ny);23.11.2022 01:00:07;726.525
ekstensometer (ny);23.11.2022 02:00:07;726.638
ekstensometer (ny);23.11.2022 03:00:07;727.088
ekstensometer (ny);23.11.2022 04:00:08;727.088
ekstensometer (ny);23.11.2022 05:00:07;727.088
ekstensometer (ny);23.11.2022 06:00:07;727.088
ekstensometer (ny);23.11.2022 07:00:07;727.088
ekstensometer (ny);23.11.2022 08:00:07;727.088
ekstensometer (ny);23.11.2022 09:00:07;727.088
ekstensometer (ny);23.11.2022 10:00:07;727.088
ekstensometer (ny);23.11.2022 11:00:08;727.088
ekstensometer (ny);23.11.2022 12:00:07;727.088
ekstensometer (ny);23.11.2022 13:00:07;727.088
ekstensometer (ny);23.11.2022 14:00:07;727.088
ekstensometer (ny);23.11.2022 15:00:07;727.088
ekstensometer (ny);23.11.2022 16:00:07;727.088
ekstensometer (ny);23.11.2022 17:00:07;727.088
ekstensometer (ny);23.11.2022 18:00:08;727.088
ekstensometer (ny);23.11.2022 19:00:07;727.088
ekstensometer (ny);23.11.2022 20:00:07;727.088
ekstensometer (ny);23.11.2022 21:00:07;727.088
ekstensometer (ny);23.11.2022 22:00:07;727.088
ekstensometer (ny);23.11.2022 23:00:07;727.088
ekstensometer (ny);24.11.2022 00:00:07;727.088
ekstensometer (ny);24.11.2022 01:00:07;727.088
ekstensometer (ny);24.11.2022 02:00:07;727.088
ekstensometer (ny);24.11.2022 03:00:07;727.650
ekstensometer (ny);24.11.2022 04:00:07;727.650
ekstensometer (ny);24.11.2022 05:00:07;727.650
ekstensometer (ny);24.11.2022 06:00:08;727.650
ekstensometer (ny);24.11.2022 07:00:07;727.650
ekstensometer (ny);24.11.2022 08:00:07;727.650
ekstensometer (ny);24.11.2022 09:00:07;727.650
ekstensometer (ny);24.11.2022 10:00:07;727.650
ekstensometer (ny);24.11.2022 11:00:07;727.650
ekstensometer (ny);24.11.2022 12:00:07;727.650
ekstensometer (ny);24.11.2022 13:00:08;727.650
ekstensometer (ny);24.11.2022 14:00:07;727.650
ekstensometer (ny);24.11.2022 15:00:07;727.650
ekstensometer (ny);24.11.2022 16:00:07;727.650
ekstensometer (ny);24.11.2022 17:00:07;727.650
ekstensometer (ny);24.11.2022 18:00:26;727.650
ekstensometer (ny);24.11.2022 19:00:07;727.650
ekstensometer (ny);24.11.2022 20:00:07;727.650
ekstensometer (ny);24.11.2022 21:00:08;727.650
ekstensometer (ny);24.11.2022 22:00:07;727.650
ekstensometer (ny);24.11.2022 23:00:07;727.650
ekstensometer (ny);25.11.2022 00:00:07;727.650
ekstensometer (ny);25.11.2022 01:00:07;727.650
ekstensometer (ny);25.11.2022 02:00:08;727.650
ekstensometer (ny);25.11.2022 03:00:07;727.650
ekstensometer (ny);25.11.2022 04:00:07;727.650
ekstensometer (ny);25.11.2022 05:00:07;728.213
ekstensometer (ny);25.11.2022 06:00:07;728.213
ekstensometer (ny);25.11.2022 07:00:07;728.213
ekstensometer (ny);25.11.2022 08:00:07;728.213
ekstensometer (ny);25.11.2022 09:00:08;728.213
ekstensometer (ny);25.11.2022 10:00:06;728.213
ekstensometer (ny);25.11.2022 11:00:07;728.213
ekstensometer (ny);25.11.2022 12:00:07;728.213
ekstensometer (ny);25.11.2022 13:00:07;728.213
ekstensometer (ny);25.11.2022 14:00:07;728.213
ekstensometer (ny);25.11.2022 15:00:07;728.213
ekstensometer (ny);25.11.2022 16:00:08;728.213
ekstensometer (ny);25.11.2022 17:00:07;728.213
ekstensometer (ny);25.11.2022 18:00:07;728.213
ekstensometer (ny);25.11.2022 19:00:07;728.213
ekstensometer (ny);25.11.2022 20:00:07;728.775
ekstensometer (ny);25.11.2022 21:00:07;728.775
ekstensometer (ny);25.11.2022 22:00:07;728.775
ekstensometer (ny);25.11.2022 23:00:08;728.775
ekstensometer (ny);26.11.2022 00:00:07;728.775
ekstensometer (ny);26.11.2022 01:00:07;728.775
ekstensometer (ny);26.11.2022 02:00:07;728.775
ekstensometer (ny);26.11.2022 03:00:07;728.775
ekstensometer (ny);26.11.2022 04:00:07;728.775
ekstensometer (ny);26.11.2022 05:00:07;728.775
ekstensometer (ny);26.11.2022 06:00:08;728.775
ekstensometer (ny);26.11.2022 07:00:07;728.775
ekstensometer (ny);26.11.2022 08:00:07;728.775
ekstensometer (ny);26.11.2022 09:00:07;728.775
ekstensometer (ny);26.11.2022 10:00:07;728.775
ekstensometer (ny);26.11.2022 11:00:07;728.775
ekstensometer (ny);26.11.2022 12:00:07;728.775
ekstensometer (ny);26.11.2022 13:00:06;729.338
ekstensometer (ny);26.11.2022 14:00:07;729.338
ekstensometer (ny);26.11.2022 15:00:07;729.338
ekstensometer (ny);26.11.2022 16:00:07;729.338
ekstensometer (ny);26.11.2022 17:00:08;729.338
ekstensometer (ny);26.11.2022 18:00:07;729.338
ekstensometer (ny);26.11.2022 19:00:06;729.338
ekstensometer (ny);26.11.2022 20:00:07;729.338
ekstensometer (ny);26.11.2022 21:00:07;729.338
ekstensometer (ny);26.11.2022 22:00:07;729.338
ekstensometer (ny);26.11.2022 23:00:07;729.338
ekstensometer (ny);27.11.2022 00:00:08;729.675
ekstensometer (ny);27.11.2022 01:00:07;729.900
ekstensometer (ny);27.11.2022 02:00:07;729.900
ekstensometer (ny);27.11.2022 03:00:07;729.900
ekstensometer (ny);27.11.2022 04:00:07;729.900
ekstensometer (ny);27.11.2022 05:00:07;729.900
ekstensometer (ny);27.11.2022 06:00:07;729.900
ekstensometer (ny);27.11.2022 07:00:08;729.900
ekstensometer (ny);27.11.2022 08:00:07;729.900
ekstensometer (ny);27.11.2022 09:00:07;729.900
ekstensometer (ny);27.11.2022 10:00:07;730.463
ekstensometer (ny);27.11.2022 11:00:07;730.463
ekstensometer (ny);27.11.2022 12:00:07;731.025
ekstensometer (ny);27.11.2022 13:00:07;730.463
ekstensometer (ny);27.11.2022 14:00:08;731.025
ekstensometer (ny);27.11.2022 15:00:07;731.025
ekstensometer (ny);27.11.2022 16:00:07;731.025
ekstensometer (ny);27.11.2022 17:00:07;731.025
ekstensometer (ny);27.11.2022 18:00:07;731.025
ekstensometer (ny);27.11.2022 19:00:24;731.025
ekstensometer (ny);27.11.2022 20:00:07;731.025
ekstensometer (ny);27.11.2022 21:00:07;731.025
ekstensometer (ny);27.11.2022 22:00:07;731.025
ekstensometer (ny);27.11.2022 23:00:07;731.025
ekstensometer (ny);28.11.2022 00:00:07;731.025
ekstensometer (ny);28.11.2022 01:00:07;731.025
ekstensometer (ny);28.11.2022 02:00:07;731.025
ekstensometer (ny);28.11.2022 03:00:08;731.700
ekstensometer (ny);28.11.2022 04:00:07;731.700
ekstensometer (ny);28.11.2022 05:00:06;731.700
ekstensometer (ny);28.11.2022 06:00:07;731.700
ekstensometer (ny);28.11.2022 07:00:07;731.700
ekstensometer (ny);28.11.2022 08:00:07;731.700
ekstensometer (ny);28.11.2022 09:00:07;731.700
ekstensometer (ny);28.11.2022 10:00:08;731.700
ekstensometer (ny);28.11.2022 11:00:07;731.700
ekstensometer (ny);28.11.2022 12:00:07;732.263
ekstensometer (ny);28.11.2022 13:00:07;732.263
ekstensometer (ny);28.11.2022 14:00:07;732.263
ekstensometer (ny);28.11.2022 15:00:07;732.263
ekstensometer (ny);28.11.2022 16:00:07;732.263
ekstensometer (ny);28.11.2022 17:00:08;732.825
ekstensometer (ny);28.11.2022 18:00:07;732.938
ekstensometer (ny);28.11.2022 19:00:07;732.825
ekstensometer (ny);28.11.2022 20:00:07;732.938
ekstensometer (ny);28.11.2022 21:00:07;732.825
ekstensometer (ny);28.11.2022 22:00:07;733.500
ekstensometer (ny);28.11.2022 23:00:07;733.500
ekstensometer (ny);29.11.2022 00:00:08;733.500
ekstensometer (ny);29.11.2022 01:00:07;733.500
ekstensometer (ny);29.11.2022 02:00:07;733.500
ekstensometer (ny);29.11.2022 03:00:07;733.500
ekstensometer (ny);29.11.2022 04:00:07;734.062
ekstensometer (ny);29.11.2022 05:00:07;734.062
ekstensometer (ny);29.11.2022 06:00:07;734.062
ekstensometer (ny);29.11.2022 07:00:08;734.062
ekstensometer (ny);29.11.2022 08:00:07;734.062
ekstensometer (ny);29.11.2022 09:00:07;734.625
ekstensometer (ny);29.11.2022 10:00:07;734.625
ekstensometer (ny);29.11.2022 11:00:17;734.625
ekstensometer (ny);29.11.2022 12:00:07;734.625
ekstensometer (ny);29.11.2022 13:00:07;734.625
ekstensometer (ny);29.11.2022 14:00:07;734.625
ekstensometer (ny);29.11.2022 15:00:07;734.625
ekstensometer (ny);29.11.2022 16:00:07;735.188
ekstensometer (ny);29.11.2022 17:00:07;735.188
ekstensometer (ny);29.11.2022 18:00:07;735.188
ekstensometer (ny);29.11.2022 19:00:08;735.750
ekstensometer (ny);29.11.2022 20:00:07;735.750
ekstensometer (ny);29.11.2022 21:00:06;735.750
ekstensometer (ny);29.11.2022 22:00:07;735.750
ekstensometer (ny);29.11.2022 23:00:07;735.750
ekstensometer (ny);30.11.2022 00:00:07;735.750
ekstensometer (ny);30.11.2022 01:00:07;736.312
ekstensometer (ny);30.11.2022 02:00:07;736.312
ekstensometer (ny);30.11.2022 03:00:08;736.312
ekstensometer (ny);30.11.2022 04:00:07;736.312
ekstensometer (ny);30.11.2022 05:00:07;736.312
ekstensometer (ny);30.11.2022 06:00:07;736.312
ekstensometer (ny);30.11.2022 07:00:07;736.312
ekstensometer (ny);30.11.2022 08:00:07;736.875
ekstensometer (ny);30.11.2022 09:00:07;736.875
ekstensometer (ny);30.11.2022 10:00:08;736.875
ekstensometer (ny);30.11.2022 11:00:06;736.875
ekstensometer (ny);30.11.2022 12:00:07;736.875
ekstensometer (ny);30.11.2022 13:00:07;736.875
ekstensometer (ny);30.11.2022 14:00:07;736.875
ekstensometer (ny);30.11.2022 15:00:07;736.875
ekstensometer (ny);30.11.2022 16:00:07;737.438
ekstensometer (ny);30.11.2022 17:00:08;737.438
ekstensometer (ny);30.11.2022 18:00:07;737.438
ekstensometer (ny);30.11.2022 19:00:07;737.438
ekstensometer (ny);30.11.2022 20:00:25;738.000
ekstensometer (ny);30.11.2022 21:00:07;738.000
ekstensometer (ny);30.11.2022 22:00:07;738.000
ekstensometer (ny);30.11.2022 23:00:07;738.000
ekstensometer (ny);01.12.2022 00:00:07;738.000
ekstensometer (ny);01.12.2022 01:00:06;738.000
ekstensometer (ny);01.12.2022 02:00:07;738.562
ekstensometer (ny);01.12.2022 03:00:07;738.562
ekstensometer (ny);01.12.2022 04:00:07;738.562
ekstensometer (ny);01.12.2022 05:00:07;738.562
ekstensometer (ny);01.12.2022 06:00:07;738.562
ekstensometer (ny);01.12.2022 07:00:07;738.562
ekstensometer (ny);01.12.2022 08:00:07;738.562
ekstensometer (ny);01.12.2022 09:00:07;738.562
ekstensometer (ny);01.12.2022 10:00:07;738.562
ekstensometer (ny);01.12.2022 11:00:07;739.125
ekstensometer (ny);01.12.2022 12:00:08;739.125
ekstensometer (ny);01.12.2022 13:00:07;739.125
ekstensometer (ny);01.12.2022 14:00:07;739.125
ekstensometer (ny);01.12.2022 15:00:07;739.688
ekstensometer (ny);01.12.2022 16:00:07;739.688
ekstensometer (ny);01.12.2022 17:00:07;739.688
ekstensometer (ny);01.12.2022 18:00:07;739.688
ekstensometer (ny);01.12.2022 19:00:08;740.250
ekstensometer (ny);01.12.2022 20:00:06;740.250
ekstensometer (ny);01.12.2022 21:00:07;740.362
ekstensometer (ny);01.12.2022 22:00:07;740.362
ekstensometer (ny);01.12.2022 23:00:07;740.362
ekstensometer (ny);02.12.2022 00:00:07;741.037
ekstensometer (ny);02.12.2022 01:00:07;741.037
ekstensometer (ny);02.12.2022 02:00:07;741.037
ekstensometer (ny);02.12.2022 03:00:08;741.037
ekstensometer (ny);02.12.2022 04:00:07;741.037
ekstensometer (ny);02.12.2022 05:00:07;741.037
ekstensometer (ny);02.12.2022 06:00:07;741.600
ekstensometer (ny);02.12.2022 07:00:07;741.600
ekstensometer (ny);02.12.2022 08:00:07;741.600
ekstensometer (ny);02.12.2022 09:00:07;741.600
ekstensometer (ny);02.12.2022 10:00:07;741.600
ekstensometer (ny);02.12.2022 11:00:07;741.600
ekstensometer (ny);02.12.2022 12:00:07;741.600
ekstensometer (ny);02.12.2022 13:00:07;741.600
ekstensometer (ny);02.12.2022 14:00:08;741.600
ekstensometer (ny);02.12.2022 15:00:07;741.600
ekstensometer (ny);02.12.2022 16:00:06;741.600
ekstensometer (ny);02.12.2022 17:00:07;741.600
ekstensometer (ny);02.12.2022 18:00:07;741.600
ekstensometer (ny);02.12.2022 19:00:07;742.162
ekstensometer (ny);02.12.2022 20:00:07;742.162
ekstensometer (ny);02.12.2022 21:00:08;742.162
ekstensometer (ny);02.12.2022 22:00:07;742.162
ekstensometer (ny);02.12.2022 23:00:07;742.162
ekstensometer (ny);03.12.2022 00:00:07;742.162
ekstensometer (ny);03.12.2022 01:00:07;742.162
ekstensometer (ny);03.12.2022 02:00:07;742.162
ekstensometer (ny);03.12.2022 03:00:07;742.162
ekstensometer (ny);03.12.2022 04:00:07;742.162
ekstensometer (ny);03.12.2022 05:00:08;742.162
ekstensometer (ny);03.12.2022 06:00:07;742.162
ekstensometer (ny);03.12.2022 07:00:07;742.725
ekstensometer (ny);03.12.2022 08:00:07;742.725
ekstensometer (ny);03.12.2022 09:00:07;742.725
ekstensometer (ny);03.12.2022 10:00:07;742.725
ekstensometer (ny);03.12.2022 11:00:07;742.725
ekstensometer (ny);03.12.2022 12:00:07;742.725
ekstensometer (ny);03.12.2022 13:00:07;742.725
ekstensometer (ny);03.12.2022 14:00:07;742.725
ekstensometer (ny);03.12.2022 15:00:07;743.287
ekstensometer (ny);03.12.2022 16:00:08;743.287
ekstensometer (ny);03.12.2022 17:00:07;743.287
ekstensometer (ny);03.12.2022 18:00:07;743.287
ekstensometer (ny);03.12.2022 19:00:07;743.287
ekstensometer (ny);03.12.2022 20:00:07;743.287
ekstensometer (ny);03.12.2022 21:00:26;743.400
ekstensometer (ny);03.12.2022 22:00:06;743.287
ekstensometer (ny);03.12.2022 23:00:07;743.400
ekstensometer (ny);04.12.2022 00:00:07;743.287
ekstensometer (ny);04.12.2022 01:00:07;743.287
ekstensometer (ny);04.12.2022 02:00:07;743.287
ekstensometer (ny);04.12.2022 03:00:07;743.400
ekstensometer (ny);04.12.2022 04:00:07;743.400
ekstensometer (ny);04.12.2022 05:00:07;743.400
ekstensometer (ny);04.12.2022 06:00:07;743.400
ekstensometer (ny);04.12.2022 07:00:06;743.400
ekstensometer (ny);04.12.2022 08:00:07;743.400
ekstensometer (ny);04.12.2022 09:00:07;743.400
ekstensometer (ny);04.12.2022 10:00:07;743.737
ekstensometer (ny);04.12.2022 11:00:07;743.850
ekstensometer (ny);04.12.2022 12:00:07;743.963
ekstensometer (ny);04.12.2022 13:00:07;743.963
ekstensometer (ny);04.12.2022 14:00:07;743.513
ekstensometer (ny);04.12.2022 15:00:07;743.963
ekstensometer (ny);04.12.2022 16:00:07;743.963
ekstensometer (ny);04.12.2022 17:00:07;743.963
ekstensometer (ny);04.12.2022 18:00:08;743.963
ekstensometer (ny);04.12.2022 19:00:07;743.963
ekstensometer (ny);04.12.2022 20:00:06;743.963
ekstensometer (ny);04.12.2022 21:00:07;743.963
ekstensometer (ny);04.12.2022 22:00:07;743.963
ekstensometer (ny);04.12.2022 23:00:07;743.963
ekstensometer (ny);05.12.2022 00:00:07;743.963
ekstensometer (ny);05.12.2022 01:00:07;743.963
ekstensometer (ny);05.12.2022 02:00:07;743.963
ekstensometer (ny);05.12.2022 03:00:06;743.963
ekstensometer (ny);05.12.2022 04:00:07;743.963
ekstensometer (ny);05.12.2022 05:00:07;743.963
ekstensometer (ny);05.12.2022 06:00:07;743.963
ekstensometer (ny);05.12.2022 07:00:07;743.963
ekstensometer (ny);05.12.2022 08:00:07;743.963
ekstensometer (ny);05.12.2022 09:00:07;743.963
ekstensometer (ny);05.12.2022 10:00:07;743.850
ekstensometer (ny);05.12.2022 11:00:07;743.963
ekstensometer (ny);05.12.2022 12:00:07;743.850
ekstensometer (ny);05.12.2022 13:00:07;744.188
ekstensometer (ny);05.12.2022 14:00:08;744.188
ekstensometer (ny);05.12.2022 15:00:07;743.850
ekstensometer (ny);05.12.2022 16:00:07;743.850
ekstensometer (ny);05.12.2022 17:00:07;743.850
ekstensometer (ny);05.12.2022 18:00:07;743.850
ekstensometer (ny);05.12.2022 19:00:07;744.188
ekstensometer (ny);05.12.2022 20:00:07;744.412
ekstensometer (ny);05.12.2022 21:00:08;744.412
ekstensometer (ny);05.12.2022 22:00:07;744.188
ekstensometer (ny);05.12.2022 23:00:07;743.850
ekstensometer (ny);06.12.2022 00:00:07;743.850
ekstensometer (ny);06.12.2022 01:00:07;743.850
ekstensometer (ny);06.12.2022 02:00:07;743.850
ekstensometer (ny);06.12.2022 03:00:07;743.850
ekstensometer (ny);06.12.2022 04:00:07;743.850
ekstensometer (ny);06.12.2022 05:00:08;743.963
ekstensometer (ny);06.12.2022 06:00:06;743.963
ekstensometer (ny);06.12.2022 07:00:07;743.963
ekstensometer (ny);06.12.2022 08:00:07;743.850
ekstensometer (ny);06.12.2022 09:00:07;743.963
ekstensometer (ny);06.12.2022 10:00:07;743.963
ekstensometer (ny);06.12.2022 11:00:07;744.412
ekstensometer (ny);06.12.2022 12:00:08;744.412
ekstensometer (ny);06.12.2022 13:00:07;744.412
ekstensometer (ny);06.12.2022 14:00:07;744.412
ekstensometer (ny);06.12.2022 15:00:07;744.412
ekstensometer (ny);06.12.2022 16:00:07;744.412
ekstensometer (ny);06.12.2022 17:00:07;744.412
ekstensometer (ny);06.12.2022 18:00:07;744.412
ekstensometer (ny);06.12.2022 19:00:08;744.412
ekstensometer (ny);06.12.2022 20:00:07;743.963
ekstensometer (ny);06.12.2022 21:00:07;744.412
ekstensometer (ny);06.12.2022 22:00:25;744.300
ekstensometer (ny);06.12.2022 23:00:06;744.412
ekstensometer (ny);07.12.2022 00:00:07;744.412
ekstensometer (ny);07.12.2022 01:00:07;744.525
ekstensometer (ny);07.12.2022 02:00:07;744.525
ekstensometer (ny);07.12.2022 03:00:07;744.525
ekstensometer (ny);07.12.2022 04:00:07;744.525
ekstensometer (ny);07.12.2022 05:00:07;745.088
ekstensometer (ny);07.12.2022 06:00:07;745.088
ekstensometer (ny);07.12.2022 07:00:08;745.088
ekstensometer (ny);07.12.2022 08:00:07;745.088
ekstensometer (ny);07.12.2022 09:00:07;745.088
ekstensometer (ny);07.12.2022 10:00:07;745.088
ekstensometer (ny);07.12.2022 11:00:07;745.088
ekstensometer (ny);07.12.2022 12:00:07;745.088
ekstensometer (ny);07.12.2022 13:00:07;745.088
ekstensometer (ny);07.12.2022 14:00:08;745.088
ekstensometer (ny);07.12.2022 15:00:07;745.088
ekstensometer (ny);07.12.2022 16:00:07;745.088
ekstensometer (ny);07.12.2022 17:00:07;745.088
ekstensometer (ny);07.12.2022 18:00:07;745.088
ekstensometer (ny);07.12.2022 19:00:07;745.088
ekstensometer (ny);07.12.2022 20:00:07;745.088
ekstensometer (ny);07.12.2022 21:00:08;745.088
ekstensometer (ny);07.12.2022 22:00:07;745.088
ekstensometer (ny);07.12.2022 23:00:07;745.088
ekstensometer (ny);08.12.2022 00:00:07;744.975
ekstensometer (ny);08.12.2022 01:00:07;744.975
ekstensometer (ny);08.12.2022 02:00:08;744.975
ekstensometer (ny);08.12.2022 03:00:07;744.975
ekstensometer (ny);08.12.2022 04:00:07;744.975
ekstensometer (ny);08.12.2022 05:00:07;744.975
ekstensometer (ny);08.12.2022 06:00:07;744.975
ekstensometer (ny);08.12.2022 07:00:07;744.975
ekstensometer (ny);08.12.2022 08:00:07;744.975
ekstensometer (ny);08.12.2022 09:00:08;745.088
ekstensometer (ny);08.12.2022 10:00:06;745.088
ekstensometer (ny);08.12.2022 11:00:07;745.088
ekstensometer (ny);08.12.2022 12:00:07;745.088
ekstensometer (ny);08.12.2022 13:00:07;745.088
ekstensometer (ny);08.12.2022 14:00:07;745.088
ekstensometer (ny);08.12.2022 15:00:07;745.088
ekstensometer (ny);08.12.2022 16:00:08;745.088
ekstensometer (ny);08.12.2022 17:00:07;745.088
ekstensometer (ny);08.12.2022 18:00:07;745.088
ekstensometer (ny);08.12.2022 19:00:07;745.088
ekstensometer (ny);08.12.2022 20:00:07;745.088
ekstensometer (ny);08.12.2022 21:00:07;745.650
ekstensometer (ny);08.12.2022 22:00:07;745.312
ekstensometer (ny);08.12.2022 23:00:07;745.425
ekstensometer (ny);09.12.2022 00:00:07;745.650
ekstensometer (ny);09.12.2022 01:00:07;745.650
ekstensometer (ny);09.12.2022 02:00:07;745.650
ekstensometer (ny);09.12.2022 03:00:06;745.650
ekstensometer (ny);09.12.2022 04:00:07;745.650
ekstensometer (ny);09.12.2022 05:00:07;745.650
ekstensometer (ny);09.12.2022 06:00:07;745.650
ekstensometer (ny);09.12.2022 07:00:07;745.650
ekstensometer (ny);09.12.2022 08:00:07;745.650
ekstensometer (ny);09.12.2022 09:00:06;745.650
ekstensometer (ny);09.12.2022 10:00:07;745.650
ekstensometer (ny);09.12.2022 11:00:07;745.650
ekstensometer (ny);09.12.2022 12:00:07;745.650
ekstensometer (ny);09.12.2022 13:00:07;745.650
ekstensometer (ny);09.12.2022 14:00:08;745.650
ekstensometer (ny);09.12.2022 15:00:07;745.650
ekstensometer (ny);09.12.2022 16:00:07;745.650
ekstensometer (ny);09.12.2022 17:00:07;745.650
ekstensometer (ny);09.12.2022 18:00:07;745.650
ekstensometer (ny);09.12.2022 19:00:07;745.650
ekstensometer (ny);09.12.2022 20:00:07;745.650
ekstensometer (ny);09.12.2022 21:00:08;745.650
ekstensometer (ny);09.12.2022 22:00:07;745.650
ekstensometer (ny);09.12.2022 23:00:26;745.650
ekstensometer (ny);10.12.2022 00:00:07;745.650
ekstensometer (ny);10.12.2022 01:00:07;745.650
ekstensometer (ny);10.12.2022 02:00:07;745.650
ekstensometer (ny);10.12.2022 03:00:07;745.650
ekstensometer (ny);10.12.2022 04:00:07;745.650
ekstensometer (ny);10.12.2022 05:00:08;745.650
ekstensometer (ny);10.12.2022 06:00:07;745.650
ekstensometer (ny);10.12.2022 07:00:07;745.650
ekstensometer (ny);10.12.2022 08:00:07;745.650
ekstensometer (ny);10.12.2022 09:00:07;745.650
ekstensometer (ny);10.12.2022 10:00:07;745.650
ekstensometer (ny);10.12.2022 11:00:07;745.650
ekstensometer (ny);10.12.2022 12:00:08;745.650
ekstensometer (ny);10.12.2022 13:00:06;745.650
ekstensometer (ny);10.12.2022 14:00:07;745.650
ekstensometer (ny);10.12.2022 15:00:07;745.650
ekstensometer (ny);10.12.2022 16:00:07;745.650
ekstensometer (ny);10.12.2022 17:00:07;745.650
ekstensometer (ny);10.12.2022 18:00:07;745.650
ekstensometer (ny);10.12.2022 19:00:08;745.650
ekstensometer (ny);10.12.2022 20:00:07;745.650
ekstensometer (ny);10.12.2022 21:00:07;745.650
ekstensometer (ny);10.12.2022 22:00:07;745.650
ekstensometer (ny);10.12.2022 23:00:07;745.650
ekstensometer (ny);11.12.2022 00:00:07;745.650
ekstensometer (ny);11.12.2022 01:00:07;745.650
ekstensometer (ny);11.12.2022 02:00:07;745.650
ekstensometer (ny);11.12.2022 03:00:07;745.650
ekstensometer (ny);11.12.2022 04:00:07;745.650
ekstensometer (ny);11.12.2022 05:00:07;746.213
ekstensometer (ny);11.12.2022 06:00:08;746.213
ekstensometer (ny);11.12.2022 07:00:07;746.213
ekstensometer (ny);11.12.2022 08:00:06;746.213
ekstensometer (ny);11.12.2022 09:00:07;746.213
ekstensometer (ny);11.12.2022 10:00:07;746.213
ekstensometer (ny);11.12.2022 11:00:07;746.213
ekstensometer (ny);11.12.2022 12:00:07;746.213
ekstensometer (ny);11.12.2022 13:00:08;746.213
ekstensometer (ny);11.12.2022 14:00:07;746.100
ekstensometer (ny);11.12.2022 15:00:07;745.650
ekstensometer (ny);11.12.2022 16:00:07;745.650
ekstensometer (ny);11.12.2022 17:00:07;745.875
ekstensometer (ny);11.12.2022 18:00:07;746.100
ekstensometer (ny);11.12.2022 19:00:07;746.213
ekstensometer (ny);11.12.2022 20:00:08;746.213
ekstensometer (ny);11.12.2022 21:00:07;745.650
ekstensometer (ny);11.12.2022 22:00:07;746.213
ekstensometer (ny);11.12.2022 23:00:07;746.213
ekstensometer (ny);12.12.2022 00:00:07;745.650
ekstensometer (ny);12.12.2022 01:00:07;745.650
ekstensometer (ny);12.12.2022 02:00:07;746.213
ekstensometer (ny);12.12.2022 03:00:07;746.213
ekstensometer (ny);12.12.2022 04:00:07;746.213
ekstensometer (ny);12.12.2022 05:00:07;746.213
ekstensometer (ny);12.12.2022 06:00:07;746.213
ekstensometer (ny);12.12.2022 07:00:07;746.213
ekstensometer (ny);12.12.2022 08:00:08;746.213
ekstensometer (ny);12.12.2022 09:00:07;746.213
ekstensometer (ny);12.12.2022 10:00:06;746.213
ekstensometer (ny);12.12.2022 11:00:07;746.213
ekstensometer (ny);12.12.2022 12:00:07;746.213
ekstensometer (ny);12.12.2022 13:00:07;746.213
ekstensometer (ny);12.12.2022 14:00:07;746.213
ekstensometer (ny);12.12.2022 15:00:08;746.213
ekstensometer (ny);12.12.2022 16:00:07;746.213
ekstensometer (ny);12.12.2022 17:00:07;746.213
ekstensometer (ny);12.12.2022 18:00:07;746.213
ekstensometer (ny);12.12.2022 19:00:07;746.213
ekstensometer (ny);12.12.2022 20:00:07;746.213
ekstensometer (ny);12.12.2022 21:00:07;746.213
ekstensometer (ny);12.12.2022 22:00:08;746.213
ekstensometer (ny);12.12.2022 23:00:07;746.213
ekstensometer (ny);13.12.2022 00:00:25;746.213
ekstensometer (ny);13.12.2022 01:00:07;746.213
ekstensometer (ny);13.12.2022 02:00:08;746.213
ekstensometer (ny);13.12.2022 03:00:07;746.213
ekstensometer (ny);13.12.2022 04:00:06;746.213
ekstensometer (ny);13.12.2022 05:00:07;746.213
ekstensometer (ny);13.12.2022 06:00:07;746.213
ekstensometer (ny);13.12.2022 07:00:07;746.213
ekstensometer (ny);13.12.2022 08:00:07;746.213
ekstensometer (ny);13.12.2022 09:00:08;746.213
ekstensometer (ny);13.12.2022 10:00:07;746.213
ekstensometer (ny);13.12.2022 11:00:07;746.213
ekstensometer (ny);13.12.2022 12:00:07;746.213
ekstensometer (ny);13.12.2022 13:00:07;746.213
ekstensometer (ny);13.12.2022 14:00:07;746.775
ekstensometer (ny);13.12.2022 15:00:07;746.775
ekstensometer (ny);13.12.2022 16:00:08;746.775
ekstensometer (ny);13.12.2022 17:00:06;746.775
ekstensometer (ny);13.12.2022 18:00:07;746.775
ekstensometer (ny);13.12.2022 19:00:07;746.775
ekstensometer (ny);13.12.2022 20:00:07;746.775
ekstensometer (ny);13.12.2022 21:00:07;746.888
ekstensometer (ny);13.12.2022 22:00:07;746.775
ekstensometer (ny);13.12.2022 23:00:08;747.000
ekstensometer (ny);14.12.2022 00:00:07;747.450
ekstensometer (ny);14.12.2022 01:00:07;747.450
ekstensometer (ny);14.12.2022 02:00:07;747.450
ekstensometer (ny);14.12.2022 03:00:07;747.450
ekstensometer (ny);14.12.2022 04:00:07;747.450
ekstensometer (ny);14.12.2022 05:00:07;747.338
ekstensometer (ny);14.12.2022 06:00:08;747.338
ekstensometer (ny);14.12.2022 07:00:07;747.450
ekstensometer (ny);14.12.2022 08:00:07;747.338
ekstensometer (ny);14.12.2022 09:00:07;747.338
ekstensometer (ny);14.12.2022 10:00:07;747.338
ekstensometer (ny);14.12.2022 11:00:07;747.338
ekstensometer (ny);14.12.2022 12:00:07;747.338
ekstensometer (ny);14.12.2022 13:00:06;747.338
ekstensometer (ny);14.12.2022 14:00:07;747.338
ekstensometer (ny);14.12.2022 15:00:07;747.338
ekstensometer (ny);14.12.2022 16:00:07;747.338
ekstensometer (ny);14.12.2022 17:00:07;747.338
ekstensometer (ny);14.12.2022 18:00:07;747.338
ekstensometer (ny);14.12.2022 19:00:07;747.338
ekstensometer (ny);14.12.2022 20:00:07;747.338
ekstensometer (ny);14.12.2022 21:00:07;747.338
ekstensometer (ny);14.12.2022 22:00:07;747.338
ekstensometer (ny);14.12.2022 23:00:07;747.338
ekstensometer (ny);15.12.2022 00:00:08;747.338
ekstensometer (ny);15.12.2022 01:00:07;747.338
ekstensometer (ny);15.12.2022 02:00:07;747.338
ekstensometer (ny);15.12.2022 03:00:07;747.338
ekstensometer (ny);15.12.2022 04:00:07;747.338
ekstensometer (ny);15.12.2022 05:00:07;747.338
ekstensometer (ny);15.12.2022 06:00:07;747.338
ekstensometer (ny);15.12.2022 07:00:08;747.338
ekstensometer (ny);15.12.2022 08:00:06;747.338
ekstensometer (ny);15.12.2022 09:00:07;747.338
ekstensometer (ny);15.12.2022 10:00:07;747.338
ekstensometer (ny);15.12.2022 11:00:07;747.338
ekstensometer (ny);15.12.2022 12:00:07;747.338
ekstensometer (ny);15.12.2022 13:00:07;747.338
ekstensometer (ny);15.12.2022 14:00:08;747.338
ekstensometer (ny);15.12.2022 15:00:07;747.338
ekstensometer (ny);15.12.2022 16:00:07;747.338
ekstensometer (ny);15.12.2022 17:00:07;747.338
ekstensometer (ny);15.12.2022 18:00:07;747.338
ekstensometer (ny);15.12.2022 19:00:07;747.338
ekstensometer (ny);15.12.2022 20:00:07;747.338
ekstensometer (ny);15.12.2022 21:00:08;747.338
ekstensometer (ny);15.12.2022 22:00:07;747.338
ekstensometer (ny);15.12.2022 23:00:07;747.338
ekstensometer (ny);16.12.2022 00:00:07;747.338
ekstensometer (ny);16.12.2022 01:00:25;747.338
ekstensometer (ny);16.12.2022 02:00:07;747.338
ekstensometer (ny);16.12.2022 03:00:08;747.338
ekstensometer (ny);16.12.2022 04:00:07;747.338
ekstensometer (ny);16.12.2022 05:00:07;747.338
ekstensometer (ny);16.12.2022 06:00:07;747.338
ekstensometer (ny);16.12.2022 07:00:07;747.338
ekstensometer (ny);16.12.2022 08:00:07;747.338
ekstensometer (ny);16.12.2022 09:00:07;747.338
ekstensometer (ny);16.12.2022 10:00:08;747.338
ekstensometer (ny);16.12.2022 11:00:06;747.338
ekstensometer (ny);16.12.2022 12:00:07;747.338
ekstensometer (ny);16.12.2022 13:00:07;747.338
ekstensometer (ny);16.12.2022 14:00:07;747.338
ekstensometer (ny);16.12.2022 15:00:07;747.338
ekstensometer (ny);16.12.2022 16:00:07;747.225
ekstensometer (ny);16.12.2022 17:00:08;747.225
ekstensometer (ny);16.12.2022 18:00:07;747.225
ekstensometer (ny);16.12.2022 19:00:07;747.225
ekstensometer (ny);16.12.2022 20:00:07;747.225
ekstensometer (ny);16.12.2022 21:00:07;747.225
ekstensometer (ny);16.12.2022 22:00:07;747.225
ekstensometer (ny);16.12.2022 23:00:07;747.225
ekstensometer (ny);17.12.2022 00:00:06;747.225
ekstensometer (ny);17.12.2022 01:00:07;747.225
ekstensometer (ny);17.12.2022 02:00:07;747.225
ekstensometer (ny);17.12.2022 03:00:07;747.225
ekstensometer (ny);17.12.2022 04:00:07;747.225
ekstensometer (ny);17.12.2022 05:00:08;747.225
ekstensometer (ny);17.12.2022 06:00:06;747.225
ekstensometer (ny);17.12.2022 07:00:07;747.225
ekstensometer (ny);17.12.2022 08:00:07;747.225
ekstensometer (ny);17.12.2022 09:00:07;747.225
ekstensometer (ny);17.12.2022 10:00:07;747.000
ekstensometer (ny);17.12.2022 11:00:07;747.225
ekstensometer (ny);17.12.2022 12:00:08;747.225
ekstensometer (ny);17.12.2022 13:00:07;747.225
ekstensometer (ny);17.12.2022 14:00:07;747.225
ekstensometer (ny);17.12.2022 15:00:07;747.225
ekstensometer (ny);17.12.2022 16:00:07;747.225
ekstensometer (ny);17.12.2022 17:00:07;747.225
ekstensometer (ny);17.12.2022 18:00:07;747.225
ekstensometer (ny);17.12.2022 19:00:06;746.662
ekstensometer (ny);17.12.2022 20:00:07;746.662
ekstensometer (ny);17.12.2022 21:00:07;747.000
ekstensometer (ny);17.12.2022 22:00:07;746.775
ekstensometer (ny);17.12.2022 23:00:07;747.225
ekstensometer (ny);18.12.2022 00:00:07;747.225
ekstensometer (ny);18.12.2022 01:00:07;747.225
ekstensometer (ny);18.12.2022 02:00:07;746.662
ekstensometer (ny);18.12.2022 03:00:07;746.662
ekstensometer (ny);18.12.2022 04:00:07;746.662
ekstensometer (ny);18.12.2022 05:00:07;746.662
ekstensometer (ny);18.12.2022 06:00:08;747.225
ekstensometer (ny);18.12.2022 07:00:07;746.100
ekstensometer (ny);18.12.2022 08:00:07;746.662
ekstensometer (ny);18.12.2022 09:00:07;746.662
ekstensometer (ny);18.12.2022 10:00:07;746.662
ekstensometer (ny);18.12.2022 11:00:07;746.662
ekstensometer (ny);18.12.2022 12:00:07;746.662
ekstensometer (ny);18.12.2022 13:00:08;746.662
ekstensometer (ny);18.12.2022 14:00:07;746.662
ekstensometer (ny);18.12.2022 15:00:07;746.662
ekstensometer (ny);18.12.2022 16:00:07;746.662
ekstensometer (ny);18.12.2022 17:00:07;746.662
ekstensometer (ny);18.12.2022 18:00:07;746.662
ekstensometer (ny);18.12.2022 19:00:07;746.662
ekstensometer (ny);18.12.2022 20:00:08;746.662
ekstensometer (ny);18.12.2022 21:00:07;746.662
ekstensometer (ny);18.12.2022 22:00:07;746.662
ekstensometer (ny);18.12.2022 23:00:07;746.662
ekstensometer (ny);19.12.2022 00:00:07;746.662
ekstensometer (ny);19.12.2022 01:00:07;746.662
ekstensometer (ny);19.12.2022 02:00:27;746.662
ekstensometer (ny);19.12.2022 03:00:07;746.662
ekstensometer (ny);19.12.2022 04:00:06;746.662
ekstensometer (ny);19.12.2022 05:00:07;746.662
ekstensometer (ny);19.12.2022 06:00:07;746.662
ekstensometer (ny);19.12.2022 07:00:07;746.662
ekstensometer (ny);19.12.2022 08:00:07;746.662
ekstensometer (ny);19.12.2022 09:00:07;746.662
ekstensometer (ny);19.12.2022 10:00:07;746.662
ekstensometer (ny);19.12.2022 11:00:07;746.662
ekstensometer (ny);19.12.2022 12:00:07;746.662
ekstensometer (ny);19.12.2022 13:00:07;746.662
ekstensometer (ny);19.12.2022 14:00:17;746.662
ekstensometer (ny);19.12.2022 15:00:07;746.662
ekstensometer (ny);19.12.2022 16:00:07;746.662
ekstensometer (ny);19.12.2022 17:00:07;746.662
ekstensometer (ny);19.12.2022 18:00:07;746.662
ekstensometer (ny);19.12.2022 19:00:07;746.662
ekstensometer (ny);19.12.2022 20:00:07;746.662
ekstensometer (ny);19.12.2022 21:00:08;746.662
ekstensometer (ny);19.12.2022 22:00:07;746.662
ekstensometer (ny);19.12.2022 23:00:06;746.662
ekstensometer (ny);20.12.2022 00:00:07;746.662
ekstensometer (ny);20.12.2022 01:00:07;746.550
ekstensometer (ny);20.12.2022 02:00:07;746.550
ekstensometer (ny);20.12.2022 03:00:07;746.550
ekstensometer (ny);20.12.2022 04:00:07;746.550
ekstensometer (ny);20.12.2022 05:00:08;746.550
ekstensometer (ny);20.12.2022 06:00:07;745.987
ekstensometer (ny);20.12.2022 07:00:07;745.987
ekstensometer (ny);20.12.2022 08:00:07;746.325
ekstensometer (ny);20.12.2022 09:00:07;746.213
ekstensometer (ny);20.12.2022 10:00:07;745.987
ekstensometer (ny);20.12.2022 11:00:07;746.325
ekstensometer (ny);20.12.2022 12:00:07;745.987
ekstensometer (ny);20.12.2022 13:00:07;745.987
ekstensometer (ny);20.12.2022 14:00:07;745.987
ekstensometer (ny);20.12.2022 15:00:07;745.987
ekstensometer (ny);20.12.2022 16:00:08;745.987
ekstensometer (ny);20.12.2022 17:00:07;745.987
ekstensometer (ny);20.12.2022 18:00:06;745.987
ekstensometer (ny);20.12.2022 19:00:07;745.987
ekstensometer (ny);20.12.2022 20:00:07;745.987
ekstensometer (ny);20.12.2022 21:00:07;745.987
ekstensometer (ny);20.12.2022 22:00:07;745.987
ekstensometer (ny);20.12.2022 23:00:08;745.987
ekstensometer (ny);21.12.2022 00:00:07;745.987
ekstensometer (ny);21.12.2022 01:00:06;745.987
ekstensometer (ny);21.12.2022 02:00:07;745.987
ekstensometer (ny);21.12.2022 03:00:07;745.987
ekstensometer (ny);21.12.2022 04:00:07;745.987
ekstensometer (ny);21.12.2022 05:00:07;745.987
ekstensometer (ny);21.12.2022 06:00:08;745.987
ekstensometer (ny);21.12.2022 07:00:07;745.987
ekstensometer (ny);21.12.2022 08:00:07;745.987
ekstensometer (ny);21.12.2022 09:00:07;745.987
ekstensometer (ny);21.12.2022 10:00:07;746.100
ekstensometer (ny);21.12.2022 11:00:07;745.987
ekstensometer (ny);21.12.2022 12:00:07;745.987
ekstensometer (ny);21.12.2022 13:00:08;745.987
ekstensometer (ny);21.12.2022 14:00:07;745.987
ekstensometer (ny);21.12.2022 15:00:07;745.987
ekstensometer (ny);21.12.2022 16:00:07;745.987
ekstensometer (ny);21.12.2022 17:00:07;745.987
ekstensometer (ny);21.12.2022 18:00:07;745.987
ekstensometer (ny);21.12.2022 19:00:07;745.987
ekstensometer (ny);21.12.2022 20:00:08;745.987
ekstensometer (ny);21.12.2022 21:00:07;745.987
ekstensometer (ny);21.12.2022 22:00:07;746.100
ekstensometer (ny);21.12.2022 23:00:07;745.987
ekstensometer (ny);22.12.2022 00:00:07;745.987
ekstensometer (ny);22.12.2022 01:00:07;746.100
ekstensometer (ny);22.12.2022 02:00:07;745.987
ekstensometer (ny);23.12.2022 07:00:25;747.900
ekstensometer (ny);23.12.2022 08:00:07;747.787
ekstensometer (ny);23.12.2022 09:00:06;747.787
ekstensometer (ny);23.12.2022 10:00:07;747.900
ekstensometer (ny);23.12.2022 11:00:07;748.463
ekstensometer (ny);23.12.2022 12:00:07;748.463
ekstensometer (ny);23.12.2022 13:00:08;748.463
ekstensometer (ny);23.12.2022 14:00:07;748.463
ekstensometer (ny);23.12.2022 15:00:06;748.350
ekstensometer (ny);23.12.2022 16:00:07;748.350
ekstensometer (ny);23.12.2022 17:00:07;748.463
ekstensometer (ny);23.12.2022 18:00:07;748.463
ekstensometer (ny);23.12.2022 19:00:07;748.350
ekstensometer (ny);23.12.2022 20:00:08;748.350
ekstensometer (ny);23.12.2022 21:00:07;748.463
ekstensometer (ny);23.12.2022 22:00:07;748.463
ekstensometer (ny);23.12.2022 23:00:07;748.463
ekstensometer (ny);24.12.2022 00:00:07;748.463
ekstensometer (ny);24.12.2022 01:00:07;748.463
ekstensometer (ny);24.12.2022 02:00:07;748.463
ekstensometer (ny);24.12.2022 03:00:07;748.463
ekstensometer (ny);24.12.2022 04:00:07;748.463
ekstensometer (ny);24.12.2022 05:00:07;748.463
ekstensometer (ny);24.12.2022 06:00:07;748.463
ekstensometer (ny);24.12.2022 07:00:08;748.463
ekstensometer (ny);24.12.2022 08:00:07;748.463
ekstensometer (ny);24.12.2022 09:00:07;748.125
ekstensometer (ny);24.12.2022 10:00:07;748.125
ekstensometer (ny);24.12.2022 11:00:07;747.900
ekstensometer (ny);24.12.2022 12:00:07;747.900
ekstensometer (ny);24.12.2022 13:00:07;748.350
ekstensometer (ny);24.12.2022 14:00:06;748.125
ekstensometer (ny);24.12.2022 15:00:07;747.900
ekstensometer (ny);24.12.2022 16:00:07;748.350
ekstensometer (ny);24.12.2022 17:00:07;747.900
ekstensometer (ny);24.12.2022 18:00:07;747.900
ekstensometer (ny);24.12.2022 19:00:07;747.900
ekstensometer (ny);24.12.2022 20:00:07;747.900
ekstensometer (ny);24.12.2022 21:00:07;747.900
ekstensometer (ny);24.12.2022 22:00:07;747.900
ekstensometer (ny);24.12.2022 23:00:07;747.900
ekstensometer (ny);25.12.2022 00:00:07;747.900
ekstensometer (ny);25.12.2022 01:00:07;747.900
ekstensometer (ny);25.12.2022 02:00:08;748.463
ekstensometer (ny);25.12.2022 03:00:07;747.900
ekstensometer (ny);25.12.2022 04:00:07;747.787
ekstensometer (ny);25.12.2022 05:00:07;747.787
ekstensometer (ny);25.12.2022 06:00:07;747.787
ekstensometer (ny);25.12.2022 07:00:07;747.787
ekstensometer (ny);25.12.2022 08:00:07;747.787
ekstensometer (ny);25.12.2022 09:00:08;747.787
ekstensometer (ny);25.12.2022 10:00:07;747.225
ekstensometer (ny);25.12.2022 11:00:07;747.225
ekstensometer (ny);25.12.2022 12:00:07;747.225
ekstensometer (ny);25.12.2022 13:00:07;747.225
ekstensometer (ny);25.12.2022 14:00:07;747.225
ekstensometer (ny);25.12.2022 15:00:07;747.225
ekstensometer (ny);25.12.2022 16:00:07;747.225
ekstensometer (ny);25.12.2022 17:00:07;747.112
ekstensometer (ny);25.12.2022 18:00:07;747.112
ekstensometer (ny);25.12.2022 19:00:07;747.112
ekstensometer (ny);25.12.2022 20:00:07;747.112
ekstensometer (ny);25.12.2022 21:00:07;747.112
ekstensometer (ny);25.12.2022 22:00:07;747.112
ekstensometer (ny);25.12.2022 23:00:07;747.112
ekstensometer (ny);26.12.2022 00:00:07;747.112
ekstensometer (ny);26.12.2022 01:00:07;747.112
ekstensometer (ny);26.12.2022 02:00:07;747.112
ekstensometer (ny);26.12.2022 03:00:07;747.112
ekstensometer (ny);26.12.2022 04:00:08;747.112
ekstensometer (ny);26.12.2022 05:00:07;747.112
ekstensometer (ny);26.12.2022 06:00:07;747.112
ekstensometer (ny);26.12.2022 07:00:07;747.112
ekstensometer (ny);19.01.2023 13:41:01;747.787
ekstensometer (ny);19.01.2023 13:47:46;747.787
ekstensometer (ny);19.01.2023 14:00:08;747.787
ekstensometer (ny);19.01.2023 15:00:09;747.900
ekstensometer (ny);19.01.2023 16:00:09;748.463
ekstensometer (ny);19.01.2023 17:00:09;748.463
ekstensometer (ny);19.01.2023 18:00:09;748.463
ekstensometer (ny);19.01.2023 19:00:09;748.463
ekstensometer (ny);19.01.2023 20:00:08;748.463
ekstensometer (ny);19.01.2023 21:00:09;748.688
ekstensometer (ny);19.01.2023 22:00:09;748.575
ekstensometer (ny);19.01.2023 23:00:09;748.575
ekstensometer (ny);20.01.2023 00:00:09;748.575
ekstensometer (ny);20.01.2023 01:00:08;748.575
ekstensometer (ny);20.01.2023 02:00:09;748.575
ekstensometer (ny);20.01.2023 03:00:09;748.575
ekstensometer (ny);20.01.2023 04:00:08;748.575
ekstensometer (ny);20.01.2023 05:00:09;748.575
ekstensometer (ny);20.01.2023 06:00:09;748.575
ekstensometer (ny);20.01.2023 07:00:09;748.575
ekstensometer (ny);20.01.2023 08:00:09;748.575
ekstensometer (ny);20.01.2023 09:00:09;748.575
ekstensometer (ny);20.01.2023 10:00:09;748.575
ekstensometer (ny);20.01.2023 11:00:08;748.575
ekstensometer (ny);20.01.2023 12:00:09;748.575
ekstensometer (ny);20.01.2023 13:00:09;748.463
ekstensometer (ny);20.01.2023 14:00:08;748.575
ekstensometer (ny);20.01.2023 15:00:09;748.575
ekstensometer (ny);20.01.2023 16:00:09;748.575
ekstensometer (ny);20.01.2023 17:00:08;748.575
ekstensometer (ny);20.01.2023 18:00:09;748.575
ekstensometer (ny);20.01.2023 19:00:09;748.575
ekstensometer (ny);20.01.2023 20:00:08;748.463
ekstensometer (ny);20.01.2023 21:00:09;748.575
ekstensometer (ny);20.01.2023 22:00:09;748.463
ekstensometer (ny);20.01.2023 23:00:09;748.575
ekstensometer (ny);21.01.2023 00:00:09;748.575
ekstensometer (ny);21.01.2023 01:00:09;748.575
ekstensometer (ny);21.01.2023 02:00:08;748.575
ekstensometer (ny);21.01.2023 03:00:09;748.463
ekstensometer (ny);21.01.2023 04:00:09;748.463
ekstensometer (ny);21.01.2023 05:00:09;748.463
ekstensometer (ny);21.01.2023 06:00:09;748.463
ekstensometer (ny);21.01.2023 07:00:09;748.463
ekstensometer (ny);21.01.2023 08:00:09;748.463
ekstensometer (ny);21.01.2023 09:00:09;748.463
ekstensometer (ny);21.01.2023 10:00:09;748.463
ekstensometer (ny);21.01.2023 11:00:09;748.350
ekstensometer (ny);21.01.2023 12:00:09;748.350
ekstensometer (ny);21.01.2023 13:00:09;748.350
ekstensometer (ny);21.01.2023 14:00:09;748.350
ekstensometer (ny);21.01.2023 15:00:09;748.350
ekstensometer (ny);21.01.2023 16:00:09;748.350
ekstensometer (ny);21.01.2023 17:00:09;748.350
ekstensometer (ny);21.01.2023 18:00:08;748.350
ekstensometer (ny);21.01.2023 19:00:09;748.350
ekstensometer (ny);21.01.2023 20:00:09;748.350
ekstensometer (ny);21.01.2023 21:00:08;748.350
ekstensometer (ny);21.01.2023 22:00:09;748.463
ekstensometer (ny);21.01.2023 23:00:09;748.463
ekstensometer (ny);22.01.2023 00:00:08;748.350
ekstensometer (ny);22.01.2023 01:00:09;748.463
ekstensometer (ny);22.01.2023 02:00:09;748.463
ekstensometer (ny);22.01.2023 03:00:09;748.463
ekstensometer (ny);22.01.2023 04:00:09;748.463
ekstensometer (ny);22.01.2023 05:00:09;748.463
ekstensometer (ny);22.01.2023 06:00:09;748.463
ekstensometer (ny);22.01.2023 07:00:09;748.463
ekstensometer (ny);22.01.2023 08:00:09;748.350
ekstensometer (ny);22.01.2023 09:00:09;748.463
ekstensometer (ny);22.01.2023 10:00:09;748.350
ekstensometer (ny);22.01.2023 11:00:09;748.350
ekstensometer (ny);22.01.2023 12:00:09;748.350
ekstensometer (ny);22.01.2023 13:00:09;748.350
ekstensometer (ny);22.01.2023 14:00:29;748.350
ekstensometer (ny);22.01.2023 15:00:09;748.350
ekstensometer (ny);22.01.2023 16:00:09;748.350
ekstensometer (ny);22.01.2023 17:00:08;748.350
ekstensometer (ny);22.01.2023 18:00:09;748.350
ekstensometer (ny);22.01.2023 19:00:09;748.350
ekstensometer (ny);22.01.2023 20:00:08;748.350
ekstensometer (ny);22.01.2023 21:00:09;748.350
ekstensometer (ny);22.01.2023 22:00:09;748.350
ekstensometer (ny);22.01.2023 23:00:08;748.350
ekstensometer (ny);23.01.2023 00:00:09;748.350
ekstensometer (ny);23.01.2023 01:00:09;748.350
ekstensometer (ny);23.01.2023 02:00:08;748.350
ekstensometer (ny);23.01.2023 03:00:09;748.350
ekstensometer (ny);23.01.2023 04:00:09;748.350
ekstensometer (ny);23.01.2023 05:00:08;748.350
ekstensometer (ny);23.01.2023 06:00:09;748.350
ekstensometer (ny);23.01.2023 07:00:09;748.350
ekstensometer (ny);23.01.2023 08:00:09;748.350
ekstensometer (ny);23.01.2023 09:00:09;748.350
ekstensometer (ny);23.01.2023 10:00:09;748.350
ekstensometer (ny);23.01.2023 11:00:09;748.350
ekstensometer (ny);23.01.2023 12:00:08;748.350
ekstensometer (ny);23.01.2023 13:00:09;748.350
ekstensometer (ny);23.01.2023 14:00:09;748.350
ekstensometer (ny);23.01.2023 15:00:08;748.350
ekstensometer (ny);23.01.2023 16:00:09;748.350
ekstensometer (ny);23.01.2023 17:00:09;748.350
ekstensometer (ny);23.01.2023 18:00:09;748.350
ekstensometer (ny);23.01.2023 19:00:09;748.350
ekstensometer (ny);23.01.2023 20:00:09;748.237
ekstensometer (ny);23.01.2023 21:00:09;748.237
ekstensometer (ny);23.01.2023 22:00:09;748.237
ekstensometer (ny);23.01.2023 23:00:09;748.237
ekstensometer (ny);24.01.2023 00:00:09;748.237
ekstensometer (ny);24.01.2023 01:00:09;747.675
ekstensometer (ny);24.01.2023 02:00:08;747.675
ekstensometer (ny);24.01.2023 03:00:09;747.675
ekstensometer (ny);24.01.2023 04:00:09;747.675
ekstensometer (ny);24.01.2023 05:00:09;747.675
ekstensometer (ny);24.01.2023 06:00:09;747.787
ekstensometer (ny);24.01.2023 07:00:09;747.675
ekstensometer (ny);24.01.2023 08:00:08;747.787
ekstensometer (ny);24.01.2023 09:00:09;747.675
ekstensometer (ny);24.01.2023 10:00:09;747.675
ekstensometer (ny);24.01.2023 11:00:09;747.675
ekstensometer (ny);24.01.2023 12:00:09;747.787
ekstensometer (ny);24.01.2023 13:00:09;747.675
ekstensometer (ny);24.01.2023 14:00:09;747.675
ekstensometer (ny);24.01.2023 15:00:08;747.787
ekstensometer (ny);24.01.2023 16:00:09;747.675
ekstensometer (ny);24.01.2023 17:00:09;747.675
ekstensometer (ny);24.01.2023 18:00:09;747.675
ekstensometer (ny);24.01.2023 19:00:09;747.675
ekstensometer (ny);24.01.2023 20:00:09;747.675
ekstensometer (ny);24.01.2023 21:00:09;747.675
ekstensometer (ny);24.01.2023 22:00:09;747.675
ekstensometer (ny);24.01.2023 23:00:09;747.675
ekstensometer (ny);25.01.2023 00:00:08;747.787
ekstensometer (ny);25.01.2023 01:00:09;747.787
ekstensometer (ny);25.01.2023 02:00:09;747.787
ekstensometer (ny);25.01.2023 03:00:09;747.787
ekstensometer (ny);25.01.2023 04:00:09;747.787
ekstensometer (ny);25.01.2023 05:00:09;747.787
ekstensometer (ny);25.01.2023 06:00:09;747.787
ekstensometer (ny);25.01.2023 07:00:09;748.350
ekstensometer (ny);25.01.2023 08:00:09;747.787
ekstensometer (ny);25.01.2023 09:00:09;747.787
ekstensometer (ny);25.01.2023 10:00:08;747.787
ekstensometer (ny);25.01.2023 11:00:09;747.787
ekstensometer (ny);25.01.2023 12:00:09;747.787
ekstensometer (ny);25.01.2023 13:00:08;747.787
ekstensometer (ny);25.01.2023 14:00:09;747.787
ekstensometer (ny);25.01.2023 15:00:30;747.787
ekstensometer (ny);25.01.2023 16:00:09;747.787
ekstensometer (ny);25.01.2023 17:00:08;747.787
ekstensometer (ny);25.01.2023 18:00:09;747.787
ekstensometer (ny);25.01.2023 19:00:09;747.787
ekstensometer (ny);25.01.2023 20:00:08;747.787
ekstensometer (ny);25.01.2023 21:00:09;747.787
ekstensometer (ny);25.01.2023 22:00:09;747.787
ekstensometer (ny);25.01.2023 23:00:08;747.787
ekstensometer (ny);26.01.2023 00:00:09;747.787
ekstensometer (ny);26.01.2023 01:00:09;747.787
ekstensometer (ny);26.01.2023 02:00:08;747.787
ekstensometer (ny);26.01.2023 03:00:09;747.787
ekstensometer (ny);26.01.2023 04:00:09;747.787
ekstensometer (ny);26.01.2023 05:00:08;747.787
ekstensometer (ny);26.01.2023 06:00:09;747.787
ekstensometer (ny);26.01.2023 07:00:09;747.787
ekstensometer (ny);26.01.2023 08:00:09;747.787
ekstensometer (ny);26.01.2023 09:00:09;747.787
ekstensometer (ny);26.01.2023 10:00:09;747.787
ekstensometer (ny);26.01.2023 11:00:09;747.787
ekstensometer (ny);26.01.2023 12:00:09;747.787
ekstensometer (ny);26.01.2023 13:00:09;747.787
ekstensometer (ny);26.01.2023 14:00:09;747.787
ekstensometer (ny);26.01.2023 15:00:09;748.125
ekstensometer (ny);26.01.2023 16:00:09;747.787
ekstensometer (ny);26.01.2023 17:00:09;748.013
ekstensometer (ny);26.01.2023 18:00:08;748.463
ekstensometer (ny);26.01.2023 19:00:09;748.463
ekstensometer (ny);26.01.2023 20:00:09;748.463
ekstensometer (ny);26.01.2023 21:00:08;748.463
ekstensometer (ny);26.01.2023 22:00:09;748.463
ekstensometer (ny);26.01.2023 23:00:09;748.463
ekstensometer (ny);27.01.2023 00:00:08;748.463
ekstensometer (ny);27.01.2023 01:00:09;748.463
ekstensometer (ny);27.01.2023 02:00:09;748.463
ekstensometer (ny);27.01.2023 03:00:09;748.463
ekstensometer (ny);27.01.2023 04:00:09;748.350
ekstensometer (ny);27.01.2023 05:00:09;748.350
ekstensometer (ny);27.01.2023 06:00:09;748.463
ekstensometer (ny);27.01.2023 07:00:09;748.350
ekstensometer (ny);27.01.2023 08:00:09;748.350
ekstensometer (ny);27.01.2023 09:00:09;748.350
ekstensometer (ny);27.01.2023 10:00:09;748.350
ekstensometer (ny);27.01.2023 11:00:09;748.350
ekstensometer (ny);27.01.2023 12:00:09;748.350
ekstensometer (ny);27.01.2023 13:00:08;748.350
ekstensometer (ny);27.01.2023 14:00:09;748.350
ekstensometer (ny);27.01.2023 15:00:10;748.350
ekstensometer (ny);27.01.2023 16:00:09;748.350
ekstensometer (ny);27.01.2023 17:00:09;748.350
ekstensometer (ny);27.01.2023 18:00:09;748.350
ekstensometer (ny);27.01.2023 19:00:09;748.350
ekstensometer (ny);27.01.2023 20:00:09;748.350
ekstensometer (ny);27.01.2023 21:00:09;748.350
ekstensometer (ny);27.01.2023 22:00:09;748.350
ekstensometer (ny);27.01.2023 23:00:08;748.350
ekstensometer (ny);28.01.2023 00:00:09;748.350
ekstensometer (ny);28.01.2023 01:00:09;748.350
ekstensometer (ny);28.01.2023 02:00:09;748.350
ekstensometer (ny);28.01.2023 03:00:09;748.350
ekstensometer (ny);28.01.2023 04:00:09;748.350
ekstensometer (ny);28.01.2023 05:00:08;748.350
ekstensometer (ny);28.01.2023 06:00:09;748.350
ekstensometer (ny);28.01.2023 07:00:09;748.350
ekstensometer (ny);28.01.2023 08:00:09;748.350
ekstensometer (ny);28.01.2023 09:00:09;748.350
ekstensometer (ny);28.01.2023 10:00:09;748.350
ekstensometer (ny);28.01.2023 11:00:09;748.350
ekstensometer (ny);28.01.2023 12:00:08;748.463
ekstensometer (ny);28.01.2023 13:00:09;748.350
ekstensometer (ny);28.01.2023 14:00:43;748.350
ekstensometer (ny);28.01.2023 15:00:09;748.350
ekstensometer (ny);28.01.2023 16:00:08;748.350
ekstensometer (ny);28.01.2023 17:00:09;748.350
ekstensometer (ny);28.01.2023 18:00:09;748.350
ekstensometer (ny);28.01.2023 19:00:09;748.350
ekstensometer (ny);28.01.2023 20:00:09;748.350
ekstensometer (ny);28.01.2023 21:00:09;748.350
ekstensometer (ny);28.01.2023 22:00:09;748.350
ekstensometer (ny);28.01.2023 23:00:09;748.350
ekstensometer (ny);29.01.2023 00:00:09;748.350
ekstensometer (ny);29.01.2023 01:00:09;748.350
ekstensometer (ny);29.01.2023 02:00:09;748.350
ekstensometer (ny);29.01.2023 03:00:08;748.350
ekstensometer (ny);29.01.2023 04:00:09;748.350
ekstensometer (ny);29.01.2023 05:00:09;748.350
ekstensometer (ny);29.01.2023 06:00:09;748.350
ekstensometer (ny);29.01.2023 07:00:09;748.350
ekstensometer (ny);29.01.2023 08:00:09;748.350
ekstensometer (ny);29.01.2023 09:00:09;748.350
ekstensometer (ny);29.01.2023 10:00:08;748.350
ekstensometer (ny);29.01.2023 11:00:09;748.912
ekstensometer (ny);29.01.2023 12:00:09;748.350
ekstensometer (ny);29.01.2023 13:00:08;748.912
ekstensometer (ny);29.01.2023 14:00:09;748.350
ekstensometer (ny);29.01.2023 15:00:09;748.350
ekstensometer (ny);29.01.2023 16:00:09;748.350
ekstensometer (ny);29.01.2023 17:00:08;747.787
ekstensometer (ny);29.01.2023 18:00:09;748.350
ekstensometer (ny);29.01.2023 19:00:19;748.350
ekstensometer (ny);29.01.2023 20:00:09;748.350
ekstensometer (ny);29.01.2023 21:00:09;748.350
ekstensometer (ny);29.01.2023 22:00:09;748.912
ekstensometer (ny);29.01.2023 23:00:09;748.350
ekstensometer (ny);30.01.2023 00:00:09;748.912
ekstensometer (ny);30.01.2023 01:00:09;748.350
ekstensometer (ny);30.01.2023 02:00:09;748.912
ekstensometer (ny);30.01.2023 03:00:09;748.350
ekstensometer (ny);30.01.2023 04:00:08;748.912
ekstensometer (ny);30.01.2023 05:00:09;748.350
ekstensometer (ny);30.01.2023 06:00:09;748.912
ekstensometer (ny);30.01.2023 07:00:09;748.350
ekstensometer (ny);30.01.2023 08:00:09;748.350
ekstensometer (ny);30.01.2023 09:00:09;748.350
ekstensometer (ny);30.01.2023 10:00:09;748.350
ekstensometer (ny);30.01.2023 11:00:09;748.350
ekstensometer (ny);30.01.2023 12:00:09;748.350
ekstensometer (ny);30.01.2023 13:00:09;748.350
ekstensometer (ny);30.01.2023 14:00:09;748.912
ekstensometer (ny);30.01.2023 15:00:09;748.350
ekstensometer (ny);30.01.2023 16:00:09;748.350
ekstensometer (ny);30.01.2023 17:00:08;748.912
ekstensometer (ny);30.01.2023 18:00:09;748.912
ekstensometer (ny);30.01.2023 19:00:09;748.912
ekstensometer (ny);30.01.2023 20:00:09;748.912
ekstensometer (ny);30.01.2023 21:00:09;748.912
ekstensometer (ny);30.01.2023 22:00:09;748.912
ekstensometer (ny);30.01.2023 23:00:09;748.912
ekstensometer (ny);31.01.2023 00:00:09;748.912
ekstensometer (ny);31.01.2023 01:00:09;749.025
ekstensometer (ny);31.01.2023 02:00:09;749.025
ekstensometer (ny);31.01.2023 03:00:09;749.025
ekstensometer (ny);31.01.2023 04:00:09;749.025
ekstensometer (ny);31.01.2023 05:00:09;749.025
ekstensometer (ny);31.01.2023 06:00:09;749.025
ekstensometer (ny);31.01.2023 07:00:09;748.912
ekstensometer (ny);31.01.2023 08:00:09;749.025
ekstensometer (ny);31.01.2023 09:00:08;749.025
ekstensometer (ny);31.01.2023 10:00:09;748.912
ekstensometer (ny);31.01.2023 11:00:09;748.912
ekstensometer (ny);31.01.2023 12:00:10;748.912
ekstensometer (ny);31.01.2023 13:00:09;748.912
ekstensometer (ny);31.01.2023 14:00:09;748.912
ekstensometer (ny);31.01.2023 15:00:31;748.912
ekstensometer (ny);31.01.2023 16:00:08;748.912
ekstensometer (ny);31.01.2023 17:00:09;748.912
ekstensometer (ny);31.01.2023 18:00:09;748.912
ekstensometer (ny);31.01.2023 19:00:09;748.912
ekstensometer (ny);31.01.2023 20:00:09;748.912
ekstensometer (ny);31.01.2023 21:00:09;748.350
ekstensometer (ny);31.01.2023 22:00:08;748.350
ekstensometer (ny);31.01.2023 23:00:09;748.350
ekstensometer (ny);01.02.2023 00:00:09;748.350
ekstensometer (ny);01.02.2023 01:00:09;748.350
ekstensometer (ny);01.02.2023 02:00:09;748.350
ekstensometer (ny);01.02.2023 03:00:09;748.350
ekstensometer (ny);01.02.2023 04:00:08;748.912
ekstensometer (ny);01.02.2023 05:00:09;748.912
ekstensometer (ny);01.02.2023 06:00:09;748.912
ekstensometer (ny);01.02.2023 07:00:08;748.912
ekstensometer (ny);01.02.2023 08:00:09;748.912
ekstensometer (ny);01.02.2023 09:00:09;748.912
ekstensometer (ny);01.02.2023 10:00:09;748.912
ekstensometer (ny);01.02.2023 11:00:09;748.912
ekstensometer (ny);01.02.2023 12:00:09;748.800
ekstensometer (ny);01.02.2023 13:00:09;748.912
ekstensometer (ny);01.02.2023 14:00:08;748.912
ekstensometer (ny);01.02.2023 15:00:09;748.912
ekstensometer (ny);01.02.2023 16:00:09;748.912
ekstensometer (ny);01.02.2023 17:00:09;748.912
ekstensometer (ny);01.02.2023 18:00:09;748.912
ekstensometer (ny);01.02.2023 19:00:09;748.912
ekstensometer (ny);01.02.2023 20:00:09;748.912
ekstensometer (ny);01.02.2023 21:00:09;748.912
ekstensometer (ny);01.02.2023 22:00:09;748.912
ekstensometer (ny);01.02.2023 23:00:09;748.912
ekstensometer (ny);02.02.2023 00:00:09;748.912
ekstensometer (ny);02.02.2023 01:00:09;749.025
ekstensometer (ny);02.02.2023 02:00:08;749.025
ekstensometer (ny);02.02.2023 03:00:09;748.912
ekstensometer (ny);02.02.2023 04:00:09;749.025
ekstensometer (ny);02.02.2023 05:00:08;748.912
ekstensometer (ny);02.02.2023 06:00:09;748.912
ekstensometer (ny);02.02.2023 07:00:09;749.025
ekstensometer (ny);02.02.2023 08:00:09;749.025
ekstensometer (ny);02.02.2023 09:00:09;749.588
ekstensometer (ny);02.02.2023 10:00:09;749.588
ekstensometer (ny);02.02.2023 11:00:09;749.588
ekstensometer (ny);02.02.2023 12:00:09;749.588
ekstensometer (ny);02.02.2023 13:00:09;749.588
ekstensometer (ny);02.02.2023 14:00:09;749.588
ekstensometer (ny);02.02.2023 15:00:09;749.588
ekstensometer (ny);02.02.2023 16:00:09;749.588
ekstensometer (ny);02.02.2023 17:00:09;749.588
ekstensometer (ny);02.02.2023 18:00:09;749.588
ekstensometer (ny);02.02.2023 19:00:09;749.588
ekstensometer (ny);02.02.2023 20:00:09;749.588
ekstensometer (ny);02.02.2023 21:00:08;749.025
ekstensometer (ny);02.02.2023 22:00:09;749.025
ekstensometer (ny);02.02.2023 23:00:09;748.912
ekstensometer (ny);03.02.2023 00:00:08;749.025
ekstensometer (ny);03.02.2023 01:00:08;749.025
ekstensometer (ny);03.02.2023 02:00:09;749.025
ekstensometer (ny);03.02.2023 03:00:09;749.025
ekstensometer (ny);03.02.2023 04:00:10;749.025
ekstensometer (ny);03.02.2023 05:00:09;749.025
ekstensometer (ny);03.02.2023 06:00:09;749.025
ekstensometer (ny);03.02.2023 07:00:09;749.025
ekstensometer (ny);03.02.2023 08:00:09;749.025
ekstensometer (ny);03.02.2023 09:00:09;749.025
ekstensometer (ny);03.02.2023 10:00:09;749.025
ekstensometer (ny);03.02.2023 11:00:09;749.025
ekstensometer (ny);03.02.2023 12:00:09;749.025
ekstensometer (ny);03.02.2023 13:00:09;749.025
ekstensometer (ny);03.02.2023 14:00:08;749.025
ekstensometer (ny);03.02.2023 15:00:09;749.025
ekstensometer (ny);03.02.2023 16:00:30;749.025
ekstensometer (ny);03.02.2023 17:00:08;749.025
ekstensometer (ny);03.02.2023 18:00:09;749.025
ekstensometer (ny);03.02.2023 19:00:09;749.138
ekstensometer (ny);03.02.2023 20:00:09;749.138
ekstensometer (ny);03.02.2023 21:00:09;749.138
ekstensometer (ny);03.02.2023 22:00:09;749.138
ekstensometer (ny);03.02.2023 23:00:09;749.138
ekstensometer (ny);04.02.2023 00:00:08;749.138
ekstensometer (ny);04.02.2023 01:00:09;749.138
ekstensometer (ny);04.02.2023 02:00:09;749.138
ekstensometer (ny);04.02.2023 03:00:08;749.025
ekstensometer (ny);04.02.2023 04:00:09;749.025
ekstensometer (ny);04.02.2023 05:00:09;749.025
ekstensometer (ny);04.02.2023 06:00:09;749.025
ekstensometer (ny);04.02.2023 07:00:09;749.025
ekstensometer (ny);04.02.2023 08:00:09;749.025
ekstensometer (ny);04.02.2023 09:00:09;748.912
ekstensometer (ny);04.02.2023 10:00:09;748.912
ekstensometer (ny);04.02.2023 11:00:09;748.912
ekstensometer (ny);04.02.2023 12:00:09;748.800
ekstensometer (ny);04.02.2023 13:00:09;748.800
ekstensometer (ny);04.02.2023 14:00:09;748.800
ekstensometer (ny);04.02.2023 15:00:09;748.912
ekstensometer (ny);04.02.2023 16:00:08;748.912
ekstensometer (ny);04.02.2023 17:00:09;748.912
ekstensometer (ny);04.02.2023 18:00:09;748.912
ekstensometer (ny);04.02.2023 19:00:08;748.912
ekstensometer (ny);04.02.2023 20:00:09;748.912
ekstensometer (ny);04.02.2023 21:00:09;748.912
ekstensometer (ny);04.02.2023 22:00:09;748.912
ekstensometer (ny);04.02.2023 23:00:09;748.800
ekstensometer (ny);05.02.2023 00:00:09;748.912
ekstensometer (ny);05.02.2023 01:00:09;748.912
ekstensometer (ny);05.02.2023 02:00:09;748.800
ekstensometer (ny);05.02.2023 03:00:09;748.800
ekstensometer (ny);05.02.2023 04:00:09;748.912
ekstensometer (ny);05.02.2023 05:00:08;748.912
ekstensometer (ny);05.02.2023 06:00:09;748.912
ekstensometer (ny);05.02.2023 07:00:09;748.912
ekstensometer (ny);05.02.2023 08:00:09;748.912
ekstensometer (ny);05.02.2023 09:00:09;748.800
ekstensometer (ny);05.02.2023 10:00:10;748.800
ekstensometer (ny);05.02.2023 11:00:08;748.800
ekstensometer (ny);05.02.2023 12:00:09;748.800
ekstensometer (ny);05.02.2023 13:00:09;748.800
ekstensometer (ny);05.02.2023 14:00:09;748.800
ekstensometer (ny);05.02.2023 15:00:09;748.800
ekstensometer (ny);05.02.2023 16:00:09;748.800
ekstensometer (ny);05.02.2023 17:00:09;748.800
ekstensometer (ny);05.02.2023 18:00:08;748.800
ekstensometer (ny);05.02.2023 19:00:09;748.800
ekstensometer (ny);05.02.2023 20:00:09;748.800
ekstensometer (ny);05.02.2023 21:00:08;748.800
ekstensometer (ny);05.02.2023 22:00:09;748.800
ekstensometer (ny);05.02.2023 23:00:09;748.800
ekstensometer (ny);06.02.2023 00:00:08;748.800
ekstensometer (ny);06.02.2023 01:00:09;748.800
ekstensometer (ny);06.02.2023 02:00:09;748.800
ekstensometer (ny);06.02.2023 03:00:09;748.800
ekstensometer (ny);06.02.2023 04:00:09;748.800
ekstensometer (ny);06.02.2023 05:00:09;748.800
ekstensometer (ny);06.02.2023 06:00:09;748.800
ekstensometer (ny);06.02.2023 07:00:09;748.800
ekstensometer (ny);06.02.2023 08:00:09;748.800
ekstensometer (ny);06.02.2023 09:00:09;748.800
ekstensometer (ny);06.02.2023 10:00:08;748.800
ekstensometer (ny);06.02.2023 11:00:09;748.800
ekstensometer (ny);06.02.2023 12:00:09;748.688
ekstensometer (ny);06.02.2023 13:00:08;748.688
ekstensometer (ny);06.02.2023 14:00:09;748.688
ekstensometer (ny);06.02.2023 15:00:09;748.800
ekstensometer (ny);06.02.2023 16:00:08;748.800
ekstensometer (ny);06.02.2023 17:00:29;748.800
ekstensometer (ny);06.02.2023 18:00:09;748.800
ekstensometer (ny);06.02.2023 19:00:08;748.800
ekstensometer (ny);06.02.2023 20:00:09;748.800
ekstensometer (ny);06.02.2023 21:00:09;748.125
ekstensometer (ny);06.02.2023 22:00:08;748.125
ekstensometer (ny);06.02.2023 23:00:09;748.125
ekstensometer (ny);07.02.2023 00:00:09;748.125
ekstensometer (ny);07.02.2023 01:00:09;748.237
ekstensometer (ny);07.02.2023 02:00:09;748.125
ekstensometer (ny);07.02.2023 03:00:09;748.237
ekstensometer (ny);07.02.2023 04:00:09;748.237
ekstensometer (ny);07.02.2023 05:00:09;748.237
ekstensometer (ny);07.02.2023 06:00:09;748.237
ekstensometer (ny);07.02.2023 07:00:09;748.237
ekstensometer (ny);07.02.2023 08:00:09;748.237
ekstensometer (ny);07.02.2023 09:00:09;748.237
ekstensometer (ny);07.02.2023 10:00:09;748.237
ekstensometer (ny);07.02.2023 11:00:09;748.237
ekstensometer (ny);07.02.2023 12:00:09;748.237
ekstensometer (ny);07.02.2023 13:00:09;748.125
ekstensometer (ny);07.02.2023 14:00:08;748.125
ekstensometer (ny);07.02.2023 15:00:09;748.237
ekstensometer (ny);07.02.2023 16:00:09;748.237
ekstensometer (ny);07.02.2023 17:00:08;748.237
ekstensometer (ny);07.02.2023 18:00:09;748.237
ekstensometer (ny);07.02.2023 19:00:09;748.237
ekstensometer (ny);07.02.2023 20:00:08;748.237
ekstensometer (ny);07.02.2023 21:00:09;748.237
ekstensometer (ny);07.02.2023 22:00:09;748.237
ekstensometer (ny);07.02.2023 23:00:08;748.237
ekstensometer (ny);08.02.2023 00:00:09;748.237
ekstensometer (ny);08.02.2023 01:00:09;748.237
ekstensometer (ny);08.02.2023 02:00:09;748.237
ekstensometer (ny);08.02.2023 03:00:09;748.237
ekstensometer (ny);08.02.2023 04:00:09;748.237
ekstensometer (ny);08.02.2023 05:00:09;748.237
ekstensometer (ny);08.02.2023 06:00:08;748.800
ekstensometer (ny);08.02.2023 07:00:09;748.237
ekstensometer (ny);08.02.2023 08:00:09;748.237
ekstensometer (ny);08.02.2023 09:00:09;748.237
ekstensometer (ny);08.02.2023 10:00:09;748.237
ekstensometer (ny);08.02.2023 11:00:09;748.237
ekstensometer (ny);08.02.2023 12:00:09;748.237
ekstensometer (ny);08.02.2023 13:00:09;748.237
ekstensometer (ny);08.02.2023 14:00:09;748.237
ekstensometer (ny);08.02.2023 15:00:08;748.237
ekstensometer (ny);08.02.2023 16:00:09;748.237
ekstensometer (ny);08.02.2023 17:00:09;748.237
ekstensometer (ny);08.02.2023 18:00:08;748.237
ekstensometer (ny);08.02.2023 19:00:09;748.237
ekstensometer (ny);08.02.2023 20:00:09;748.800
ekstensometer (ny);08.02.2023 21:00:09;748.237
ekstensometer (ny);08.02.2023 22:00:09;748.800
ekstensometer (ny);08.02.2023 23:00:09;748.800
ekstensometer (ny);09.02.2023 00:00:09;748.237
ekstensometer (ny);09.02.2023 01:00:09;748.912
ekstensometer (ny);09.02.2023 02:00:09;748.912
ekstensometer (ny);09.02.2023 03:00:09;748.912
ekstensometer (ny);09.02.2023 04:00:09;748.912
ekstensometer (ny);09.02.2023 05:00:09;748.912
ekstensometer (ny);09.02.2023 06:00:09;748.912
ekstensometer (ny);09.02.2023 07:00:09;748.912
ekstensometer (ny);09.02.2023 08:00:09;748.912
ekstensometer (ny);09.02.2023 09:00:09;748.912
ekstensometer (ny);09.02.2023 10:00:09;748.912
ekstensometer (ny);09.02.2023 11:00:08;748.912
ekstensometer (ny);09.02.2023 12:00:09;748.912
ekstensometer (ny);09.02.2023 13:00:09;748.912
ekstensometer (ny);09.02.2023 14:00:10;748.912
ekstensometer (ny);09.02.2023 15:00:09;748.912
ekstensometer (ny);09.02.2023 16:00:09;748.912
ekstensometer (ny);09.02.2023 17:00:09;748.912
ekstensometer (ny);09.02.2023 18:00:45;748.912
ekstensometer (ny);09.02.2023 19:00:09;748.912
ekstensometer (ny);09.02.2023 20:00:09;749.588
ekstensometer (ny);09.02.2023 21:00:09;751.838
ekstensometer (ny);09.02.2023 22:00:09;749.588
ekstensometer (ny);09.02.2023 23:00:08;749.588
ekstensometer (ny);10.02.2023 00:00:09;749.588
ekstensometer (ny);10.02.2023 01:00:09;749.588
ekstensometer (ny);10.02.2023 02:00:09;749.588
ekstensometer (ny);10.02.2023 03:00:09;749.025
ekstensometer (ny);10.02.2023 04:00:09;749.025
ekstensometer (ny);10.02.2023 05:00:09;749.588
ekstensometer (ny);10.02.2023 06:00:09;749.588
ekstensometer (ny);10.02.2023 07:00:08;749.588
ekstensometer (ny);10.02.2023 08:00:09;749.588
ekstensometer (ny);10.02.2023 09:00:09;749.588
ekstensometer (ny);10.02.2023 10:00:08;749.588
ekstensometer (ny);10.02.2023 11:00:09;749.588
ekstensometer (ny);10.02.2023 12:00:09;749.588
ekstensometer (ny);10.02.2023 13:00:09;749.588
ekstensometer (ny);10.02.2023 14:00:09;748.912
ekstensometer (ny);10.02.2023 15:00:09;748.912
ekstensometer (ny);10.02.2023 16:00:09;748.912
ekstensometer (ny);10.02.2023 17:00:08;748.688
ekstensometer (ny);10.02.2023 18:00:09;748.125
ekstensometer (ny);10.02.2023 19:00:09;748.125
ekstensometer (ny);10.02.2023 20:00:08;748.125
ekstensometer (ny);10.02.2023 21:00:09;748.125
ekstensometer (ny);10.02.2023 22:00:09;748.125
ekstensometer (ny);10.02.2023 23:00:09;748.125
ekstensometer (ny);11.02.2023 00:00:09;748.237
ekstensometer (ny);11.02.2023 01:00:09;749.362
ekstensometer (ny);11.02.2023 02:00:09;748.237
ekstensometer (ny);11.02.2023 03:00:09;748.237
ekstensometer (ny);11.02.2023 04:00:09;748.237
ekstensometer (ny);11.02.2023 05:00:09;748.237
ekstensometer (ny);11.02.2023 06:00:09;748.800
ekstensometer (ny);11.02.2023 07:00:09;748.237
ekstensometer (ny);11.02.2023 08:00:08;748.800
ekstensometer (ny);11.02.2023 09:00:09;748.237
ekstensometer (ny);11.02.2023 10:00:09;748.125
ekstensometer (ny);11.02.2023 11:00:09;748.125
ekstensometer (ny);11.02.2023 12:00:09;748.125
ekstensometer (ny);11.02.2023 13:00:09;748.125
ekstensometer (ny);11.02.2023 14:00:08;748.125
ekstensometer (ny);11.02.2023 15:00:09;748.125
ekstensometer (ny);11.02.2023 16:00:09;748.125
ekstensometer (ny);11.02.2023 17:00:08;748.125
ekstensometer (ny);11.02.2023 18:00:09;748.125
ekstensometer (ny);11.02.2023 19:00:09;748.125
ekstensometer (ny);11.02.2023 20:00:09;748.125
ekstensometer (ny);11.02.2023 21:00:09;748.125
ekstensometer (ny);11.02.2023 22:00:09;748.125
ekstensometer (ny);11.02.2023 23:00:09;748.125
ekstensometer (ny);12.02.2023 00:00:08;748.125
ekstensometer (ny);12.02.2023 01:00:09;748.125
ekstensometer (ny);12.02.2023 02:00:09;748.125
ekstensometer (ny);12.02.2023 03:00:09;748.125
ekstensometer (ny);12.02.2023 04:00:09;748.125
ekstensometer (ny);12.02.2023 05:00:09;748.125
ekstensometer (ny);12.02.2023 06:00:09;748.125
ekstensometer (ny);12.02.2023 07:00:09;748.125
ekstensometer (ny);12.02.2023 08:00:09;748.125
ekstensometer (ny);12.02.2023 09:00:09;748.237
ekstensometer (ny);12.02.2023 10:00:08;748.125
ekstensometer (ny);12.02.2023 11:00:09;748.125
ekstensometer (ny);12.02.2023 12:00:09;748.125
ekstensometer (ny);12.02.2023 13:00:09;748.688
ekstensometer (ny);12.02.2023 14:00:09;748.125
ekstensometer (ny);12.02.2023 15:00:09;748.125
ekstensometer (ny);12.02.2023 16:00:09;748.125
ekstensometer (ny);12.02.2023 17:00:08;748.125
ekstensometer (ny);12.02.2023 18:00:09;748.125
ekstensometer (ny);12.02.2023 19:00:29;748.125
ekstensometer (ny);12.02.2023 20:00:08;748.125
ekstensometer (ny);12.02.2023 21:00:09;748.125
ekstensometer (ny);12.02.2023 22:00:09;748.125
ekstensometer (ny);12.02.2023 23:00:10;748.125
ekstensometer (ny);13.02.2023 00:00:09;748.125
ekstensometer (ny);13.02.2023 01:00:09;748.125
ekstensometer (ny);13.02.2023 02:00:09;748.125
ekstensometer (ny);13.02.2023 03:00:09;748.237
ekstensometer (ny);13.02.2023 04:00:09;748.125
ekstensometer (ny);13.02.2023 05:00:09;748.125
ekstensometer (ny);13.02.2023 06:00:08;748.125
ekstensometer (ny);13.02.2023 07:00:09;748.125
ekstensometer (ny);13.02.2023 08:00:09;748.125
ekstensometer (ny);13.02.2023 09:00:08;748.125
ekstensometer (ny);13.02.2023 10:00:09;748.125
ekstensometer (ny);13.02.2023 11:00:09;748.125
ekstensometer (ny);13.02.2023 12:00:10;748.125
ekstensometer (ny);13.02.2023 13:00:09;748.125
ekstensometer (ny);13.02.2023 14:00:09;748.125
ekstensometer (ny);13.02.2023 15:00:09;748.125
ekstensometer (ny);13.02.2023 16:00:08;748.237
ekstensometer (ny);13.02.2023 17:00:09;748.125
ekstensometer (ny);13.02.2023 18:00:09;748.237
ekstensometer (ny);13.02.2023 19:00:08;748.237
ekstensometer (ny);13.02.2023 20:00:09;748.237
ekstensometer (ny);13.02.2023 21:00:09;748.237
ekstensometer (ny);13.02.2023 22:00:08;748.237
ekstensometer (ny);13.02.2023 23:00:09;748.237
ekstensometer (ny);14.02.2023 00:00:09;748.350
ekstensometer (ny);14.02.2023 01:00:09;748.350
ekstensometer (ny);14.02.2023 02:00:09;748.350
ekstensometer (ny);14.02.2023 03:00:09;748.350
ekstensometer (ny);14.02.2023 04:00:09;748.350
ekstensometer (ny);14.02.2023 05:00:09;748.350
ekstensometer (ny);14.02.2023 06:00:09;748.350
ekstensometer (ny);14.02.2023 07:00:09;748.350
ekstensometer (ny);14.02.2023 08:00:09;748.912
ekstensometer (ny);14.02.2023 09:00:09;748.912
ekstensometer (ny);14.02.2023 10:00:09;748.912
ekstensometer (ny);14.02.2023 11:00:08;748.800
ekstensometer (ny);14.02.2023 12:00:09;748.800
ekstensometer (ny);14.02.2023 13:00:09;748.800
ekstensometer (ny);14.02.2023 14:00:08;748.800
ekstensometer (ny);14.02.2023 15:00:09;748.800
ekstensometer (ny);14.02.2023 16:00:09;748.688
ekstensometer (ny);14.02.2023 17:00:08;748.800
ekstensometer (ny);14.02.2023 18:00:09;748.800
ekstensometer (ny);14.02.2023 19:00:09;748.800
ekstensometer (ny);14.02.2023 20:00:09;748.800
ekstensometer (ny);14.02.2023 21:00:09;748.800
ekstensometer (ny);14.02.2023 22:00:09;748.800
ekstensometer (ny);14.02.2023 23:00:08;748.912
ekstensometer (ny);15.02.2023 00:00:09;748.912
ekstensometer (ny);15.02.2023 01:00:09;748.912
ekstensometer (ny);15.02.2023 02:00:09;748.912
ekstensometer (ny);15.02.2023 03:00:09;748.912
ekstensometer (ny);15.02.2023 04:00:08;748.800
ekstensometer (ny);15.02.2023 05:00:09;748.800
ekstensometer (ny);15.02.2023 06:00:09;748.800
ekstensometer (ny);15.02.2023 07:00:09;748.800
ekstensometer (ny);15.02.2023 08:00:09;748.800
ekstensometer (ny);15.02.2023 09:00:09;748.800
ekstensometer (ny);15.02.2023 10:00:09;748.800
ekstensometer (ny);15.02.2023 11:00:08;748.800
ekstensometer (ny);15.02.2023 12:00:09;748.125
ekstensometer (ny);15.02.2023 13:00:09;748.125
ekstensometer (ny);15.02.2023 14:00:08;748.125
ekstensometer (ny);15.02.2023 15:00:09;748.125
ekstensometer (ny);15.02.2023 16:00:09;748.125
ekstensometer (ny);15.02.2023 17:00:09;748.125
ekstensometer (ny);15.02.2023 18:00:09;748.125
ekstensometer (ny);15.02.2023 19:00:09;748.125
ekstensometer (ny);15.02.2023 20:00:30;748.125
ekstensometer (ny);15.02.2023 21:00:08;748.125
ekstensometer (ny);15.02.2023 22:00:09;748.125
ekstensometer (ny);15.02.2023 23:00:09;748.125
ekstensometer (ny);16.02.2023 00:00:10;748.125
ekstensometer (ny);16.02.2023 01:00:09;748.125
ekstensometer (ny);16.02.2023 02:00:09;748.125
ekstensometer (ny);16.02.2023 03:00:09;748.125
ekstensometer (ny);16.02.2023 04:00:09;748.125
ekstensometer (ny);16.02.2023 05:00:09;748.800
ekstensometer (ny);16.02.2023 06:00:09;748.800
ekstensometer (ny);16.02.2023 07:00:09;748.800
ekstensometer (ny);16.02.2023 08:00:09;748.800
ekstensometer (ny);16.02.2023 09:00:09;748.800
ekstensometer (ny);16.02.2023 10:00:09;748.800
ekstensometer (ny);16.02.2023 11:00:08;748.800
ekstensometer (ny);16.02.2023 12:00:09;748.688
ekstensometer (ny);16.02.2023 13:00:09;748.688
ekstensometer (ny);16.02.2023 14:00:08;748.688
ekstensometer (ny);16.02.2023 15:00:09;748.800
ekstensometer (ny);16.02.2023 16:00:09;748.800
ekstensometer (ny);16.02.2023 17:00:09;748.800
ekstensometer (ny);16.02.2023 18:00:09;748.800
ekstensometer (ny);16.02.2023 19:00:09;748.800
ekstensometer (ny);16.02.2023 20:00:09;748.800
ekstensometer (ny);16.02.2023 21:00:09;748.800
ekstensometer (ny);16.02.2023 22:00:09;748.800
ekstensometer (ny);16.02.2023 23:00:09;748.800
ekstensometer (ny);17.02.2023 00:00:08;748.800
ekstensometer (ny);17.02.2023 01:00:09;748.800
ekstensometer (ny);17.02.2023 02:00:09;748.800
ekstensometer (ny);17.02.2023 03:00:09;748.800
ekstensometer (ny);17.02.2023 04:00:09;748.800
ekstensometer (ny);17.02.2023 05:00:09;748.800
ekstensometer (ny);17.02.2023 06:00:09;748.800
ekstensometer (ny);17.02.2023 07:00:08;748.800
ekstensometer (ny);17.02.2023 08:00:09;748.800
ekstensometer (ny);17.02.2023 09:00:09;748.800
ekstensometer (ny);17.02.2023 10:00:08;748.800
ekstensometer (ny);17.02.2023 11:00:09;748.688
ekstensometer (ny);17.02.2023 12:00:09;748.688
ekstensometer (ny);17.02.2023 13:00:09;748.688
ekstensometer (ny);17.02.2023 14:00:09;748.688
ekstensometer (ny);17.02.2023 15:00:09;748.800
ekstensometer (ny);17.02.2023 16:00:09;748.800
ekstensometer (ny);17.02.2023 17:00:08;748.800
ekstensometer (ny);17.02.2023 18:00:09;748.800
ekstensometer (ny);17.02.2023 19:00:09;748.800
ekstensometer (ny);17.02.2023 20:00:08;748.800
ekstensometer (ny);17.02.2023 21:00:09;748.800
ekstensometer (ny);17.02.2023 22:00:09;748.800
ekstensometer (ny);17.02.2023 23:00:10;748.800
ekstensometer (ny);18.02.2023 00:00:09;748.800
ekstensometer (ny);18.02.2023 01:00:09;748.912
ekstensometer (ny);18.02.2023 02:00:09;748.912
ekstensometer (ny);18.02.2023 03:00:09;748.912
ekstensometer (ny);18.02.2023 04:00:09;748.912
ekstensometer (ny);18.02.2023 05:00:09;748.912
ekstensometer (ny);18.02.2023 06:00:08;748.912
ekstensometer (ny);18.02.2023 07:00:09;748.912
ekstensometer (ny);18.02.2023 08:00:09;748.912
ekstensometer (ny);18.02.2023 09:00:08;748.912
ekstensometer (ny);18.02.2023 10:00:09;748.800
ekstensometer (ny);18.02.2023 11:00:09;748.800
ekstensometer (ny);18.02.2023 12:00:08;748.688
ekstensometer (ny);18.02.2023 13:00:09;748.688
ekstensometer (ny);18.02.2023 14:00:09;748.800
ekstensometer (ny);18.02.2023 15:00:09;748.800
ekstensometer (ny);18.02.2023 16:00:09;748.800
ekstensometer (ny);18.02.2023 17:00:44;748.912
ekstensometer (ny);18.02.2023 18:00:09;748.912
ekstensometer (ny);18.02.2023 19:00:09;748.912
ekstensometer (ny);18.02.2023 20:00:09;748.912
ekstensometer (ny);18.02.2023 21:00:09;748.912
ekstensometer (ny);18.02.2023 22:00:09;748.912
ekstensometer (ny);18.02.2023 23:00:09;748.912
ekstensometer (ny);19.02.2023 00:00:09;748.912
ekstensometer (ny);19.02.2023 01:00:08;748.912
ekstensometer (ny);19.02.2023 02:00:09;748.912
ekstensometer (ny);19.02.2023 03:00:09;748.912
ekstensometer (ny);19.02.2023 04:00:09;748.912
ekstensometer (ny);19.02.2023 05:00:09;748.912
ekstensometer (ny);19.02.2023 06:00:09;748.912
ekstensometer (ny);19.02.2023 07:00:09;748.912
ekstensometer (ny);19.02.2023 08:00:09;748.912
ekstensometer (ny);19.02.2023 09:00:09;748.912
ekstensometer (ny);19.02.2023 10:00:09;748.912
ekstensometer (ny);19.02.2023 11:00:08;748.912
ekstensometer (ny);19.02.2023 12:00:09;748.800
ekstensometer (ny);19.02.2023 13:00:09;748.800
ekstensometer (ny);19.02.2023 14:00:09;748.800
ekstensometer (ny);19.02.2023 15:00:09;748.800
ekstensometer (ny);19.02.2023 16:00:09;748.800
ekstensometer (ny);19.02.2023 17:00:09;748.800
ekstensometer (ny);19.02.2023 18:00:09;748.912
ekstensometer (ny);19.02.2023 19:00:09;748.912
ekstensometer (ny);19.02.2023 20:00:09;748.912
ekstensometer (ny);19.02.2023 21:00:08;748.800
ekstensometer (ny);19.02.2023 22:00:09;748.800
ekstensometer (ny);19.02.2023 23:00:09;748.800
ekstensometer (ny);20.02.2023 00:00:08;748.800
ekstensometer (ny);20.02.2023 01:00:09;748.800
ekstensometer (ny);20.02.2023 02:00:09;748.800
ekstensometer (ny);20.02.2023 03:00:08;749.362
ekstensometer (ny);20.02.2023 04:00:09;748.688
ekstensometer (ny);20.02.2023 05:00:09;748.688
ekstensometer (ny);20.02.2023 06:00:08;748.800
ekstensometer (ny);20.02.2023 07:00:09;750.037
ekstensometer (ny);20.02.2023 08:00:09;749.475
ekstensometer (ny);20.02.2023 09:00:09;748.800
ekstensometer (ny);20.02.2023 10:00:09;751.725
ekstensometer (ny);20.02.2023 11:00:09;748.800
ekstensometer (ny);20.02.2023 12:00:09;748.800
ekstensometer (ny);20.02.2023 13:00:09;748.688
ekstensometer (ny);20.02.2023 14:00:09;749.362
ekstensometer (ny);20.02.2023 15:00:09;749.362
ekstensometer (ny);20.02.2023 16:00:08;748.688
ekstensometer (ny);20.02.2023 17:00:09;748.800
ekstensometer (ny);20.02.2023 18:00:09;749.362
ekstensometer (ny);20.02.2023 19:00:09;749.362
ekstensometer (ny);20.02.2023 20:00:09;748.688
ekstensometer (ny);20.02.2023 21:00:09;749.362
ekstensometer (ny);20.02.2023 22:00:09;748.688
ekstensometer (ny);20.02.2023 23:00:09;748.688
ekstensometer (ny);21.02.2023 00:00:09;748.688
ekstensometer (ny);21.02.2023 01:00:09;748.688
ekstensometer (ny);21.02.2023 02:00:08;748.688
ekstensometer (ny);21.02.2023 03:00:09;748.688
ekstensometer (ny);21.02.2023 04:00:09;748.800
ekstensometer (ny);21.02.2023 05:00:09;748.800
ekstensometer (ny);21.02.2023 06:00:09;748.800
ekstensometer (ny);21.02.2023 07:00:09;748.800
ekstensometer (ny);21.02.2023 08:00:09;748.800
ekstensometer (ny);21.02.2023 09:00:09;748.800
ekstensometer (ny);21.02.2023 10:00:09;748.800
ekstensometer (ny);21.02.2023 11:00:09;748.800
ekstensometer (ny);21.02.2023 12:00:09;748.800
ekstensometer (ny);21.02.2023 13:00:08;748.688
ekstensometer (ny);21.02.2023 14:00:09;748.688
ekstensometer (ny);21.02.2023 15:00:09;748.688
ekstensometer (ny);21.02.2023 16:00:09;748.688
ekstensometer (ny);21.02.2023 17:00:09;748.800
ekstensometer (ny);21.02.2023 18:00:30;748.800
ekstensometer (ny);21.02.2023 19:00:09;748.800
ekstensometer (ny);21.02.2023 20:00:09;748.800
ekstensometer (ny);21.02.2023 21:00:09;748.800
ekstensometer (ny);21.02.2023 22:00:09;748.800
ekstensometer (ny);21.02.2023 23:00:09;748.800
ekstensometer (ny);22.02.2023 00:00:09;748.800
ekstensometer (ny);22.02.2023 01:00:09;748.800
ekstensometer (ny);22.02.2023 02:00:09;748.800
ekstensometer (ny);22.02.2023 03:00:09;748.800
ekstensometer (ny);22.02.2023 04:00:09;748.688
ekstensometer (ny);22.02.2023 05:00:09;748.800
ekstensometer (ny);22.02.2023 06:00:08;748.800
ekstensometer (ny);22.02.2023 07:00:09;748.688
ekstensometer (ny);22.02.2023 08:00:09;748.688
ekstensometer (ny);22.02.2023 09:00:08;748.688
ekstensometer (ny);22.02.2023 10:00:09;748.688
ekstensometer (ny);22.02.2023 11:00:09;748.688
ekstensometer (ny);22.02.2023 12:00:08;748.688
ekstensometer (ny);22.02.2023 13:00:09;748.688
ekstensometer (ny);22.02.2023 14:00:09;748.688
ekstensometer (ny);22.02.2023 15:00:08;748.688
ekstensometer (ny);22.02.2023 16:00:09;748.688
ekstensometer (ny);22.02.2023 17:00:09;748.688
ekstensometer (ny);22.02.2023 18:00:08;748.688
ekstensometer (ny);22.02.2023 19:00:09;748.688
ekstensometer (ny);22.02.2023 20:00:09;748.688
ekstensometer (ny);22.02.2023 21:00:10;748.800
ekstensometer (ny);22.02.2023 22:00:09;748.800
ekstensometer (ny);22.02.2023 23:00:09;748.800
ekstensometer (ny);23.02.2023 00:00:09;748.800
ekstensometer (ny);23.02.2023 01:00:09;748.800
ekstensometer (ny);23.02.2023 02:00:09;748.800
ekstensometer (ny);23.02.2023 03:00:09;748.800
ekstensometer (ny);23.02.2023 04:00:09;748.912
ekstensometer (ny);23.02.2023 05:00:09;748.912
ekstensometer (ny);23.02.2023 06:00:09;748.912
ekstensometer (ny);23.02.2023 07:00:09;748.912
ekstensometer (ny);23.02.2023 08:00:09;748.912
ekstensometer (ny);23.02.2023 09:00:09;748.912
ekstensometer (ny);23.02.2023 10:00:08;748.912
ekstensometer (ny);23.02.2023 11:00:09;748.912
ekstensometer (ny);23.02.2023 12:00:09;748.800
ekstensometer (ny);23.02.2023 13:00:09;748.800
ekstensometer (ny);23.02.2023 14:00:09;748.800
ekstensometer (ny);23.02.2023 15:00:09;748.800
ekstensometer (ny);23.02.2023 16:00:09;748.912
ekstensometer (ny);23.02.2023 17:00:09;748.912
ekstensometer (ny);23.02.2023 18:00:09;748.912
ekstensometer (ny);23.02.2023 19:00:09;748.912
ekstensometer (ny);23.02.2023 20:00:09;748.912
ekstensometer (ny);23.02.2023 21:00:09;748.912
ekstensometer (ny);23.02.2023 22:00:09;748.912
ekstensometer (ny);23.02.2023 23:00:09;748.912
ekstensometer (ny);24.02.2023 00:00:09;748.912
ekstensometer (ny);24.02.2023 01:00:09;748.912
ekstensometer (ny);24.02.2023 02:00:08;748.912
ekstensometer (ny);24.02.2023 03:00:09;748.912
ekstensometer (ny);24.02.2023 04:00:09;748.912
ekstensometer (ny);24.02.2023 05:00:09;749.475
ekstensometer (ny);24.02.2023 06:00:09;749.475
ekstensometer (ny);24.02.2023 07:00:09;749.475
ekstensometer (ny);24.02.2023 08:00:09;750.037
ekstensometer (ny);24.02.2023 09:00:09;749.475
ekstensometer (ny);24.02.2023 10:00:09;748.800
ekstensometer (ny);24.02.2023 11:00:08;748.688
ekstensometer (ny);24.02.2023 12:00:09;748.688
ekstensometer (ny);24.02.2023 13:00:09;748.688
ekstensometer (ny);24.02.2023 14:00:08;748.688
ekstensometer (ny);24.02.2023 15:00:09;748.688
ekstensometer (ny);24.02.2023 16:00:09;748.688
ekstensometer (ny);24.02.2023 17:00:08;748.800
ekstensometer (ny);24.02.2023 18:00:09;748.912
ekstensometer (ny);24.02.2023 19:00:30;748.912
ekstensometer (ny);24.02.2023 20:00:09;748.912
ekstensometer (ny);24.02.2023 21:00:09;748.912
ekstensometer (ny);24.02.2023 22:00:09;748.912
ekstensometer (ny);24.02.2023 23:00:09;748.912
ekstensometer (ny);25.02.2023 00:00:09;748.912
ekstensometer (ny);25.02.2023 01:00:09;748.912
ekstensometer (ny);25.02.2023 02:00:09;748.912
ekstensometer (ny);25.02.2023 03:00:09;749.025
ekstensometer (ny);25.02.2023 04:00:09;748.912
ekstensometer (ny);25.02.2023 05:00:09;748.912
ekstensometer (ny);25.02.2023 06:00:08;748.912
ekstensometer (ny);25.02.2023 07:00:09;748.912
ekstensometer (ny);25.02.2023 08:00:09;748.912
ekstensometer (ny);25.02.2023 09:00:10;748.912
ekstensometer (ny);25.02.2023 10:00:09;748.912
ekstensometer (ny);25.02.2023 11:00:09;748.912
ekstensometer (ny);25.02.2023 12:00:09;748.575
ekstensometer (ny);25.02.2023 13:00:09;748.688
ekstensometer (ny);25.02.2023 14:00:09;748.688
ekstensometer (ny);25.02.2023 15:00:09;748.688
ekstensometer (ny);25.02.2023 16:00:09;748.688
ekstensometer (ny);25.02.2023 17:00:09;748.912
ekstensometer (ny);25.02.2023 18:00:09;748.912
ekstensometer (ny);25.02.2023 19:00:08;748.912
ekstensometer (ny);25.02.2023 20:00:09;748.912
ekstensometer (ny);25.02.2023 21:00:09;749.025
ekstensometer (ny);25.02.2023 22:00:08;749.025
ekstensometer (ny);25.02.2023 23:00:09;749.588
ekstensometer (ny);26.02.2023 00:00:09;749.588
ekstensometer (ny);26.02.2023 01:00:09;749.588
ekstensometer (ny);26.02.2023 02:00:09;749.588
ekstensometer (ny);26.02.2023 03:00:09;749.588
ekstensometer (ny);26.02.2023 04:00:09;749.588
ekstensometer (ny);26.02.2023 05:00:09;749.588
ekstensometer (ny);26.02.2023 06:00:09;749.588
ekstensometer (ny);26.02.2023 07:00:09;749.475
ekstensometer (ny);26.02.2023 08:00:09;749.475
ekstensometer (ny);26.02.2023 09:00:09;749.475
ekstensometer (ny);26.02.2023 10:00:09;749.362
ekstensometer (ny);26.02.2023 11:00:08;749.250
ekstensometer (ny);26.02.2023 12:00:09;749.250
ekstensometer (ny);26.02.2023 13:00:09;749.250
ekstensometer (ny);26.02.2023 14:00:10;749.250
ekstensometer (ny);26.02.2023 15:00:09;749.250
ekstensometer (ny);26.02.2023 16:00:09;749.250
ekstensometer (ny);26.02.2023 17:00:09;749.362
ekstensometer (ny);26.02.2023 18:00:09;749.475
ekstensometer (ny);26.02.2023 19:00:09;749.475
ekstensometer (ny);26.02.2023 20:00:09;749.475
ekstensometer (ny);26.02.2023 21:00:08;749.475
ekstensometer (ny);26.02.2023 22:00:09;749.475
ekstensometer (ny);26.02.2023 23:00:09;749.588
ekstensometer (ny);27.02.2023 00:00:08;749.588
ekstensometer (ny);27.02.2023 01:00:09;749.588
ekstensometer (ny);27.02.2023 02:00:09;749.588
ekstensometer (ny);27.02.2023 03:00:09;749.588
ekstensometer (ny);27.02.2023 04:00:08;749.588
ekstensometer (ny);27.02.2023 05:00:09;749.588
ekstensometer (ny);27.02.2023 06:00:09;749.588
ekstensometer (ny);27.02.2023 07:00:08;749.588
ekstensometer (ny);27.02.2023 08:00:09;749.475
ekstensometer (ny);27.02.2023 09:00:09;749.475
ekstensometer (ny);27.02.2023 10:00:08;749.475
ekstensometer (ny);27.02.2023 11:00:09;749.475
ekstensometer (ny);27.02.2023 12:00:09;749.025
ekstensometer (ny);27.02.2023 13:00:09;749.025
ekstensometer (ny);27.02.2023 14:00:09;749.025
ekstensometer (ny);27.02.2023 15:00:09;748.463
ekstensometer (ny);27.02.2023 16:00:09;748.688
ekstensometer (ny);27.02.2023 17:00:09;748.800
ekstensometer (ny);27.02.2023 18:00:09;748.912
ekstensometer (ny);27.02.2023 19:00:09;748.912
ekstensometer (ny);27.02.2023 20:00:29;748.912
ekstensometer (ny);27.02.2023 21:00:09;748.912
ekstensometer (ny);27.02.2023 22:00:08;748.912
ekstensometer (ny);27.02.2023 23:00:09;748.912
ekstensometer (ny);28.02.2023 00:00:09;748.912
ekstensometer (ny);28.02.2023 01:00:09;748.912
ekstensometer (ny);28.02.2023 02:00:09;748.912
ekstensometer (ny);28.02.2023 03:00:09;748.912
ekstensometer (ny);28.02.2023 04:00:09;748.912
ekstensometer (ny);28.02.2023 05:00:09;748.912
ekstensometer (ny);28.02.2023 06:00:09;748.912
ekstensometer (ny);28.02.2023 07:00:09;748.912
ekstensometer (ny);28.02.2023 08:00:09;748.912
ekstensometer (ny);28.02.2023 09:00:08;748.912
ekstensometer (ny);28.02.2023 10:00:09;748.912
ekstensometer (ny);28.02.2023 11:00:09;748.912
ekstensometer (ny);28.02.2023 12:00:08;748.463
ekstensometer (ny);28.02.2023 13:00:09;748.463
ekstensometer (ny);28.02.2023 14:00:09;748.463
ekstensometer (ny);28.02.2023 15:00:08;748.463
ekstensometer (ny);28.02.2023 16:00:09;748.463
ekstensometer (ny);28.02.2023 17:00:09;748.688
ekstensometer (ny);28.02.2023 18:00:08;748.912
ekstensometer (ny);28.02.2023 19:00:09;748.912
ekstensometer (ny);28.02.2023 20:00:09;748.912
ekstensometer (ny);28.02.2023 21:00:09;748.912
ekstensometer (ny);28.02.2023 22:00:09;749.025
ekstensometer (ny);28.02.2023 23:00:09;749.025
ekstensometer (ny);01.03.2023 00:00:09;749.025
ekstensometer (ny);01.03.2023 01:00:09;749.025
ekstensometer (ny);01.03.2023 02:00:09;749.025
ekstensometer (ny);01.03.2023 03:00:09;749.025
ekstensometer (ny);01.03.2023 04:00:09;749.025
ekstensometer (ny);01.03.2023 05:00:09;749.025
ekstensometer (ny);01.03.2023 06:00:09;749.588
ekstensometer (ny);01.03.2023 07:00:08;749.588
ekstensometer (ny);01.03.2023 08:00:09;749.588
ekstensometer (ny);01.03.2023 09:00:09;749.588
ekstensometer (ny);01.03.2023 10:00:09;749.588
ekstensometer (ny);01.03.2023 11:00:09;749.362
ekstensometer (ny);01.03.2023 12:00:09;748.575
ekstensometer (ny);01.03.2023 13:00:09;748.463
ekstensometer (ny);01.03.2023 14:00:09;748.463
ekstensometer (ny);01.03.2023 15:00:09;748.575
ekstensometer (ny);01.03.2023 16:00:09;748.575
ekstensometer (ny);01.03.2023 17:00:08;748.800
ekstensometer (ny);01.03.2023 18:00:09;748.912
ekstensometer (ny);01.03.2023 19:00:09;748.912
ekstensometer (ny);01.03.2023 20:00:08;748.912
ekstensometer (ny);01.03.2023 21:00:09;748.912
ekstensometer (ny);01.03.2023 22:00:09;748.912
ekstensometer (ny);01.03.2023 23:00:09;748.912
ekstensometer (ny);02.03.2023 00:00:09;748.912
ekstensometer (ny);02.03.2023 01:00:09;748.912
ekstensometer (ny);02.03.2023 02:00:09;748.912
ekstensometer (ny);02.03.2023 03:00:08;749.025
ekstensometer (ny);02.03.2023 04:00:09;749.025
ekstensometer (ny);02.03.2023 05:00:09;749.025
ekstensometer (ny);02.03.2023 06:00:09;748.912
ekstensometer (ny);02.03.2023 07:00:09;749.025
ekstensometer (ny);02.03.2023 08:00:09;748.912
ekstensometer (ny);02.03.2023 09:00:09;748.912
ekstensometer (ny);02.03.2023 10:00:09;748.912
ekstensometer (ny);02.03.2023 11:00:09;748.688
ekstensometer (ny);02.03.2023 12:00:09;748.575
ekstensometer (ny);02.03.2023 13:00:08;748.463
ekstensometer (ny);02.03.2023 14:00:09;748.575
ekstensometer (ny);02.03.2023 15:00:09;748.463
ekstensometer (ny);02.03.2023 16:00:09;748.575
ekstensometer (ny);02.03.2023 17:00:09;748.800
ekstensometer (ny);02.03.2023 18:00:09;748.912
ekstensometer (ny);02.03.2023 19:00:09;748.912
ekstensometer (ny);02.03.2023 20:00:08;748.912
ekstensometer (ny);02.03.2023 21:00:29;749.025
ekstensometer (ny);02.03.2023 22:00:09;749.588
ekstensometer (ny);02.03.2023 23:00:09;749.588
ekstensometer (ny);03.03.2023 00:00:09;749.588
ekstensometer (ny);03.03.2023 01:00:09;749.588
ekstensometer (ny);03.03.2023 02:00:09;749.588
ekstensometer (ny);03.03.2023 03:00:09;749.588
ekstensometer (ny);03.03.2023 04:00:09;749.588
ekstensometer (ny);03.03.2023 05:00:09;749.588
ekstensometer (ny);03.03.2023 06:00:08;749.588
ekstensometer (ny);03.03.2023 07:00:09;749.588
ekstensometer (ny);03.03.2023 08:00:09;749.588
ekstensometer (ny);03.03.2023 09:00:09;749.475
ekstensometer (ny);03.03.2023 10:00:09;749.475
ekstensometer (ny);03.03.2023 11:00:09;748.912
ekstensometer (ny);03.03.2023 12:00:09;748.912
ekstensometer (ny);03.03.2023 13:00:09;750.037
ekstensometer (ny);03.03.2023 14:00:09;748.912
ekstensometer (ny);03.03.2023 15:00:09;748.912
ekstensometer (ny);03.03.2023 16:00:08;748.800
ekstensometer (ny);03.03.2023 17:00:09;748.912
ekstensometer (ny);03.03.2023 18:00:09;748.912
ekstensometer (ny);03.03.2023 19:00:08;748.912
ekstensometer (ny);03.03.2023 20:00:19;748.912
ekstensometer (ny);03.03.2023 21:00:09;749.475
ekstensometer (ny);03.03.2023 22:00:08;749.588
ekstensometer (ny);03.03.2023 23:00:09;749.588
ekstensometer (ny);04.03.2023 00:00:09;749.588
ekstensometer (ny);04.03.2023 01:00:09;749.588
ekstensometer (ny);04.03.2023 02:00:09;749.588
ekstensometer (ny);04.03.2023 03:00:09;749.588
ekstensometer (ny);04.03.2023 04:00:09;750.150
ekstensometer (ny);04.03.2023 05:00:09;749.588
ekstensometer (ny);04.03.2023 06:00:09;750.150
ekstensometer (ny);04.03.2023 07:00:09;750.263
ekstensometer (ny);04.03.2023 08:00:09;750.150
ekstensometer (ny);04.03.2023 09:00:09;750.150
ekstensometer (ny);04.03.2023 10:00:09;750.150
ekstensometer (ny);04.03.2023 11:00:09;749.475
ekstensometer (ny);04.03.2023 12:00:09;750.037
ekstensometer (ny);04.03.2023 13:00:09;749.362
ekstensometer (ny);04.03.2023 14:00:08;749.475
ekstensometer (ny);04.03.2023 15:00:09;749.475
ekstensometer (ny);04.03.2023 16:00:09;749.475
ekstensometer (ny);04.03.2023 17:00:09;749.588
ekstensometer (ny);04.03.2023 18:00:09;749.588
ekstensometer (ny);04.03.2023 19:00:09;749.588
ekstensometer (ny);04.03.2023 20:00:08;749.588
ekstensometer (ny);04.03.2023 21:00:09;749.588
ekstensometer (ny);04.03.2023 22:00:09;749.812
ekstensometer (ny);04.03.2023 23:00:08;749.588
ekstensometer (ny);05.03.2023 00:00:09;749.588
ekstensometer (ny);05.03.2023 01:00:09;749.700
ekstensometer (ny);05.03.2023 02:00:08;749.700
ekstensometer (ny);05.03.2023 03:00:09;750.375
ekstensometer (ny);05.03.2023 04:00:09;750.375
ekstensometer (ny);05.03.2023 05:00:09;750.375
ekstensometer (ny);05.03.2023 06:00:09;750.375
ekstensometer (ny);05.03.2023 07:00:09;750.375
ekstensometer (ny);05.03.2023 08:00:09;750.375
ekstensometer (ny);05.03.2023 09:00:08;750.375
ekstensometer (ny);05.03.2023 10:00:09;750.375
ekstensometer (ny);05.03.2023 11:00:09;750.150
ekstensometer (ny);05.03.2023 12:00:08;749.812
ekstensometer (ny);05.03.2023 13:00:09;749.812
ekstensometer (ny);05.03.2023 14:00:09;750.037
ekstensometer (ny);05.03.2023 15:00:10;750.037
ekstensometer (ny);05.03.2023 16:00:09;749.925
ekstensometer (ny);05.03.2023 17:00:09;750.037
ekstensometer (ny);05.03.2023 18:00:09;750.150
ekstensometer (ny);05.03.2023 19:00:09;750.150
ekstensometer (ny);05.03.2023 20:00:09;750.150
ekstensometer (ny);05.03.2023 21:00:10;750.263
ekstensometer (ny);05.03.2023 22:00:29;750.263
ekstensometer (ny);05.03.2023 23:00:09;750.263
ekstensometer (ny);06.03.2023 00:00:09;750.263
ekstensometer (ny);06.03.2023 01:00:08;750.263
ekstensometer (ny);06.03.2023 02:00:09;750.263
ekstensometer (ny);06.03.2023 03:00:09;750.263
ekstensometer (ny);06.03.2023 04:00:08;750.263
ekstensometer (ny);06.03.2023 05:00:09;750.375
ekstensometer (ny);06.03.2023 06:00:09;750.375
ekstensometer (ny);06.03.2023 07:00:09;750.375
ekstensometer (ny);06.03.2023 08:00:09;750.263
ekstensometer (ny);06.03.2023 09:00:09;750.263
ekstensometer (ny);06.03.2023 10:00:10;750.263
ekstensometer (ny);06.03.2023 11:00:09;750.150
ekstensometer (ny);06.03.2023 12:00:09;749.925
ekstensometer (ny);06.03.2023 13:00:09;749.812
ekstensometer (ny);06.03.2023 14:00:09;749.700
ekstensometer (ny);06.03.2023 15:00:09;749.700
ekstensometer (ny);06.03.2023 16:00:09;749.812
ekstensometer (ny);06.03.2023 17:00:08;749.925
ekstensometer (ny);06.03.2023 18:00:09;750.713
ekstensometer (ny);06.03.2023 19:00:09;750.825
ekstensometer (ny);06.03.2023 20:00:08;750.938
ekstensometer (ny);06.03.2023 21:00:09;750.938
ekstensometer (ny);06.03.2023 22:00:09;750.938
ekstensometer (ny);06.03.2023 23:00:09;750.938
ekstensometer (ny);07.03.2023 00:00:09;750.938
ekstensometer (ny);07.03.2023 01:00:09;751.050
ekstensometer (ny);07.03.2023 02:00:09;751.050
ekstensometer (ny);07.03.2023 03:00:08;751.050
ekstensometer (ny);07.03.2023 04:00:09;751.050
ekstensometer (ny);07.03.2023 05:00:09;751.050
ekstensometer (ny);07.03.2023 06:00:08;751.050
ekstensometer (ny);07.03.2023 07:00:09;751.050
ekstensometer (ny);07.03.2023 08:00:09;751.050
ekstensometer (ny);07.03.2023 09:00:08;751.050
ekstensometer (ny);07.03.2023 10:00:09;751.050
ekstensometer (ny);07.03.2023 11:00:09;750.713
ekstensometer (ny);07.03.2023 12:00:09;750.600
ekstensometer (ny);07.03.2023 13:00:09;750.375
ekstensometer (ny);07.03.2023 14:00:09;750.263
ekstensometer (ny);07.03.2023 15:00:09;750.263
ekstensometer (ny);07.03.2023 16:00:09;750.375
ekstensometer (ny);07.03.2023 17:00:09;750.600
ekstensometer (ny);07.03.2023 18:00:09;750.825
ekstensometer (ny);07.03.2023 19:00:08;750.938
ekstensometer (ny);07.03.2023 20:00:09;750.938
ekstensometer (ny);07.03.2023 21:00:09;750.938
ekstensometer (ny);07.03.2023 22:00:08;750.938
ekstensometer (ny);07.03.2023 23:00:09;751.050
ekstensometer (ny);08.03.2023 00:00:09;751.050
ekstensometer (ny);08.03.2023 01:00:08;751.050
ekstensometer (ny);08.03.2023 02:00:09;751.050
ekstensometer (ny);08.03.2023 03:00:09;751.050
ekstensometer (ny);08.03.2023 04:00:08;750.938
ekstensometer (ny);08.03.2023 05:00:09;750.938
ekstensometer (ny);08.03.2023 06:00:09;750.938
ekstensometer (ny);08.03.2023 07:00:08;750.938
ekstensometer (ny);08.03.2023 08:00:09;750.938
ekstensometer (ny);08.03.2023 09:00:09;750.825
ekstensometer (ny);08.03.2023 10:00:08;750.825
ekstensometer (ny);08.03.2023 11:00:09;750.713
ekstensometer (ny);08.03.2023 12:00:09;750.713
ekstensometer (ny);08.03.2023 13:00:08;750.713
ekstensometer (ny);08.03.2023 14:00:09;750.600
ekstensometer (ny);08.03.2023 15:00:09;750.600
ekstensometer (ny);08.03.2023 16:00:09;750.713
ekstensometer (ny);08.03.2023 17:00:09;750.713
ekstensometer (ny);08.03.2023 18:00:09;750.825
ekstensometer (ny);08.03.2023 19:00:09;750.825
ekstensometer (ny);08.03.2023 20:00:09;750.825
ekstensometer (ny);08.03.2023 21:00:09;750.825
ekstensometer (ny);08.03.2023 22:00:09;751.500
ekstensometer (ny);08.03.2023 23:00:29;752.062
ekstensometer (ny);09.03.2023 00:00:09;752.062
ekstensometer (ny);09.03.2023 01:00:09;752.062
ekstensometer (ny);09.03.2023 02:00:08;752.737
ekstensometer (ny);09.03.2023 03:00:09;752.737
ekstensometer (ny);09.03.2023 04:00:09;752.850
ekstensometer (ny);09.03.2023 05:00:08;752.850
ekstensometer (ny);09.03.2023 06:00:09;752.737
ekstensometer (ny);09.03.2023 07:00:09;752.737
ekstensometer (ny);09.03.2023 08:00:09;752.062
ekstensometer (ny);09.03.2023 09:00:09;752.400
ekstensometer (ny);09.03.2023 10:00:09;752.062
ekstensometer (ny);09.03.2023 11:00:09;751.950
ekstensometer (ny);09.03.2023 12:00:08;751.838
ekstensometer (ny);09.03.2023 13:00:09;751.838
ekstensometer (ny);09.03.2023 14:00:09;751.275
ekstensometer (ny);09.03.2023 15:00:08;750.713
ekstensometer (ny);09.03.2023 16:00:09;750.713
ekstensometer (ny);09.03.2023 17:00:09;750.825
ekstensometer (ny);09.03.2023 18:00:08;750.938
ekstensometer (ny);09.03.2023 19:00:09;750.938
ekstensometer (ny);09.03.2023 20:00:09;750.938
ekstensometer (ny);09.03.2023 21:00:09;751.050
ekstensometer (ny);09.03.2023 22:00:09;751.612
ekstensometer (ny);09.03.2023 23:00:09;751.050
ekstensometer (ny);10.03.2023 00:00:09;751.050
ekstensometer (ny);10.03.2023 01:00:09;751.050
ekstensometer (ny);10.03.2023 02:00:09;751.050
ekstensometer (ny);10.03.2023 03:00:09;751.162
ekstensometer (ny);10.03.2023 04:00:09;751.050
ekstensometer (ny);10.03.2023 05:00:09;751.050
ekstensometer (ny);10.03.2023 06:00:09;751.050
ekstensometer (ny);10.03.2023 07:00:09;751.050
ekstensometer (ny);10.03.2023 08:00:09;751.050
ekstensometer (ny);10.03.2023 09:00:09;751.050
ekstensometer (ny);10.03.2023 10:00:09;750.938
ekstensometer (ny);10.03.2023 11:00:09;751.275
ekstensometer (ny);10.03.2023 12:00:09;750.375
ekstensometer (ny);10.03.2023 13:00:09;750.263
ekstensometer (ny);10.03.2023 14:00:08;750.150
ekstensometer (ny);10.03.2023 15:00:09;750.375
ekstensometer (ny);10.03.2023 16:00:09;750.487
ekstensometer (ny);10.03.2023 17:00:09;750.600
ekstensometer (ny);10.03.2023 18:00:09;750.713
ekstensometer (ny);10.03.2023 19:00:09;750.713
ekstensometer (ny);10.03.2023 20:00:09;750.713
ekstensometer (ny);10.03.2023 21:00:08;750.713
ekstensometer (ny);10.03.2023 22:00:09;750.713
ekstensometer (ny);10.03.2023 23:00:09;750.825
ekstensometer (ny);11.03.2023 00:00:09;750.825
ekstensometer (ny);11.03.2023 01:00:09;750.825
ekstensometer (ny);11.03.2023 02:00:09;750.825
ekstensometer (ny);11.03.2023 03:00:09;750.825
ekstensometer (ny);11.03.2023 04:00:08;750.825
ekstensometer (ny);11.03.2023 05:00:09;750.938
ekstensometer (ny);11.03.2023 06:00:09;750.938
ekstensometer (ny);11.03.2023 07:00:08;750.938
ekstensometer (ny);11.03.2023 08:00:09;750.938
ekstensometer (ny);11.03.2023 09:00:09;750.825
ekstensometer (ny);11.03.2023 10:00:09;750.713
ekstensometer (ny);11.03.2023 11:00:09;750.713
ekstensometer (ny);11.03.2023 12:00:09;750.600
ekstensometer (ny);11.03.2023 13:00:09;750.600
ekstensometer (ny);11.03.2023 14:00:09;750.600
ekstensometer (ny);11.03.2023 15:00:09;750.600
ekstensometer (ny);11.03.2023 16:00:09;750.600
ekstensometer (ny);11.03.2023 17:00:09;750.713
ekstensometer (ny);11.03.2023 18:00:09;750.713
ekstensometer (ny);11.03.2023 19:00:09;750.825
ekstensometer (ny);11.03.2023 20:00:09;750.825
ekstensometer (ny);11.03.2023 21:00:09;750.825
ekstensometer (ny);11.03.2023 22:00:09;750.938
ekstensometer (ny);11.03.2023 23:00:08;750.938
ekstensometer (ny);12.03.2023 00:00:29;750.938
ekstensometer (ny);12.03.2023 01:00:09;750.938
ekstensometer (ny);12.03.2023 02:00:09;750.938
ekstensometer (ny);12.03.2023 03:00:09;750.938
ekstensometer (ny);12.03.2023 04:00:09;750.938
ekstensometer (ny);12.03.2023 05:00:08;750.938
ekstensometer (ny);12.03.2023 06:00:09;750.938
ekstensometer (ny);12.03.2023 07:00:09;750.938
ekstensometer (ny);12.03.2023 08:00:08;750.825
ekstensometer (ny);12.03.2023 09:00:09;750.713
ekstensometer (ny);12.03.2023 10:00:09;750.713
ekstensometer (ny);12.03.2023 11:00:09;750.600
ekstensometer (ny);12.03.2023 12:00:09;750.600
ekstensometer (ny);12.03.2023 13:00:09;750.600
ekstensometer (ny);12.03.2023 14:00:08;750.600
ekstensometer (ny);12.03.2023 15:00:09;750.600
ekstensometer (ny);12.03.2023 16:00:09;750.600
ekstensometer (ny);12.03.2023 17:00:09;750.713
ekstensometer (ny);12.03.2023 18:00:09;750.713
ekstensometer (ny);12.03.2023 19:00:09;750.713
ekstensometer (ny);12.03.2023 20:00:08;750.713
ekstensometer (ny);12.03.2023 21:00:09;750.713
ekstensometer (ny);12.03.2023 22:00:09;750.713
ekstensometer (ny);12.03.2023 23:00:09;750.713
ekstensometer (ny);13.03.2023 00:00:09;750.713
ekstensometer (ny);13.03.2023 01:00:09;750.713
ekstensometer (ny);13.03.2023 02:00:09;750.713
ekstensometer (ny);13.03.2023 03:00:09;750.713
ekstensometer (ny);13.03.2023 04:00:09;750.713
ekstensometer (ny);13.03.2023 05:00:08;750.713
ekstensometer (ny);13.03.2023 06:00:09;750.713
ekstensometer (ny);13.03.2023 07:00:09;750.713
ekstensometer (ny);13.03.2023 08:00:10;750.713
ekstensometer (ny);13.03.2023 09:00:08;750.713
ekstensometer (ny);13.03.2023 10:00:09;750.600
ekstensometer (ny);13.03.2023 11:00:09;750.600
ekstensometer (ny);13.03.2023 12:00:09;750.600
ekstensometer (ny);13.03.2023 13:00:09;750.600
ekstensometer (ny);13.03.2023 14:00:09;750.600
ekstensometer (ny);13.03.2023 15:00:08;750.713
ekstensometer (ny);13.03.2023 16:00:09;750.713
ekstensometer (ny);13.03.2023 17:00:09;750.713
ekstensometer (ny);13.03.2023 18:00:08;750.713
ekstensometer (ny);13.03.2023 19:00:09;751.275
ekstensometer (ny);13.03.2023 20:00:09;751.275
ekstensometer (ny);13.03.2023 21:00:09;751.275
ekstensometer (ny);13.03.2023 22:00:09;751.838
ekstensometer (ny);13.03.2023 23:00:09;751.950
ekstensometer (ny);14.03.2023 00:00:09;751.838
ekstensometer (ny);14.03.2023 01:00:08;751.838
ekstensometer (ny);14.03.2023 02:00:09;752.513
ekstensometer (ny);14.03.2023 03:00:09;751.275
ekstensometer (ny);14.03.2023 04:00:08;751.275
ekstensometer (ny);14.03.2023 05:00:09;750.713
ekstensometer (ny);14.03.2023 06:00:09;750.713
ekstensometer (ny);14.03.2023 07:00:08;750.713
ekstensometer (ny);14.03.2023 08:00:09;750.713
ekstensometer (ny);14.03.2023 09:00:09;750.713
ekstensometer (ny);14.03.2023 10:00:10;750.713
ekstensometer (ny);14.03.2023 11:00:09;750.713
ekstensometer (ny);14.03.2023 12:00:09;750.600
ekstensometer (ny);14.03.2023 13:00:09;750.600
ekstensometer (ny);14.03.2023 14:00:08;750.487
ekstensometer (ny);14.03.2023 15:00:09;750.375
ekstensometer (ny);14.03.2023 16:00:10;750.487
ekstensometer (ny);14.03.2023 17:00:10;750.600
ekstensometer (ny);14.03.2023 18:00:09;750.713
ekstensometer (ny);14.03.2023 19:00:09;750.713
ekstensometer (ny);14.03.2023 20:00:09;750.713
ekstensometer (ny);14.03.2023 21:00:09;750.713
ekstensometer (ny);14.03.2023 22:00:09;750.713
ekstensometer (ny);14.03.2023 23:00:09;750.713
ekstensometer (ny);15.03.2023 00:00:08;750.713
ekstensometer (ny);15.03.2023 01:00:30;750.713
ekstensometer (ny);15.03.2023 02:00:09;750.713
ekstensometer (ny);15.03.2023 03:00:09;750.713
ekstensometer (ny);15.03.2023 04:00:08;750.825
ekstensometer (ny);15.03.2023 05:00:09;750.825
ekstensometer (ny);15.03.2023 06:00:09;750.825
ekstensometer (ny);15.03.2023 07:00:09;750.825
ekstensometer (ny);15.03.2023 08:00:09;750.825
ekstensometer (ny);15.03.2023 09:00:09;750.825
ekstensometer (ny);15.03.2023 10:00:09;750.713
ekstensometer (ny);15.03.2023 11:00:09;750.487
ekstensometer (ny);15.03.2023 12:00:09;750.375
ekstensometer (ny);15.03.2023 13:00:09;750.263
ekstensometer (ny);15.03.2023 14:00:08;749.812
ekstensometer (ny);15.03.2023 15:00:09;749.588
ekstensometer (ny);15.03.2023 16:00:09;749.700
ekstensometer (ny);15.03.2023 17:00:08;749.812
ekstensometer (ny);15.03.2023 18:00:09;750.037
ekstensometer (ny);15.03.2023 19:00:09;750.713
ekstensometer (ny);15.03.2023 20:00:09;750.713
ekstensometer (ny);15.03.2023 21:00:09;750.825
ekstensometer (ny);15.03.2023 22:00:09;750.825
ekstensometer (ny);15.03.2023 23:00:09;750.825
ekstensometer (ny);16.03.2023 00:00:09;750.825
ekstensometer (ny);16.03.2023 01:00:09;750.938
ekstensometer (ny);16.03.2023 02:00:09;750.825
ekstensometer (ny);16.03.2023 03:00:09;750.938
ekstensometer (ny);16.03.2023 04:00:09;750.825
ekstensometer (ny);16.03.2023 05:00:09;750.825
ekstensometer (ny);16.03.2023 06:00:09;750.825
ekstensometer (ny);16.03.2023 07:00:09;750.825
ekstensometer (ny);16.03.2023 08:00:09;750.713
ekstensometer (ny);16.03.2023 09:00:08;750.713
ekstensometer (ny);16.03.2023 10:00:09;750.713
ekstensometer (ny);16.03.2023 11:00:09;750.713
ekstensometer (ny);16.03.2023 12:00:08;750.713
ekstensometer (ny);16.03.2023 13:00:09;750.713
ekstensometer (ny);16.03.2023 14:00:09;750.713
ekstensometer (ny);16.03.2023 15:00:10;750.713
ekstensometer (ny);16.03.2023 16:00:09;750.713
ekstensometer (ny);16.03.2023 17:00:09;751.275
ekstensometer (ny);16.03.2023 18:00:09;750.713
ekstensometer (ny);16.03.2023 19:00:09;750.713
ekstensometer (ny);16.03.2023 20:00:09;750.713
ekstensometer (ny);16.03.2023 21:00:10;751.275
ekstensometer (ny);16.03.2023 22:00:08;751.275
ekstensometer (ny);16.03.2023 23:00:09;751.838
ekstensometer (ny);17.03.2023 00:00:09;751.838
ekstensometer (ny);17.03.2023 01:00:08;751.838
ekstensometer (ny);17.03.2023 02:00:09;751.275
ekstensometer (ny);17.03.2023 03:00:09;751.838
ekstensometer (ny);17.03.2023 04:00:08;751.838
ekstensometer (ny);17.03.2023 05:00:09;751.275
ekstensometer (ny);17.03.2023 06:00:09;751.838
ekstensometer (ny);17.03.2023 07:00:09;751.838
ekstensometer (ny);17.03.2023 08:00:09;751.612
ekstensometer (ny);17.03.2023 09:00:09;751.725
ekstensometer (ny);17.03.2023 10:00:09;751.162
ekstensometer (ny);17.03.2023 11:00:09;751.162
ekstensometer (ny);17.03.2023 12:00:09;751.162
ekstensometer (ny);17.03.2023 13:00:09;751.050
ekstensometer (ny);17.03.2023 14:00:08;750.487
ekstensometer (ny);17.03.2023 15:00:09;750.600
ekstensometer (ny);17.03.2023 16:00:09;750.600
ekstensometer (ny);17.03.2023 17:00:10;750.600
ekstensometer (ny);17.03.2023 18:00:09;750.600
ekstensometer (ny);17.03.2023 19:00:09;750.600
ekstensometer (ny);17.03.2023 20:00:09;751.162
ekstensometer (ny);17.03.2023 21:00:09;751.162
ekstensometer (ny);17.03.2023 22:00:09;751.162
ekstensometer (ny);17.03.2023 23:00:09;751.162
ekstensometer (ny);18.03.2023 00:00:08;751.162
ekstensometer (ny);18.03.2023 01:00:09;751.162
ekstensometer (ny);18.03.2023 02:00:30;751.162
ekstensometer (ny);18.03.2023 03:00:08;751.275
ekstensometer (ny);18.03.2023 04:00:09;751.275
ekstensometer (ny);18.03.2023 05:00:09;751.275
ekstensometer (ny);18.03.2023 06:00:08;751.275
ekstensometer (ny);18.03.2023 07:00:09;751.275
ekstensometer (ny);18.03.2023 08:00:09;751.838
ekstensometer (ny);18.03.2023 09:00:09;751.838
ekstensometer (ny);18.03.2023 10:00:09;751.725
ekstensometer (ny);18.03.2023 11:00:09;751.500
ekstensometer (ny);18.03.2023 12:00:09;751.612
ekstensometer (ny);18.03.2023 13:00:09;751.612
ekstensometer (ny);18.03.2023 14:00:09;751.388
ekstensometer (ny);18.03.2023 15:00:09;751.388
ekstensometer (ny);18.03.2023 16:00:09;751.388
ekstensometer (ny);18.03.2023 17:00:09;751.500
ekstensometer (ny);18.03.2023 18:00:09;751.725
ekstensometer (ny);18.03.2023 19:00:09;751.838
ekstensometer (ny);18.03.2023 20:00:09;752.400
ekstensometer (ny);18.03.2023 21:00:09;752.513
ekstensometer (ny);18.03.2023 22:00:09;752.513
ekstensometer (ny);18.03.2023 23:00:09;752.513
ekstensometer (ny);19.03.2023 00:00:09;752.400
ekstensometer (ny);19.03.2023 01:00:08;752.400
ekstensometer (ny);19.03.2023 02:00:09;752.400
ekstensometer (ny);19.03.2023 03:00:09;752.400
ekstensometer (ny);19.03.2023 04:00:09;752.400
ekstensometer (ny);19.03.2023 05:00:09;752.400
ekstensometer (ny);19.03.2023 06:00:09;752.400
ekstensometer (ny);19.03.2023 07:00:09;752.400
ekstensometer (ny);19.03.2023 08:00:09;752.287
ekstensometer (ny);19.03.2023 09:00:09;752.287
ekstensometer (ny);19.03.2023 10:00:09;752.287
ekstensometer (ny);19.03.2023 11:00:08;752.287
ekstensometer (ny);19.03.2023 12:00:09;752.287
ekstensometer (ny);19.03.2023 13:00:09;752.287
ekstensometer (ny);19.03.2023 14:00:09;752.287
ekstensometer (ny);19.03.2023 15:00:09;751.162
ekstensometer (ny);19.03.2023 16:00:09;751.162
ekstensometer (ny);19.03.2023 17:00:09;751.162
ekstensometer (ny);19.03.2023 18:00:09;751.162
ekstensometer (ny);19.03.2023 19:00:09;751.162
ekstensometer (ny);19.03.2023 20:00:09;751.162
ekstensometer (ny);19.03.2023 21:00:09;751.162
ekstensometer (ny);19.03.2023 22:00:09;751.162
ekstensometer (ny);19.03.2023 23:00:09;751.275
ekstensometer (ny);20.03.2023 00:00:08;751.275
ekstensometer (ny);20.03.2023 01:00:09;751.275
ekstensometer (ny);20.03.2023 02:00:09;751.275
ekstensometer (ny);20.03.2023 03:00:08;751.275
ekstensometer (ny);20.03.2023 04:00:09;751.275
ekstensometer (ny);20.03.2023 05:00:09;751.275
ekstensometer (ny);20.03.2023 06:00:09;751.275
ekstensometer (ny);20.03.2023 07:00:09;751.275
ekstensometer (ny);20.03.2023 08:00:09;751.275
ekstensometer (ny);20.03.2023 09:00:09;751.275
ekstensometer (ny);20.03.2023 10:00:09;751.162
ekstensometer (ny);20.03.2023 11:00:09;750.938
ekstensometer (ny);20.03.2023 12:00:09;750.938
ekstensometer (ny);20.03.2023 13:00:08;750.938
ekstensometer (ny);20.03.2023 14:00:09;750.938
ekstensometer (ny);20.03.2023 15:00:09;750.938
ekstensometer (ny);20.03.2023 16:00:08;750.938
ekstensometer (ny);20.03.2023 17:00:09;750.938
ekstensometer (ny);20.03.2023 18:00:09;751.162
ekstensometer (ny);20.03.2023 19:00:08;751.275
ekstensometer (ny);20.03.2023 20:00:09;751.275
ekstensometer (ny);20.03.2023 21:00:09;751.275
ekstensometer (ny);20.03.2023 22:00:08;751.275
ekstensometer (ny);20.03.2023 23:00:09;751.275
ekstensometer (ny);21.03.2023 00:00:09;751.388
ekstensometer (ny);21.03.2023 01:00:09;751.388
ekstensometer (ny);21.03.2023 02:00:09;751.388
ekstensometer (ny);21.03.2023 03:00:29;751.388
ekstensometer (ny);21.03.2023 04:00:09;751.388
ekstensometer (ny);21.03.2023 05:00:08;751.388
ekstensometer (ny);21.03.2023 06:00:09;751.388
ekstensometer (ny);21.03.2023 07:00:09;751.275
ekstensometer (ny);21.03.2023 08:00:08;751.275
ekstensometer (ny);21.03.2023 09:00:09;751.275
ekstensometer (ny);21.03.2023 10:00:09;751.162
ekstensometer (ny);21.03.2023 11:00:09;751.162
ekstensometer (ny);21.03.2023 12:00:09;751.162
ekstensometer (ny);21.03.2023 13:00:09;751.162
ekstensometer (ny);21.03.2023 14:00:09;751.162
ekstensometer (ny);21.03.2023 15:00:09;751.162
ekstensometer (ny);21.03.2023 16:00:09;751.162
ekstensometer (ny);21.03.2023 17:00:09;751.162
ekstensometer (ny);21.03.2023 18:00:09;751.275
ekstensometer (ny);21.03.2023 19:00:09;751.275
ekstensometer (ny);21.03.2023 20:00:09;751.275
ekstensometer (ny);21.03.2023 21:00:08;751.275
ekstensometer (ny);21.03.2023 22:00:09;751.275
ekstensometer (ny);21.03.2023 23:00:09;751.275
ekstensometer (ny);22.03.2023 00:00:08;751.275
ekstensometer (ny);22.03.2023 01:00:09;751.275
ekstensometer (ny);22.03.2023 02:00:09;751.275
ekstensometer (ny);22.03.2023 03:00:09;751.275
ekstensometer (ny);22.03.2023 04:00:09;751.275
ekstensometer (ny);22.03.2023 05:00:09;751.162
ekstensometer (ny);22.03.2023 06:00:09;751.162
ekstensometer (ny);22.03.2023 07:00:09;751.162
ekstensometer (ny);22.03.2023 08:00:09;751.162
ekstensometer (ny);22.03.2023 09:00:10;751.162
ekstensometer (ny);22.03.2023 10:00:08;751.050
ekstensometer (ny);22.03.2023 11:00:09;751.162
ekstensometer (ny);22.03.2023 12:00:09;751.162
ekstensometer (ny);22.03.2023 13:00:10;751.162
ekstensometer (ny);22.03.2023 14:00:09;751.162
ekstensometer (ny);22.03.2023 15:00:09;751.162
ekstensometer (ny);22.03.2023 16:00:09;751.162
ekstensometer (ny);22.03.2023 17:00:09;751.162
ekstensometer (ny);22.03.2023 18:00:09;751.162
ekstensometer (ny);22.03.2023 19:00:09;751.162
ekstensometer (ny);22.03.2023 20:00:08;751.275
ekstensometer (ny);22.03.2023 21:00:09;751.275
ekstensometer (ny);22.03.2023 22:00:09;751.275
ekstensometer (ny);22.03.2023 23:00:08;751.275
ekstensometer (ny);23.03.2023 00:00:09;751.275
ekstensometer (ny);23.03.2023 01:00:09;751.162
ekstensometer (ny);23.03.2023 02:00:09;751.275
ekstensometer (ny);23.03.2023 03:00:09;751.162
ekstensometer (ny);23.03.2023 04:00:09;751.162
ekstensometer (ny);23.03.2023 05:00:09;751.162
ekstensometer (ny);23.03.2023 06:00:09;751.162
ekstensometer (ny);23.03.2023 07:00:09;751.162
ekstensometer (ny);23.03.2023 08:00:09;751.162
ekstensometer (ny);23.03.2023 09:00:09;751.162
ekstensometer (ny);23.03.2023 10:00:09;750.938
ekstensometer (ny);23.03.2023 11:00:09;750.938
ekstensometer (ny);23.03.2023 12:00:08;750.938
ekstensometer (ny);23.03.2023 13:00:09;751.162
ekstensometer (ny);23.03.2023 14:00:09;751.162
ekstensometer (ny);23.03.2023 15:00:08;751.162
ekstensometer (ny);23.03.2023 16:00:09;751.162
ekstensometer (ny);23.03.2023 17:00:09;751.162
ekstensometer (ny);23.03.2023 18:00:10;751.162
ekstensometer (ny);23.03.2023 19:00:09;751.162
ekstensometer (ny);23.03.2023 20:00:09;751.162
ekstensometer (ny);23.03.2023 21:00:09;751.162
ekstensometer (ny);23.03.2023 22:00:09;751.162
ekstensometer (ny);23.03.2023 23:00:09;751.162
ekstensometer (ny);24.03.2023 00:00:09;751.162
ekstensometer (ny);24.03.2023 01:00:09;751.162
ekstensometer (ny);24.03.2023 02:00:09;751.162
ekstensometer (ny);24.03.2023 03:00:09;751.162
ekstensometer (ny);24.03.2023 04:00:32;751.162
ekstensometer (ny);24.03.2023 05:00:09;751.162
ekstensometer (ny);24.03.2023 06:00:08;751.162
ekstensometer (ny);24.03.2023 07:00:09;751.162
ekstensometer (ny);24.03.2023 08:00:09;751.162
ekstensometer (ny);24.03.2023 09:00:10;751.162
ekstensometer (ny);24.03.2023 10:00:09;750.938
ekstensometer (ny);24.03.2023 11:00:09;750.825
ekstensometer (ny);24.03.2023 12:00:09;750.713
ekstensometer (ny);24.03.2023 13:00:09;750.938
ekstensometer (ny);24.03.2023 14:00:09;750.938
ekstensometer (ny);24.03.2023 15:00:09;750.938
ekstensometer (ny);24.03.2023 16:00:09;750.938
ekstensometer (ny);24.03.2023 17:00:09;750.938
ekstensometer (ny);24.03.2023 18:00:09;751.162
ekstensometer (ny);24.03.2023 19:00:09;751.162
ekstensometer (ny);24.03.2023 20:00:09;751.275
ekstensometer (ny);24.03.2023 21:00:09;751.275
ekstensometer (ny);24.03.2023 22:00:08;751.275
ekstensometer (ny);24.03.2023 23:00:09;751.275
ekstensometer (ny);25.03.2023 00:00:09;751.275
ekstensometer (ny);25.03.2023 01:00:09;751.275
ekstensometer (ny);25.03.2023 02:00:08;751.275
ekstensometer (ny);25.03.2023 03:00:09;751.275
ekstensometer (ny);25.03.2023 04:00:09;751.275
ekstensometer (ny);25.03.2023 05:00:08;751.275
ekstensometer (ny);25.03.2023 06:00:09;751.275
ekstensometer (ny);25.03.2023 07:00:09;751.275
ekstensometer (ny);25.03.2023 08:00:08;751.275
ekstensometer (ny);25.03.2023 09:00:09;751.162
ekstensometer (ny);25.03.2023 10:00:09;751.162
ekstensometer (ny);25.03.2023 11:00:08;751.162
ekstensometer (ny);25.03.2023 12:00:09;751.162
ekstensometer (ny);25.03.2023 13:00:09;751.162
ekstensometer (ny);25.03.2023 14:00:08;751.162
ekstensometer (ny);25.03.2023 15:00:09;751.162
ekstensometer (ny);25.03.2023 16:00:09;751.275
ekstensometer (ny);25.03.2023 17:00:10;751.275
ekstensometer (ny);25.03.2023 18:00:09;751.275
ekstensometer (ny);25.03.2023 19:00:09;751.275
ekstensometer (ny);25.03.2023 20:00:09;751.275
ekstensometer (ny);25.03.2023 21:00:09;751.275
ekstensometer (ny);25.03.2023 22:00:09;751.275
ekstensometer (ny);25.03.2023 23:00:09;751.388
ekstensometer (ny);26.03.2023 00:00:08;751.388
ekstensometer (ny);26.03.2023 01:00:09;751.388
ekstensometer (ny);26.03.2023 02:00:09;751.388
ekstensometer (ny);26.03.2023 03:00:09;751.388
ekstensometer (ny);26.03.2023 04:00:09;751.388
ekstensometer (ny);26.03.2023 05:00:09;751.500
ekstensometer (ny);26.03.2023 06:00:09;751.500
ekstensometer (ny);26.03.2023 07:00:09;751.500
ekstensometer (ny);26.03.2023 08:00:09;751.500
ekstensometer (ny);26.03.2023 09:00:09;751.500
ekstensometer (ny);26.03.2023 10:00:09;751.162
ekstensometer (ny);26.03.2023 11:00:09;751.162
ekstensometer (ny);26.03.2023 12:00:09;750.938
ekstensometer (ny);26.03.2023 13:00:09;750.938
ekstensometer (ny);26.03.2023 14:00:09;750.938
ekstensometer (ny);26.03.2023 15:00:09;750.825
ekstensometer (ny);26.03.2023 16:00:08;750.938
ekstensometer (ny);26.03.2023 17:00:09;750.938
ekstensometer (ny);26.03.2023 18:00:09;751.162
ekstensometer (ny);26.03.2023 19:00:09;751.275
ekstensometer (ny);26.03.2023 20:00:09;751.388
ekstensometer (ny);26.03.2023 21:00:09;751.388
ekstensometer (ny);26.03.2023 22:00:09;751.388
ekstensometer (ny);26.03.2023 23:00:08;751.388
ekstensometer (ny);27.03.2023 00:00:09;751.388
ekstensometer (ny);27.03.2023 01:00:09;751.500
ekstensometer (ny);27.03.2023 02:00:09;751.388
ekstensometer (ny);27.03.2023 03:00:09;751.500
ekstensometer (ny);27.03.2023 04:00:09;751.500
ekstensometer (ny);27.03.2023 05:00:30;751.500
ekstensometer (ny);27.03.2023 06:00:09;751.500
ekstensometer (ny);27.03.2023 07:00:09;751.500
ekstensometer (ny);27.03.2023 08:00:09;751.388
ekstensometer (ny);27.03.2023 09:00:09;751.388
ekstensometer (ny);27.03.2023 10:00:09;751.275
ekstensometer (ny);27.03.2023 11:00:09;751.275
ekstensometer (ny);27.03.2023 12:00:09;751.162
ekstensometer (ny);27.03.2023 13:00:09;751.162
ekstensometer (ny);27.03.2023 14:00:08;751.162
ekstensometer (ny);27.03.2023 15:00:09;751.050
ekstensometer (ny);27.03.2023 16:00:09;751.050
ekstensometer (ny);27.03.2023 17:00:09;751.162
ekstensometer (ny);27.03.2023 18:00:09;751.162
ekstensometer (ny);27.03.2023 19:00:09;751.275
ekstensometer (ny);27.03.2023 20:00:09;751.388
ekstensometer (ny);27.03.2023 21:00:08;751.500
ekstensometer (ny);27.03.2023 22:00:09;751.500
ekstensometer (ny);27.03.2023 23:00:09;751.500
ekstensometer (ny);28.03.2023 00:00:09;751.500
ekstensometer (ny);28.03.2023 01:00:09;751.612
ekstensometer (ny);28.03.2023 02:00:09;751.612
ekstensometer (ny);28.03.2023 03:00:09;751.612
ekstensometer (ny);28.03.2023 04:00:09;751.612
ekstensometer (ny);28.03.2023 05:00:30;751.612
ekstensometer (ny);28.03.2023 06:00:09;751.500
ekstensometer (ny);28.03.2023 07:00:09;751.500
ekstensometer (ny);28.03.2023 08:00:08;751.388
ekstensometer (ny);28.03.2023 09:00:09;751.388
ekstensometer (ny);28.03.2023 10:00:09;751.388
ekstensometer (ny);28.03.2023 11:00:09;751.275
ekstensometer (ny);28.03.2023 12:00:09;751.275
ekstensometer (ny);28.03.2023 13:00:09;751.275
ekstensometer (ny);28.03.2023 14:00:09;751.275
ekstensometer (ny);28.03.2023 15:00:09;751.162
ekstensometer (ny);28.03.2023 16:00:09;751.162
ekstensometer (ny);28.03.2023 17:00:09;751.275
ekstensometer (ny);28.03.2023 18:00:09;751.275
ekstensometer (ny);28.03.2023 19:00:09;751.388
ekstensometer (ny);28.03.2023 20:00:09;751.388
ekstensometer (ny);28.03.2023 21:00:08;751.388
ekstensometer (ny);28.03.2023 22:00:09;751.388
ekstensometer (ny);28.03.2023 23:00:09;751.388
ekstensometer (ny);29.03.2023 00:00:08;751.500
ekstensometer (ny);29.03.2023 01:00:09;751.500
ekstensometer (ny);29.03.2023 02:00:09;751.500
ekstensometer (ny);29.03.2023 03:00:09;751.500
ekstensometer (ny);29.03.2023 04:00:08;751.500
ekstensometer (ny);29.03.2023 05:00:09;751.500
ekstensometer (ny);29.03.2023 06:00:09;751.500
ekstensometer (ny);29.03.2023 07:00:09;751.388
ekstensometer (ny);29.03.2023 08:00:09;751.388
ekstensometer (ny);29.03.2023 09:00:09;751.275
ekstensometer (ny);29.03.2023 10:00:09;751.162
ekstensometer (ny);29.03.2023 11:00:08;751.050
ekstensometer (ny);29.03.2023 12:00:09;750.938
ekstensometer (ny);29.03.2023 13:00:09;750.938
ekstensometer (ny);29.03.2023 14:00:08;750.938
ekstensometer (ny);29.03.2023 15:00:09;750.825
ekstensometer (ny);29.03.2023 16:00:09;750.825
ekstensometer (ny);29.03.2023 17:00:09;750.938
ekstensometer (ny);29.03.2023 18:00:09;751.162
ekstensometer (ny);29.03.2023 19:00:09;751.275
ekstensometer (ny);29.03.2023 20:00:09;751.388
ekstensometer (ny);29.03.2023 21:00:09;751.500
ekstensometer (ny);29.03.2023 22:00:09;751.500
ekstensometer (ny);29.03.2023 23:00:09;751.500
ekstensometer (ny);30.03.2023 00:00:08;751.500
ekstensometer (ny);30.03.2023 01:00:09;751.500
ekstensometer (ny);30.03.2023 02:00:09;751.500
ekstensometer (ny);30.03.2023 03:00:09;751.500
ekstensometer (ny);30.03.2023 04:00:09;751.500
ekstensometer (ny);30.03.2023 05:00:09;751.500
ekstensometer (ny);30.03.2023 06:00:09;751.500
ekstensometer (ny);30.03.2023 07:00:09;751.388
ekstensometer (ny);30.03.2023 08:00:09;751.275
ekstensometer (ny);30.03.2023 09:00:09;751.275
ekstensometer (ny);30.03.2023 10:00:08;751.162
ekstensometer (ny);30.03.2023 11:00:09;750.938
ekstensometer (ny);30.03.2023 12:00:09;750.938
ekstensometer (ny);30.03.2023 13:00:08;750.938
ekstensometer (ny);30.03.2023 14:00:09;750.938
ekstensometer (ny);30.03.2023 15:00:09;750.938
ekstensometer (ny);30.03.2023 16:00:08;751.050
ekstensometer (ny);30.03.2023 17:00:09;751.050
ekstensometer (ny);30.03.2023 18:00:09;751.162
ekstensometer (ny);30.03.2023 19:00:08;751.162
ekstensometer (ny);30.03.2023 20:00:09;751.275
ekstensometer (ny);30.03.2023 21:00:09;751.275
ekstensometer (ny);30.03.2023 22:00:08;751.275
ekstensometer (ny);30.03.2023 23:00:09;751.275
ekstensometer (ny);31.03.2023 00:00:10;751.275
ekstensometer (ny);31.03.2023 01:00:08;751.275
ekstensometer (ny);31.03.2023 02:00:09;751.275
ekstensometer (ny);31.03.2023 03:00:09;751.275
ekstensometer (ny);31.03.2023 04:00:08;751.388
ekstensometer (ny);31.03.2023 05:00:09;751.388
ekstensometer (ny);31.03.2023 06:00:30;751.388
ekstensometer (ny);31.03.2023 07:00:09;751.275
ekstensometer (ny);31.03.2023 08:00:08;751.275
ekstensometer (ny);31.03.2023 09:00:09;751.162
ekstensometer (ny);31.03.2023 10:00:09;751.050
ekstensometer (ny);31.03.2023 11:00:08;750.938
ekstensometer (ny);31.03.2023 12:00:09;750.825
ekstensometer (ny);31.03.2023 13:00:09;750.825
ekstensometer (ny);31.03.2023 14:00:08;750.938
ekstensometer (ny);31.03.2023 15:00:09;750.938
ekstensometer (ny);31.03.2023 16:00:09;750.938
ekstensometer (ny);31.03.2023 17:00:08;751.050
ekstensometer (ny);31.03.2023 18:00:09;751.162
ekstensometer (ny);31.03.2023 19:00:09;751.275
ekstensometer (ny);31.03.2023 20:00:08;751.275
ekstensometer (ny);31.03.2023 21:00:09;751.388
ekstensometer (ny);31.03.2023 22:00:09;751.388
ekstensometer (ny);31.03.2023 23:00:10;751.388
ekstensometer (ny);01.04.2023 00:00:09;751.388
ekstensometer (ny);01.04.2023 01:00:09;751.500
ekstensometer (ny);01.04.2023 02:00:09;751.500
ekstensometer (ny);01.04.2023 03:00:09;751.500
ekstensometer (ny);01.04.2023 04:00:09;751.500
ekstensometer (ny);01.04.2023 05:00:08;751.500
ekstensometer (ny);01.04.2023 06:00:12;751.500
ekstensometer (ny);01.04.2023 07:00:09;751.500
ekstensometer (ny);01.04.2023 08:00:09;751.500
ekstensometer (ny);01.04.2023 09:00:09;751.388
ekstensometer (ny);01.04.2023 10:00:09;751.162
ekstensometer (ny);01.04.2023 11:00:09;750.938
ekstensometer (ny);01.04.2023 12:00:09;750.825
ekstensometer (ny);01.04.2023 13:00:09;750.713
ekstensometer (ny);01.04.2023 14:00:09;750.713
ekstensometer (ny);01.04.2023 15:00:09;750.713
ekstensometer (ny);01.04.2023 16:00:09;750.713
ekstensometer (ny);01.04.2023 17:00:09;750.825
ekstensometer (ny);01.04.2023 18:00:09;750.938
ekstensometer (ny);01.04.2023 19:00:09;751.162
ekstensometer (ny);01.04.2023 20:00:09;751.275
ekstensometer (ny);01.04.2023 21:00:09;751.275
ekstensometer (ny);01.04.2023 22:00:09;751.388
ekstensometer (ny);01.04.2023 23:00:09;751.388
ekstensometer (ny);02.04.2023 00:00:09;751.388
ekstensometer (ny);02.04.2023 01:00:09;751.500
ekstensometer (ny);02.04.2023 02:00:09;751.500
ekstensometer (ny);02.04.2023 03:00:09;751.500
ekstensometer (ny);02.04.2023 04:00:08;751.500
ekstensometer (ny);02.04.2023 05:00:09;751.500
ekstensometer (ny);02.04.2023 06:00:09;751.500
ekstensometer (ny);02.04.2023 07:00:08;751.500
ekstensometer (ny);02.04.2023 08:00:09;751.388
ekstensometer (ny);02.04.2023 09:00:09;751.275
ekstensometer (ny);02.04.2023 10:00:08;751.050
ekstensometer (ny);02.04.2023 11:00:09;750.938
ekstensometer (ny);02.04.2023 12:00:09;750.825
ekstensometer (ny);02.04.2023 13:00:09;750.713
ekstensometer (ny);02.04.2023 14:00:09;750.713
ekstensometer (ny);02.04.2023 15:00:09;750.713
ekstensometer (ny);02.04.2023 16:00:09;750.825
ekstensometer (ny);02.04.2023 17:00:08;750.825
ekstensometer (ny);02.04.2023 18:00:09;750.938
ekstensometer (ny);02.04.2023 19:00:09;751.162
ekstensometer (ny);02.04.2023 20:00:09;751.275
ekstensometer (ny);02.04.2023 21:00:09;751.275
ekstensometer (ny);02.04.2023 22:00:09;751.275
ekstensometer (ny);02.04.2023 23:00:09;751.388
ekstensometer (ny);03.04.2023 00:00:08;751.388
ekstensometer (ny);03.04.2023 01:00:09;751.388
ekstensometer (ny);03.04.2023 02:00:09;751.388
ekstensometer (ny);03.04.2023 03:00:09;751.388
ekstensometer (ny);03.04.2023 04:00:09;751.275
ekstensometer (ny);03.04.2023 05:00:09;751.275
ekstensometer (ny);03.04.2023 06:00:09;751.275
ekstensometer (ny);03.04.2023 07:00:30;751.275
ekstensometer (ny);03.04.2023 08:00:08;751.275
ekstensometer (ny);03.04.2023 09:00:09;751.162
ekstensometer (ny);03.04.2023 10:00:09;751.162
ekstensometer (ny);03.04.2023 11:00:08;751.050
ekstensometer (ny);03.04.2023 12:00:09;751.050
ekstensometer (ny);03.04.2023 13:00:09;751.050
ekstensometer (ny);03.04.2023 14:00:09;750.938
ekstensometer (ny);03.04.2023 15:00:09;750.938
ekstensometer (ny);03.04.2023 16:00:09;751.162
ekstensometer (ny);03.04.2023 17:00:09;751.162
ekstensometer (ny);03.04.2023 18:00:09;751.162
ekstensometer (ny);03.04.2023 19:00:09;751.162
ekstensometer (ny);03.04.2023 20:00:09;751.162
ekstensometer (ny);03.04.2023 21:00:09;751.275
ekstensometer (ny);03.04.2023 22:00:09;751.275
ekstensometer (ny);03.04.2023 23:00:09;751.275
ekstensometer (ny);04.04.2023 00:00:09;751.275
ekstensometer (ny);04.04.2023 01:00:09;751.275
ekstensometer (ny);04.04.2023 02:00:09;751.275
ekstensometer (ny);04.04.2023 03:00:09;751.275
ekstensometer (ny);04.04.2023 04:00:09;751.275
ekstensometer (ny);04.04.2023 05:00:08;751.275
ekstensometer (ny);04.04.2023 06:00:09;751.388
ekstensometer (ny);04.04.2023 07:00:09;751.275
ekstensometer (ny);04.04.2023 08:00:09;751.275
ekstensometer (ny);04.04.2023 09:00:09;751.275
ekstensometer (ny);04.04.2023 10:00:09;751.050
ekstensometer (ny);04.04.2023 11:00:09;750.938
ekstensometer (ny);04.04.2023 12:00:09;750.825
ekstensometer (ny);04.04.2023 13:00:09;750.713
ekstensometer (ny);04.04.2023 14:00:09;750.713
ekstensometer (ny);04.04.2023 15:00:08;750.825
ekstensometer (ny);04.04.2023 16:00:09;750.938
ekstensometer (ny);04.04.2023 17:00:09;750.938
ekstensometer (ny);04.04.2023 18:00:09;751.162
ekstensometer (ny);04.04.2023 19:00:09;751.162
ekstensometer (ny);04.04.2023 20:00:09;751.275
ekstensometer (ny);04.04.2023 21:00:09;751.275
ekstensometer (ny);04.04.2023 22:00:09;751.275
ekstensometer (ny);04.04.2023 23:00:09;751.275
ekstensometer (ny);05.04.2023 00:00:09;751.275
ekstensometer (ny);05.04.2023 01:00:08;751.275
ekstensometer (ny);05.04.2023 02:00:09;751.275
ekstensometer (ny);05.04.2023 03:00:09;751.275
ekstensometer (ny);05.04.2023 04:00:08;751.388
ekstensometer (ny);05.04.2023 05:00:09;751.388
ekstensometer (ny);05.04.2023 06:00:09;751.275
ekstensometer (ny);05.04.2023 07:00:09;751.275
ekstensometer (ny);05.04.2023 08:00:09;751.275
