Sensor name;Date;dX;dY
Tilt 1;01.12.2020 00:00:07;-0.997;0.005
Tilt 1;01.12.2020 01:00:05;-1.001;0.005
Tilt 1;01.12.2020 02:00:05;-0.999;0.005
Tilt 1;01.12.2020 03:00:04;-0.999;0.005
Tilt 1;01.12.2020 04:00:06;-0.995;0.006
Tilt 1;01.12.2020 05:00:04;-0.997;0.006
Tilt 1;01.12.2020 06:00:04;-0.997;0.008
Tilt 1;01.12.2020 07:00:05;-0.997;0.006
Tilt 1;01.12.2020 08:00:07;-0.995;0.006
Tilt 1;01.12.2020 09:00:04;-0.997;0.006
Tilt 1;01.12.2020 10:00:04;-0.997;0.010
Tilt 1;01.12.2020 11:00:04;-0.995;0.008
Tilt 1;01.12.2020 12:00:07;-0.991;0.008
Tilt 1;01.12.2020 13:00:04;-0.997;0.008
Tilt 1;01.12.2020 14:00:05;-0.997;0.008
Tilt 1;01.12.2020 15:00:05;-0.997;0.008
Tilt 1;01.12.2020 16:00:06;-0.982;0.008
Tilt 1;01.12.2020 17:00:04;-0.995;0.010
Tilt 1;01.12.2020 18:00:05;-0.997;0.006
Tilt 1;01.12.2020 19:00:04;-0.997;0.006
Tilt 1;01.12.2020 20:00:07;-0.988;0.008
Tilt 1;01.12.2020 21:00:05;-0.995;0.006
Tilt 1;01.12.2020 22:00:05;-0.995;0.008
Tilt 1;01.12.2020 23:00:04;-0.997;0.006
Tilt 1;02.12.2020 00:00:39;-0.995;0.005
Tilt 1;02.12.2020 01:00:04;-0.997;0.006
Tilt 1;02.12.2020 02:00:04;-0.997;0.005
Tilt 1;02.12.2020 03:00:05;-0.997;0.006
Tilt 1;02.12.2020 04:00:07;-0.988;0.006
Tilt 1;02.12.2020 05:00:05;-0.995;0.006
Tilt 1;02.12.2020 06:00:05;-0.995;0.006
Tilt 1;02.12.2020 07:00:04;-0.997;0.006
Tilt 1;02.12.2020 08:00:06;-0.995;0.005
Tilt 1;02.12.2020 09:00:04;-0.993;0.005
Tilt 1;02.12.2020 10:00:05;-0.993;0.005
Tilt 1;02.12.2020 11:00:05;-0.995;0.005
Tilt 1;02.12.2020 12:00:07;-0.993;0.005
Tilt 1;02.12.2020 13:00:04;-0.991;0.005
Tilt 1;02.12.2020 14:00:04;-0.991;0.005
Tilt 1;02.12.2020 15:00:04;-0.993;0.006
Tilt 1;02.12.2020 16:00:06;-0.995;0.005
Tilt 1;02.12.2020 17:00:04;-0.993;0.005
Tilt 1;02.12.2020 18:00:05;-0.995;0.005
Tilt 1;02.12.2020 19:00:05;-0.995;0.005
Tilt 1;02.12.2020 20:00:06;-0.997;0.005
Tilt 1;02.12.2020 21:00:04;-0.995;0.005
Tilt 1;02.12.2020 22:00:05;-0.997;0.006
Tilt 1;02.12.2020 23:00:04;-0.995;0.005
Tilt 1;03.12.2020 00:00:07;-0.997;0.006
Tilt 1;03.12.2020 01:00:04;-0.997;0.005
Tilt 1;03.12.2020 02:00:05;-0.997;0.006
Tilt 1;03.12.2020 03:00:05;-0.997;0.005
Tilt 1;03.12.2020 04:00:06;-0.997;0.006
Tilt 1;03.12.2020 05:00:04;-0.997;0.006
Tilt 1;03.12.2020 06:00:04;-0.997;0.005
Tilt 1;03.12.2020 07:00:04;-0.995;0.006
Tilt 1;03.12.2020 08:00:07;-0.997;0.006
Tilt 1;03.12.2020 09:00:05;-0.997;0.006
Tilt 1;03.12.2020 10:00:04;-0.997;0.006
Tilt 1;03.12.2020 11:00:05;-0.995;0.006
Tilt 1;03.12.2020 12:00:07;-0.997;0.006
Tilt 1;03.12.2020 13:00:05;-0.993;0.005
Tilt 1;03.12.2020 14:00:05;-0.995;0.005
Tilt 1;03.12.2020 15:00:04;-0.997;0.006
Tilt 1;03.12.2020 16:00:06;-0.997;0.006
Tilt 1;03.12.2020 17:00:04;-0.997;0.006
Tilt 1;03.12.2020 18:00:04;-0.997;0.006
Tilt 1;03.12.2020 19:00:04;-0.997;0.006
Tilt 1;03.12.2020 20:00:06;-0.997;0.006
Tilt 1;03.12.2020 21:00:04;-0.997;0.006
Tilt 1;03.12.2020 22:00:04;-0.997;0.006
Tilt 1;03.12.2020 23:00:05;-0.995;0.006
Tilt 1;04.12.2020 00:00:07;-0.995;0.006
Tilt 1;04.12.2020 01:00:04;-0.997;0.006
Tilt 1;04.12.2020 02:00:04;-0.995;0.008
Tilt 1;04.12.2020 03:00:05;-0.995;0.008
Tilt 1;04.12.2020 04:00:07;-0.990;0.008
Tilt 1;04.12.2020 05:00:05;-0.995;0.010
Tilt 1;04.12.2020 06:00:05;-0.993;0.010
Tilt 1;04.12.2020 07:00:04;-0.995;0.008
Tilt 1;04.12.2020 08:00:25;-0.995;0.006
Tilt 1;04.12.2020 09:00:04;-0.997;0.006
Tilt 1;04.12.2020 10:00:05;-0.997;0.008
Tilt 1;04.12.2020 11:00:04;-0.997;0.006
Tilt 1;04.12.2020 12:00:07;-0.991;0.010
Tilt 1;04.12.2020 13:00:05;-0.993;0.008
Tilt 1;04.12.2020 14:00:04;-0.991;0.010
Tilt 1;04.12.2020 15:00:04;-0.997;0.008
Tilt 1;04.12.2020 16:00:06;-0.997;0.008
Tilt 1;04.12.2020 17:00:04;-0.997;0.006
Tilt 1;04.12.2020 18:00:04;-0.997;0.008
Tilt 1;04.12.2020 19:00:04;-0.997;0.006
Tilt 1;04.12.2020 20:00:07;-0.993;0.008
Tilt 1;04.12.2020 21:00:05;-0.997;0.008
Tilt 1;04.12.2020 22:00:04;-0.997;0.006
Tilt 1;04.12.2020 23:00:04;-0.995;0.008
Tilt 1;05.12.2020 00:00:07;-0.991;0.008
Tilt 1;05.12.2020 01:00:04;-0.997;0.010
Tilt 1;05.12.2020 02:00:05;-0.995;0.008
Tilt 1;05.12.2020 03:00:05;-0.995;0.010
Tilt 1;05.12.2020 04:00:06;-0.986;0.010
Tilt 1;05.12.2020 05:00:04;-0.995;0.010
Tilt 1;05.12.2020 06:00:04;-0.995;0.010
Tilt 1;05.12.2020 07:00:05;-0.995;0.010
Tilt 1;05.12.2020 08:00:07;-0.984;0.008
Tilt 1;05.12.2020 09:00:05;-0.995;0.010
Tilt 1;05.12.2020 10:00:04;-0.997;0.010
Tilt 1;05.12.2020 11:00:04;-0.997;0.010
Tilt 1;05.12.2020 12:00:06;-0.995;0.008
Tilt 1;05.12.2020 13:00:04;-0.999;0.008
Tilt 1;05.12.2020 14:00:05;-0.997;0.006
Tilt 1;05.12.2020 15:00:05;-0.997;0.010
Tilt 1;05.12.2020 16:00:07;-0.988;0.010
Tilt 1;05.12.2020 17:00:04;-0.997;0.010
Tilt 1;05.12.2020 18:00:04;-0.995;0.010
Tilt 1;05.12.2020 19:00:04;-0.995;0.010
Tilt 1;05.12.2020 20:00:06;-0.988;0.010
Tilt 1;05.12.2020 21:00:04;-0.997;0.008
Tilt 1;05.12.2020 22:00:04;-0.997;0.008
Tilt 1;05.12.2020 23:00:05;-0.997;0.008
Tilt 1;06.12.2020 00:00:07;-0.993;0.008
Tilt 1;06.12.2020 01:00:04;-0.997;0.008
Tilt 1;06.12.2020 02:00:04;-0.997;0.008
Tilt 1;06.12.2020 03:00:05;-0.997;0.008
Tilt 1;06.12.2020 04:00:07;-0.997;0.010
Tilt 1;06.12.2020 05:00:05;-0.997;0.008
Tilt 1;06.12.2020 06:00:05;-1.001;0.006
Tilt 1;06.12.2020 07:00:04;-0.999;0.008
Tilt 1;06.12.2020 08:00:06;-0.993;0.008
Tilt 1;06.12.2020 09:00:04;-0.997;0.008
Tilt 1;06.12.2020 10:00:05;-0.997;0.010
Tilt 1;06.12.2020 11:00:04;-0.999;0.010
Tilt 1;06.12.2020 12:00:07;-0.997;0.008
Tilt 1;06.12.2020 13:00:05;-0.993;0.010
Tilt 1;06.12.2020 14:00:04;-0.997;0.010
Tilt 1;06.12.2020 15:00:04;-0.997;0.010
Tilt 1;06.12.2020 16:00:27;-0.995;0.010
Tilt 1;06.12.2020 17:00:04;-0.999;0.010
Tilt 1;06.12.2020 18:00:04;-0.997;0.010
Tilt 1;06.12.2020 19:00:04;-0.995;0.010
Tilt 1;06.12.2020 20:00:28;-0.995;0.010
Tilt 1;06.12.2020 21:00:05;-0.995;0.010
Tilt 1;06.12.2020 22:00:04;-0.997;0.010
Tilt 1;06.12.2020 23:00:04;-0.999;0.010
Tilt 1;07.12.2020 00:00:07;-0.997;0.010
Tilt 1;07.12.2020 01:00:04;-1.001;0.008
Tilt 1;07.12.2020 02:00:05;-1.001;0.008
Tilt 1;07.12.2020 03:00:05;-1.001;0.008
Tilt 1;07.12.2020 04:00:06;-0.999;0.006
Tilt 1;07.12.2020 05:00:04;-1.001;0.010
Tilt 1;07.12.2020 06:00:04;-1.001;0.010
Tilt 1;07.12.2020 07:00:05;-1.001;0.006
Tilt 1;07.12.2020 08:00:07;-0.997;0.006
Tilt 1;07.12.2020 09:00:05;-1.001;0.006
Tilt 1;08.12.2020 03:00:05;-0.997;0.006
Tilt 1;08.12.2020 13:00:05;-0.936;0.049
Tilt 1;08.12.2020 14:00:04;-0.988;0.019
Tilt 1;08.12.2020 15:00:04;-0.973;0.034
Tilt 1;08.12.2020 17:00:04;-0.914;0.103
Tilt 1;08.12.2020 18:00:04;-0.995;0.012
Tilt 1;08.12.2020 19:00:04;-0.991;0.018
Tilt 1;08.12.2020 20:00:07;-1.001;0.010
Tilt 1;08.12.2020 21:00:05;-0.965;0.049
Tilt 1;08.12.2020 22:00:04;-0.936;0.075
Tilt 1;08.12.2020 23:00:04;-0.997;0.012
Tilt 1;09.12.2020 00:00:06;-0.988;0.016
Tilt 1;09.12.2020 01:00:04;-1.001;0.010
Tilt 1;09.12.2020 02:00:04;-0.997;0.012
Tilt 1;09.12.2020 03:00:05;-0.999;0.010
Tilt 1;09.12.2020 04:00:07;-0.997;0.010
Tilt 1;09.12.2020 05:00:04;-0.999;0.010
Tilt 1;09.12.2020 06:00:04;-1.001;0.010
Tilt 1;09.12.2020 07:00:05;-1.001;0.010
Tilt 1;09.12.2020 08:00:07;-0.995;0.010
Tilt 1;09.12.2020 09:00:04;-1.001;0.010
Tilt 1;09.12.2020 10:00:05;-1.001;0.010
Tilt 1;09.12.2020 11:00:05;-1.001;0.010
Tilt 1;09.12.2020 12:00:06;-0.997;0.010
Tilt 1;09.12.2020 13:00:04;-0.997;0.010
Tilt 1;09.12.2020 14:00:05;-0.999;0.010
Tilt 1;09.12.2020 15:00:04;-0.999;0.010
Tilt 1;09.12.2020 16:00:07;-0.999;0.010
Tilt 1;09.12.2020 17:00:05;-1.001;0.010
Tilt 1;09.12.2020 18:00:05;-0.999;0.008
Tilt 1;09.12.2020 19:00:05;-1.001;0.010
Tilt 1;09.12.2020 20:00:26;-1.001;0.010
Tilt 1;09.12.2020 21:00:04;-1.001;0.008
Tilt 1;09.12.2020 22:00:04;-1.001;0.010
Tilt 1;09.12.2020 23:00:04;-1.001;0.010
Tilt 1;10.12.2020 00:00:07;-1.001;0.010
Tilt 1;10.12.2020 01:00:05;-1.001;0.010
Tilt 1;10.12.2020 02:00:05;-1.001;0.008
Tilt 1;10.12.2020 03:00:04;-1.003;0.010
Tilt 1;10.12.2020 04:00:26;-1.001;0.010
Tilt 1;10.12.2020 05:00:04;-1.001;0.008
Tilt 1;10.12.2020 06:00:04;-1.003;0.008
Tilt 1;10.12.2020 07:00:05;-1.003;0.008
Tilt 1;10.12.2020 08:00:07;-0.999;0.008
Tilt 1;10.12.2020 09:00:04;-1.001;0.010
Tilt 1;10.12.2020 10:00:04;-1.003;0.010
Tilt 1;10.12.2020 11:00:04;-0.999;0.008
Tilt 1;10.12.2020 12:00:06;-0.997;0.008
Tilt 1;10.12.2020 13:00:04;-0.999;0.008
Tilt 1;10.12.2020 14:00:05;-1.001;0.008
Tilt 1;10.12.2020 15:00:05;-1.001;0.008
Tilt 1;10.12.2020 16:00:06;-1.001;0.010
Tilt 1;10.12.2020 17:00:04;-1.003;0.010
Tilt 1;10.12.2020 18:00:04;-1.001;0.010
Tilt 1;10.12.2020 19:00:04;-1.001;0.010
Tilt 1;10.12.2020 20:00:06;-1.001;0.008
Tilt 1;10.12.2020 21:00:04;-1.001;0.010
Tilt 1;10.12.2020 22:00:05;-1.003;0.010
Tilt 1;10.12.2020 23:00:05;-1.001;0.010
Tilt 1;11.12.2020 00:00:06;-1.001;0.008
Tilt 1;11.12.2020 01:00:04;-1.003;0.010
Tilt 1;11.12.2020 02:00:04;-1.001;0.010
Tilt 1;11.12.2020 03:00:05;-1.001;0.010
Tilt 1;11.12.2020 04:00:07;-0.997;0.008
Tilt 1;11.12.2020 05:00:05;-1.001;0.010
Tilt 1;11.12.2020 06:00:05;-1.001;0.010
Tilt 1;11.12.2020 07:00:04;-0.999;0.010
Tilt 1;11.12.2020 08:00:06;-0.999;0.010
Tilt 1;11.12.2020 09:00:04;-1.003;0.010
Tilt 1;11.12.2020 10:00:05;-1.001;0.010
Tilt 1;11.12.2020 11:00:04;-1.001;0.010
Tilt 1;11.12.2020 12:00:07;-0.995;0.010
Tilt 1;11.12.2020 13:00:04;-0.997;0.008
Tilt 1;11.12.2020 14:00:04;-1.001;0.010
Tilt 1;11.12.2020 15:00:04;-1.003;0.010
Tilt 1;11.12.2020 16:00:07;-1.001;0.010
Tilt 1;11.12.2020 17:00:04;-1.001;0.010
Tilt 1;11.12.2020 18:00:04;-1.001;0.010
Tilt 1;11.12.2020 19:00:05;-1.001;0.010
Tilt 1;11.12.2020 20:00:38;-0.999;0.010
Tilt 1;11.12.2020 21:00:04;-0.999;0.010
Tilt 1;11.12.2020 22:00:04;-0.999;0.010
Tilt 1;11.12.2020 23:00:04;-1.001;0.010
Tilt 1;12.12.2020 00:00:07;-0.993;0.010
Tilt 1;12.12.2020 01:00:04;-0.999;0.010
Tilt 1;12.12.2020 02:00:05;-1.001;0.012
Tilt 1;12.12.2020 03:00:05;-0.999;0.010
Tilt 1;12.12.2020 04:00:06;-0.999;0.010
Tilt 1;12.12.2020 05:00:04;-1.001;0.012
Tilt 1;12.12.2020 06:00:04;-1.001;0.012
Tilt 1;12.12.2020 07:00:05;-0.997;0.010
Tilt 1;12.12.2020 08:00:08;-0.997;0.012
Tilt 1;12.12.2020 09:00:05;-0.999;0.012
Tilt 1;12.12.2020 10:00:04;-1.001;0.012
Tilt 1;12.12.2020 11:00:04;-0.997;0.010
Tilt 1;12.12.2020 12:00:26;-1.001;0.012
Tilt 1;12.12.2020 13:00:04;-1.001;0.012
Tilt 1;12.12.2020 14:00:05;-1.001;0.012
Tilt 1;12.12.2020 15:00:05;-1.001;0.010
Tilt 1;12.12.2020 16:00:06;-0.993;0.012
Tilt 1;12.12.2020 17:00:04;-0.999;0.012
Tilt 1;12.12.2020 18:00:04;-0.999;0.012
Tilt 1;12.12.2020 19:00:04;-0.999;0.010
Tilt 1;12.12.2020 20:00:06;-0.997;0.010
Tilt 1;12.12.2020 21:00:04;-1.003;0.010
Tilt 1;12.12.2020 22:00:04;-1.001;0.008
Tilt 1;12.12.2020 23:00:05;-1.001;0.010
Tilt 1;13.12.2020 00:00:07;-0.991;0.010
Tilt 1;13.12.2020 01:00:04;-0.999;0.010
Tilt 1;13.12.2020 02:00:04;-0.999;0.010
Tilt 1;13.12.2020 03:00:05;-0.999;0.012
Tilt 1;13.12.2020 04:00:07;-0.995;0.012
Tilt 1;13.12.2020 05:00:05;-1.001;0.010
Tilt 1;13.12.2020 06:00:05;-1.001;0.010
Tilt 1;13.12.2020 07:00:04;-1.003;0.010
Tilt 1;13.12.2020 08:00:06;-0.999;0.010
Tilt 1;13.12.2020 09:00:04;-1.003;0.010
Tilt 1;13.12.2020 10:00:05;-1.003;0.010
Tilt 1;13.12.2020 11:00:05;-1.003;0.010
Tilt 1;13.12.2020 12:00:27;-1.003;0.010
Tilt 1;13.12.2020 13:00:04;-0.999;0.010
Tilt 1;13.12.2020 14:00:04;-1.001;0.010
Tilt 1;13.12.2020 15:00:04;-1.003;0.010
Tilt 1;13.12.2020 16:00:07;-0.997;0.010
Tilt 1;13.12.2020 17:00:04;-1.001;0.010
Tilt 1;13.12.2020 18:00:04;-1.001;0.008
Tilt 1;13.12.2020 19:00:05;-1.003;0.008
Tilt 1;13.12.2020 20:00:07;-0.999;0.010
Tilt 1;13.12.2020 21:00:04;-1.003;0.010
Tilt 1;13.12.2020 22:00:04;-1.003;0.010
Tilt 1;13.12.2020 23:00:04;-1.004;0.010
Tilt 1;14.12.2020 00:00:07;-1.001;0.008
Tilt 1;14.12.2020 01:00:04;-1.001;0.006
Tilt 1;14.12.2020 02:00:05;-1.003;0.010
Tilt 1;14.12.2020 03:00:04;-1.004;0.008
Tilt 1;14.12.2020 04:00:06;-0.999;0.010
Tilt 1;14.12.2020 05:00:04;-1.004;0.010
Tilt 1;14.12.2020 06:00:04;-1.001;0.008
Tilt 1;14.12.2020 07:00:05;-1.004;0.010
Tilt 1;14.12.2020 08:00:07;-0.997;0.008
Tilt 1;14.12.2020 09:00:05;-1.004;0.010
Tilt 1;14.12.2020 10:00:04;-1.003;0.010
Tilt 1;14.12.2020 11:00:04;-1.004;0.010
Tilt 1;14.12.2020 12:00:06;-0.997;0.010
Tilt 1;14.12.2020 13:00:04;-1.001;0.010
Tilt 1;14.12.2020 14:00:05;-1.003;0.008
Tilt 1;14.12.2020 15:00:05;-1.003;0.010
Tilt 1;14.12.2020 16:00:06;-1.001;0.010
Tilt 1;14.12.2020 17:00:04;-1.003;0.010
Tilt 1;14.12.2020 18:00:05;-1.004;0.010
Tilt 1;14.12.2020 19:00:04;-1.004;0.010
Tilt 1;14.12.2020 20:00:27;-0.997;0.014
Tilt 1;14.12.2020 21:00:05;-1.001;0.014
Tilt 1;15.12.2020 00:00:27;-1.003;0.014
Tilt 1;15.12.2020 01:00:04;-1.001;0.010
Tilt 1;15.12.2020 02:00:05;-1.003;0.010
Tilt 1;15.12.2020 03:00:05;-1.001;0.010
Tilt 1;15.12.2020 04:00:07;-0.997;0.010
Tilt 1;15.12.2020 05:00:04;-1.001;0.019
Tilt 1;15.12.2020 09:00:05;-1.004;0.010
Tilt 1;15.12.2020 10:00:05;-1.004;0.010
Tilt 1;15.12.2020 11:00:04;-1.004;0.010
Tilt 1;15.12.2020 12:00:06;-1.001;0.008
Tilt 1;15.12.2020 20:00:40;-1.004;0.010
Tilt 1;15.12.2020 21:00:04;-1.004;0.008
Tilt 1;15.12.2020 22:00:04;-1.004;0.008
Tilt 1;15.12.2020 23:00:04;-1.003;0.010
Tilt 1;16.12.2020 00:00:07;-1.004;0.010
Tilt 1;16.12.2020 01:00:04;-1.004;0.010
Tilt 1;16.12.2020 02:00:05;-1.004;0.010
Tilt 1;16.12.2020 03:00:05;-1.004;0.010
Tilt 1;16.12.2020 04:00:06;-1.003;0.010
Tilt 1;16.12.2020 05:00:04;-1.004;0.010
Tilt 1;16.12.2020 06:00:04;-1.004;0.008
Tilt 1;16.12.2020 07:00:05;-1.004;0.008
Tilt 1;16.12.2020 08:00:07;-1.004;0.008
Tilt 1;16.12.2020 09:00:05;-1.004;0.010
Tilt 1;16.12.2020 10:00:05;-1.003;0.008
Tilt 1;16.12.2020 11:00:04;-1.003;0.008
Tilt 1;16.12.2020 12:00:06;-1.001;0.008
Tilt 1;16.12.2020 13:00:04;-1.001;0.010
Tilt 1;16.12.2020 14:00:05;-1.001;0.010
Tilt 1;16.12.2020 15:00:05;-1.003;0.010
Tilt 1;16.12.2020 16:00:07;-1.001;0.010
Tilt 1;16.12.2020 17:00:04;-1.004;0.010
Tilt 1;16.12.2020 18:00:05;-1.006;0.010
Tilt 1;16.12.2020 19:00:04;-1.004;0.010
Tilt 1;16.12.2020 20:00:06;-1.001;0.008
Tilt 1;16.12.2020 21:00:04;-1.004;0.008
Tilt 1;16.12.2020 22:00:04;-1.004;0.008
Tilt 1;16.12.2020 23:00:05;-1.004;0.010
Tilt 1;17.12.2020 00:00:07;-1.001;0.010
Tilt 1;17.12.2020 01:00:04;-1.004;0.008
Tilt 1;17.12.2020 02:00:04;-1.004;0.010
Tilt 1;17.12.2020 03:00:05;-1.006;0.008
Tilt 1;17.12.2020 04:00:07;-1.001;0.010
Tilt 1;17.12.2020 05:00:04;-1.006;0.008
Tilt 1;17.12.2020 06:00:05;-1.006;0.010
Tilt 1;17.12.2020 07:00:05;-1.004;0.010
Tilt 1;17.12.2020 08:00:06;-1.003;0.010
Tilt 1;17.12.2020 09:00:04;-1.004;0.008
Tilt 1;17.12.2020 10:00:05;-1.004;0.010
Tilt 1;17.12.2020 11:00:04;-1.004;0.010
Tilt 1;17.12.2020 12:00:07;-0.999;0.010
Tilt 1;17.12.2020 13:00:05;-1.004;0.008
Tilt 1;17.12.2020 14:00:04;-1.004;0.008
Tilt 1;17.12.2020 15:00:04;-1.004;0.010
Tilt 1;17.12.2020 16:00:06;-1.001;0.010
Tilt 1;17.12.2020 17:00:04;-1.004;0.012
Tilt 1;17.12.2020 18:00:04;-1.006;0.008
Tilt 1;17.12.2020 19:00:04;-1.006;0.008
Tilt 1;17.12.2020 20:00:07;-1.006;0.010
Tilt 1;17.12.2020 21:00:05;-1.008;0.010
Tilt 1;17.12.2020 22:00:05;-1.006;0.010
Tilt 1;17.12.2020 23:00:04;-1.006;0.012
Tilt 1;18.12.2020 00:00:06;-1.006;0.008
Tilt 1;18.12.2020 01:00:04;-1.006;0.010
Tilt 1;18.12.2020 02:00:04;-1.006;0.012
Tilt 1;18.12.2020 03:00:05;-1.006;0.010
Tilt 1;18.12.2020 04:00:07;-1.001;0.010
Tilt 1;18.12.2020 05:00:04;-1.006;0.010
Tilt 1;18.12.2020 06:00:04;-1.006;0.010
Tilt 1;18.12.2020 07:00:05;-1.006;0.010
Tilt 1;18.12.2020 08:00:07;-1.001;0.010
Tilt 1;18.12.2020 09:00:04;-1.008;0.010
Tilt 1;18.12.2020 10:00:05;-1.008;0.010
Tilt 1;18.12.2020 11:00:04;-1.006;0.008
Tilt 1;18.12.2020 12:00:27;-1.006;0.008
Tilt 1;18.12.2020 13:00:04;-1.006;0.010
Tilt 1;18.12.2020 14:00:05;-1.006;0.008
Tilt 1;18.12.2020 15:00:04;-1.008;0.010
Tilt 1;18.12.2020 16:00:27;-1.008;0.008
Tilt 1;18.12.2020 17:00:05;-1.006;0.008
Tilt 1;18.12.2020 18:00:05;-1.006;0.008
Tilt 1;18.12.2020 19:00:05;-1.006;0.008
Tilt 1;18.12.2020 20:00:06;-1.010;0.010
Tilt 1;18.12.2020 21:00:04;-1.006;0.006
Tilt 1;18.12.2020 22:00:04;-1.006;0.006
Tilt 1;18.12.2020 23:00:04;-1.008;0.006
Tilt 1;19.12.2020 00:00:07;-1.010;0.008
Tilt 1;19.12.2020 01:00:05;-1.006;0.006
Tilt 1;19.12.2020 02:00:04;-1.008;0.006
Tilt 1;19.12.2020 03:00:04;-1.004;0.008
Tilt 1;19.12.2020 04:00:26;-1.006;0.006
Tilt 1;19.12.2020 05:00:04;-1.006;0.008
Tilt 1;19.12.2020 06:00:04;-1.004;0.006
Tilt 1;19.12.2020 07:00:05;-1.006;0.006
Tilt 1;19.12.2020 08:00:06;-1.008;0.006
Tilt 1;19.12.2020 09:00:04;-1.006;0.006
Tilt 1;19.12.2020 10:00:04;-1.008;0.006
Tilt 1;19.12.2020 11:00:05;-1.006;0.006
Tilt 1;19.12.2020 12:00:39;-1.006;0.008
Tilt 1;19.12.2020 13:00:05;-1.006;0.006
Tilt 1;19.12.2020 14:00:05;-1.006;0.008
Tilt 1;19.12.2020 15:00:04;-1.006;0.006
Tilt 1;19.12.2020 16:00:06;-1.006;0.006
Tilt 1;19.12.2020 17:00:04;-1.006;0.008
Tilt 1;19.12.2020 18:00:04;-1.006;0.006
Tilt 1;19.12.2020 19:00:04;-1.006;0.006
Tilt 1;19.12.2020 20:00:07;-1.001;0.008
Tilt 1;19.12.2020 21:00:05;-1.006;0.010
Tilt 1;19.12.2020 22:00:05;-1.008;0.010
Tilt 1;19.12.2020 23:00:04;-1.010;0.010
Tilt 1;20.12.2020 00:00:06;-1.004;0.010
Tilt 1;20.12.2020 01:00:04;-1.010;0.010
Tilt 1;20.12.2020 02:00:04;-1.010;0.010
Tilt 1;20.12.2020 03:00:05;-1.010;0.010
Tilt 1;20.12.2020 04:00:07;-1.004;0.010
Tilt 1;20.12.2020 05:00:04;-1.010;0.010
Tilt 1;20.12.2020 06:00:04;-1.010;0.010
Tilt 1;20.12.2020 07:00:05;-1.010;0.010
Tilt 1;20.12.2020 08:00:27;-1.008;0.010
Tilt 1;20.12.2020 09:00:05;-1.010;0.010
Tilt 1;20.12.2020 10:00:05;-1.010;0.010
Tilt 1;20.12.2020 11:00:04;-1.010;0.012
Tilt 1;20.12.2020 12:00:06;-1.008;0.010
Tilt 1;20.12.2020 13:00:04;-1.008;0.010
Tilt 1;20.12.2020 14:00:05;-1.010;0.010
Tilt 1;20.12.2020 15:00:04;-1.012;0.010
Tilt 1;20.12.2020 16:00:07;-1.004;0.012
Tilt 1;20.12.2020 17:00:05;-1.010;0.010
Tilt 1;20.12.2020 18:00:05;-1.010;0.012
Tilt 1;20.12.2020 19:00:04;-1.010;0.012
Tilt 1;20.12.2020 20:00:06;-1.001;0.012
Tilt 1;20.12.2020 21:00:04;-1.008;0.014
Tilt 1;20.12.2020 22:00:04;-1.010;0.010
Tilt 1;20.12.2020 23:00:05;-1.008;0.012
Tilt 1;21.12.2020 00:00:07;-1.010;0.010
Tilt 1;21.12.2020 01:00:04;-1.008;0.012
Tilt 1;21.12.2020 02:00:04;-1.008;0.012
Tilt 1;21.12.2020 03:00:04;-1.010;0.012
Tilt 1;21.12.2020 04:00:07;-1.003;0.012
Tilt 1;21.12.2020 05:00:04;-1.008;0.012
Tilt 1;21.12.2020 06:00:05;-1.008;0.014
Tilt 1;21.12.2020 07:00:05;-1.006;0.012
Tilt 1;21.12.2020 08:00:06;-1.003;0.012
Tilt 1;21.12.2020 09:00:04;-1.008;0.014
Tilt 1;21.12.2020 10:00:04;-1.008;0.014
Tilt 1;21.12.2020 11:00:05;-1.010;0.014
Tilt 1;21.12.2020 12:00:07;-1.003;0.014
Tilt 1;21.12.2020 13:00:05;-1.008;0.014
Tilt 1;21.12.2020 14:00:04;-1.010;0.012
Tilt 1;21.12.2020 15:00:04;-1.008;0.012
Tilt 1;21.12.2020 16:00:07;-1.003;0.014
Tilt 1;21.12.2020 17:00:04;-1.008;0.014
Tilt 1;21.12.2020 18:00:04;-1.006;0.014
Tilt 1;21.12.2020 19:00:04;-1.008;0.014
Tilt 1;21.12.2020 20:00:07;-1.003;0.014
Tilt 1;21.12.2020 21:00:05;-1.008;0.014
Tilt 1;21.12.2020 22:00:04;-1.008;0.014
Tilt 1;21.12.2020 23:00:04;-1.010;0.014
Tilt 1;22.12.2020 00:00:06;-1.003;0.014
Tilt 1;22.12.2020 01:00:04;-1.010;0.014
Tilt 1;22.12.2020 02:00:04;-1.010;0.014
Tilt 1;22.12.2020 03:00:05;-1.006;0.014
Tilt 1;22.12.2020 04:00:07;-1.006;0.016
Tilt 1;22.12.2020 05:00:04;-1.006;0.014
Tilt 1;22.12.2020 06:00:04;-1.006;0.014
Tilt 1;22.12.2020 07:00:05;-1.006;0.016
Tilt 1;22.12.2020 08:00:07;-1.003;0.016
Tilt 1;22.12.2020 09:00:04;-1.006;0.016
Tilt 1;22.12.2020 10:00:05;-1.006;0.014
Tilt 1;22.12.2020 11:00:04;-1.006;0.016
Tilt 1;22.12.2020 12:00:32;-1.006;0.016
Tilt 1;22.12.2020 13:00:04;-1.006;0.016
Tilt 1;22.12.2020 14:00:05;-1.010;0.014
Tilt 1;22.12.2020 15:00:04;-1.006;0.014
Tilt 1;22.12.2020 16:00:27;-1.006;0.016
Tilt 1;22.12.2020 17:00:05;-1.006;0.016
Tilt 1;22.12.2020 18:00:05;-1.008;0.016
Tilt 1;22.12.2020 19:00:05;-1.008;0.018
Tilt 1;22.12.2020 20:00:06;-1.006;0.016
Tilt 1;22.12.2020 21:00:04;-1.006;0.016
Tilt 1;22.12.2020 22:00:04;-1.006;0.018
Tilt 1;23.12.2020 11:00:05;-1.006;0.018
Tilt 1;23.12.2020 12:00:39;-1.008;0.018
Tilt 1;23.12.2020 13:00:04;-1.008;0.016
Tilt 1;23.12.2020 14:00:05;-1.008;0.018
Tilt 1;23.12.2020 15:00:05;-1.008;0.018
Tilt 1;23.12.2020 16:00:06;-1.004;0.018
Tilt 1;23.12.2020 17:00:04;-1.006;0.018
Tilt 1;23.12.2020 18:00:04;-1.006;0.019
Tilt 1;23.12.2020 19:00:04;-1.004;0.019
Tilt 1;23.12.2020 20:00:07;-0.999;0.019
Tilt 1;23.12.2020 21:00:05;-1.004;0.021
Tilt 1;23.12.2020 22:00:05;-1.006;0.019
Tilt 1;23.12.2020 23:00:04;-1.006;0.019
Tilt 1;24.12.2020 00:00:06;-1.001;0.019
Tilt 1;24.12.2020 01:00:04;-1.004;0.021
Tilt 1;24.12.2020 02:00:04;-1.004;0.019
Tilt 1;24.12.2020 03:00:05;-1.004;0.023
Tilt 1;24.12.2020 04:00:07;-1.003;0.019
Tilt 1;24.12.2020 05:00:05;-1.004;0.021
Tilt 1;24.12.2020 06:00:04;-1.004;0.021
Tilt 1;24.12.2020 07:00:04;-1.004;0.021
Tilt 1;24.12.2020 08:00:06;-0.993;0.019
Tilt 1;24.12.2020 09:00:04;-1.004;0.021
Tilt 1;24.12.2020 10:00:05;-1.006;0.023
Tilt 1;24.12.2020 11:00:05;-1.004;0.019
Tilt 1;24.12.2020 12:00:07;-0.995;0.021
Tilt 1;24.12.2020 13:00:04;-1.004;0.019
Tilt 1;24.12.2020 14:00:04;-1.004;0.023
Tilt 1;24.12.2020 15:00:04;-1.004;0.023
Tilt 1;24.12.2020 16:00:07;-0.997;0.023
Tilt 1;24.12.2020 17:00:05;-1.001;0.023
Tilt 1;24.12.2020 18:00:04;-1.003;0.023
Tilt 1;24.12.2020 19:00:04;-1.003;0.023
Tilt 1;24.12.2020 20:00:07;-0.990;0.023
Tilt 1;24.12.2020 21:00:04;-1.004;0.023
Tilt 1;24.12.2020 22:00:05;-1.004;0.023
Tilt 1;24.12.2020 23:00:05;-1.004;0.023
Tilt 1;25.12.2020 00:00:06;-0.993;0.023
Tilt 1;25.12.2020 01:00:04;-1.001;0.023
Tilt 1;25.12.2020 02:00:04;-1.001;0.021
Tilt 1;25.12.2020 03:00:05;-1.001;0.023
Tilt 1;25.12.2020 04:00:07;-0.991;0.025
Tilt 1;25.12.2020 05:00:05;-1.001;0.023
Tilt 1;25.12.2020 06:00:05;-0.999;0.025
Tilt 1;25.12.2020 07:00:04;-0.999;0.025
Tilt 1;25.12.2020 08:00:06;-0.988;0.025
Tilt 1;25.12.2020 09:00:04;-0.997;0.027
Tilt 1;25.12.2020 10:00:05;-0.995;0.027
Tilt 1;25.12.2020 11:00:05;-0.997;0.025
Tilt 1;25.12.2020 12:00:07;-0.986;0.023
Tilt 1;25.12.2020 13:00:04;-0.995;0.025
Tilt 1;25.12.2020 14:00:04;-0.991;0.027
Tilt 1;25.12.2020 15:00:04;-0.995;0.025
Tilt 1;25.12.2020 16:00:07;-0.982;0.025
Tilt 1;25.12.2020 17:00:04;-0.993;0.025
Tilt 1;25.12.2020 18:00:04;-0.993;0.025
Tilt 1;25.12.2020 19:00:05;-0.995;0.025
Tilt 1;25.12.2020 20:00:40;-0.993;0.034
Tilt 1;25.12.2020 21:00:04;-0.995;0.025
Tilt 1;25.12.2020 22:00:04;-0.995;0.023
Tilt 1;25.12.2020 23:00:04;-0.993;0.025
Tilt 1;26.12.2020 00:00:07;-0.988;0.023
Tilt 1;26.12.2020 01:00:04;-0.995;0.023
Tilt 1;26.12.2020 02:00:05;-0.997;0.023
Tilt 1;26.12.2020 03:00:05;-0.997;0.023
Tilt 1;26.12.2020 04:00:06;-0.995;0.023
Tilt 1;26.12.2020 05:00:04;-0.997;0.023
Tilt 1;26.12.2020 06:00:04;-0.995;0.023
Tilt 1;26.12.2020 07:00:05;-0.997;0.021
Tilt 1;26.12.2020 08:00:07;-0.995;0.021
Tilt 1;26.12.2020 09:00:05;-0.997;0.023
Tilt 1;26.12.2020 10:00:05;-0.997;0.021
Tilt 1;26.12.2020 11:00:04;-0.997;0.021
Tilt 1;26.12.2020 12:00:26;-0.995;0.023
Tilt 1;26.12.2020 13:00:04;-0.997;0.021
Tilt 1;26.12.2020 14:00:05;-0.997;0.023
Tilt 1;26.12.2020 15:00:05;-0.997;0.021
Tilt 1;26.12.2020 16:00:07;-0.997;0.021
Tilt 1;26.12.2020 17:00:04;-0.997;0.023
Tilt 1;26.12.2020 18:00:04;-0.995;0.023
Tilt 1;26.12.2020 19:00:05;-0.997;0.021
Tilt 1;26.12.2020 20:00:07;-0.995;0.023
Tilt 1;26.12.2020 21:00:04;-0.997;0.023
Tilt 1;26.12.2020 22:00:04;-0.997;0.021
Tilt 1;26.12.2020 23:00:05;-0.997;0.021
Tilt 1;27.12.2020 00:00:38;-0.997;0.023
Tilt 1;27.12.2020 01:00:04;-0.997;0.021
Tilt 1;27.12.2020 02:00:05;-0.999;0.019
Tilt 1;27.12.2020 03:00:05;-0.999;0.021
Tilt 1;27.12.2020 04:00:25;-0.997;0.021
Tilt 1;27.12.2020 05:00:04;-0.997;0.019
Tilt 1;27.12.2020 06:00:05;-0.997;0.019
Tilt 1;27.12.2020 07:00:04;-0.999;0.021
Tilt 1;27.12.2020 08:00:27;-0.999;0.019
Tilt 1;27.12.2020 09:00:05;-0.999;0.021
Tilt 1;27.12.2020 10:00:04;-1.001;0.019
Tilt 1;27.12.2020 11:00:04;-1.001;0.019
Tilt 1;27.12.2020 12:00:26;-0.999;0.025
Tilt 1;27.12.2020 13:00:04;-1.001;0.019
Tilt 1;27.12.2020 14:00:05;-1.001;0.019
Tilt 1;27.12.2020 15:00:05;-0.999;0.019
Tilt 1;27.12.2020 16:00:06;-0.997;0.019
Tilt 1;27.12.2020 17:00:04;-0.999;0.023
Tilt 1;27.12.2020 18:00:04;-0.997;0.019
Tilt 1;27.12.2020 19:00:04;-0.997;0.023
Tilt 1;27.12.2020 20:00:07;-0.997;0.021
Tilt 1;27.12.2020 21:00:04;-0.997;0.023
Tilt 1;27.12.2020 22:00:04;-0.997;0.023
Tilt 1;27.12.2020 23:00:05;-0.997;0.023
Tilt 1;28.12.2020 00:00:27;-0.997;0.023
Tilt 1;28.12.2020 01:00:04;-0.997;0.023
Tilt 1;28.12.2020 02:00:04;-0.997;0.023
Tilt 1;28.12.2020 03:00:05;-0.997;0.021
Tilt 1;28.12.2020 04:00:26;-0.999;0.023
Tilt 1;28.12.2020 05:00:05;-0.997;0.023
Tilt 1;28.12.2020 06:00:05;-0.999;0.023
Tilt 1;28.12.2020 07:00:04;-0.997;0.021
Tilt 1;28.12.2020 08:00:06;-0.993;0.023
Tilt 1;28.12.2020 09:00:04;-0.997;0.023
Tilt 1;28.12.2020 10:00:05;-0.997;0.023
Tilt 1;28.12.2020 11:00:04;-0.997;0.023
Tilt 1;28.12.2020 12:00:27;-0.999;0.023
Tilt 1;28.12.2020 13:00:05;-0.999;0.023
Tilt 1;28.12.2020 14:00:04;-0.997;0.023
Tilt 1;28.12.2020 15:00:04;-0.997;0.023
Tilt 1;28.12.2020 16:00:07;-0.999;0.023
Tilt 1;28.12.2020 17:00:04;-0.997;0.023
Tilt 1;28.12.2020 18:00:04;-0.999;0.023
Tilt 1;28.12.2020 19:00:04;-0.997;0.023
Tilt 1;28.12.2020 20:00:39;-0.997;0.021
Tilt 1;28.12.2020 21:00:05;-0.999;0.023
Tilt 1;28.12.2020 22:00:04;-0.999;0.023
Tilt 1;28.12.2020 23:00:04;-0.997;0.023
Tilt 1;29.12.2020 00:00:07;-0.993;0.023
Tilt 1;29.12.2020 01:00:04;-0.997;0.023
Tilt 1;29.12.2020 02:00:05;-1.001;0.023
Tilt 1;29.12.2020 03:00:05;-0.997;0.023
Tilt 1;29.12.2020 04:00:06;-0.991;0.023
Tilt 1;29.12.2020 05:00:04;-0.997;0.023
Tilt 1;29.12.2020 06:00:04;-0.997;0.023
Tilt 1;29.12.2020 07:00:05;-0.999;0.023
Tilt 1;29.12.2020 08:00:07;-0.991;0.023
Tilt 1;29.12.2020 09:00:05;-0.999;0.023
Tilt 1;29.12.2020 10:00:05;-0.999;0.023
Tilt 1;29.12.2020 11:00:04;-0.999;0.023
Tilt 1;29.12.2020 12:00:06;-0.999;0.021
Tilt 1;29.12.2020 13:00:04;-0.999;0.021
Tilt 1;29.12.2020 14:00:05;-0.999;0.023
Tilt 1;29.12.2020 15:00:05;-1.001;0.023
Tilt 1;29.12.2020 16:00:07;-0.997;0.023
Tilt 1;29.12.2020 17:00:04;-0.997;0.023
Tilt 1;29.12.2020 18:00:04;-0.999;0.023
Tilt 1;29.12.2020 19:00:04;-0.999;0.021
Tilt 1;29.12.2020 20:00:06;-0.997;0.023
Tilt 1;29.12.2020 21:00:04;-0.999;0.023
Tilt 1;29.12.2020 22:00:04;-0.999;0.023
Tilt 1;29.12.2020 23:00:05;-0.999;0.023
Tilt 1;30.12.2020 00:00:07;-0.999;0.023
Tilt 1;30.12.2020 01:00:04;-0.999;0.023
Tilt 1;30.12.2020 02:00:04;-0.999;0.023
Tilt 1;30.12.2020 03:00:05;-0.999;0.021
Tilt 1;30.12.2020 04:00:07;-0.999;0.023
Tilt 1;30.12.2020 05:00:04;-0.999;0.023
Tilt 1;30.12.2020 06:00:05;-1.001;0.023
Tilt 1;30.12.2020 07:00:04;-0.999;0.023
Tilt 1;30.12.2020 08:00:06;-0.997;0.023
Tilt 1;30.12.2020 09:00:04;-0.999;0.021
Tilt 1;30.12.2020 10:00:05;-0.999;0.021
Tilt 1;30.12.2020 11:00:04;-1.001;0.021
Tilt 1;30.12.2020 12:00:40;-1.001;0.023
Tilt 1;30.12.2020 13:00:05;-0.999;0.021
Tilt 1;30.12.2020 14:00:04;-1.001;0.023
Tilt 1;30.12.2020 15:00:04;-1.001;0.023
Tilt 1;30.12.2020 16:00:06;-0.997;0.023
Tilt 1;30.12.2020 17:00:04;-0.999;0.025
Tilt 1;30.12.2020 18:00:04;-0.997;0.023
Tilt 1;30.12.2020 19:00:04;-0.997;0.025
Tilt 1;30.12.2020 20:00:07;-0.990;0.025
Tilt 1;30.12.2020 21:00:05;-0.997;0.025
Tilt 1;30.12.2020 22:00:04;-0.999;0.023
Tilt 1;30.12.2020 23:00:04;-0.997;0.023
Tilt 1;31.12.2020 00:00:06;-0.993;0.023
Tilt 1;31.12.2020 01:00:04;-0.997;0.023
Tilt 1;31.12.2020 02:00:05;-0.997;0.023
Tilt 1;31.12.2020 03:00:05;-0.997;0.025
Tilt 1;31.12.2020 04:00:06;-0.993;0.023
Tilt 1;31.12.2020 05:00:04;-0.997;0.025
Tilt 1;31.12.2020 06:00:04;-0.997;0.025
Tilt 1;31.12.2020 07:00:05;-0.997;0.025
Tilt 1;31.12.2020 08:00:07;-0.993;0.025
Tilt 1;31.12.2020 09:00:05;-0.997;0.023
Tilt 1;31.12.2020 10:00:05;-0.997;0.025
Tilt 1;31.12.2020 11:00:04;-0.997;0.025
Tilt 1;31.12.2020 12:00:06;-0.993;0.023
Tilt 1;31.12.2020 13:00:04;-0.997;0.025
Tilt 1;31.12.2020 14:00:05;-0.997;0.023
Tilt 1;31.12.2020 15:00:05;-0.999;0.025
Tilt 1;31.12.2020 16:00:07;-0.997;0.025
Tilt 1;31.12.2020 17:00:04;-0.997;0.025
Tilt 1;31.12.2020 18:00:05;-0.997;0.025
Tilt 1;31.12.2020 19:00:04;-0.997;0.025
Tilt 1;31.12.2020 20:00:06;-0.986;0.025
Tilt 1;31.12.2020 21:00:04;-0.997;0.025
Tilt 1;31.12.2020 22:00:04;-0.997;0.025
Tilt 1;31.12.2020 23:00:05;-0.997;0.025
Tilt 1;01.01.2021 00:00:07;-0.991;0.025
Tilt 1;01.01.2021 01:00:05;-0.999;0.025
Tilt 1;01.01.2021 02:00:04;-0.997;0.025
Tilt 1;01.01.2021 03:00:04;-0.997;0.023
Tilt 1;01.01.2021 04:00:06;-0.995;0.025
Tilt 1;01.01.2021 05:00:04;-0.999;0.025
Tilt 1;01.01.2021 06:00:05;-0.997;0.025
Tilt 1;01.01.2021 07:00:05;-0.997;0.025
Tilt 1;01.01.2021 08:00:06;-0.991;0.025
Tilt 1;01.01.2021 09:00:04;-0.999;0.025
Tilt 1;01.01.2021 10:00:05;-0.997;0.025
Tilt 1;01.01.2021 11:00:04;-0.997;0.025
Tilt 1;01.01.2021 12:00:27;-0.999;0.023
Tilt 1;01.01.2021 13:00:05;-0.997;0.023
Tilt 1;01.01.2021 14:00:04;-0.999;0.025
Tilt 1;01.01.2021 15:00:04;-0.997;0.025
Tilt 1;01.01.2021 16:00:06;-0.988;0.025
Tilt 1;01.01.2021 17:00:04;-0.995;0.025
Tilt 1;01.01.2021 18:00:05;-0.997;0.025
Tilt 1;01.01.2021 19:00:05;-0.997;0.027
Tilt 1;01.01.2021 20:00:06;-0.988;0.025
Tilt 1;01.01.2021 21:00:04;-0.995;0.025
Tilt 1;01.01.2021 22:00:04;-0.995;0.029
Tilt 1;01.01.2021 23:00:04;-0.993;0.029
Tilt 1;02.01.2021 00:00:27;-0.993;0.029
Tilt 1;02.01.2021 01:00:05;-0.993;0.029
Tilt 1;02.01.2021 02:00:04;-0.995;0.029
Tilt 1;02.01.2021 03:00:04;-0.995;0.029
Tilt 1;02.01.2021 04:00:06;-0.980;0.029
Tilt 1;02.01.2021 05:00:04;-0.995;0.029
Tilt 1;02.01.2021 06:00:04;-0.995;0.029
Tilt 1;02.01.2021 07:00:05;-0.995;0.027
Tilt 1;02.01.2021 08:00:07;-0.991;0.029
Tilt 1;02.01.2021 09:00:04;-0.995;0.027
Tilt 1;02.01.2021 10:00:04;-0.997;0.029
Tilt 1;02.01.2021 11:00:05;-0.997;0.025
Tilt 1;02.01.2021 12:00:07;-0.993;0.027
Tilt 1;02.01.2021 13:00:04;-0.997;0.027
Tilt 1;02.01.2021 14:00:05;-0.997;0.029
Tilt 1;02.01.2021 15:00:05;-0.995;0.029
Tilt 1;02.01.2021 16:00:06;-0.980;0.029
Tilt 1;02.01.2021 17:00:04;-0.995;0.031
Tilt 1;02.01.2021 18:00:05;-0.995;0.029
Tilt 1;02.01.2021 19:00:05;-0.995;0.029
Tilt 1;02.01.2021 20:00:26;-0.995;0.029
Tilt 1;02.01.2021 21:00:04;-0.993;0.031
Tilt 1;02.01.2021 22:00:04;-0.995;0.031
Tilt 1;02.01.2021 23:00:05;-0.993;0.031
Tilt 1;03.01.2021 00:00:27;-0.993;0.032
Tilt 1;03.01.2021 01:00:05;-0.993;0.031
Tilt 1;03.01.2021 02:00:04;-0.991;0.032
Tilt 1;03.01.2021 03:00:04;-0.991;0.032
Tilt 1;03.01.2021 04:00:06;-0.982;0.032
Tilt 1;03.01.2021 05:00:04;-0.991;0.032
Tilt 1;03.01.2021 06:00:05;-0.991;0.032
Tilt 1;03.01.2021 07:00:05;-0.991;0.032
Tilt 1;03.01.2021 08:00:07;-0.982;0.032
Tilt 1;03.01.2021 09:00:04;-0.991;0.032
Tilt 1;03.01.2021 10:00:04;-0.993;0.032
Tilt 1;03.01.2021 11:00:04;-0.991;0.032
Tilt 1;03.01.2021 12:00:07;-0.978;0.034
Tilt 1;03.01.2021 13:00:04;-0.991;0.032
Tilt 1;03.01.2021 14:00:05;-0.991;0.032
Tilt 1;03.01.2021 15:00:05;-0.991;0.034
Tilt 1;03.01.2021 16:00:06;-0.978;0.034
Tilt 1;03.01.2021 17:00:04;-0.991;0.034
Tilt 1;03.01.2021 18:00:04;-0.991;0.032
Tilt 1;03.01.2021 19:00:04;-0.991;0.034
Tilt 1;03.01.2021 20:00:07;-0.980;0.034
Tilt 1;03.01.2021 21:00:04;-0.993;0.034
Tilt 1;03.01.2021 22:00:05;-0.993;0.034
Tilt 1;03.01.2021 23:00:04;-0.993;0.034
Tilt 1;04.01.2021 00:00:06;-0.984;0.034
Tilt 1;04.01.2021 01:00:04;-0.991;0.034
Tilt 1;04.01.2021 02:00:04;-0.991;0.034
Tilt 1;04.01.2021 03:00:05;-0.991;0.034
Tilt 1;04.01.2021 04:00:27;-0.991;0.032
Tilt 1;04.01.2021 05:00:05;-0.991;0.034
Tilt 1;04.01.2021 06:00:04;-0.993;0.034
Tilt 1;04.01.2021 07:00:04;-0.991;0.034
Tilt 1;04.01.2021 08:00:40;-0.991;0.034
Tilt 1;04.01.2021 09:00:04;-0.993;0.034
Tilt 1;04.01.2021 10:00:05;-0.995;0.032
Tilt 1;04.01.2021 11:00:05;-0.993;0.034
Tilt 1;04.01.2021 12:00:06;-0.984;0.032
Tilt 1;04.01.2021 13:00:04;-0.993;0.032
Tilt 1;04.01.2021 14:00:04;-0.991;0.034
Tilt 1;04.01.2021 15:00:05;-0.993;0.032
Tilt 1;04.01.2021 16:00:07;-0.984;0.034
Tilt 1;04.01.2021 17:00:05;-0.991;0.034
Tilt 1;04.01.2021 18:00:05;-0.991;0.034
Tilt 1;04.01.2021 19:00:04;-0.991;0.034
Tilt 1;04.01.2021 20:00:26;-0.993;0.034
Tilt 1;04.01.2021 21:00:04;-0.991;0.036
Tilt 1;04.01.2021 22:00:04;-0.991;0.034
Tilt 1;04.01.2021 23:00:05;-0.991;0.036
Tilt 1;05.01.2021 00:00:07;-0.982;0.034
Tilt 1;05.01.2021 01:00:05;-0.991;0.034
Tilt 1;05.01.2021 02:00:04;-0.995;0.034
Tilt 1;05.01.2021 03:00:04;-0.995;0.034
Tilt 1;05.01.2021 04:00:06;-0.984;0.034
Tilt 1;05.01.2021 05:00:04;-0.995;0.034
Tilt 1;05.01.2021 06:00:05;-0.991;0.034
Tilt 1;05.01.2021 07:00:05;-0.995;0.034
Tilt 1;05.01.2021 08:00:07;-0.980;0.036
Tilt 1;05.01.2021 09:00:04;-0.991;0.034
Tilt 1;05.01.2021 10:00:04;-0.993;0.034
Tilt 1;05.01.2021 11:00:04;-0.993;0.036
Tilt 1;05.01.2021 12:00:07;-0.980;0.034
Tilt 1;05.01.2021 13:00:05;-0.995;0.034
Tilt 1;05.01.2021 14:00:05;-0.993;0.034
Tilt 1;05.01.2021 15:00:04;-0.993;0.036
Tilt 1;05.01.2021 16:00:25;-0.988;0.034
Tilt 1;05.01.2021 17:00:04;-0.993;0.036
Tilt 1;05.01.2021 18:00:04;-0.991;0.034
Tilt 1;05.01.2021 19:00:04;-0.991;0.036
Tilt 1;05.01.2021 20:00:07;-0.982;0.038
Tilt 1;05.01.2021 21:00:05;-0.991;0.038
Tilt 1;05.01.2021 22:00:04;-0.993;0.036
Tilt 1;05.01.2021 23:00:04;-0.993;0.036
Tilt 1;06.01.2021 00:00:06;-0.982;0.042
Tilt 1;06.01.2021 01:00:04;-0.991;0.038
Tilt 1;06.01.2021 02:00:04;-0.993;0.036
Tilt 1;06.01.2021 03:00:05;-0.993;0.038
Tilt 1;06.01.2021 04:00:07;-0.982;0.036
Tilt 1;06.01.2021 05:00:04;-0.993;0.038
Tilt 1;06.01.2021 06:00:04;-0.991;0.036
Tilt 1;06.01.2021 07:00:05;-0.993;0.036
Tilt 1;06.01.2021 08:00:26;-0.995;0.036
Tilt 1;06.01.2021 09:00:04;-0.995;0.036
Tilt 1;06.01.2021 10:00:05;-0.993;0.036
Tilt 1;06.01.2021 11:00:05;-0.995;0.034
Tilt 1;06.01.2021 12:00:06;-0.986;0.034
Tilt 1;06.01.2021 13:00:04;-0.995;0.034
Tilt 1;06.01.2021 14:00:05;-0.995;0.034
Tilt 1;06.01.2021 15:00:04;-0.995;0.034
Tilt 1;06.01.2021 16:00:07;-0.986;0.038
Tilt 1;06.01.2021 17:00:05;-0.995;0.034
Tilt 1;06.01.2021 18:00:05;-0.995;0.034
Tilt 1;06.01.2021 19:00:04;-0.995;0.036
Tilt 1;06.01.2021 20:00:06;-0.982;0.036
Tilt 1;06.01.2021 21:00:04;-0.995;0.036
Tilt 1;06.01.2021 22:00:04;-0.995;0.038
Tilt 1;06.01.2021 23:00:05;-0.993;0.038
Tilt 1;07.01.2021 00:00:07;-0.978;0.038
Tilt 1;07.01.2021 01:00:04;-0.995;0.038
Tilt 1;07.01.2021 02:00:04;-0.993;0.038
Tilt 1;07.01.2021 03:00:05;-0.993;0.038
Tilt 1;07.01.2021 04:00:07;-0.982;0.038
Tilt 1;07.01.2021 05:00:04;-0.993;0.038
Tilt 1;07.01.2021 06:00:05;-0.993;0.038
Tilt 1;07.01.2021 07:00:05;-0.993;0.038
Tilt 1;07.01.2021 08:00:06;-0.982;0.038
Tilt 1;07.01.2021 09:00:04;-0.991;0.038
Tilt 1;07.01.2021 10:00:05;-0.993;0.038
Tilt 1;07.01.2021 11:00:04;-0.991;0.038
Tilt 1;07.01.2021 12:00:07;-0.982;0.038
Tilt 1;07.01.2021 13:00:05;-0.993;0.038
Tilt 1;07.01.2021 14:00:04;-0.993;0.038
Tilt 1;07.01.2021 15:00:04;-0.993;0.038
Tilt 1;07.01.2021 16:00:27;-0.993;0.042
Tilt 1;07.01.2021 17:00:04;-0.991;0.038
Tilt 1;07.01.2021 18:00:04;-0.993;0.038
Tilt 1;07.01.2021 19:00:04;-0.993;0.038
Tilt 1;07.01.2021 20:00:07;-0.978;0.038
Tilt 1;07.01.2021 21:00:05;-0.991;0.040
Tilt 1;07.01.2021 22:00:04;-0.991;0.042
Tilt 1;07.01.2021 23:00:04;-0.991;0.040
Tilt 1;08.01.2021 00:00:07;-0.978;0.040
Tilt 1;08.01.2021 01:00:04;-0.993;0.038
Tilt 1;08.01.2021 02:00:05;-0.993;0.040
Tilt 1;08.01.2021 03:00:05;-0.991;0.042
Tilt 1;08.01.2021 04:00:06;-0.977;0.038
Tilt 1;08.01.2021 05:00:04;-0.993;0.040
Tilt 1;08.01.2021 06:00:04;-0.991;0.042
Tilt 1;08.01.2021 07:00:05;-0.991;0.040
Tilt 1;08.01.2021 08:00:07;-0.977;0.040
Tilt 1;08.01.2021 09:00:05;-0.991;0.040
Tilt 1;08.01.2021 10:00:05;-0.993;0.040
Tilt 1;08.01.2021 11:00:04;-0.993;0.040
Tilt 1;08.01.2021 12:00:06;-0.984;0.038
Tilt 1;08.01.2021 13:00:04;-0.995;0.038
Tilt 1;08.01.2021 14:00:05;-0.995;0.038
Tilt 1;08.01.2021 15:00:04;-0.995;0.040
Tilt 1;08.01.2021 16:00:07;-0.980;0.038
Tilt 1;08.01.2021 17:00:05;-0.995;0.038
Tilt 1;08.01.2021 18:00:04;-0.995;0.038
Tilt 1;08.01.2021 19:00:04;-0.995;0.038
Tilt 1;08.01.2021 20:00:06;-0.977;0.040
Tilt 1;08.01.2021 21:00:04;-0.995;0.038
Tilt 1;08.01.2021 22:00:04;-0.995;0.038
Tilt 1;08.01.2021 23:00:05;-0.995;0.038
Tilt 1;09.01.2021 00:00:07;-0.980;0.038
Tilt 1;09.01.2021 01:00:04;-0.993;0.040
Tilt 1;09.01.2021 02:00:04;-0.993;0.038
Tilt 1;09.01.2021 03:00:05;-0.995;0.038
Tilt 1;09.01.2021 04:00:07;-0.978;0.038
Tilt 1;09.01.2021 05:00:04;-0.997;0.038
Tilt 1;09.01.2021 06:00:05;-0.997;0.034
Tilt 1;09.01.2021 07:00:04;-0.999;0.034
Tilt 1;09.01.2021 08:00:06;-1.001;0.034
Tilt 1;09.01.2021 09:00:04;-1.001;0.034
Tilt 1;09.01.2021 10:00:05;-0.999;0.034
Tilt 1;09.01.2021 11:00:04;-1.001;0.032
Tilt 1;09.01.2021 12:00:07;-0.993;0.032
Tilt 1;09.01.2021 13:00:05;-1.001;0.032
Tilt 1;09.01.2021 14:00:04;-1.001;0.032
Tilt 1;09.01.2021 15:00:04;-1.001;0.034
Tilt 1;09.01.2021 16:00:06;-0.997;0.032
Tilt 1;09.01.2021 17:00:04;-1.001;0.032
Tilt 1;09.01.2021 18:00:04;-1.001;0.034
Tilt 1;09.01.2021 19:00:04;-1.001;0.032
Tilt 1;09.01.2021 20:00:07;-0.988;0.032
Tilt 1;09.01.2021 21:00:05;-1.001;0.032
Tilt 1;09.01.2021 22:00:04;-1.001;0.032
Tilt 1;09.01.2021 23:00:04;-1.001;0.032
Tilt 1;10.01.2021 00:00:06;-0.997;0.032
Tilt 1;10.01.2021 01:00:04;-1.001;0.032
Tilt 1;10.01.2021 02:00:04;-0.999;0.032
Tilt 1;10.01.2021 03:00:05;-0.999;0.032
Tilt 1;10.01.2021 04:00:27;-0.997;0.034
Tilt 1;10.01.2021 05:00:04;-0.999;0.032
Tilt 1;10.01.2021 06:00:04;-0.999;0.032
Tilt 1;10.01.2021 07:00:05;-0.997;0.032
Tilt 1;10.01.2021 08:00:07;-0.995;0.032
Tilt 1;10.01.2021 09:00:05;-0.999;0.034
Tilt 1;10.01.2021 10:00:05;-0.997;0.034
Tilt 1;10.01.2021 11:00:04;-0.999;0.032
Tilt 1;10.01.2021 12:00:06;-0.991;0.034
Tilt 1;10.01.2021 13:00:04;-0.999;0.032
Tilt 1;10.01.2021 14:00:05;-0.999;0.032
Tilt 1;10.01.2021 15:00:04;-0.997;0.032
Tilt 1;10.01.2021 16:00:07;-0.984;0.034
Tilt 1;10.01.2021 17:00:05;-0.997;0.032
Tilt 1;10.01.2021 18:00:05;-0.997;0.032
Tilt 1;10.01.2021 19:00:05;-0.997;0.034
Tilt 1;10.01.2021 20:00:06;-0.990;0.034
Tilt 1;10.01.2021 21:00:04;-0.999;0.032
Tilt 1;10.01.2021 22:00:04;-0.997;0.034
Tilt 1;10.01.2021 23:00:04;-0.999;0.034
Tilt 1;11.01.2021 00:00:07;-0.990;0.034
Tilt 1;11.01.2021 01:00:05;-0.997;0.032
Tilt 1;11.01.2021 02:00:05;-0.997;0.034
Tilt 1;11.01.2021 03:00:04;-0.999;0.034
Tilt 1;11.01.2021 04:00:06;-0.988;0.034
Tilt 1;11.01.2021 05:00:04;-0.997;0.034
Tilt 1;11.01.2021 06:00:04;-0.997;0.032
Tilt 1;11.01.2021 07:00:05;-0.997;0.034
Tilt 1;11.01.2021 08:00:07;-0.993;0.034
Tilt 1;11.01.2021 09:00:04;-0.999;0.032
Tilt 1;11.01.2021 10:00:04;-0.997;0.034
Tilt 1;11.01.2021 11:00:04;-0.999;0.032
Tilt 1;11.01.2021 12:00:07;-0.990;0.032
Tilt 1;11.01.2021 13:00:04;-0.997;0.034
Tilt 1;11.01.2021 14:00:05;-0.997;0.034
Tilt 1;11.01.2021 15:00:05;-0.997;0.036
Tilt 1;11.01.2021 16:00:06;-0.986;0.036
Tilt 1;11.01.2021 17:00:04;-0.995;0.036
Tilt 1;11.01.2021 18:00:04;-0.995;0.036
Tilt 1;11.01.2021 19:00:04;-0.993;0.038
Tilt 1;11.01.2021 20:00:07;-0.984;0.038
Tilt 1;11.01.2021 21:00:04;-0.993;0.038
Tilt 1;11.01.2021 22:00:05;-0.995;0.038
Tilt 1;11.01.2021 23:00:05;-0.993;0.040
Tilt 1;12.01.2021 00:00:06;-0.984;0.038
Tilt 1;12.01.2021 01:00:04;-0.993;0.040
Tilt 1;12.01.2021 02:00:04;-0.993;0.038
Tilt 1;12.01.2021 03:00:05;-0.995;0.038
Tilt 1;12.01.2021 04:00:07;-0.986;0.038
Tilt 1;12.01.2021 05:00:05;-0.997;0.038
Tilt 1;12.01.2021 06:00:04;-0.997;0.034
Tilt 1;12.01.2021 07:00:04;-0.997;0.036
Tilt 1;12.01.2021 08:00:06;-0.990;0.038
Tilt 1;12.01.2021 09:00:04;-0.997;0.034
Tilt 1;12.01.2021 10:00:05;-0.997;0.034
Tilt 1;12.01.2021 11:00:05;-0.999;0.032
Tilt 1;12.01.2021 12:00:07;-0.997;0.034
Tilt 1;12.01.2021 13:00:04;-0.999;0.032
Tilt 1;12.01.2021 14:00:04;-0.999;0.032
Tilt 1;12.01.2021 15:00:04;-0.999;0.034
Tilt 1;12.01.2021 16:00:07;-0.991;0.032
Tilt 1;12.01.2021 17:00:05;-0.999;0.032
Tilt 1;12.01.2021 18:00:04;-1.001;0.032
Tilt 1;12.01.2021 19:00:05;-1.001;0.032
Tilt 1;12.01.2021 20:00:06;-0.997;0.034
Tilt 1;12.01.2021 21:00:04;-1.001;0.032
Tilt 1;12.01.2021 22:00:04;-0.999;0.032
Tilt 1;12.01.2021 23:00:04;-0.999;0.034
Tilt 1;13.01.2021 00:00:07;-0.997;0.034
Tilt 1;13.01.2021 01:00:05;-0.999;0.034
Tilt 1;13.01.2021 02:00:05;-0.997;0.034
Tilt 1;13.01.2021 03:00:04;-0.997;0.034
Tilt 1;13.01.2021 04:00:06;-0.988;0.036
Tilt 1;13.01.2021 05:00:04;-0.995;0.036
Tilt 1;13.01.2021 06:00:04;-0.995;0.038
Tilt 1;13.01.2021 07:00:05;-0.995;0.038
Tilt 1;13.01.2021 08:00:07;-0.982;0.038
Tilt 1;13.01.2021 09:00:04;-0.995;0.040
Tilt 1;13.01.2021 10:00:04;-0.993;0.038
Tilt 1;13.01.2021 11:00:04;-0.995;0.036
Tilt 1;13.01.2021 12:00:07;-0.984;0.038
Tilt 1;13.01.2021 13:00:04;-0.995;0.038
Tilt 1;13.01.2021 14:00:05;-0.995;0.038
Tilt 1;13.01.2021 15:00:05;-0.993;0.038
Tilt 1;13.01.2021 16:00:06;-0.984;0.040
Tilt 1;13.01.2021 17:00:04;-0.995;0.038
Tilt 1;13.01.2021 18:00:04;-0.991;0.040
Tilt 1;13.01.2021 19:00:05;-0.993;0.040
Tilt 1;13.01.2021 20:00:07;-0.982;0.042
Tilt 1;13.01.2021 21:00:04;-0.991;0.042
Tilt 1;13.01.2021 22:00:04;-0.991;0.042
Tilt 1;13.01.2021 23:00:04;-0.991;0.042
Tilt 1;14.01.2021 00:00:07;-0.984;0.040
Tilt 1;14.01.2021 01:00:04;-0.991;0.042
Tilt 1;14.01.2021 02:00:05;-0.993;0.042
Tilt 1;14.01.2021 03:00:05;-0.993;0.042
Tilt 1;14.01.2021 04:00:06;-0.984;0.040
Tilt 1;14.01.2021 05:00:04;-0.993;0.042
Tilt 1;14.01.2021 06:00:04;-0.991;0.042
Tilt 1;14.01.2021 07:00:05;-0.991;0.042
Tilt 1;14.01.2021 08:00:07;-0.975;0.042
Tilt 1;14.01.2021 09:00:05;-0.991;0.042
Tilt 1;14.01.2021 10:00:04;-0.991;0.042
Tilt 1;14.01.2021 11:00:04;-0.993;0.042
Tilt 1;14.01.2021 12:00:06;-0.982;0.040
Tilt 1;14.01.2021 13:00:04;-0.993;0.042
Tilt 1;14.01.2021 14:00:05;-0.993;0.042
Tilt 1;14.01.2021 15:00:05;-0.993;0.042
Tilt 1;14.01.2021 16:00:07;-0.984;0.042
Tilt 1;14.01.2021 17:00:04;-0.993;0.042
Tilt 1;14.01.2021 18:00:05;-0.993;0.042
Tilt 1;14.01.2021 19:00:05;-0.991;0.042
Tilt 1;14.01.2021 20:00:38;-0.988;0.044
Tilt 1;14.01.2021 21:00:04;-0.993;0.042
Tilt 1;14.01.2021 22:00:04;-0.991;0.042
Tilt 1;14.01.2021 23:00:05;-0.993;0.042
Tilt 1;15.01.2021 00:00:07;-0.977;0.042
Tilt 1;15.01.2021 01:00:05;-0.991;0.042
Tilt 1;15.01.2021 02:00:05;-0.993;0.042
Tilt 1;15.01.2021 03:00:04;-0.991;0.042
Tilt 1;15.01.2021 04:00:06;-0.978;0.042
Tilt 1;15.01.2021 05:00:04;-0.993;0.042
Tilt 1;15.01.2021 06:00:05;-0.993;0.042
Tilt 1;15.01.2021 07:00:05;-0.993;0.042
Tilt 1;15.01.2021 08:00:07;-0.978;0.042
Tilt 1;15.01.2021 09:00:04;-0.993;0.044
Tilt 1;15.01.2021 10:00:04;-0.995;0.042
Tilt 1;15.01.2021 11:00:04;-0.993;0.042
Tilt 1;15.01.2021 12:00:07;-0.984;0.040
Tilt 1;15.01.2021 13:00:04;-0.995;0.042
Tilt 1;15.01.2021 14:00:05;-0.995;0.042
Tilt 1;15.01.2021 15:00:05;-0.995;0.042
Tilt 1;15.01.2021 16:00:06;-0.982;0.042
Tilt 1;15.01.2021 17:00:04;-0.995;0.042
Tilt 1;15.01.2021 18:00:05;-0.995;0.042
Tilt 1;15.01.2021 19:00:05;-0.995;0.042
Tilt 1;15.01.2021 20:00:06;-0.982;0.042
Tilt 1;15.01.2021 21:00:04;-0.995;0.042
Tilt 1;15.01.2021 22:00:04;-0.995;0.042
Tilt 1;15.01.2021 23:00:04;-0.995;0.042
Tilt 1;16.01.2021 00:00:07;-0.986;0.040
Tilt 1;16.01.2021 01:00:05;-0.995;0.042
Tilt 1;16.01.2021 02:00:05;-0.995;0.042
Tilt 1;16.01.2021 03:00:04;-0.995;0.042
Tilt 1;16.01.2021 04:00:06;-0.986;0.040
Tilt 1;16.01.2021 05:00:04;-0.995;0.040
Tilt 1;16.01.2021 06:00:04;-0.995;0.042
Tilt 1;16.01.2021 07:00:05;-0.995;0.042
Tilt 1;16.01.2021 08:00:07;-0.982;0.042
Tilt 1;16.01.2021 09:00:05;-0.995;0.042
Tilt 1;16.01.2021 10:00:04;-0.997;0.040
Tilt 1;16.01.2021 11:00:04;-0.997;0.038
Tilt 1;16.01.2021 12:00:07;-0.980;0.038
Tilt 1;16.01.2021 13:00:04;-0.997;0.038
Tilt 1;16.01.2021 14:00:05;-0.999;0.036
Tilt 1;16.01.2021 15:00:05;-0.999;0.036
Tilt 1;16.01.2021 16:00:06;-0.984;0.038
Tilt 1;16.01.2021 17:00:04;-0.999;0.038
Tilt 1;16.01.2021 18:00:05;-0.999;0.036
Tilt 1;16.01.2021 19:00:05;-0.999;0.038
Tilt 1;16.01.2021 20:00:06;-0.988;0.038
Tilt 1;16.01.2021 21:00:04;-0.997;0.038
Tilt 1;16.01.2021 22:00:04;-0.999;0.038
Tilt 1;16.01.2021 23:00:05;-0.999;0.038
Tilt 1;17.01.2021 00:00:07;-0.993;0.036
Tilt 1;17.01.2021 01:00:05;-1.001;0.036
Tilt 1;17.01.2021 02:00:04;-1.001;0.036
Tilt 1;17.01.2021 03:00:04;-1.001;0.036
Tilt 1;17.01.2021 04:00:06;-0.988;0.036
Tilt 1;17.01.2021 05:00:04;-1.001;0.036
Tilt 1;17.01.2021 06:00:05;-1.001;0.034
Tilt 1;17.01.2021 07:00:05;-1.001;0.036
Tilt 1;17.01.2021 08:00:28;-1.001;0.044
Tilt 1;17.01.2021 09:00:04;-1.001;0.034
Tilt 1;17.01.2021 10:00:04;-1.001;0.034
Tilt 1;17.01.2021 11:00:04;-1.003;0.032
Tilt 1;17.01.2021 12:00:07;-0.995;0.034
Tilt 1;17.01.2021 13:00:05;-1.003;0.034
Tilt 1;17.01.2021 14:00:05;-1.003;0.034
Tilt 1;17.01.2021 15:00:04;-1.004;0.034
Tilt 1;17.01.2021 16:00:06;-1.004;0.034
Tilt 1;17.01.2021 17:00:04;-1.003;0.034
Tilt 1;17.01.2021 18:00:04;-1.004;0.032
Tilt 1;17.01.2021 19:00:04;-1.004;0.034
Tilt 1;17.01.2021 20:00:07;-1.004;0.032
Tilt 1;17.01.2021 21:00:05;-1.004;0.034
Tilt 1;17.01.2021 22:00:05;-1.004;0.034
Tilt 1;17.01.2021 23:00:04;-1.004;0.032
Tilt 1;18.01.2021 00:00:06;-0.999;0.032
Tilt 1;18.01.2021 01:00:04;-1.004;0.032
Tilt 1;18.01.2021 02:00:04;-1.003;0.032
Tilt 1;18.01.2021 03:00:05;-1.003;0.034
Tilt 1;18.01.2021 04:00:07;-0.999;0.034
Tilt 1;18.01.2021 05:00:05;-1.003;0.032
Tilt 1;18.01.2021 06:00:04;-1.003;0.034
Tilt 1;18.01.2021 07:00:04;-1.003;0.034
Tilt 1;18.01.2021 08:00:06;-0.995;0.034
Tilt 1;18.01.2021 09:00:04;-1.001;0.034
Tilt 1;18.01.2021 10:00:05;-1.001;0.034
Tilt 1;18.01.2021 11:00:05;-1.001;0.034
Tilt 1;18.01.2021 12:00:06;-0.997;0.034
Tilt 1;18.01.2021 13:00:04;-1.001;0.034
Tilt 1;18.01.2021 14:00:05;-1.001;0.034
Tilt 1;18.01.2021 15:00:04;-1.003;0.034
Tilt 1;18.01.2021 16:00:07;-1.001;0.034
Tilt 1;18.01.2021 17:00:05;-1.001;0.032
Tilt 1;18.01.2021 18:00:05;-1.001;0.034
Tilt 1;18.01.2021 19:00:05;-1.001;0.034
Tilt 1;18.01.2021 20:00:06;-0.993;0.034
Tilt 1;18.01.2021 21:00:04;-1.001;0.034
Tilt 1;18.01.2021 22:00:04;-1.001;0.036
Tilt 1;18.01.2021 23:00:04;-0.999;0.034
Tilt 1;19.01.2021 00:00:07;-0.991;0.034
Tilt 1;19.01.2021 01:00:05;-0.999;0.034
Tilt 1;19.01.2021 02:00:04;-0.999;0.038
Tilt 1;19.01.2021 03:00:04;-0.999;0.036
Tilt 1;19.01.2021 04:00:06;-0.995;0.038
Tilt 1;19.01.2021 05:00:04;-0.999;0.036
Tilt 1;19.01.2021 06:00:04;-0.999;0.036
Tilt 1;19.01.2021 07:00:05;-0.997;0.038
Tilt 1;19.01.2021 08:00:07;-0.990;0.036
Tilt 1;19.01.2021 09:00:04;-0.999;0.038
Tilt 1;19.01.2021 10:00:04;-0.997;0.036
Tilt 1;19.01.2021 11:00:05;-0.999;0.036
Tilt 1;19.01.2021 12:00:07;-0.993;0.034
Tilt 1;19.01.2021 13:00:04;-1.001;0.034
Tilt 1;19.01.2021 14:00:05;-1.001;0.034
Tilt 1;19.01.2021 15:00:05;-1.001;0.034
Tilt 1;19.01.2021 16:00:38;-0.999;0.034
Tilt 1;19.01.2021 17:00:04;-0.997;0.036
Tilt 1;19.01.2021 18:00:04;-0.999;0.036
Tilt 1;19.01.2021 19:00:04;-1.001;0.034
Tilt 1;19.01.2021 20:00:07;-0.988;0.038
Tilt 1;19.01.2021 21:00:04;-1.001;0.036
Tilt 1;19.01.2021 22:00:05;-0.999;0.036
Tilt 1;19.01.2021 23:00:05;-1.001;0.034
Tilt 1;20.01.2021 00:00:06;-0.997;0.034
Tilt 1;20.01.2021 01:00:04;-0.999;0.034
Tilt 1;20.01.2021 02:00:04;-0.999;0.036
Tilt 1;20.01.2021 03:00:05;-1.001;0.036
Tilt 1;20.01.2021 04:00:07;-0.995;0.034
Tilt 1;20.01.2021 05:00:05;-1.001;0.034
Tilt 1;20.01.2021 06:00:04;-1.001;0.036
Tilt 1;20.01.2021 07:00:04;-0.999;0.036
Tilt 1;20.01.2021 08:00:07;-0.997;0.034
Tilt 1;20.01.2021 09:00:04;-1.001;0.034
Tilt 1;20.01.2021 10:00:05;-0.999;0.034
Tilt 1;20.01.2021 11:00:05;-1.001;0.034
Tilt 1;20.01.2021 12:00:07;-1.001;0.034
Tilt 1;20.01.2021 13:00:04;-1.003;0.034
Tilt 1;20.01.2021 14:00:04;-1.001;0.034
Tilt 1;20.01.2021 15:00:04;-1.001;0.034
Tilt 1;20.01.2021 16:00:26;-1.001;0.038
Tilt 1;20.01.2021 17:00:05;-1.001;0.034
Tilt 1;20.01.2021 18:00:04;-1.001;0.034
Tilt 1;20.01.2021 19:00:05;-1.001;0.034
Tilt 1;20.01.2021 20:00:07;-0.997;0.034
Tilt 1;20.01.2021 21:00:04;-1.001;0.034
Tilt 1;20.01.2021 22:00:04;-1.001;0.034
Tilt 1;20.01.2021 23:00:04;-1.001;0.034
Tilt 1;21.01.2021 00:00:38;-1.001;0.034
Tilt 1;21.01.2021 01:00:04;-1.001;0.034
Tilt 1;21.01.2021 02:00:05;-1.001;0.034
Tilt 1;21.01.2021 03:00:05;-1.001;0.034
Tilt 1;21.01.2021 04:00:26;-1.001;0.034
Tilt 1;21.01.2021 05:00:04;-1.001;0.032
Tilt 1;21.01.2021 06:00:04;-1.003;0.032
Tilt 1;21.01.2021 07:00:05;-1.003;0.034
Tilt 1;21.01.2021 08:00:07;-1.001;0.034
Tilt 1;21.01.2021 09:00:05;-1.001;0.032
Tilt 1;21.01.2021 10:00:04;-1.003;0.032
Tilt 1;21.01.2021 11:00:04;-1.003;0.032
Tilt 1;21.01.2021 12:00:06;-1.004;0.032
Tilt 1;21.01.2021 13:00:04;-1.003;0.031
Tilt 1;21.01.2021 14:00:05;-1.004;0.032
Tilt 1;21.01.2021 15:00:05;-1.004;0.032
Tilt 1;21.01.2021 16:00:06;-1.001;0.032
Tilt 1;21.01.2021 17:00:04;-1.004;0.032
Tilt 1;21.01.2021 18:00:04;-1.004;0.032
Tilt 1;21.01.2021 19:00:04;-1.003;0.032
Tilt 1;21.01.2021 20:00:07;-1.001;0.032
Tilt 1;21.01.2021 21:00:05;-1.003;0.032
Tilt 1;21.01.2021 22:00:04;-1.003;0.032
Tilt 1;21.01.2021 23:00:04;-1.001;0.032
Tilt 1;22.01.2021 00:00:59;-1.003;0.032
Tilt 1;22.01.2021 01:00:04;-1.001;0.034
Tilt 1;22.01.2021 02:00:05;-1.003;0.032
Tilt 1;22.01.2021 03:00:05;-1.004;0.031
Tilt 1;22.01.2021 04:00:26;-1.004;0.032
Tilt 1;22.01.2021 05:00:04;-1.004;0.032
Tilt 1;22.01.2021 06:00:04;-1.004;0.032
Tilt 1;22.01.2021 07:00:05;-1.003;0.032
Tilt 1;22.01.2021 08:00:07;-1.003;0.032
Tilt 1;22.01.2021 09:00:05;-1.001;0.032
Tilt 1;22.01.2021 10:00:05;-1.004;0.032
Tilt 1;22.01.2021 11:00:04;-1.003;0.032
Tilt 1;22.01.2021 12:00:06;-1.004;0.031
Tilt 1;22.01.2021 13:00:04;-1.004;0.032
Tilt 1;22.01.2021 14:00:05;-1.003;0.032
Tilt 1;22.01.2021 15:00:05;-1.003;0.032
Tilt 1;22.01.2021 16:00:07;-1.003;0.032
Tilt 1;22.01.2021 17:00:04;-1.001;0.032
Tilt 1;22.01.2021 18:00:04;-1.001;0.032
Tilt 1;22.01.2021 19:00:05;-1.001;0.032
Tilt 1;22.01.2021 20:00:07;-1.003;0.032
Tilt 1;22.01.2021 21:00:04;-1.001;0.032
Tilt 1;22.01.2021 22:00:04;-1.003;0.032
Tilt 1;22.01.2021 23:00:04;-1.001;0.032
Tilt 1;23.01.2021 00:00:07;-1.003;0.032
Tilt 1;23.01.2021 01:00:04;-1.003;0.032
Tilt 1;23.01.2021 02:00:05;-1.001;0.032
Tilt 1;23.01.2021 03:00:05;-1.001;0.032
Tilt 1;23.01.2021 04:00:06;-1.001;0.032
Tilt 1;23.01.2021 05:00:04;-1.003;0.032
Tilt 1;23.01.2021 06:00:05;-1.001;0.032
Tilt 1;23.01.2021 07:00:04;-1.001;0.032
Tilt 1;23.01.2021 08:00:07;-0.999;0.032
Tilt 1;23.01.2021 09:00:05;-1.001;0.032
Tilt 1;23.01.2021 10:00:04;-1.001;0.032
Tilt 1;23.01.2021 11:00:04;-1.001;0.032
Tilt 1;23.01.2021 12:00:06;-0.997;0.032
Tilt 1;23.01.2021 13:00:04;-1.001;0.032
Tilt 1;23.01.2021 14:00:05;-1.001;0.032
Tilt 1;23.01.2021 15:00:05;-1.001;0.032
Tilt 1;23.01.2021 16:00:07;-0.995;0.032
Tilt 1;23.01.2021 17:00:04;-1.001;0.034
Tilt 1;23.01.2021 18:00:04;-1.001;0.032
Tilt 1;23.01.2021 19:00:04;-1.001;0.034
Tilt 1;23.01.2021 20:00:06;-0.995;0.034
Tilt 1;23.01.2021 21:00:04;-1.001;0.034
Tilt 1;23.01.2021 22:00:04;-1.001;0.032
Tilt 1;23.01.2021 23:00:05;-0.999;0.034
Tilt 1;24.01.2021 00:00:07;-0.995;0.034
Tilt 1;24.01.2021 01:00:04;-0.999;0.034
Tilt 1;24.01.2021 02:00:04;-0.997;0.034
Tilt 1;24.01.2021 03:00:05;-0.997;0.034
Tilt 1;24.01.2021 04:00:07;-0.997;0.034
Tilt 1;24.01.2021 05:00:05;-1.001;0.034
Tilt 1;24.01.2021 06:00:05;-0.999;0.034
Tilt 1;24.01.2021 07:00:04;-0.999;0.034
Tilt 1;24.01.2021 08:00:06;-0.988;0.034
Tilt 1;24.01.2021 09:00:04;-0.999;0.034
Tilt 1;24.01.2021 10:00:05;-0.999;0.034
Tilt 1;24.01.2021 11:00:05;-1.001;0.032
Tilt 1;24.01.2021 12:00:07;-0.995;0.032
Tilt 1;24.01.2021 13:00:04;-1.001;0.032
Tilt 1;24.01.2021 14:00:04;-0.999;0.032
Tilt 1;24.01.2021 15:00:04;-0.997;0.034
Tilt 1;24.01.2021 16:00:07;-0.991;0.036
Tilt 1;24.01.2021 17:00:04;-0.995;0.038
Tilt 1;24.01.2021 18:00:04;-0.995;0.038
Tilt 1;24.01.2021 19:00:04;-0.993;0.040
Tilt 1;24.01.2021 20:00:06;-0.977;0.040
Tilt 1;24.01.2021 21:00:04;-0.995;0.040
Tilt 1;24.01.2021 22:00:05;-0.995;0.038
Tilt 1;24.01.2021 23:00:05;-0.993;0.040
Tilt 1;25.01.2021 00:00:06;-0.978;0.040
Tilt 1;25.01.2021 01:00:04;-0.993;0.042
Tilt 1;25.01.2021 02:00:04;-0.991;0.042
Tilt 1;25.01.2021 03:00:05;-0.991;0.042
Tilt 1;25.01.2021 04:00:07;-0.978;0.042
Tilt 1;25.01.2021 05:00:05;-0.991;0.042
Tilt 1;25.01.2021 06:00:05;-0.991;0.042
Tilt 1;25.01.2021 07:00:04;-0.993;0.042
Tilt 1;25.01.2021 08:00:06;-0.978;0.042
Tilt 1;25.01.2021 09:00:04;-0.991;0.042
Tilt 1;25.01.2021 10:00:05;-0.991;0.042
Tilt 1;25.01.2021 11:00:04;-0.993;0.042
Tilt 1;25.01.2021 12:00:07;-0.978;0.042
Tilt 1;25.01.2021 13:00:05;-0.993;0.042
Tilt 1;25.01.2021 14:00:04;-0.993;0.042
Tilt 1;25.01.2021 15:00:04;-0.993;0.042
Tilt 1;25.01.2021 16:00:06;-0.978;0.042
Tilt 1;25.01.2021 17:00:04;-0.991;0.042
Tilt 1;25.01.2021 18:00:04;-0.993;0.044
Tilt 1;25.01.2021 19:00:04;-0.991;0.042
Tilt 1;25.01.2021 20:00:39;-0.993;0.042
Tilt 1;25.01.2021 21:00:04;-0.995;0.042
Tilt 1;25.01.2021 22:00:04;-0.995;0.040
Tilt 1;25.01.2021 23:00:05;-0.997;0.040
Tilt 1;26.01.2021 00:00:07;-0.990;0.038
Tilt 1;26.01.2021 01:00:04;-0.999;0.038
Tilt 1;26.01.2021 02:00:04;-0.997;0.038
Tilt 1;26.01.2021 03:00:05;-0.997;0.038
Tilt 1;26.01.2021 04:00:07;-0.988;0.036
Tilt 1;26.01.2021 05:00:05;-0.999;0.038
Tilt 1;26.01.2021 06:00:05;-0.997;0.038
Tilt 1;26.01.2021 07:00:04;-0.999;0.038
Tilt 1;26.01.2021 08:00:06;-0.990;0.040
Tilt 1;26.01.2021 09:00:04;-0.997;0.038
Tilt 1;26.01.2021 10:00:05;-0.997;0.038
Tilt 1;26.01.2021 11:00:05;-0.997;0.038
Tilt 1;26.01.2021 12:00:07;-0.990;0.038
Tilt 1;26.01.2021 13:00:04;-1.001;0.038
Tilt 1;26.01.2021 14:00:04;-1.001;0.038
Tilt 1;26.01.2021 15:00:04;-0.999;0.038
Tilt 1;26.01.2021 16:00:27;-0.999;0.038
Tilt 1;26.01.2021 17:00:04;-0.997;0.038
Tilt 1;26.01.2021 18:00:04;-0.999;0.038
Tilt 1;26.01.2021 19:00:05;-0.997;0.038
Tilt 1;26.01.2021 20:00:27;-0.995;0.038
Tilt 1;26.01.2021 21:00:04;-0.997;0.040
Tilt 1;26.01.2021 22:00:04;-0.997;0.040
Tilt 1;26.01.2021 23:00:04;-0.997;0.040
Tilt 1;27.01.2021 00:00:07;-0.990;0.040
Tilt 1;27.01.2021 01:00:04;-0.997;0.040
Tilt 1;27.01.2021 02:00:05;-0.997;0.042
Tilt 1;27.01.2021 03:00:05;-0.995;0.040
Tilt 1;27.01.2021 04:00:06;-0.986;0.040
Tilt 1;27.01.2021 05:00:04;-0.995;0.042
Tilt 1;27.01.2021 06:00:04;-0.993;0.042
Tilt 1;27.01.2021 07:00:05;-0.991;0.044
Tilt 1;27.01.2021 08:00:07;-0.978;0.042
Tilt 1;27.01.2021 09:00:05;-0.991;0.044
Tilt 1;27.01.2021 10:00:04;-0.991;0.042
Tilt 1;27.01.2021 11:00:04;-0.993;0.044
Tilt 1;27.01.2021 12:00:06;-0.982;0.044
Tilt 1;27.01.2021 13:00:04;-0.991;0.042
Tilt 1;27.01.2021 14:00:05;-0.995;0.042
Tilt 1;27.01.2021 15:00:05;-0.993;0.044
Tilt 1;27.01.2021 16:00:07;-0.978;0.044
Tilt 1;27.01.2021 17:00:04;-0.993;0.044
Tilt 1;27.01.2021 18:00:04;-0.991;0.044
Tilt 1;27.01.2021 19:00:04;-0.991;0.045
Tilt 1;27.01.2021 20:00:06;-0.962;0.044
Tilt 1;27.01.2021 21:00:04;-0.991;0.045
Tilt 1;27.01.2021 22:00:05;-0.991;0.044
Tilt 1;27.01.2021 23:00:05;-0.991;0.045
Tilt 1;28.01.2021 00:00:06;-0.960;0.045
Tilt 1;28.01.2021 01:00:04;-0.991;0.045
Tilt 1;28.01.2021 02:00:04;-0.991;0.045
Tilt 1;28.01.2021 03:00:05;-0.991;0.044
Tilt 1;28.01.2021 04:00:07;-0.958;0.045
Tilt 1;28.01.2021 05:00:05;-0.993;0.045
Tilt 1;28.01.2021 06:00:04;-0.991;0.044
Tilt 1;28.01.2021 07:00:04;-0.993;0.045
Tilt 1;28.01.2021 08:00:06;-0.958;0.049
Tilt 1;28.01.2021 09:00:04;-0.991;0.044
Tilt 1;28.01.2021 10:00:05;-0.993;0.044
Tilt 1;28.01.2021 11:00:05;-0.997;0.042
Tilt 1;28.01.2021 12:00:07;-0.982;0.042
Tilt 1;28.01.2021 13:00:04;-1.001;0.040
Tilt 1;28.01.2021 14:00:04;-0.997;0.042
Tilt 1;28.01.2021 15:00:04;-0.997;0.042
Tilt 1;28.01.2021 16:00:07;-0.988;0.042
Tilt 1;28.01.2021 17:00:05;-0.997;0.042
Tilt 1;28.01.2021 18:00:04;-0.995;0.042
Tilt 1;28.01.2021 19:00:04;-0.997;0.042
Tilt 1;28.01.2021 20:00:07;-0.984;0.042
Tilt 1;28.01.2021 21:00:04;-0.997;0.042
Tilt 1;28.01.2021 22:00:05;-0.997;0.042
Tilt 1;28.01.2021 23:00:05;-0.995;0.040
Tilt 1;29.01.2021 00:00:06;-0.988;0.042
Tilt 1;29.01.2021 01:00:04;-0.997;0.042
Tilt 1;29.01.2021 02:00:04;-0.995;0.042
Tilt 1;29.01.2021 03:00:05;-0.995;0.042
Tilt 1;29.01.2021 04:00:07;-0.986;0.044
Tilt 1;29.01.2021 05:00:05;-0.993;0.044
Tilt 1;29.01.2021 06:00:04;-0.995;0.044
Tilt 1;29.01.2021 07:00:04;-0.995;0.044
Tilt 1;29.01.2021 08:00:07;-0.995;0.044
Tilt 1;29.01.2021 09:00:04;-0.995;0.044
Tilt 1;29.01.2021 10:00:05;-0.993;0.045
Tilt 1;29.01.2021 11:00:05;-0.993;0.047
Tilt 1;29.01.2021 12:00:06;-0.977;0.045
Tilt 1;29.01.2021 13:00:04;-0.995;0.045
Tilt 1;29.01.2021 14:00:04;-0.995;0.047
Tilt 1;29.01.2021 15:00:04;-0.993;0.045
Tilt 1;29.01.2021 16:00:07;-0.978;0.044
Tilt 1;29.01.2021 17:00:05;-0.995;0.044
Tilt 1;29.01.2021 18:00:04;-0.995;0.044
Tilt 1;29.01.2021 19:00:04;-0.995;0.044
Tilt 1;29.01.2021 20:00:07;-0.986;0.044
Tilt 1;29.01.2021 21:00:05;-0.997;0.044
Tilt 1;29.01.2021 22:00:05;-0.997;0.042
Tilt 1;29.01.2021 23:00:04;-0.997;0.042
Tilt 1;30.01.2021 00:00:06;-0.990;0.042
Tilt 1;30.01.2021 01:00:04;-0.997;0.042
Tilt 1;30.01.2021 02:00:04;-0.999;0.042
Tilt 1;30.01.2021 03:00:05;-0.997;0.042
Tilt 1;30.01.2021 04:00:07;-0.991;0.042
Tilt 1;30.01.2021 05:00:04;-0.999;0.042
Tilt 1;30.01.2021 06:00:04;-0.999;0.042
Tilt 1;30.01.2021 07:00:05;-0.999;0.042
Tilt 1;30.01.2021 08:00:07;-0.988;0.042
Tilt 1;30.01.2021 09:00:04;-0.999;0.042
Tilt 1;30.01.2021 10:00:05;-0.999;0.042
Tilt 1;30.01.2021 11:00:05;-0.999;0.040
Tilt 1;30.01.2021 12:00:06;-0.991;0.040
Tilt 1;30.01.2021 13:00:04;-1.001;0.040
Tilt 1;30.01.2021 14:00:05;-1.001;0.040
Tilt 1;30.01.2021 15:00:04;-1.001;0.040
Tilt 1;30.01.2021 16:00:07;-0.993;0.040
Tilt 1;30.01.2021 17:00:05;-0.999;0.040
Tilt 1;30.01.2021 18:00:04;-0.999;0.040
Tilt 1;30.01.2021 19:00:04;-0.999;0.042
Tilt 1;30.01.2021 20:00:07;-0.988;0.040
Tilt 1;30.01.2021 21:00:05;-1.001;0.040
Tilt 1;30.01.2021 22:00:05;-1.001;0.040
Tilt 1;30.01.2021 23:00:04;-1.001;0.042
Tilt 1;31.01.2021 00:00:06;-0.995;0.042
Tilt 1;31.01.2021 01:00:04;-1.001;0.040
Tilt 1;31.01.2021 02:00:04;-1.001;0.040
Tilt 1;31.01.2021 03:00:05;-1.001;0.040
Tilt 1;31.01.2021 04:00:07;-0.995;0.040
Tilt 1;31.01.2021 05:00:04;-0.999;0.040
Tilt 1;31.01.2021 06:00:04;-1.001;0.040
Tilt 1;31.01.2021 07:00:04;-0.999;0.038
Tilt 1;31.01.2021 08:00:06;-0.991;0.042
Tilt 1;31.01.2021 09:00:04;-0.999;0.040
Tilt 1;31.01.2021 10:00:05;-0.999;0.040
Tilt 1;31.01.2021 11:00:05;-1.001;0.040
Tilt 1;31.01.2021 12:00:06;-0.997;0.040
Tilt 1;31.01.2021 13:00:04;-1.001;0.040
Tilt 1;31.01.2021 14:00:05;-1.001;0.038
Tilt 1;31.01.2021 15:00:04;-0.999;0.040
Tilt 1;31.01.2021 16:00:07;-0.993;0.038
Tilt 1;31.01.2021 17:00:05;-0.999;0.042
Tilt 1;31.01.2021 18:00:04;-0.999;0.042
Tilt 1;31.01.2021 19:00:04;-0.997;0.042
Tilt 1;31.01.2021 20:00:07;-0.988;0.042
Tilt 1;31.01.2021 21:00:04;-0.997;0.042
Tilt 1;31.01.2021 22:00:05;-0.997;0.042
Tilt 1;31.01.2021 23:00:04;-0.997;0.042
Tilt 1;01.02.2021 00:00:06;-0.986;0.044
Tilt 1;01.02.2021 01:00:04;-0.997;0.044
Tilt 1;01.02.2021 02:00:04;-0.997;0.044
Tilt 1;01.02.2021 03:00:05;-0.995;0.044
Tilt 1;01.02.2021 04:00:07;-0.984;0.045
Tilt 1;01.02.2021 05:00:05;-0.991;0.047
Tilt 1;01.02.2021 06:00:04;-0.991;0.047
Tilt 1;01.02.2021 07:00:04;-0.991;0.047
Tilt 1;01.02.2021 08:00:06;-0.951;0.049
Tilt 1;01.02.2021 09:00:04;-0.991;0.047
Tilt 1;01.02.2021 10:00:05;-0.991;0.047
Tilt 1;01.02.2021 11:00:05;-0.991;0.047
Tilt 1;01.02.2021 12:00:06;-0.956;0.045
Tilt 1;01.02.2021 13:00:04;-0.993;0.047
Tilt 1;01.02.2021 14:00:04;-0.991;0.047
Tilt 1;01.02.2021 15:00:04;-0.991;0.049
Tilt 1;01.02.2021 16:00:07;-0.956;0.053
Tilt 1;01.02.2021 17:00:05;-0.991;0.047
Tilt 1;01.02.2021 18:00:05;-0.991;0.047
Tilt 1;01.02.2021 19:00:05;-0.991;0.047
Tilt 1;01.02.2021 20:00:06;-0.884;0.095
Tilt 1;01.02.2021 21:00:04;-0.988;0.051
Tilt 1;01.02.2021 22:00:04;-0.990;0.051
Tilt 1;01.02.2021 23:00:04;-0.986;0.053
Tilt 1;02.02.2021 00:00:07;-0.886;0.138
Tilt 1;02.02.2021 01:00:05;-0.991;0.110
Tilt 1;02.02.2021 02:00:04;-0.993;0.047
Tilt 1;02.02.2021 03:00:04;-0.993;0.047
Tilt 1;02.02.2021 04:00:06;-0.956;0.051
Tilt 1;02.02.2021 05:00:04;-0.993;0.045
Tilt 1;02.02.2021 06:00:04;-0.995;0.045
Tilt 1;02.02.2021 07:00:05;-0.995;0.045
Tilt 1;02.02.2021 08:00:07;-0.986;0.045
Tilt 1;02.02.2021 09:00:04;-0.997;0.044
Tilt 1;02.02.2021 10:00:04;-0.997;0.044
Tilt 1;02.02.2021 11:00:05;-0.997;0.044
Tilt 1;02.02.2021 12:00:07;-0.986;0.045
Tilt 1;02.02.2021 13:00:04;-0.995;0.044
Tilt 1;02.02.2021 14:00:05;-0.997;0.045
Tilt 1;02.02.2021 15:00:04;-0.995;0.047
Tilt 1;02.02.2021 16:00:26;-0.995;0.045
Tilt 1;02.02.2021 17:00:04;-0.993;0.047
Tilt 1;02.02.2021 18:00:04;-0.993;0.049
Tilt 1;02.02.2021 19:00:04;-0.991;0.047
Tilt 1;02.02.2021 20:00:07;-0.949;0.055
Tilt 1;02.02.2021 21:00:05;-0.988;0.051
Tilt 1;02.02.2021 22:00:05;-0.991;0.051
Tilt 1;02.02.2021 23:00:04;-0.990;0.055
Tilt 1;03.02.2021 00:00:06;-0.906;0.079
Tilt 1;03.02.2021 01:00:04;-0.988;0.053
Tilt 1;03.02.2021 02:00:04;-0.988;0.053
Tilt 1;03.02.2021 05:00:04;-0.991;0.051
Tilt 1;03.02.2021 06:00:04;-0.991;0.053
Tilt 1;03.02.2021 07:00:05;-0.986;0.051
Tilt 1;03.02.2021 09:00:04;-0.988;0.051
Tilt 1;03.02.2021 10:00:05;-0.991;0.051
Tilt 1;03.02.2021 11:00:05;-0.993;0.047
Tilt 1;03.02.2021 12:00:06;-0.932;0.051
Tilt 1;03.02.2021 13:00:04;-0.993;0.047
Tilt 1;03.02.2021 14:00:05;-0.993;0.049
Tilt 1;03.02.2021 15:00:04;-0.973;0.051
Tilt 1;03.02.2021 16:00:07;-0.936;0.069
Tilt 1;03.02.2021 17:00:05;-0.988;0.053
Tilt 1;03.02.2021 18:00:05;-0.982;0.057
Tilt 1;05.02.2021 11:00:05;-0.995;0.051
Tilt 1;05.02.2021 12:00:07;-0.971;0.051
Tilt 1;05.02.2021 13:00:04;-0.997;0.051
Tilt 1;05.02.2021 14:00:05;-0.995;0.051
Tilt 1;05.02.2021 15:00:05;-0.995;0.051
Tilt 1;05.02.2021 16:00:06;-0.952;0.055
Tilt 1;05.02.2021 17:00:04;-0.995;0.051
Tilt 1;05.02.2021 18:00:04;-0.991;0.053
Tilt 1;05.02.2021 19:00:04;-0.995;0.051
Tilt 1;05.02.2021 20:00:07;-0.936;0.053
Tilt 1;05.02.2021 21:00:05;-0.995;0.051
Tilt 1;05.02.2021 22:00:04;-0.997;0.051
Tilt 1;05.02.2021 23:00:04;-0.997;0.051
Tilt 1;06.02.2021 00:00:07;-0.962;0.049
Tilt 1;06.02.2021 01:00:04;-0.995;0.051
Tilt 1;06.02.2021 02:00:04;-0.995;0.049
Tilt 1;06.02.2021 03:00:05;-0.995;0.051
Tilt 1;06.02.2021 04:00:07;-0.967;0.051
Tilt 1;06.02.2021 05:00:04;-0.997;0.051
Tilt 1;06.02.2021 06:00:04;-0.995;0.051
Tilt 1;06.02.2021 07:00:05;-0.995;0.051
Tilt 1;06.02.2021 08:00:07;-0.967;0.051
Tilt 1;06.02.2021 09:00:05;-0.995;0.051
Tilt 1;06.02.2021 10:00:05;-0.995;0.051
Tilt 1;06.02.2021 11:00:04;-0.997;0.051
Tilt 1;06.02.2021 12:00:06;-0.986;0.051
Tilt 1;06.02.2021 13:00:04;-0.997;0.051
Tilt 1;06.02.2021 14:00:05;-0.995;0.051
Tilt 1;06.02.2021 15:00:04;-0.995;0.051
Tilt 1;07.02.2021 01:00:05;-0.991;0.053
Tilt 1;07.02.2021 02:00:04;-0.991;0.053
Tilt 1;07.02.2021 03:00:04;-0.993;0.055
Tilt 1;07.02.2021 05:00:04;-0.991;0.053
Tilt 1;07.02.2021 06:00:05;-0.993;0.055
Tilt 1;07.02.2021 07:00:05;-0.993;0.053
Tilt 1;07.02.2021 09:00:04;-0.995;0.051
Tilt 1;07.02.2021 10:00:05;-0.995;0.055
Tilt 1;07.02.2021 11:00:04;-0.995;0.053
Tilt 1;07.02.2021 12:00:07;-0.958;0.051
Tilt 1;07.02.2021 13:00:05;-0.995;0.053
Tilt 1;07.02.2021 14:00:05;-0.995;0.053
Tilt 1;07.02.2021 15:00:04;-0.995;0.051
Tilt 1;07.02.2021 16:00:06;-0.954;0.055
Tilt 1;07.02.2021 17:00:04;-0.993;0.055
Tilt 1;07.02.2021 18:00:04;-0.991;0.057
Tilt 1;07.02.2021 19:00:05;-0.991;0.055
Tilt 1;07.02.2021 21:00:04;-0.995;0.053
Tilt 1;07.02.2021 22:00:04;-0.993;0.053
Tilt 1;07.02.2021 23:00:04;-0.993;0.057
Tilt 1;08.02.2021 02:00:05;-0.978;0.057
Tilt 1;08.02.2021 09:00:04;-0.990;0.057
Tilt 1;08.02.2021 10:00:04;-0.991;0.057
Tilt 1;08.02.2021 11:00:04;-0.995;0.053
Tilt 1;08.02.2021 12:00:07;-0.988;0.051
Tilt 1;08.02.2021 13:00:04;-0.997;0.049
Tilt 1;08.02.2021 14:00:05;-0.997;0.051
Tilt 1;08.02.2021 15:00:05;-0.997;0.053
Tilt 1;08.02.2021 16:00:06;-0.982;0.053
Tilt 1;08.02.2021 17:00:04;-0.997;0.051
Tilt 1;08.02.2021 18:00:04;-0.997;0.053
Tilt 1;08.02.2021 19:00:04;-0.997;0.053
Tilt 1;08.02.2021 20:00:07;-0.984;0.051
Tilt 1;08.02.2021 21:00:05;-0.997;0.051
Tilt 1;08.02.2021 22:00:04;-0.997;0.051
Tilt 1;08.02.2021 23:00:04;-0.995;0.053
Tilt 1;09.02.2021 00:00:06;-0.986;0.053
Tilt 1;09.02.2021 01:00:04;-0.997;0.051
Tilt 1;09.02.2021 02:00:05;-0.995;0.053
Tilt 1;09.02.2021 03:00:05;-0.995;0.053
Tilt 1;09.02.2021 04:00:06;-0.954;0.055
Tilt 1;09.02.2021 05:00:04;-0.993;0.055
Tilt 1;09.02.2021 06:00:04;-0.991;0.055
Tilt 1;09.02.2021 07:00:05;-0.988;0.058
Tilt 1;09.02.2021 09:00:05;-0.993;0.057
Tilt 1;09.02.2021 10:00:04;-0.993;0.057
Tilt 1;09.02.2021 11:00:04;-0.993;0.055
Tilt 1;09.02.2021 12:00:06;-0.956;0.057
Tilt 1;09.02.2021 13:00:04;-0.995;0.053
Tilt 1;09.02.2021 14:00:05;-0.995;0.055
Tilt 1;09.02.2021 15:00:05;-0.995;0.053
Tilt 1;09.02.2021 16:00:07;-0.958;0.055
Tilt 1;09.02.2021 17:00:04;-0.995;0.055
Tilt 1;09.02.2021 18:00:05;-0.991;0.055
Tilt 1;09.02.2021 19:00:05;-0.984;0.060
Tilt 1;09.02.2021 21:00:04;-0.982;0.057
Tilt 1;09.02.2021 23:00:05;-0.990;0.057
Tilt 1;10.02.2021 01:00:05;-0.993;0.057
Tilt 1;10.02.2021 02:00:05;-0.991;0.057
Tilt 1;10.02.2021 03:00:04;-0.991;0.057
Tilt 1;10.02.2021 05:00:04;-0.995;0.055
Tilt 1;10.02.2021 06:00:05;-0.993;0.055
Tilt 1;10.02.2021 07:00:04;-0.993;0.055
Tilt 1;10.02.2021 08:00:07;-0.949;0.060
Tilt 1;10.02.2021 09:00:05;-0.993;0.055
Tilt 1;10.02.2021 10:00:04;-0.995;0.053
Tilt 1;10.02.2021 11:00:04;-0.993;0.053
Tilt 1;10.02.2021 12:00:07;-0.977;0.053
Tilt 1;10.02.2021 13:00:04;-0.997;0.053
Tilt 1;10.02.2021 14:00:05;-0.997;0.053
Tilt 1;10.02.2021 15:00:05;-0.997;0.053
Tilt 1;10.02.2021 16:00:06;-0.982;0.053
Tilt 1;10.02.2021 17:00:04;-0.997;0.053
Tilt 1;10.02.2021 18:00:04;-0.997;0.053
Tilt 1;10.02.2021 19:00:04;-0.997;0.053
Tilt 1;10.02.2021 20:00:07;-0.980;0.051
Tilt 1;10.02.2021 21:00:05;-0.997;0.053
Tilt 1;10.02.2021 22:00:05;-0.997;0.053
Tilt 1;10.02.2021 23:00:04;-0.995;0.053
Tilt 1;11.02.2021 00:00:06;-0.978;0.053
Tilt 1;11.02.2021 01:00:04;-0.995;0.057
Tilt 1;11.02.2021 02:00:04;-0.991;0.058
Tilt 1;11.02.2021 15:00:04;-0.988;0.058
Tilt 1;12.02.2021 10:00:05;-0.995;0.057
Tilt 1;12.02.2021 11:00:04;-0.995;0.057
Tilt 1;12.02.2021 12:00:27;-0.995;0.057
Tilt 1;12.02.2021 13:00:05;-0.995;0.055
Tilt 1;12.02.2021 14:00:04;-0.997;0.055
Tilt 1;12.02.2021 15:00:04;-0.995;0.057
Tilt 1;12.02.2021 16:00:06;-0.964;0.055
Tilt 1;12.02.2021 17:00:04;-0.995;0.057
Tilt 1;12.02.2021 18:00:04;-0.995;0.057
Tilt 1;12.02.2021 19:00:05;-0.993;0.057
Tilt 1;12.02.2021 20:00:07;-0.936;0.062
Tilt 1;12.02.2021 21:00:04;-0.990;0.057
Tilt 1;13.02.2021 11:00:04;-0.995;0.057
Tilt 1;13.02.2021 12:00:06;-0.964;0.055
Tilt 1;13.02.2021 13:00:04;-0.995;0.055
Tilt 1;13.02.2021 14:00:05;-0.997;0.057
Tilt 1;13.02.2021 15:00:05;-0.995;0.055
Tilt 1;13.02.2021 16:00:07;-0.980;0.055
Tilt 1;13.02.2021 17:00:04;-0.995;0.057
Tilt 1;13.02.2021 18:00:04;-0.995;0.055
Tilt 1;13.02.2021 19:00:04;-0.995;0.055
Tilt 1;13.02.2021 20:00:26;-0.991;0.060
Tilt 1;13.02.2021 21:00:04;-0.995;0.057
Tilt 1;13.02.2021 22:00:05;-0.995;0.057
Tilt 1;13.02.2021 23:00:05;-0.995;0.057
Tilt 1;14.02.2021 00:00:06;-0.951;0.060
Tilt 1;14.02.2021 01:00:04;-0.991;0.058
Tilt 1;14.02.2021 02:00:04;-0.991;0.058
Tilt 1;14.02.2021 03:00:05;-0.991;0.058
Tilt 1;14.02.2021 04:00:07;-0.941;0.064
Tilt 1;14.02.2021 05:00:05;-0.991;0.058
Tilt 1;14.02.2021 08:00:06;-0.932;0.058
Tilt 1;14.02.2021 09:00:04;-0.995;0.057
Tilt 1;14.02.2021 10:00:05;-0.997;0.057
Tilt 1;14.02.2021 11:00:05;-0.997;0.055
Tilt 1;14.02.2021 12:00:07;-0.980;0.053
Tilt 1;14.02.2021 13:00:04;-0.997;0.053
Tilt 1;14.02.2021 14:00:04;-1.001;0.053
Tilt 1;14.02.2021 15:00:04;-1.001;0.053
Tilt 1;14.02.2021 16:00:07;-0.984;0.053
Tilt 1;14.02.2021 17:00:04;-1.001;0.051
Tilt 1;14.02.2021 18:00:05;-1.001;0.051
Tilt 1;14.02.2021 19:00:05;-1.001;0.053
Tilt 1;14.02.2021 20:00:25;-0.999;0.051
Tilt 1;14.02.2021 21:00:04;-1.001;0.051
Tilt 1;14.02.2021 22:00:05;-1.001;0.049
Tilt 1;14.02.2021 23:00:04;-1.003;0.051
Tilt 1;15.02.2021 00:00:07;-0.988;0.053
Tilt 1;15.02.2021 01:00:05;-1.003;0.049
Tilt 1;15.02.2021 02:00:04;-1.001;0.051
Tilt 1;15.02.2021 03:00:04;-1.003;0.049
Tilt 1;15.02.2021 04:00:06;-0.991;0.051
Tilt 1;15.02.2021 05:00:04;-1.003;0.049
Tilt 1;15.02.2021 06:00:05;-1.003;0.049
Tilt 1;15.02.2021 07:00:05;-1.003;0.049
Tilt 1;15.02.2021 08:00:07;-0.990;0.049
Tilt 1;15.02.2021 09:00:04;-1.001;0.049
Tilt 1;15.02.2021 10:00:04;-1.003;0.049
Tilt 1;15.02.2021 11:00:04;-1.003;0.047
Tilt 1;15.02.2021 12:00:07;-0.995;0.047
Tilt 1;15.02.2021 13:00:05;-1.004;0.049
Tilt 1;15.02.2021 14:00:05;-1.004;0.049
Tilt 1;15.02.2021 15:00:04;-1.004;0.047
Tilt 1;15.02.2021 16:00:06;-0.995;0.047
Tilt 1;15.02.2021 17:00:04;-1.003;0.049
Tilt 1;15.02.2021 18:00:04;-1.001;0.051
Tilt 1;15.02.2021 19:00:04;-1.001;0.049
Tilt 1;15.02.2021 20:00:27;-1.001;0.051
Tilt 1;15.02.2021 21:00:04;-1.001;0.051
Tilt 1;15.02.2021 22:00:04;-1.001;0.051
Tilt 1;15.02.2021 23:00:04;-1.001;0.049
Tilt 1;16.02.2021 00:00:07;-0.997;0.051
Tilt 1;16.02.2021 01:00:04;-1.001;0.051
Tilt 1;16.02.2021 02:00:05;-0.999;0.051
Tilt 1;16.02.2021 03:00:05;-1.001;0.049
Tilt 1;16.02.2021 04:00:06;-0.991;0.049
Tilt 1;16.02.2021 05:00:04;-1.001;0.049
Tilt 1;16.02.2021 06:00:04;-1.001;0.049
Tilt 1;16.02.2021 07:00:05;-0.999;0.051
Tilt 1;16.02.2021 08:00:07;-0.991;0.049
Tilt 1;16.02.2021 09:00:05;-1.001;0.049
Tilt 1;16.02.2021 10:00:04;-1.003;0.047
Tilt 1;16.02.2021 11:00:04;-1.004;0.045
Tilt 1;16.02.2021 12:00:06;-1.003;0.047
Tilt 1;16.02.2021 13:00:04;-1.006;0.045
Tilt 1;16.02.2021 14:00:05;-1.006;0.045
Tilt 1;16.02.2021 15:00:05;-1.004;0.045
Tilt 1;16.02.2021 16:00:07;-1.003;0.047
Tilt 1;16.02.2021 17:00:04;-1.003;0.047
Tilt 1;16.02.2021 18:00:04;-1.001;0.047
Tilt 1;16.02.2021 19:00:05;-1.001;0.047
Tilt 1;16.02.2021 20:00:07;-0.997;0.049
Tilt 1;16.02.2021 21:00:04;-1.001;0.049
Tilt 1;16.02.2021 22:00:04;-1.001;0.049
Tilt 1;16.02.2021 23:00:05;-0.999;0.049
Tilt 1;17.02.2021 00:00:07;-0.993;0.051
Tilt 1;17.02.2021 01:00:05;-0.999;0.051
Tilt 1;17.02.2021 02:00:05;-0.999;0.051
Tilt 1;17.02.2021 03:00:04;-1.001;0.051
Tilt 1;17.02.2021 04:00:06;-0.990;0.049
Tilt 1;17.02.2021 05:00:04;-0.999;0.051
Tilt 1;17.02.2021 06:00:05;-0.997;0.049
Tilt 1;17.02.2021 07:00:04;-1.001;0.051
Tilt 1;17.02.2021 08:00:07;-0.990;0.051
Tilt 1;17.02.2021 09:00:04;-0.997;0.049
Tilt 1;17.02.2021 10:00:04;-0.999;0.049
Tilt 1;17.02.2021 11:00:04;-1.001;0.047
Tilt 1;17.02.2021 12:00:06;-1.001;0.047
Tilt 1;17.02.2021 13:00:04;-1.001;0.049
Tilt 1;17.02.2021 14:00:05;-0.999;0.049
Tilt 1;17.02.2021 15:00:05;-0.999;0.051
Tilt 1;17.02.2021 16:00:06;-1.001;0.047
Tilt 1;17.02.2021 17:00:04;-0.999;0.049
Tilt 1;17.02.2021 18:00:04;-0.997;0.051
Tilt 1;17.02.2021 19:00:04;-0.999;0.049
Tilt 1;17.02.2021 20:00:06;-0.995;0.049
Tilt 1;17.02.2021 21:00:04;-0.999;0.049
Tilt 1;17.02.2021 22:00:04;-0.999;0.047
Tilt 1;17.02.2021 23:00:05;-0.999;0.047
Tilt 1;18.02.2021 00:00:27;-0.999;0.047
Tilt 1;18.02.2021 01:00:04;-0.999;0.047
Tilt 1;18.02.2021 02:00:04;-0.999;0.047
Tilt 1;18.02.2021 03:00:05;-0.999;0.047
Tilt 1;18.02.2021 04:00:07;-0.995;0.049
Tilt 1;18.02.2021 05:00:05;-1.001;0.047
Tilt 1;18.02.2021 06:00:05;-0.999;0.047
Tilt 1;18.02.2021 07:00:04;-0.999;0.047
Tilt 1;18.02.2021 08:00:06;-1.001;0.047
Tilt 1;18.02.2021 09:00:04;-1.001;0.045
Tilt 1;18.02.2021 10:00:05;-1.001;0.045
Tilt 1;18.02.2021 11:00:04;-1.001;0.047
Tilt 1;18.02.2021 12:00:07;-1.001;0.045
Tilt 1;18.02.2021 13:00:05;-1.003;0.045
Tilt 1;18.02.2021 14:00:04;-1.003;0.045
Tilt 1;18.02.2021 15:00:04;-1.004;0.045
Tilt 1;18.02.2021 16:00:06;-0.999;0.044
Tilt 1;18.02.2021 17:00:04;-1.003;0.044
Tilt 1;18.02.2021 18:00:05;-1.003;0.044
Tilt 1;18.02.2021 19:00:05;-1.003;0.044
Tilt 1;18.02.2021 20:00:27;-1.004;0.044
Tilt 1;18.02.2021 21:00:04;-1.003;0.044
Tilt 1;18.02.2021 22:00:04;-1.003;0.044
Tilt 1;18.02.2021 23:00:04;-1.004;0.044
Tilt 1;19.02.2021 00:00:07;-1.003;0.045
Tilt 1;19.02.2021 01:00:04;-1.003;0.045
Tilt 1;19.02.2021 02:00:05;-1.004;0.044
Tilt 1;19.02.2021 03:00:04;-1.003;0.044
Tilt 1;19.02.2021 04:00:06;-0.997;0.045
Tilt 1;19.02.2021 05:00:04;-1.003;0.044
Tilt 1;19.02.2021 06:00:05;-1.004;0.045
Tilt 1;19.02.2021 07:00:04;-1.003;0.044
Tilt 1;19.02.2021 08:00:07;-1.003;0.044
Tilt 1;19.02.2021 09:00:05;-1.003;0.044
Tilt 1;19.02.2021 10:00:04;-1.004;0.044
Tilt 1;19.02.2021 11:00:04;-1.008;0.042
Tilt 1;19.02.2021 12:00:27;-1.010;0.040
Tilt 1;19.02.2021 13:00:04;-1.010;0.042
Tilt 1;19.02.2021 14:00:05;-1.010;0.042
Tilt 1;19.02.2021 15:00:05;-1.010;0.042
Tilt 1;19.02.2021 16:00:06;-1.006;0.042
Tilt 1;19.02.2021 17:00:04;-1.004;0.042
Tilt 1;19.02.2021 18:00:05;-1.006;0.042
Tilt 1;19.02.2021 19:00:04;-1.004;0.044
Tilt 1;19.02.2021 20:00:06;-1.001;0.044
Tilt 1;19.02.2021 21:00:04;-1.004;0.042
Tilt 1;19.02.2021 22:00:04;-1.004;0.042
Tilt 1;19.02.2021 23:00:04;-1.004;0.042
Tilt 1;20.02.2021 00:00:07;-1.004;0.042
Tilt 1;20.02.2021 01:00:04;-1.006;0.042
Tilt 1;20.02.2021 02:00:04;-1.004;0.042
Tilt 1;20.02.2021 03:00:04;-1.006;0.042
Tilt 1;20.02.2021 04:00:07;-1.004;0.042
Tilt 1;20.02.2021 05:00:04;-1.006;0.042
Tilt 1;20.02.2021 06:00:05;-1.004;0.042
Tilt 1;20.02.2021 07:00:05;-1.006;0.042
Tilt 1;20.02.2021 08:00:06;-1.001;0.040
Tilt 1;20.02.2021 09:00:04;-1.006;0.040
Tilt 1;20.02.2021 10:00:04;-1.006;0.040
Tilt 1;20.02.2021 11:00:05;-1.006;0.038
Tilt 1;20.02.2021 12:00:07;-1.006;0.038
Tilt 1;20.02.2021 13:00:05;-1.008;0.038
Tilt 1;20.02.2021 14:00:05;-1.006;0.038
Tilt 1;20.02.2021 15:00:04;-1.006;0.040
Tilt 1;20.02.2021 16:00:06;-1.001;0.038
Tilt 1;20.02.2021 17:00:04;-1.006;0.038
Tilt 1;20.02.2021 18:00:04;-1.006;0.040
Tilt 1;20.02.2021 19:00:04;-1.006;0.038
Tilt 1;20.02.2021 20:00:07;-1.001;0.040
Tilt 1;20.02.2021 21:00:05;-1.006;0.040
Tilt 1;20.02.2021 22:00:05;-1.006;0.038
Tilt 1;20.02.2021 23:00:04;-1.006;0.038
Tilt 1;21.02.2021 00:00:06;-1.003;0.038
Tilt 1;21.02.2021 01:00:04;-1.006;0.036
Tilt 1;21.02.2021 02:00:04;-1.004;0.034
Tilt 1;21.02.2021 03:00:05;-1.004;0.036
Tilt 1;21.02.2021 04:00:07;-1.003;0.034
Tilt 1;21.02.2021 05:00:04;-1.004;0.034
Tilt 1;21.02.2021 06:00:04;-1.001;0.034
Tilt 1;21.02.2021 07:00:05;-0.999;0.032
Tilt 1;21.02.2021 08:00:07;-1.001;0.034
Tilt 1;21.02.2021 09:00:04;-1.001;0.032
Tilt 1;21.02.2021 10:00:05;-0.999;0.032
Tilt 1;21.02.2021 11:00:04;-1.001;0.032
Tilt 1;21.02.2021 12:00:06;-0.999;0.031
Tilt 1;21.02.2021 13:00:04;-1.004;0.032
Tilt 1;21.02.2021 14:00:05;-1.003;0.031
Tilt 1;21.02.2021 15:00:04;-1.004;0.031
Tilt 1;21.02.2021 16:00:32;-1.003;0.029
Tilt 1;21.02.2021 17:00:05;-1.001;0.031
Tilt 1;21.02.2021 18:00:04;-1.001;0.032
Tilt 1;21.02.2021 19:00:04;-1.001;0.034
Tilt 1;21.02.2021 20:00:06;-1.001;0.032
Tilt 1;21.02.2021 21:00:04;-1.001;0.032
Tilt 1;21.02.2021 22:00:04;-1.001;0.032
Tilt 1;21.02.2021 23:00:05;-1.003;0.032
Tilt 1;22.02.2021 00:00:07;-1.001;0.032
Tilt 1;22.02.2021 01:00:04;-1.001;0.032
Tilt 1;22.02.2021 02:00:04;-1.001;0.034
Tilt 1;22.02.2021 03:00:04;-1.001;0.032
Tilt 1;22.02.2021 04:00:07;-0.999;0.032
Tilt 1;22.02.2021 05:00:04;-1.003;0.032
Tilt 1;22.02.2021 06:00:05;-1.004;0.032
Tilt 1;22.02.2021 07:00:05;-1.003;0.032
Tilt 1;22.02.2021 08:00:06;-1.003;0.032
Tilt 1;22.02.2021 09:00:04;-1.004;0.031
Tilt 1;22.02.2021 10:00:05;-1.004;0.032
Tilt 1;22.02.2021 11:00:04;-1.004;0.032
Tilt 1;22.02.2021 12:00:08;-1.004;0.031
Tilt 1;22.02.2021 13:00:05;-1.006;0.032
Tilt 1;22.02.2021 14:00:04;-1.006;0.031
Tilt 1;22.02.2021 15:00:04;-1.006;0.032
Tilt 1;22.02.2021 16:00:06;-1.004;0.029
Tilt 1;22.02.2021 17:00:04;-1.004;0.029
Tilt 1;22.02.2021 18:00:04;-1.001;0.029
Tilt 1;22.02.2021 19:00:05;-1.003;0.027
Tilt 1;22.02.2021 20:00:07;-0.999;0.029
Tilt 1;22.02.2021 21:00:04;-1.003;0.029
Tilt 1;22.02.2021 22:00:04;-1.003;0.029
Tilt 1;22.02.2021 23:00:05;-1.001;0.029
Tilt 1;23.02.2021 00:00:07;-1.001;0.029
Tilt 1;23.02.2021 01:00:04;-1.001;0.029
Tilt 1;23.02.2021 02:00:05;-1.001;0.031
Tilt 1;23.02.2021 03:00:05;-1.001;0.029
Tilt 1;23.02.2021 04:00:06;-0.997;0.029
Tilt 1;23.02.2021 05:00:04;-1.001;0.029
Tilt 1;23.02.2021 06:00:05;-1.001;0.029
Tilt 1;23.02.2021 07:00:04;-1.001;0.031
Tilt 1;23.02.2021 08:00:07;-0.997;0.029
Tilt 1;23.02.2021 09:00:05;-1.003;0.029
Tilt 1;23.02.2021 10:00:04;-1.003;0.029
Tilt 1;23.02.2021 11:00:04;-1.003;0.029
Tilt 1;23.02.2021 12:00:26;-1.004;0.031
Tilt 1;23.02.2021 13:00:04;-1.004;0.027
Tilt 1;23.02.2021 14:00:05;-1.006;0.027
Tilt 1;23.02.2021 15:00:05;-1.004;0.027
Tilt 1;23.02.2021 16:00:07;-1.003;0.027
Tilt 1;23.02.2021 17:00:04;-1.006;0.025
Tilt 1;23.02.2021 18:00:04;-1.006;0.027
Tilt 1;23.02.2021 19:00:04;-1.006;0.027
Tilt 1;23.02.2021 20:00:07;-1.001;0.027
Tilt 1;23.02.2021 21:00:05;-1.004;0.027
Tilt 1;23.02.2021 22:00:05;-1.004;0.027
Tilt 1;23.02.2021 23:00:04;-1.004;0.029
Tilt 1;24.02.2021 00:00:06;-1.003;0.027
Tilt 1;24.02.2021 01:00:04;-1.004;0.027
Tilt 1;24.02.2021 02:00:05;-1.003;0.029
Tilt 1;24.02.2021 03:00:04;-1.004;0.027
Tilt 1;24.02.2021 04:00:07;-1.004;0.025
Tilt 1;24.02.2021 05:00:04;-1.004;0.025
Tilt 1;24.02.2021 06:00:04;-1.003;0.032
Tilt 1;24.02.2021 07:00:04;-0.978;0.049
Tilt 1;24.02.2021 08:00:06;-1.001;0.025
Tilt 1;24.02.2021 20:00:06;-1.003;0.027
Tilt 1;24.02.2021 21:00:04;-1.004;0.023
Tilt 1;24.02.2021 22:00:04;-1.004;0.025
Tilt 1;25.02.2021 01:00:04;-1.004;0.023
Tilt 1;25.02.2021 02:00:04;-1.004;0.025
Tilt 1;25.02.2021 03:00:04;-1.001;0.027
Tilt 1;25.02.2021 09:00:04;-1.004;0.023
Tilt 1;25.02.2021 12:00:07;-0.986;0.029
Tilt 1;25.02.2021 19:00:04;-0.993;0.034
Tilt 1;25.02.2021 20:00:07;-0.986;0.049
Tilt 1;25.02.2021 21:00:05;-0.997;0.029
Tilt 1;25.02.2021 22:00:05;-1.004;0.025
Tilt 1;25.02.2021 23:00:04;-1.003;0.025
Tilt 1;26.02.2021 00:00:06;-1.003;0.027
Tilt 1;26.02.2021 04:00:07;-0.999;0.025
Tilt 1;26.02.2021 05:00:04;-0.977;0.053
Tilt 1;26.02.2021 06:00:04;-0.975;0.062
Tilt 1;26.02.2021 07:00:04;-1.003;0.027
Tilt 1;26.02.2021 09:00:04;-1.001;0.032
Tilt 1;26.02.2021 16:00:07;-1.004;0.025
Tilt 1;26.02.2021 23:00:04;-1.001;0.025
Tilt 1;01.03.2021 05:00:04;-1.003;0.025
Tilt 1;01.03.2021 06:00:05;-0.999;0.038
Tilt 1;01.03.2021 15:00:04;-1.010;0.023
Tilt 1;01.03.2021 16:00:06;-1.008;0.021
Tilt 1;01.03.2021 17:00:04;-1.006;0.023
Tilt 1;02.03.2021 05:00:04;-1.006;0.021
Tilt 1;02.03.2021 06:00:05;-1.006;0.023
Tilt 1;02.03.2021 07:00:05;-1.006;0.023
Tilt 1;02.03.2021 08:00:06;-1.001;0.023
Tilt 1;02.03.2021 09:00:04;-1.006;0.023
Tilt 1;02.03.2021 10:00:05;-1.008;0.023
Tilt 1;02.03.2021 11:00:04;-1.010;0.019
Tilt 1;02.03.2021 12:00:07;-1.006;0.019
Tilt 1;02.03.2021 13:00:05;-1.004;0.025
Tilt 1;02.03.2021 14:00:04;-1.010;0.019
Tilt 1;02.03.2021 15:00:04;-1.008;0.019
Tilt 1;02.03.2021 16:00:06;-1.001;0.025
Tilt 1;02.03.2021 17:00:04;-1.010;0.019
Tilt 1;02.03.2021 18:00:04;-1.006;0.021
Tilt 1;02.03.2021 19:00:04;-1.006;0.023
Tilt 1;02.03.2021 20:00:07;-1.001;0.021
Tilt 1;02.03.2021 21:00:05;-1.006;0.021
Tilt 1;02.03.2021 22:00:04;-1.006;0.023
Tilt 1;02.03.2021 23:00:04;-1.004;0.023
Tilt 1;03.03.2021 00:00:06;-0.997;0.027
Tilt 1;03.03.2021 01:00:04;-1.004;0.023
Tilt 1;03.03.2021 02:00:04;-1.004;0.023
Tilt 1;03.03.2021 03:00:05;-1.004;0.023
Tilt 1;03.03.2021 04:00:07;-0.997;0.025
Tilt 1;03.03.2021 05:00:04;-1.004;0.025
Tilt 1;03.03.2021 06:00:04;-1.004;0.025
Tilt 1;03.03.2021 07:00:05;-1.004;0.025
Tilt 1;03.03.2021 08:00:07;-0.997;0.023
Tilt 1;03.03.2021 09:00:05;-1.006;0.023
Tilt 1;03.03.2021 10:00:05;-1.008;0.021
Tilt 1;03.03.2021 11:00:04;-1.010;0.023
Tilt 1;03.03.2021 12:00:25;-1.010;0.023
Tilt 1;03.03.2021 13:00:04;-1.008;0.021
Tilt 1;03.03.2021 14:00:05;-1.006;0.023
Tilt 1;03.03.2021 15:00:04;-1.012;0.021
Tilt 1;03.03.2021 16:00:27;-1.006;0.023
Tilt 1;03.03.2021 17:00:05;-1.006;0.023
Tilt 1;03.03.2021 18:00:05;-1.006;0.023
Tilt 1;03.03.2021 19:00:04;-1.004;0.025
Tilt 1;03.03.2021 20:00:06;-0.991;0.031
Tilt 1;03.03.2021 21:00:04;-1.006;0.025
Tilt 1;03.03.2021 22:00:04;-1.004;0.025
Tilt 1;03.03.2021 23:00:05;-1.004;0.027
Tilt 1;04.03.2021 00:00:07;-0.997;0.029
Tilt 1;04.03.2021 01:00:05;-0.999;0.031
Tilt 1;04.03.2021 02:00:04;-1.001;0.031
Tilt 1;04.03.2021 03:00:04;-1.001;0.031
Tilt 1;04.03.2021 06:00:05;-1.001;0.031
Tilt 1;04.03.2021 07:00:05;-1.003;0.031
Tilt 1;04.03.2021 08:00:06;-0.984;0.032
Tilt 1;04.03.2021 09:00:04;-1.001;0.032
Tilt 1;04.03.2021 10:00:05;-1.001;0.032
Tilt 1;04.03.2021 11:00:04;-1.004;0.029
Tilt 1;04.03.2021 12:00:07;-1.010;0.023
Tilt 1;04.03.2021 13:00:05;-1.008;0.025
Tilt 1;04.03.2021 17:00:04;-1.006;0.031
Tilt 1;04.03.2021 18:00:04;-1.004;0.029
Tilt 1;04.03.2021 19:00:04;-1.004;0.031
Tilt 1;04.03.2021 20:00:07;-0.995;0.031
Tilt 1;04.03.2021 21:00:05;-1.003;0.029
Tilt 1;04.03.2021 22:00:05;-1.003;0.031
Tilt 1;04.03.2021 23:00:04;-1.001;0.032
Tilt 1;05.03.2021 00:00:26;-1.001;0.032
Tilt 1;05.03.2021 01:00:04;-1.003;0.031
Tilt 1;05.03.2021 02:00:04;-1.003;0.031
Tilt 1;05.03.2021 03:00:05;-1.003;0.032
Tilt 1;05.03.2021 04:00:07;-0.997;0.032
Tilt 1;05.03.2021 05:00:04;-1.003;0.031
Tilt 1;05.03.2021 06:00:04;-1.004;0.032
Tilt 1;05.03.2021 07:00:05;-1.003;0.031
Tilt 1;05.03.2021 08:00:07;-0.988;0.031
Tilt 1;05.03.2021 09:00:04;-1.004;0.031
Tilt 1;05.03.2021 10:00:05;-1.010;0.029
Tilt 1;05.03.2021 11:00:05;-1.010;0.029
Tilt 1;05.03.2021 12:00:06;-1.008;0.029
Tilt 1;05.03.2021 13:00:04;-1.004;0.029
Tilt 1;05.03.2021 14:00:05;-1.004;0.029
Tilt 1;05.03.2021 15:00:04;-1.010;0.029
Tilt 1;05.03.2021 16:00:27;-1.006;0.031
Tilt 1;05.03.2021 17:00:05;-1.004;0.029
Tilt 1;05.03.2021 18:00:05;-1.004;0.029
Tilt 1;05.03.2021 19:00:05;-1.004;0.029
Tilt 1;05.03.2021 20:00:06;-1.003;0.029
Tilt 1;05.03.2021 21:00:04;-1.006;0.029
Tilt 1;05.03.2021 22:00:04;-1.006;0.029
Tilt 1;05.03.2021 23:00:04;-1.004;0.029
Tilt 1;06.03.2021 00:00:07;-1.001;0.029
Tilt 1;06.03.2021 01:00:05;-1.006;0.027
Tilt 1;06.03.2021 02:00:04;-1.006;0.029
Tilt 1;06.03.2021 04:00:06;-1.006;0.029
Tilt 1;06.03.2021 05:00:04;-1.006;0.027
Tilt 1;06.03.2021 06:00:04;-1.006;0.029
Tilt 1;06.03.2021 08:00:07;-1.004;0.027
Tilt 1;06.03.2021 10:00:04;-1.006;0.027
Tilt 1;06.03.2021 12:00:39;-1.010;0.027
Tilt 1;06.03.2021 13:00:05;-1.010;0.027
Tilt 1;06.03.2021 14:00:05;-1.010;0.027
Tilt 1;06.03.2021 15:00:04;-1.012;0.027
Tilt 1;06.03.2021 16:00:06;-1.006;0.025
Tilt 1;06.03.2021 17:00:04;-1.006;0.025
Tilt 1;06.03.2021 18:00:04;-1.006;0.027
Tilt 1;06.03.2021 23:00:05;-1.004;0.029
Tilt 1;07.03.2021 10:00:05;-1.008;0.029
Tilt 1;07.03.2021 11:00:05;-1.001;0.034
Tilt 1;07.03.2021 16:00:07;-1.010;0.029
Tilt 1;08.03.2021 01:00:04;-0.999;0.034
Tilt 1;08.03.2021 02:00:05;-0.999;0.036
Tilt 1;08.03.2021 03:00:05;-1.001;0.034
Tilt 1;08.03.2021 04:00:06;-0.986;0.036
Tilt 1;08.03.2021 05:00:04;-1.001;0.036
Tilt 1;08.03.2021 06:00:04;-0.999;0.038
Tilt 1;08.03.2021 07:00:05;-0.999;0.036
Tilt 1;08.03.2021 08:00:07;-0.982;0.036
Tilt 1;08.03.2021 09:00:05;-1.001;0.034
Tilt 1;08.03.2021 10:00:05;-1.004;0.034
Tilt 1;08.03.2021 11:00:04;-1.006;0.029
Tilt 1;08.03.2021 12:00:06;-1.006;0.029
Tilt 1;08.03.2021 13:00:04;-1.006;0.029
Tilt 1;08.03.2021 14:00:05;-1.006;0.029
Tilt 1;08.03.2021 15:00:04;-1.004;0.029
Tilt 1;08.03.2021 16:00:07;-1.001;0.031
Tilt 1;08.03.2021 17:00:05;-1.006;0.032
Tilt 1;08.03.2021 18:00:05;-1.006;0.032
Tilt 1;08.03.2021 19:00:04;-1.006;0.032
Tilt 1;08.03.2021 20:00:06;-0.995;0.032
Tilt 1;08.03.2021 21:00:04;-1.006;0.032
Tilt 1;08.03.2021 22:00:04;-1.004;0.032
Tilt 1;08.03.2021 23:00:05;-1.004;0.031
Tilt 1;09.03.2021 00:00:07;-0.993;0.032
Tilt 1;09.03.2021 01:00:05;-1.004;0.032
Tilt 1;09.03.2021 02:00:04;-1.004;0.032
Tilt 1;09.03.2021 03:00:04;-1.004;0.034
Tilt 1;09.03.2021 04:00:06;-0.995;0.032
Tilt 1;09.03.2021 05:00:04;-1.004;0.032
Tilt 1;09.03.2021 06:00:05;-1.003;0.032
Tilt 1;09.03.2021 07:00:05;-1.004;0.032
Tilt 1;09.03.2021 08:00:07;-1.003;0.034
Tilt 1;09.03.2021 09:00:04;-1.006;0.032
Tilt 1;09.03.2021 10:00:04;-1.008;0.031
Tilt 1;09.03.2021 11:00:04;-1.006;0.029
Tilt 1;09.03.2021 12:00:07;-1.010;0.025
Tilt 1;09.03.2021 13:00:04;-1.014;0.023
Tilt 1;09.03.2021 14:00:05;-1.014;0.023
Tilt 1;09.03.2021 15:00:04;-1.014;0.023
Tilt 1;09.03.2021 16:00:06;-1.010;0.023
Tilt 1;09.03.2021 17:00:04;-1.006;0.025
Tilt 1;09.03.2021 18:00:04;-1.004;0.032
Tilt 1;09.03.2021 19:00:04;-1.003;0.034
Tilt 1;09.03.2021 20:00:07;-0.999;0.034
Tilt 1;09.03.2021 21:00:05;-1.003;0.032
Tilt 1;09.03.2021 22:00:05;-1.003;0.032
Tilt 1;09.03.2021 23:00:04;-1.003;0.032
Tilt 1;10.03.2021 00:00:06;-1.003;0.032
Tilt 1;10.03.2021 01:00:04;-1.001;0.032
Tilt 1;10.03.2021 02:00:04;-1.001;0.032
Tilt 1;10.03.2021 03:00:05;-1.003;0.032
Tilt 1;10.03.2021 04:00:07;-1.001;0.032
Tilt 1;10.03.2021 05:00:04;-1.003;0.034
Tilt 1;10.03.2021 06:00:04;-1.003;0.034
Tilt 1;10.03.2021 07:00:04;-1.003;0.032
Tilt 1;10.03.2021 08:00:06;-1.004;0.032
Tilt 1;10.03.2021 09:00:04;-1.004;0.032
Tilt 1;10.03.2021 10:00:05;-1.003;0.032
Tilt 1;10.03.2021 11:00:05;-1.003;0.032
Tilt 1;10.03.2021 12:00:06;-1.003;0.034
Tilt 1;10.03.2021 13:00:04;-1.003;0.034
Tilt 1;10.03.2021 14:00:04;-1.003;0.032
Tilt 1;10.03.2021 15:00:04;-1.001;0.034
Tilt 1;10.03.2021 16:00:07;-1.003;0.034
Tilt 1;10.03.2021 17:00:05;-1.001;0.032
Tilt 1;10.03.2021 18:00:04;-1.003;0.032
Tilt 1;10.03.2021 19:00:05;-1.003;0.032
Tilt 1;10.03.2021 20:00:06;-1.003;0.032
Tilt 1;10.03.2021 21:00:04;-1.001;0.034
Tilt 1;10.03.2021 22:00:04;-1.003;0.034
Tilt 1;10.03.2021 23:00:04;-1.003;0.032
Tilt 1;11.03.2021 00:00:07;-1.003;0.032
Tilt 1;11.03.2021 01:00:05;-1.003;0.032
Tilt 1;11.03.2021 02:00:05;-1.004;0.032
Tilt 1;11.03.2021 03:00:04;-1.003;0.032
Tilt 1;11.03.2021 04:00:06;-1.004;0.032
Tilt 1;11.03.2021 05:00:04;-1.004;0.032
Tilt 1;11.03.2021 06:00:04;-1.003;0.032
Tilt 1;11.03.2021 07:00:05;-1.003;0.032
Tilt 1;11.03.2021 08:00:07;-1.003;0.032
Tilt 1;11.03.2021 09:00:04;-1.004;0.032
Tilt 1;11.03.2021 10:00:04;-1.004;0.032
Tilt 1;11.03.2021 11:00:05;-1.006;0.029
Tilt 1;11.03.2021 12:00:07;-1.006;0.029
Tilt 1;11.03.2021 13:00:04;-1.006;0.031
Tilt 1;11.03.2021 14:00:05;-1.004;0.031
Tilt 1;11.03.2021 15:00:05;-1.004;0.032
Tilt 1;11.03.2021 16:00:06;-1.004;0.031
Tilt 1;11.03.2021 17:00:04;-1.004;0.031
Tilt 1;11.03.2021 18:00:04;-1.004;0.032
Tilt 1;11.03.2021 19:00:04;-1.004;0.032
Tilt 1;11.03.2021 20:00:27;-1.004;0.032
Tilt 1;11.03.2021 21:00:04;-1.004;0.031
Tilt 1;11.03.2021 22:00:05;-1.004;0.029
Tilt 1;11.03.2021 23:00:05;-1.003;0.031
Tilt 1;12.03.2021 00:00:06;-1.003;0.031
Tilt 1;12.03.2021 01:00:04;-1.004;0.032
Tilt 1;12.03.2021 02:00:04;-1.004;0.031
Tilt 1;12.03.2021 03:00:05;-1.004;0.031
Tilt 1;12.03.2021 04:00:07;-1.004;0.032
Tilt 1;12.03.2021 05:00:05;-1.004;0.029
Tilt 1;12.03.2021 06:00:05;-1.003;0.032
Tilt 1;12.03.2021 07:00:04;-1.004;0.031
Tilt 1;12.03.2021 08:00:06;-1.003;0.032
Tilt 1;12.03.2021 09:00:04;-1.004;0.031
Tilt 1;12.03.2021 10:00:05;-1.006;0.029
Tilt 1;12.03.2021 11:00:05;-1.004;0.029
Tilt 1;12.03.2021 12:00:07;-1.004;0.029
Tilt 1;12.03.2021 13:00:04;-1.006;0.031
Tilt 1;12.03.2021 14:00:04;-1.004;0.031
Tilt 1;12.03.2021 15:00:04;-1.004;0.031
Tilt 1;12.03.2021 16:00:07;-1.004;0.029
Tilt 1;12.03.2021 17:00:05;-1.004;0.032
Tilt 1;12.03.2021 18:00:04;-1.003;0.031
Tilt 1;12.03.2021 19:00:05;-1.004;0.032
Tilt 1;12.03.2021 20:00:07;-1.004;0.032
Tilt 1;12.03.2021 21:00:04;-1.001;0.031
Tilt 1;12.03.2021 22:00:04;-1.004;0.032
Tilt 1;12.03.2021 23:00:04;-1.003;0.031
Tilt 1;13.03.2021 00:00:07;-1.003;0.031
Tilt 1;13.03.2021 01:00:04;-1.003;0.031
Tilt 1;13.03.2021 02:00:05;-1.004;0.032
Tilt 1;13.03.2021 03:00:04;-1.003;0.031
Tilt 1;13.03.2021 04:00:06;-1.003;0.032
Tilt 1;13.03.2021 05:00:04;-1.003;0.031
Tilt 1;13.03.2021 06:00:04;-1.003;0.032
Tilt 1;13.03.2021 07:00:05;-1.003;0.032
Tilt 1;13.03.2021 08:00:07;-1.003;0.032
Tilt 1;13.03.2021 09:00:05;-1.004;0.031
Tilt 1;13.03.2021 10:00:04;-1.004;0.031
Tilt 1;13.03.2021 11:00:04;-1.006;0.027
Tilt 1;13.03.2021 12:00:06;-1.008;0.027
Tilt 1;13.03.2021 13:00:04;-1.006;0.029
Tilt 1;13.03.2021 14:00:05;-1.006;0.029
Tilt 1;13.03.2021 15:00:05;-1.004;0.029
Tilt 1;13.03.2021 16:00:07;-1.004;0.029
Tilt 1;13.03.2021 17:00:04;-1.004;0.029
Tilt 1;13.03.2021 18:00:04;-1.004;0.032
Tilt 1;13.03.2021 19:00:04;-1.004;0.032
Tilt 1;13.03.2021 20:00:26;-1.003;0.032
Tilt 1;13.03.2021 21:00:04;-1.001;0.032
Tilt 1;13.03.2021 22:00:04;-1.001;0.032
Tilt 1;13.03.2021 23:00:05;-1.003;0.032
Tilt 1;14.03.2021 00:00:07;-1.003;0.032
Tilt 1;14.03.2021 01:00:04;-1.004;0.031
Tilt 1;14.03.2021 02:00:04;-1.003;0.031
Tilt 1;14.03.2021 03:00:05;-1.001;0.032
Tilt 1;14.03.2021 04:00:07;-1.003;0.031
Tilt 1;14.03.2021 05:00:05;-1.004;0.032
Tilt 1;14.03.2021 06:00:05;-1.001;0.032
Tilt 1;14.03.2021 07:00:04;-1.001;0.032
Tilt 1;14.03.2021 08:00:06;-1.001;0.032
Tilt 1;14.03.2021 09:00:04;-1.004;0.029
Tilt 1;14.03.2021 10:00:05;-1.004;0.029
Tilt 1;14.03.2021 11:00:04;-1.006;0.029
Tilt 1;14.03.2021 12:00:07;-1.004;0.029
Tilt 1;14.03.2021 13:00:05;-1.006;0.029
Tilt 1;14.03.2021 14:00:04;-1.008;0.027
Tilt 1;14.03.2021 15:00:04;-1.008;0.027
Tilt 1;14.03.2021 16:00:06;-1.006;0.029
Tilt 1;14.03.2021 17:00:04;-1.004;0.031
Tilt 1;14.03.2021 18:00:04;-1.003;0.032
Tilt 1;14.03.2021 19:00:04;-1.001;0.032
Tilt 1;14.03.2021 20:00:06;-1.003;0.032
Tilt 1;14.03.2021 21:00:04;-1.001;0.032
Tilt 1;14.03.2021 22:00:04;-1.001;0.032
Tilt 1;14.03.2021 23:00:05;-1.001;0.032
Tilt 1;15.03.2021 00:00:07;-1.001;0.032
Tilt 1;15.03.2021 01:00:04;-1.001;0.034
Tilt 1;15.03.2021 02:00:04;-0.997;0.034
Tilt 1;15.03.2021 03:00:05;-0.999;0.034
Tilt 1;15.03.2021 04:00:27;-0.999;0.034
Tilt 1;15.03.2021 05:00:05;-0.999;0.034
Tilt 1;15.03.2021 06:00:05;-0.999;0.034
Tilt 1;15.03.2021 07:00:04;-0.999;0.034
Tilt 1;15.03.2021 08:00:06;-1.001;0.032
Tilt 1;15.03.2021 09:00:04;-1.001;0.032
Tilt 1;15.03.2021 10:00:05;-1.003;0.031
Tilt 1;15.03.2021 11:00:04;-1.010;0.025
Tilt 1;15.03.2021 12:00:07;-1.014;0.023
Tilt 1;15.03.2021 13:00:05;-1.016;0.021
Tilt 1;15.03.2021 14:00:04;-1.014;0.021
Tilt 1;15.03.2021 15:00:04;-1.010;0.025
Tilt 1;15.03.2021 16:00:07;-1.006;0.029
Tilt 1;15.03.2021 17:00:04;-1.004;0.029
Tilt 1;15.03.2021 18:00:04;-1.004;0.029
Tilt 1;15.03.2021 19:00:04;-1.004;0.029
Tilt 1;15.03.2021 20:00:06;-1.004;0.031
Tilt 1;15.03.2021 21:00:04;-1.004;0.029
Tilt 1;15.03.2021 22:00:05;-1.001;0.031
Tilt 1;15.03.2021 23:00:05;-1.004;0.031
Tilt 1;16.03.2021 00:00:06;-1.001;0.032
Tilt 1;16.03.2021 01:00:04;-1.003;0.031
Tilt 1;16.03.2021 02:00:04;-1.003;0.031
Tilt 1;16.03.2021 03:00:05;-1.001;0.032
Tilt 1;16.03.2021 04:00:07;-1.004;0.032
Tilt 1;16.03.2021 05:00:05;-1.003;0.032
Tilt 1;16.03.2021 06:00:05;-1.001;0.032
Tilt 1;16.03.2021 07:00:04;-1.001;0.034
Tilt 1;16.03.2021 08:00:06;-1.003;0.032
Tilt 1;16.03.2021 09:00:04;-1.003;0.031
Tilt 1;16.03.2021 10:00:05;-1.004;0.031
Tilt 1;16.03.2021 11:00:05;-1.006;0.029
Tilt 1;16.03.2021 12:00:07;-1.008;0.027
Tilt 1;16.03.2021 13:00:04;-1.012;0.023
Tilt 1;16.03.2021 14:00:04;-1.014;0.019
Tilt 1;16.03.2021 15:00:04;-1.008;0.025
Tilt 1;16.03.2021 16:00:07;-1.006;0.027
Tilt 1;16.03.2021 17:00:04;-1.006;0.029
Tilt 1;16.03.2021 18:00:05;-1.003;0.029
Tilt 1;16.03.2021 19:00:04;-1.001;0.031
Tilt 1;16.03.2021 20:00:06;-1.003;0.032
Tilt 1;16.03.2021 21:00:04;-1.001;0.032
Tilt 1;16.03.2021 22:00:04;-1.001;0.032
Tilt 1;16.03.2021 23:00:05;-1.001;0.034
Tilt 1;17.03.2021 00:00:07;-0.997;0.034
Tilt 1;17.03.2021 01:00:05;-0.997;0.036
Tilt 1;17.03.2021 02:00:04;-1.001;0.038
Tilt 1;17.03.2021 03:00:04;-0.997;0.034
Tilt 1;17.03.2021 04:00:06;-0.993;0.034
Tilt 1;17.03.2021 05:00:04;-0.997;0.034
Tilt 1;17.03.2021 06:00:05;-0.997;0.036
Tilt 1;17.03.2021 07:00:05;-0.997;0.036
Tilt 1;17.03.2021 08:00:06;-0.999;0.036
Tilt 1;17.03.2021 09:00:04;-0.999;0.034
Tilt 1;17.03.2021 10:00:04;-1.003;0.032
Tilt 1;17.03.2021 11:00:04;-1.008;0.027
Tilt 1;17.03.2021 12:00:07;-1.014;0.025
Tilt 1;17.03.2021 13:00:05;-1.014;0.023
Tilt 1;17.03.2021 14:00:05;-1.014;0.021
Tilt 1;17.03.2021 15:00:04;-1.014;0.023
Tilt 1;17.03.2021 16:00:06;-1.012;0.023
Tilt 1;17.03.2021 17:00:04;-1.008;0.025
Tilt 1;17.03.2021 18:00:05;-1.006;0.029
Tilt 1;17.03.2021 19:00:04;-1.004;0.029
Tilt 1;17.03.2021 20:00:06;-1.004;0.032
Tilt 1;17.03.2021 21:00:04;-1.003;0.032
Tilt 1;17.03.2021 22:00:04;-1.003;0.032
Tilt 1;17.03.2021 23:00:05;-1.004;0.032
Tilt 1;18.03.2021 00:00:07;-1.003;0.032
Tilt 1;18.03.2021 01:00:04;-1.004;0.031
Tilt 1;18.03.2021 02:00:04;-1.004;0.032
Tilt 1;18.03.2021 03:00:05;-1.004;0.032
Tilt 1;18.03.2021 04:00:07;-1.004;0.031
Tilt 1;18.03.2021 05:00:04;-1.003;0.032
Tilt 1;18.03.2021 06:00:05;-1.003;0.029
Tilt 1;18.03.2021 07:00:04;-1.003;0.032
Tilt 1;18.03.2021 08:00:06;-1.004;0.031
Tilt 1;18.03.2021 09:00:04;-1.004;0.029
Tilt 1;18.03.2021 10:00:05;-1.006;0.029
Tilt 1;18.03.2021 11:00:04;-1.010;0.027
Tilt 1;18.03.2021 12:00:27;-1.010;0.027
Tilt 1;18.03.2021 13:00:05;-1.010;0.025
Tilt 1;18.03.2021 14:00:04;-1.010;0.025
Tilt 1;18.03.2021 15:00:04;-1.008;0.025
Tilt 1;18.03.2021 16:00:06;-1.008;0.027
Tilt 1;18.03.2021 17:00:04;-1.006;0.027
Tilt 1;18.03.2021 18:00:04;-1.006;0.029
Tilt 1;18.03.2021 19:00:04;-1.003;0.029
Tilt 1;18.03.2021 20:00:07;-1.004;0.032
Tilt 1;18.03.2021 21:00:05;-1.003;0.032
Tilt 1;18.03.2021 22:00:04;-1.003;0.032
Tilt 1;18.03.2021 23:00:04;-1.003;0.031
Tilt 1;19.03.2021 00:00:06;-1.003;0.032
Tilt 1;19.03.2021 01:00:04;-1.003;0.032
Tilt 1;19.03.2021 02:00:04;-1.001;0.032
Tilt 1;19.03.2021 03:00:05;-1.001;0.032
Tilt 1;19.03.2021 04:00:07;-1.003;0.032
Tilt 1;19.03.2021 05:00:04;-1.001;0.032
Tilt 1;19.03.2021 06:00:04;-1.003;0.032
Tilt 1;19.03.2021 07:00:05;-1.003;0.031
Tilt 1;19.03.2021 08:00:07;-1.006;0.029
Tilt 1;19.03.2021 09:00:05;-1.006;0.029
Tilt 1;19.03.2021 10:00:05;-1.008;0.029
Tilt 1;19.03.2021 11:00:04;-1.010;0.027
Tilt 1;19.03.2021 12:00:06;-1.006;0.027
Tilt 1;19.03.2021 13:00:04;-1.006;0.029
Tilt 1;19.03.2021 14:00:05;-1.006;0.027
Tilt 1;19.03.2021 15:00:05;-1.006;0.029
Tilt 1;19.03.2021 16:00:07;-1.006;0.025
Tilt 1;19.03.2021 17:00:04;-1.003;0.029
Tilt 1;19.03.2021 18:00:05;-1.006;0.029
Tilt 1;19.03.2021 19:00:04;-1.006;0.029
Tilt 1;19.03.2021 20:00:06;-1.004;0.027
Tilt 1;19.03.2021 21:00:04;-1.006;0.027
Tilt 1;19.03.2021 22:00:04;-1.006;0.031
Tilt 1;19.03.2021 23:00:05;-1.006;0.029
Tilt 1;20.03.2021 00:00:07;-1.006;0.029
Tilt 1;20.03.2021 01:00:04;-1.004;0.027
Tilt 1;20.03.2021 02:00:04;-1.006;0.029
Tilt 1;20.03.2021 03:00:05;-1.006;0.029
Tilt 1;20.03.2021 04:00:07;-1.004;0.029
Tilt 1;20.03.2021 05:00:04;-1.006;0.029
Tilt 1;20.03.2021 06:00:05;-1.006;0.029
Tilt 1;20.03.2021 07:00:05;-1.006;0.029
Tilt 1;20.03.2021 08:00:06;-1.004;0.027
Tilt 1;20.03.2021 09:00:04;-1.004;0.029
Tilt 1;20.03.2021 10:00:05;-1.006;0.027
Tilt 1;20.03.2021 11:00:04;-1.006;0.027
Tilt 1;20.03.2021 12:00:07;-1.006;0.027
Tilt 1;20.03.2021 13:00:05;-1.006;0.027
Tilt 1;20.03.2021 14:00:04;-1.006;0.027
Tilt 1;20.03.2021 15:00:04;-1.004;0.027
Tilt 1;20.03.2021 16:00:39;-1.006;0.029
Tilt 1;20.03.2021 17:00:04;-1.004;0.029
Tilt 1;20.03.2021 18:00:04;-1.004;0.029
Tilt 1;20.03.2021 19:00:04;-1.006;0.029
Tilt 1;20.03.2021 20:00:07;-1.004;0.027
Tilt 1;20.03.2021 21:00:05;-1.004;0.029
Tilt 1;20.03.2021 22:00:04;-1.004;0.029
Tilt 1;20.03.2021 23:00:04;-1.004;0.029
Tilt 1;21.03.2021 00:00:06;-1.004;0.031
Tilt 1;21.03.2021 01:00:04;-1.003;0.032
Tilt 1;21.03.2021 02:00:04;-1.003;0.031
Tilt 1;21.03.2021 03:00:05;-1.004;0.029
Tilt 1;21.03.2021 04:00:07;-1.004;0.029
Tilt 1;21.03.2021 05:00:04;-1.003;0.029
Tilt 1;21.03.2021 06:00:04;-1.003;0.032
Tilt 1;21.03.2021 07:00:05;-1.004;0.031
Tilt 1;21.03.2021 08:00:07;-1.004;0.031
Tilt 1;21.03.2021 09:00:04;-1.004;0.029
Tilt 1;21.03.2021 10:00:05;-1.004;0.029
Tilt 1;21.03.2021 11:00:05;-0.995;0.038
Tilt 1;21.03.2021 12:00:06;-1.008;0.025
Tilt 1;21.03.2021 13:00:04;-1.006;0.025
Tilt 1;21.03.2021 14:00:05;-1.010;0.025
Tilt 1;21.03.2021 15:00:04;-1.001;0.032
Tilt 1;21.03.2021 16:00:07;-0.991;0.042
Tilt 1;21.03.2021 17:00:05;-0.991;0.042
Tilt 1;21.03.2021 18:00:05;-0.995;0.038
Tilt 1;21.03.2021 19:00:05;-0.997;0.036
Tilt 1;21.03.2021 20:00:06;-1.001;0.032
Tilt 1;21.03.2021 21:00:04;-1.003;0.032
Tilt 1;21.03.2021 22:00:04;-1.001;0.032
Tilt 1;21.03.2021 23:00:04;-1.003;0.031
Tilt 1;22.03.2021 00:00:07;-1.004;0.031
Tilt 1;22.03.2021 01:00:05;-1.004;0.031
Tilt 1;22.03.2021 02:00:05;-1.004;0.029
Tilt 1;22.03.2021 03:00:04;-1.004;0.027
Tilt 1;22.03.2021 04:00:06;-1.004;0.029
Tilt 1;22.03.2021 05:00:04;-1.006;0.027
Tilt 1;22.03.2021 06:00:04;-1.008;0.025
Tilt 1;22.03.2021 07:00:05;-1.008;0.027
Tilt 1;22.03.2021 08:00:07;-1.006;0.027
Tilt 1;22.03.2021 09:00:04;-1.008;0.027
Tilt 1;22.03.2021 10:00:04;-1.006;0.029
Tilt 1;22.03.2021 12:00:07;-1.006;0.027
Tilt 1;22.03.2021 13:00:04;-1.006;0.025
Tilt 1;22.03.2021 14:00:05;-1.006;0.027
Tilt 1;22.03.2021 15:00:04;-1.001;0.032
Tilt 1;22.03.2021 16:00:06;-1.006;0.025
Tilt 1;22.03.2021 18:00:05;-1.004;0.032
Tilt 1;22.03.2021 19:00:05;-1.006;0.027
Tilt 1;22.03.2021 20:00:06;-1.006;0.025
Tilt 1;22.03.2021 21:00:04;-1.006;0.025
Tilt 1;22.03.2021 22:00:04;-1.006;0.025
Tilt 1;22.03.2021 23:00:04;-1.008;0.025
Tilt 1;23.03.2021 03:00:04;-1.012;0.023
Tilt 1;23.03.2021 04:00:06;-1.004;0.029
Tilt 1;24.03.2021 00:00:07;-1.010;0.023
Tilt 1;27.03.2021 09:00:04;-1.006;0.023
Tilt 1;27.03.2021 11:00:04;-1.010;0.023
Tilt 1;27.03.2021 12:00:07;-1.008;0.023
Tilt 1;27.03.2021 13:00:05;-1.010;0.025
Tilt 1;27.03.2021 14:00:04;-1.010;0.023
Tilt 1;27.03.2021 16:00:06;-1.001;0.023
Tilt 1;27.03.2021 17:00:04;-1.012;0.019
Tilt 1;27.03.2021 18:00:05;-1.010;0.023
Tilt 1;27.03.2021 19:00:04;-1.008;0.025
Tilt 1;27.03.2021 20:00:06;-1.010;0.025
Tilt 1;27.03.2021 21:00:04;-1.008;0.025
Tilt 1;27.03.2021 22:00:04;-1.010;0.025
Tilt 1;28.03.2021 00:00:07;-1.012;0.025
Tilt 1;28.03.2021 01:00:05;-1.010;0.025
Tilt 1;28.03.2021 02:00:04;-1.008;0.032
Tilt 1;28.03.2021 03:00:04;-1.010;0.025
Tilt 1;28.03.2021 04:00:06;-1.004;0.025
Tilt 1;28.03.2021 05:00:04;-1.010;0.025
Tilt 1;28.03.2021 06:00:05;-1.008;0.025
Tilt 1;28.03.2021 07:00:05;-1.010;0.025
Tilt 1;28.03.2021 08:00:07;-1.006;0.023
Tilt 1;28.03.2021 09:00:04;-1.012;0.025
Tilt 1;28.03.2021 10:00:04;-1.010;0.023
Tilt 1;28.03.2021 11:00:04;-1.010;0.023
Tilt 1;28.03.2021 12:00:07;-1.010;0.023
Tilt 1;28.03.2021 13:00:05;-1.010;0.023
Tilt 1;28.03.2021 14:00:05;-1.010;0.023
Tilt 1;28.03.2021 15:00:04;-1.012;0.023
Tilt 1;28.03.2021 23:00:05;-1.006;0.032
Tilt 1;29.03.2021 00:00:07;-1.003;0.029
Tilt 1;29.03.2021 01:00:05;-1.014;0.027
Tilt 1;29.03.2021 07:00:05;-1.010;0.029
Tilt 1;29.03.2021 08:00:06;-1.016;0.023
Tilt 1;29.03.2021 09:00:04;-1.012;0.023
Tilt 1;29.03.2021 10:00:04;-1.010;0.023
Tilt 1;29.03.2021 11:00:04;-1.012;0.023
Tilt 1;29.03.2021 12:00:07;-1.012;0.021
Tilt 1;29.03.2021 13:00:05;-1.010;0.023
Tilt 1;29.03.2021 14:00:05;-1.006;0.025
Tilt 1;29.03.2021 15:00:04;-1.010;0.023
Tilt 1;29.03.2021 16:00:06;-1.010;0.023
Tilt 1;29.03.2021 17:00:04;-1.012;0.023
Tilt 1;29.03.2021 18:00:05;-1.012;0.025
Tilt 1;29.03.2021 19:00:05;-1.014;0.023
Tilt 1;29.03.2021 20:00:27;-1.012;0.023
Tilt 1;29.03.2021 21:00:05;-1.016;0.023
Tilt 1;29.03.2021 22:00:04;-1.016;0.023
Tilt 1;29.03.2021 23:00:04;-1.014;0.023
Tilt 1;30.03.2021 00:00:06;-1.006;0.023
Tilt 1;30.03.2021 01:00:04;-1.014;0.023
Tilt 1;30.03.2021 02:00:05;-1.012;0.023
Tilt 1;30.03.2021 03:00:05;-1.014;0.023
Tilt 1;30.03.2021 04:00:06;-1.008;0.023
Tilt 1;30.03.2021 05:00:04;-1.014;0.023
Tilt 1;30.03.2021 06:00:05;-1.014;0.023
Tilt 1;30.03.2021 07:00:04;-1.016;0.023
Tilt 1;30.03.2021 08:00:07;-1.017;0.023
Tilt 1;30.03.2021 09:00:05;-1.012;0.023
Tilt 1;30.03.2021 10:00:04;-1.014;0.023
Tilt 1;30.03.2021 11:00:04;-1.012;0.023
Tilt 1;30.03.2021 12:00:06;-1.010;0.025
Tilt 1;30.03.2021 13:00:04;-1.014;0.023
Tilt 1;30.03.2021 14:00:05;-1.014;0.019
Tilt 1;30.03.2021 15:00:05;-1.014;0.021
Tilt 1;30.03.2021 16:00:07;-1.014;0.023
Tilt 1;30.03.2021 18:00:05;-1.014;0.021
Tilt 1;30.03.2021 19:00:04;-1.014;0.023
Tilt 1;30.03.2021 20:00:06;-1.012;0.021
Tilt 1;30.03.2021 21:00:04;-1.014;0.023
Tilt 1;30.03.2021 22:00:04;-1.014;0.023
Tilt 1;30.03.2021 23:00:04;-1.006;0.025
Tilt 1;31.03.2021 00:00:07;-0.975;0.021
Tilt 1;31.03.2021 01:00:05;-1.016;0.021
Tilt 1;31.03.2021 02:00:04;-1.016;0.021
Tilt 1;31.03.2021 03:00:04;-1.016;0.023
Tilt 1;31.03.2021 04:00:06;-1.006;0.023
Tilt 1;31.03.2021 05:00:04;-0.984;0.034
Tilt 1;31.03.2021 06:00:05;-1.016;0.023
Tilt 1;31.03.2021 07:00:05;-1.010;0.025
Tilt 1;31.03.2021 08:00:06;-1.016;0.023
Tilt 1;31.03.2021 09:00:04;-1.010;0.025
Tilt 1;31.03.2021 11:00:05;-1.014;0.019
Tilt 1;31.03.2021 12:00:07;-1.012;0.021
Tilt 1;31.03.2021 13:00:05;-1.014;0.019
Tilt 1;03.04.2021 21:00:04;-1.006;0.029
Tilt 1;03.04.2021 22:00:04;-1.006;0.029
Tilt 1;03.04.2021 23:00:05;-1.004;0.034
Tilt 1;04.04.2021 00:00:06;-1.006;0.032
Tilt 1;04.04.2021 01:00:04;-1.014;0.025
Tilt 1;04.04.2021 02:00:05;-1.016;0.027
Tilt 1;04.04.2021 04:00:07;-1.008;0.025
Tilt 1;04.04.2021 05:00:04;-1.016;0.025
Tilt 1;04.04.2021 06:00:04;-1.014;0.025
Tilt 1;04.04.2021 07:00:04;-1.006;0.029
Tilt 1;04.04.2021 08:00:07;-1.004;0.025
Tilt 1;04.04.2021 09:00:05;-1.010;0.029
Tilt 1;04.04.2021 13:00:05;-1.010;0.027
Tilt 1;04.04.2021 14:00:04;-1.010;0.027
Tilt 1;04.04.2021 19:00:05;-1.008;0.029
Tilt 1;04.04.2021 20:00:06;-1.004;0.029
Tilt 1;04.04.2021 21:00:04;-1.004;0.032
Tilt 1;05.04.2021 18:00:04;-1.006;0.029
Tilt 1;05.04.2021 21:00:04;-1.010;0.029
Tilt 1;05.04.2021 22:00:04;-1.006;0.032
Tilt 1;05.04.2021 23:00:05;-1.006;0.031
Tilt 1;06.04.2021 00:00:07;-0.991;0.034
Tilt 1;06.04.2021 01:00:04;-1.006;0.031
Tilt 1;06.04.2021 02:00:04;-1.004;0.032
Tilt 1;06.04.2021 05:00:05;-1.001;0.032
Tilt 1;06.04.2021 06:00:04;-1.004;0.032
Tilt 1;06.04.2021 22:00:04;-1.001;0.034
Tilt 1;07.04.2021 01:00:05;-1.004;0.034
Tilt 1;07.04.2021 02:00:04;-1.004;0.031
Tilt 1;19.04.2021 23:00:05;-1.012;0.028
Tilt 1;20.04.2021 00:00:07;-1.014;0.015
Tilt 1;20.04.2021 01:00:05;-1.016;0.016
Tilt 1;20.04.2021 02:00:04;-1.014;0.015
Tilt 1;20.04.2021 03:00:04;-1.014;0.015
Tilt 1;20.04.2021 04:00:07;-1.014;0.016
Tilt 1;20.04.2021 05:00:05;-1.016;0.015
Tilt 1;20.04.2021 06:00:05;-1.016;0.015
Tilt 1;20.04.2021 07:00:04;-1.017;0.015
Tilt 1;20.04.2021 08:00:06;-1.016;0.013
Tilt 1;20.04.2021 09:00:04;-1.017;0.011
Tilt 1;20.04.2021 10:00:05;-1.019;0.009
Tilt 1;20.04.2021 11:00:05;-1.019;0.013
Tilt 1;20.04.2021 12:00:06;-1.019;0.013
Tilt 1;20.04.2021 13:00:04;-1.019;0.011
Tilt 1;20.04.2021 14:00:05;-1.017;0.015
Tilt 1;20.04.2021 15:00:05;-1.019;0.015
Tilt 1;20.04.2021 16:00:06;-1.017;0.013
Tilt 1;20.04.2021 17:00:04;-1.017;0.013
Tilt 1;20.04.2021 18:00:04;-1.014;0.015
Tilt 1;20.04.2021 20:00:16;-1.010;0.016
Tilt 1;20.04.2021 21:00:04;-1.017;0.016
Tilt 1;20.04.2021 22:00:04;-1.019;0.015
Tilt 1;20.04.2021 23:00:05;-1.016;0.016
Tilt 1;21.04.2021 00:00:07;-1.010;0.016
Tilt 1;21.04.2021 01:00:05;-1.016;0.016
Tilt 1;21.04.2021 02:00:04;-1.014;0.016
Tilt 1;21.04.2021 03:00:05;-1.016;0.018
Tilt 1;21.04.2021 04:00:07;-1.010;0.016
Tilt 1;21.04.2021 05:00:05;-1.014;0.016
Tilt 1;21.04.2021 06:00:04;-1.017;0.016
Tilt 1;21.04.2021 07:00:04;-1.014;0.018
Tilt 1;21.04.2021 08:00:07;-1.016;0.016
Tilt 1;21.04.2021 09:00:05;-1.014;0.016
Tilt 1;21.04.2021 10:00:05;-1.014;0.015
Tilt 1;21.04.2021 11:00:04;-1.016;0.016
Tilt 1;21.04.2021 12:00:07;-1.016;0.015
Tilt 1;21.04.2021 13:00:04;-1.014;0.015
Tilt 1;21.04.2021 14:00:05;-1.016;0.015
Tilt 1;21.04.2021 15:00:04;-1.014;0.016
Tilt 1;21.04.2021 16:00:06;-1.010;0.024
Tilt 1;21.04.2021 17:00:04;-1.006;0.024
Tilt 1;21.04.2021 18:00:04;-1.006;0.026
Tilt 1;21.04.2021 19:00:05;-1.003;0.029
Tilt 1;21.04.2021 20:00:07;-1.010;0.024
Tilt 1;21.04.2021 21:00:04;-1.014;0.020
Tilt 1;21.04.2021 22:00:04;-1.014;0.018
Tilt 1;21.04.2021 23:00:05;-1.014;0.020
Tilt 1;22.04.2021 00:00:07;-1.016;0.020
Tilt 1;22.04.2021 01:00:05;-1.021;0.018
Tilt 1;22.04.2021 02:00:04;-1.023;0.020
Tilt 1;22.04.2021 03:00:04;-1.023;0.016
Tilt 1;22.04.2021 04:00:07;-1.019;0.018
Tilt 1;22.04.2021 05:00:05;-1.023;0.018
Tilt 1;22.04.2021 06:00:04;-1.023;0.018
Tilt 1;22.04.2021 07:00:04;-1.025;0.018
Tilt 1;22.04.2021 08:00:07;-1.019;0.016
Tilt 1;22.04.2021 09:00:05;-1.021;0.015
Tilt 1;22.04.2021 10:00:05;-1.021;0.016
Tilt 1;22.04.2021 11:00:04;-1.019;0.015
Tilt 1;22.04.2021 12:00:06;-1.023;0.016
Tilt 1;22.04.2021 13:00:04;-1.016;0.020
Tilt 1;22.04.2021 14:00:05;-1.017;0.016
Tilt 1;22.04.2021 15:00:05;-1.019;0.016
Tilt 1;22.04.2021 16:00:26;-1.017;0.016
Tilt 1;22.04.2021 17:00:04;-1.019;0.015
Tilt 1;22.04.2021 18:00:04;-1.008;0.028
Tilt 1;22.04.2021 19:00:04;-1.010;0.024
Tilt 1;22.04.2021 20:00:07;-1.016;0.020
Tilt 1;22.04.2021 21:00:04;-1.016;0.020
Tilt 1;22.04.2021 22:00:04;-1.016;0.018
Tilt 1;22.04.2021 23:00:05;-1.017;0.020
Tilt 1;23.04.2021 00:00:07;-1.016;0.016
Tilt 1;23.04.2021 01:00:05;-1.025;0.018
Tilt 1;23.04.2021 02:00:04;-1.025;0.018
Tilt 1;23.04.2021 03:00:04;-1.023;0.018
Tilt 1;23.04.2021 04:00:07;-1.017;0.020
Tilt 1;23.04.2021 05:00:05;-1.025;0.020
Tilt 1;23.04.2021 06:00:04;-1.029;0.020
Tilt 1;23.04.2021 07:00:04;-1.029;0.020
Tilt 1;23.04.2021 08:00:07;-1.023;0.020
Tilt 1;23.04.2021 09:00:04;-1.025;0.018
Tilt 1;23.04.2021 10:00:05;-1.025;0.016
Tilt 1;23.04.2021 11:00:04;-1.025;0.015
Tilt 1;23.04.2021 12:00:06;-1.023;0.016
Tilt 1;23.04.2021 13:00:04;-1.023;0.016
Tilt 1;23.04.2021 14:00:05;-1.017;0.020
Tilt 1;23.04.2021 15:00:04;-1.016;0.026
Tilt 1;23.04.2021 18:00:04;-1.010;0.026
Tilt 1;23.04.2021 19:00:04;-1.016;0.024
Tilt 1;23.04.2021 20:00:07;-1.016;0.022
Tilt 1;23.04.2021 21:00:04;-1.019;0.020
Tilt 1;23.04.2021 22:00:05;-1.019;0.022
Tilt 1;23.04.2021 23:00:04;-1.021;0.020
Tilt 1;24.04.2021 00:00:06;-1.021;0.020
Tilt 1;24.04.2021 01:00:04;-1.025;0.020
Tilt 1;24.04.2021 02:00:05;-1.025;0.020
Tilt 1;24.04.2021 03:00:05;-1.027;0.020
Tilt 1;24.04.2021 04:00:06;-1.025;0.022
Tilt 1;24.04.2021 05:00:04;-1.027;0.024
Tilt 1;24.04.2021 06:00:05;-1.030;0.026
Tilt 1;24.04.2021 07:00:05;-1.032;0.024
Tilt 1;24.04.2021 08:00:06;-1.027;0.024
Tilt 1;24.04.2021 09:00:04;-1.030;0.022
Tilt 1;24.04.2021 10:00:05;-1.032;0.022
Tilt 1;24.04.2021 11:00:04;-1.032;0.020
Tilt 1;24.04.2021 12:00:07;-1.027;0.024
Tilt 1;24.04.2021 13:00:04;-1.032;0.018
Tilt 1;24.04.2021 14:00:04;-1.030;0.018
Tilt 1;24.04.2021 15:00:04;-1.030;0.020
Tilt 1;24.04.2021 16:00:40;-1.029;0.020
Tilt 1;24.04.2021 17:00:04;-1.025;0.020
Tilt 1;24.04.2021 18:00:04;-1.016;0.029
Tilt 1;24.04.2021 19:00:05;-1.012;0.029
Tilt 1;24.04.2021 20:00:06;-1.021;0.022
Tilt 1;24.04.2021 21:00:04;-1.021;0.024
Tilt 1;24.04.2021 22:00:05;-1.021;0.024
Tilt 1;24.04.2021 23:00:05;-1.023;0.024
Tilt 1;25.04.2021 00:00:07;-1.014;0.024
Tilt 1;25.04.2021 01:00:04;-1.029;0.024
Tilt 1;25.04.2021 02:00:05;-1.029;0.028
Tilt 1;25.04.2021 03:00:05;-1.032;0.029
Tilt 1;25.04.2021 04:00:06;-1.014;0.033
Tilt 1;25.04.2021 05:00:04;-1.034;0.035
Tilt 1;25.04.2021 06:00:05;-1.038;0.035
Tilt 1;25.04.2021 07:00:04;-1.042;0.039
Tilt 1;25.04.2021 08:00:07;-1.043;0.035
Tilt 1;25.04.2021 09:00:04;-1.051;0.033
Tilt 1;25.04.2021 10:00:04;-1.051;0.033
Tilt 1;25.04.2021 11:00:04;-1.053;0.031
Tilt 1;25.04.2021 12:00:07;-1.051;0.029
Tilt 1;25.04.2021 13:00:05;-1.051;0.028
Tilt 1;25.04.2021 14:00:04;-1.049;0.029
Tilt 1;25.04.2021 15:00:04;-1.043;0.033
Tilt 1;25.04.2021 16:00:07;-1.049;0.026
Tilt 1;25.04.2021 17:00:05;-1.047;0.026
Tilt 1;25.04.2021 18:00:05;-1.043;0.026
Tilt 1;25.04.2021 20:00:06;-1.034;0.033
Tilt 1;25.04.2021 21:00:04;-1.038;0.028
Tilt 1;25.04.2021 22:00:04;-1.038;0.026
Tilt 1;25.04.2021 23:00:05;-1.040;0.028
Tilt 1;26.04.2021 00:00:06;-1.042;0.029
Tilt 1;26.04.2021 01:00:04;-1.042;0.029
Tilt 1;26.04.2021 02:00:05;-1.042;0.031
Tilt 1;26.04.2021 03:00:05;-1.043;0.033
Tilt 1;26.04.2021 04:00:07;-1.027;0.035
Tilt 1;26.04.2021 05:00:04;-1.045;0.035
Tilt 1;26.04.2021 06:00:04;-1.047;0.037
Tilt 1;26.04.2021 07:00:04;-1.049;0.035
Tilt 1;26.04.2021 08:00:07;-1.054;0.033
Tilt 1;26.04.2021 09:00:05;-1.056;0.029
Tilt 1;26.04.2021 10:00:04;-1.060;0.028
Tilt 1;26.04.2021 11:00:05;-1.060;0.026
Tilt 1;26.04.2021 12:00:07;-1.058;0.024
Tilt 1;26.04.2021 13:00:05;-1.058;0.024
Tilt 1;26.04.2021 14:00:04;-1.056;0.022
Tilt 1;26.04.2021 15:00:04;-1.054;0.024
Tilt 1;26.04.2021 16:00:07;-1.056;0.024
Tilt 1;26.04.2021 17:00:04;-1.053;0.024
Tilt 1;26.04.2021 18:00:05;-1.051;0.022
Tilt 1;26.04.2021 19:00:05;-1.034;0.035
Tilt 1;26.04.2021 20:00:06;-1.038;0.029
Tilt 1;26.04.2021 21:00:04;-1.038;0.026
Tilt 1;26.04.2021 22:00:04;-1.042;0.028
Tilt 1;26.04.2021 23:00:05;-1.042;0.026
Tilt 1;27.04.2021 00:00:28;-1.042;0.029
Tilt 1;27.04.2021 01:00:04;-1.045;0.029
Tilt 1;27.04.2021 02:00:04;-1.043;0.029
Tilt 1;27.04.2021 03:00:05;-1.045;0.031
Tilt 1;27.04.2021 04:00:07;-1.029;0.037
Tilt 1;27.04.2021 05:00:04;-1.049;0.033
Tilt 1;27.04.2021 06:00:04;-1.051;0.033
Tilt 1;27.04.2021 07:00:05;-1.053;0.031
Tilt 1;27.04.2021 08:00:39;-1.054;0.029
Tilt 1;27.04.2021 09:00:05;-1.056;0.024
Tilt 1;27.04.2021 10:00:04;-1.056;0.026
Tilt 1;27.04.2021 11:00:05;-1.056;0.024
Tilt 1;27.04.2021 12:00:07;-1.045;0.031
Tilt 1;27.04.2021 13:00:05;-1.051;0.026
Tilt 1;27.04.2021 14:00:04;-1.058;0.018
Tilt 1;27.04.2021 15:00:04;-1.054;0.018
Tilt 1;27.04.2021 16:00:07;-1.053;0.018
Tilt 1;27.04.2021 17:00:05;-1.047;0.016
Tilt 1;27.04.2021 18:00:05;-1.038;0.024
Tilt 1;27.04.2021 19:00:04;-1.029;0.031
Tilt 1;27.04.2021 20:00:06;-1.032;0.026
Tilt 1;27.04.2021 21:00:04;-1.032;0.024
Tilt 1;27.04.2021 22:00:05;-1.029;0.024
Tilt 1;27.04.2021 23:00:05;-1.030;0.024
Tilt 1;28.04.2021 00:00:06;-1.025;0.024
Tilt 1;28.04.2021 01:00:04;-1.038;0.022
Tilt 1;28.04.2021 02:00:05;-1.038;0.024
Tilt 1;28.04.2021 03:00:05;-1.036;0.024
Tilt 1;28.04.2021 04:00:07;-1.032;0.024
Tilt 1;28.04.2021 05:00:04;-1.038;0.026
Tilt 1;28.04.2021 06:00:04;-1.038;0.024
Tilt 1;28.04.2021 07:00:04;-1.042;0.026
Tilt 1;28.04.2021 08:00:07;-1.043;0.022
Tilt 1;28.04.2021 09:00:05;-1.047;0.018
Tilt 1;28.04.2021 10:00:04;-1.043;0.016
Tilt 1;28.04.2021 11:00:05;-1.047;0.015
Tilt 1;28.04.2021 12:00:07;-1.047;0.016
Tilt 1;28.04.2021 13:00:05;-1.042;0.020
Tilt 1;28.04.2021 14:00:04;-1.036;0.024
Tilt 1;28.04.2021 15:00:04;-1.036;0.020
Tilt 1;28.04.2021 16:00:27;-1.032;0.022
Tilt 1;28.04.2021 17:00:05;-1.027;0.026
Tilt 1;28.04.2021 19:00:04;-1.025;0.024
Tilt 1;28.04.2021 20:00:25;-1.025;0.022
Tilt 1;28.04.2021 21:00:04;-1.027;0.022
Tilt 1;28.04.2021 22:00:04;-1.027;0.020
Tilt 1;28.04.2021 23:00:05;-1.025;0.022
Tilt 1;29.04.2021 00:00:06;-1.025;0.022
Tilt 1;29.04.2021 01:00:04;-1.029;0.022
Tilt 1;29.04.2021 02:00:05;-1.029;0.024
Tilt 1;29.04.2021 03:00:04;-1.032;0.024
Tilt 1;29.04.2021 04:00:07;-1.023;0.024
Tilt 1;29.04.2021 05:00:04;-1.034;0.024
Tilt 1;29.04.2021 06:00:04;-1.036;0.024
Tilt 1;29.04.2021 07:00:04;-1.043;0.024
Tilt 1;29.04.2021 08:00:07;-1.043;0.020
Tilt 1;29.04.2021 09:00:05;-1.049;0.016
Tilt 1;29.04.2021 10:00:04;-1.051;0.015
Tilt 1;29.04.2021 11:00:04;-1.049;0.018
Tilt 1;29.04.2021 12:00:07;-1.047;0.016
Tilt 1;29.04.2021 13:00:05;-1.049;0.015
Tilt 1;29.04.2021 14:00:04;-1.047;0.018
Tilt 1;29.04.2021 15:00:04;-1.036;0.029
Tilt 1;29.04.2021 16:00:07;-1.043;0.020
Tilt 1;29.04.2021 17:00:05;-1.045;0.016
Tilt 1;29.04.2021 18:00:05;-1.038;0.024
Tilt 1;29.04.2021 19:00:04;-1.032;0.029
Tilt 1;29.04.2021 20:00:27;-1.034;0.024
Tilt 1;29.04.2021 21:00:04;-1.034;0.022
Tilt 1;29.04.2021 22:00:05;-1.032;0.020
Tilt 1;29.04.2021 23:00:04;-1.030;0.022
Tilt 1;30.04.2021 00:00:06;-1.032;0.022
Tilt 1;30.04.2021 01:00:04;-1.034;0.022
Tilt 1;30.04.2021 02:00:05;-1.036;0.024
Tilt 1;30.04.2021 03:00:05;-1.038;0.026
Tilt 1;30.04.2021 19:00:05;-1.025;0.029
Tilt 1;30.04.2021 20:00:07;-1.029;0.020
Tilt 1;30.04.2021 21:00:04;-1.029;0.020
Tilt 1;30.04.2021 22:00:04;-1.029;0.018
Tilt 1;30.04.2021 23:00:05;-1.027;0.018
Tilt 1;01.05.2021 00:00:07;-1.029;0.020
Tilt 1;01.05.2021 02:00:04;-1.030;0.020
Tilt 1;01.05.2021 03:00:05;-1.030;0.020
Tilt 1;01.05.2021 04:00:07;-1.025;0.020
Tilt 1;01.05.2021 05:00:04;-1.032;0.020
Tilt 1;01.05.2021 06:00:04;-1.034;0.020
Tilt 1;01.05.2021 07:00:05;-1.030;0.020
Tilt 1;01.05.2021 08:00:07;-1.034;0.015
Tilt 1;01.05.2021 09:00:05;-1.034;0.015
Tilt 1;01.05.2021 10:00:04;-1.032;0.015
Tilt 1;01.05.2021 11:00:04;-1.032;0.016
Tilt 1;01.05.2021 12:00:07;-1.032;0.015
Tilt 1;01.05.2021 13:00:05;-1.034;0.015
Tilt 1;01.05.2021 14:00:05;-1.032;0.015
Tilt 1;01.05.2021 15:00:04;-1.030;0.016
Tilt 1;01.05.2021 16:00:07;-1.025;0.020
Tilt 1;01.05.2021 17:00:04;-1.029;0.016
Tilt 1;01.05.2021 18:00:04;-1.019;0.024
Tilt 1;01.05.2021 19:00:05;-1.016;0.028
Tilt 1;01.05.2021 20:00:06;-1.019;0.022
Tilt 1;01.05.2021 21:00:04;-1.023;0.020
Tilt 1;01.05.2021 22:00:04;-1.023;0.020
Tilt 1;01.05.2021 23:00:05;-1.021;0.020
Tilt 1;02.05.2021 00:00:06;-1.023;0.020
Tilt 1;02.05.2021 01:00:04;-1.027;0.020
Tilt 1;02.05.2021 02:00:05;-1.027;0.020
Tilt 1;02.05.2021 03:00:04;-1.027;0.018
Tilt 1;02.05.2021 04:00:07;-1.021;0.018
Tilt 1;02.05.2021 05:00:04;-1.025;0.020
Tilt 1;02.05.2021 06:00:04;-1.029;0.020
Tilt 1;02.05.2021 07:00:04;-1.029;0.018
Tilt 1;02.05.2021 08:00:07;-1.030;0.015
Tilt 1;02.05.2021 09:00:05;-1.034;0.013
Tilt 1;02.05.2021 10:00:04;-1.034;0.011
Tilt 1;02.05.2021 11:00:04;-1.034;0.011
Tilt 1;02.05.2021 12:00:07;-1.032;0.013
Tilt 1;02.05.2021 13:00:05;-1.019;0.020
Tilt 1;02.05.2021 14:00:05;-1.025;0.020
Tilt 1;02.05.2021 15:00:04;-1.025;0.015
Tilt 1;02.05.2021 16:00:06;-1.021;0.020
Tilt 1;02.05.2021 17:00:04;-1.017;0.024
Tilt 1;02.05.2021 18:00:04;-1.017;0.024
Tilt 1;02.05.2021 19:00:05;-1.016;0.026
Tilt 1;02.05.2021 20:00:07;-1.021;0.020
Tilt 1;02.05.2021 21:00:04;-1.023;0.018
Tilt 1;02.05.2021 22:00:04;-1.025;0.018
Tilt 1;02.05.2021 23:00:05;-1.023;0.016
Tilt 1;03.05.2021 00:00:07;-1.023;0.016
Tilt 1;03.05.2021 01:00:05;-1.023;0.018
Tilt 1;03.05.2021 02:00:04;-1.021;0.018
Tilt 1;03.05.2021 03:00:04;-1.025;0.018
Tilt 1;03.05.2021 04:00:07;-1.023;0.016
Tilt 1;03.05.2021 05:00:05;-1.025;0.018
Tilt 1;03.05.2021 06:00:04;-1.019;0.018
Tilt 1;03.05.2021 07:00:04;-1.023;0.016
Tilt 1;03.05.2021 08:00:07;-1.023;0.016
Tilt 1;03.05.2021 09:00:05;-1.023;0.015
Tilt 1;03.05.2021 10:00:04;-1.025;0.016
Tilt 1;03.05.2021 11:00:04;-1.023;0.015
Tilt 1;03.05.2021 12:00:27;-1.023;0.015
Tilt 1;03.05.2021 13:00:04;-1.023;0.015
Tilt 1;03.05.2021 14:00:05;-1.010;0.029
Tilt 1;03.05.2021 15:00:04;-1.010;0.028
Tilt 1;03.05.2021 16:00:27;-1.008;0.029
Tilt 1;03.05.2021 17:00:04;-1.006;0.031
Tilt 1;03.05.2021 18:00:04;-1.012;0.029
Tilt 1;03.05.2021 19:00:04;-1.019;0.022
Tilt 1;03.05.2021 20:00:07;-1.017;0.022
Tilt 1;03.05.2021 21:00:04;-1.019;0.020
Tilt 1;03.05.2021 22:00:04;-1.019;0.022
Tilt 1;03.05.2021 23:00:05;-1.019;0.020
Tilt 1;04.05.2021 00:00:07;-1.014;0.020
Tilt 1;04.05.2021 01:00:05;-1.017;0.022
Tilt 1;04.05.2021 02:00:04;-1.019;0.022
Tilt 1;04.05.2021 03:00:04;-1.017;0.024
Tilt 1;04.05.2021 04:00:16;-1.001;0.022
Tilt 1;04.05.2021 05:00:05;-1.019;0.024
Tilt 1;04.05.2021 06:00:05;-1.021;0.020
Tilt 1;04.05.2021 07:00:04;-1.023;0.018
Tilt 1;04.05.2021 08:00:06;-1.023;0.016
Tilt 1;04.05.2021 09:00:04;-1.025;0.016
Tilt 1;04.05.2021 10:00:05;-1.023;0.015
Tilt 1;04.05.2021 11:00:04;-1.025;0.015
Tilt 1;04.05.2021 12:00:06;-1.025;0.015
Tilt 1;04.05.2021 13:00:04;-1.016;0.020
Tilt 1;04.05.2021 14:00:05;-1.017;0.022
Tilt 1;04.05.2021 15:00:05;-1.016;0.022
Tilt 1;04.05.2021 16:00:06;-1.016;0.020
Tilt 1;04.05.2021 17:00:04;-1.014;0.020
Tilt 1;04.05.2021 18:00:05;-1.006;0.029
Tilt 1;04.05.2021 19:00:05;-1.016;0.022
Tilt 1;04.05.2021 20:00:06;-1.019;0.016
Tilt 1;04.05.2021 21:00:04;-1.019;0.018
Tilt 1;04.05.2021 22:00:05;-1.019;0.016
Tilt 1;04.05.2021 23:00:05;-1.021;0.018
Tilt 1;05.05.2021 00:00:07;-1.021;0.016
Tilt 1;05.05.2021 01:00:04;-1.019;0.018
Tilt 1;05.05.2021 02:00:04;-1.019;0.018
Tilt 1;05.05.2021 03:00:04;-1.023;0.020
Tilt 1;05.05.2021 04:00:11;-1.019;0.018
Tilt 1;05.05.2021 05:00:05;-1.025;0.018
Tilt 1;05.05.2021 06:00:04;-1.021;0.018
Tilt 1;05.05.2021 07:00:04;-1.019;0.016
Tilt 1;05.05.2021 08:00:07;-1.025;0.015
Tilt 1;05.05.2021 09:00:05;-1.023;0.016
Tilt 1;05.05.2021 10:00:04;-1.023;0.015
Tilt 1;05.05.2021 11:00:04;-1.023;0.013
Tilt 1;05.05.2021 12:00:27;-1.023;0.015
Tilt 1;05.05.2021 13:00:05;-1.016;0.018
Tilt 1;05.05.2021 14:00:05;-1.016;0.016
Tilt 1;05.05.2021 15:00:04;-1.021;0.013
Tilt 1;05.05.2021 16:00:27;-1.021;0.013
Tilt 1;05.05.2021 17:00:04;-1.016;0.016
Tilt 1;05.05.2021 18:00:05;-1.014;0.022
Tilt 1;05.05.2021 19:00:04;-1.006;0.029
Tilt 1;05.05.2021 20:00:06;-1.016;0.020
Tilt 1;05.05.2021 21:00:04;-1.017;0.016
Tilt 1;05.05.2021 22:00:05;-1.021;0.018
Tilt 1;05.05.2021 23:00:05;-1.019;0.020
Tilt 1;06.05.2021 00:00:06;-1.019;0.018
Tilt 1;06.05.2021 01:00:04;-1.017;0.020
Tilt 1;06.05.2021 02:00:05;-1.023;0.018
Tilt 1;06.05.2021 03:00:04;-1.021;0.020
Tilt 1;06.05.2021 04:00:07;-1.019;0.020
Tilt 1;06.05.2021 05:00:04;-1.021;0.020
Tilt 1;06.05.2021 06:00:04;-1.023;0.020
Tilt 1;06.05.2021 07:00:04;-1.021;0.020
Tilt 1;06.05.2021 08:00:07;-1.021;0.016
Tilt 1;06.05.2021 09:00:05;-1.025;0.015
Tilt 1;06.05.2021 10:00:04;-1.027;0.013
Tilt 1;06.05.2021 11:00:05;-1.025;0.015
Tilt 1;06.05.2021 12:00:39;-1.025;0.015
Tilt 1;06.05.2021 13:00:05;-1.021;0.015
Tilt 1;06.05.2021 14:00:04;-1.021;0.015
Tilt 1;06.05.2021 15:00:04;-1.017;0.016
Tilt 1;06.05.2021 16:00:07;-1.012;0.024
Tilt 1;06.05.2021 17:00:05;-1.014;0.022
Tilt 1;06.05.2021 18:00:04;-1.012;0.024
Tilt 1;06.05.2021 19:00:05;-1.010;0.020
Tilt 1;06.05.2021 20:00:07;-1.019;0.016
Tilt 1;06.05.2021 21:00:05;-1.019;0.016
Tilt 1;06.05.2021 22:00:04;-1.021;0.018
Tilt 1;06.05.2021 23:00:04;-1.019;0.018
Tilt 1;07.05.2021 00:00:07;-1.019;0.018
Tilt 1;07.05.2021 01:00:05;-1.021;0.018
Tilt 1;07.05.2021 02:00:05;-1.025;0.018
Tilt 1;07.05.2021 03:00:04;-1.023;0.018
Tilt 1;07.05.2021 04:00:06;-1.023;0.018
Tilt 1;07.05.2021 05:00:04;-1.023;0.016
Tilt 1;07.05.2021 06:00:05;-1.021;0.016
Tilt 1;07.05.2021 07:00:04;-1.021;0.018
Tilt 1;07.05.2021 08:00:06;-1.023;0.016
Tilt 1;07.05.2021 09:00:04;-1.021;0.015
Tilt 1;07.05.2021 10:00:05;-1.023;0.013
Tilt 1;07.05.2021 11:00:05;-1.023;0.013
Tilt 1;07.05.2021 12:00:06;-1.023;0.011
Tilt 1;07.05.2021 13:00:04;-1.023;0.011
Tilt 1;07.05.2021 14:00:05;-1.023;0.009
Tilt 1;07.05.2021 15:00:04;-1.023;0.009
Tilt 1;07.05.2021 16:00:07;-1.023;0.011
Tilt 1;07.05.2021 17:00:04;-1.023;0.007
Tilt 1;07.05.2021 18:00:04;-1.019;0.016
Tilt 1;07.05.2021 19:00:04;-1.010;0.020
Tilt 1;07.05.2021 20:00:07;-1.016;0.016
Tilt 1;07.05.2021 21:00:05;-1.019;0.016
Tilt 1;07.05.2021 22:00:04;-1.019;0.016
Tilt 1;07.05.2021 23:00:04;-1.017;0.016
Tilt 1;08.05.2021 00:00:27;-1.019;0.016
Tilt 1;08.05.2021 01:00:05;-1.023;0.018
Tilt 1;08.05.2021 02:00:05;-1.023;0.018
Tilt 1;08.05.2021 03:00:04;-1.023;0.016
Tilt 1;08.05.2021 04:00:06;-1.021;0.018
Tilt 1;08.05.2021 05:00:04;-1.021;0.020
Tilt 1;08.05.2021 06:00:05;-1.023;0.018
Tilt 1;08.05.2021 07:00:05;-1.021;0.016
Tilt 1;08.05.2021 08:00:06;-1.023;0.016
Tilt 1;08.05.2021 09:00:04;-1.025;0.013
Tilt 1;08.05.2021 10:00:05;-1.025;0.011
Tilt 1;08.05.2021 11:00:05;-1.025;0.013
Tilt 1;08.05.2021 12:00:07;-1.025;0.013
Tilt 1;08.05.2021 13:00:04;-1.023;0.013
Tilt 1;08.05.2021 14:00:05;-1.017;0.016
Tilt 1;08.05.2021 15:00:05;-1.017;0.015
Tilt 1;08.05.2021 16:00:07;-1.023;0.009
Tilt 1;08.05.2021 17:00:04;-1.023;0.011
Tilt 1;08.05.2021 18:00:04;-1.017;0.016
Tilt 1;08.05.2021 19:00:04;-1.006;0.024
Tilt 1;08.05.2021 20:00:27;-1.017;0.020
Tilt 1;08.05.2021 21:00:05;-1.017;0.016
Tilt 1;08.05.2021 22:00:04;-1.016;0.016
Tilt 1;08.05.2021 23:00:04;-1.019;0.016
Tilt 1;09.05.2021 00:00:07;-1.021;0.016
Tilt 1;09.05.2021 01:00:04;-1.019;0.016
Tilt 1;09.05.2021 02:00:05;-1.019;0.016
Tilt 1;09.05.2021 03:00:04;-1.021;0.016
Tilt 1;09.05.2021 04:00:06;-1.021;0.016
Tilt 1;09.05.2021 05:00:04;-1.025;0.016
Tilt 1;09.05.2021 06:00:05;-1.025;0.016
Tilt 1;09.05.2021 07:00:04;-1.025;0.016
Tilt 1;09.05.2021 08:00:06;-1.025;0.016
Tilt 1;09.05.2021 09:00:04;-1.023;0.016
Tilt 1;09.05.2021 10:00:05;-1.023;0.015
Tilt 1;09.05.2021 11:00:05;-1.025;0.015
Tilt 1;09.05.2021 12:00:06;-1.023;0.015
Tilt 1;09.05.2021 13:00:04;-1.023;0.015
Tilt 1;09.05.2021 14:00:05;-1.023;0.013
Tilt 1;09.05.2021 15:00:05;-1.023;0.013
Tilt 1;09.05.2021 16:00:07;-1.023;0.011
Tilt 1;09.05.2021 17:00:04;-1.023;0.011
Tilt 1;09.05.2021 18:00:04;-1.025;0.011
Tilt 1;09.05.2021 19:00:04;-1.025;0.013
Tilt 1;09.05.2021 20:00:07;-1.025;0.015
Tilt 1;09.05.2021 21:00:05;-1.021;0.015
Tilt 1;09.05.2021 22:00:04;-1.021;0.015
Tilt 1;09.05.2021 23:00:04;-1.019;0.015
Tilt 1;10.05.2021 00:00:07;-1.019;0.015
Tilt 1;10.05.2021 01:00:05;-1.023;0.016
Tilt 1;10.05.2021 02:00:04;-1.025;0.015
Tilt 1;10.05.2021 03:00:04;-1.023;0.016
Tilt 1;10.05.2021 04:00:06;-1.021;0.015
Tilt 1;10.05.2021 05:00:04;-1.021;0.015
Tilt 1;10.05.2021 06:00:05;-1.023;0.016
Tilt 1;10.05.2021 07:00:04;-1.023;0.013
Tilt 1;10.05.2021 08:00:06;-1.023;0.011
Tilt 1;10.05.2021 09:00:04;-1.023;0.011
Tilt 1;10.05.2021 10:00:05;-1.025;0.009
Tilt 1;10.05.2021 11:00:05;-1.025;0.011
Tilt 1;10.05.2021 12:00:06;-1.025;0.007
Tilt 1;10.05.2021 13:00:04;-1.021;0.005
Tilt 1;10.05.2021 14:00:05;-1.023;0.007
Tilt 1;10.05.2021 15:00:05;-1.023;0.011
Tilt 1;10.05.2021 16:00:07;-1.023;0.009
Tilt 1;10.05.2021 17:00:04;-1.021;0.011
Tilt 1;10.05.2021 18:00:04;-1.023;0.011
Tilt 1;10.05.2021 19:00:04;-1.023;0.009
Tilt 1;10.05.2021 20:00:07;-1.021;0.011
Tilt 1;10.05.2021 21:00:05;-1.023;0.011
Tilt 1;10.05.2021 22:00:05;-1.023;0.011
Tilt 1;10.05.2021 23:00:04;-1.023;0.011
Tilt 1;11.05.2021 00:00:06;-1.021;0.011
Tilt 1;11.05.2021 01:00:04;-1.025;0.011
Tilt 1;11.05.2021 02:00:05;-1.023;0.011
Tilt 1;11.05.2021 03:00:04;-1.023;0.011
Tilt 1;11.05.2021 04:00:06;-1.023;0.013
Tilt 1;11.05.2021 05:00:04;-1.025;0.011
Tilt 1;11.05.2021 06:00:04;-1.025;0.013
Tilt 1;11.05.2021 07:00:05;-1.025;0.011
Tilt 1;11.05.2021 08:00:39;-1.025;0.009
Tilt 1;11.05.2021 09:00:04;-1.029;0.007
Tilt 1;11.05.2021 10:00:04;-1.025;0.007
Tilt 1;11.05.2021 11:00:05;-1.025;0.007
Tilt 1;11.05.2021 12:00:07;-1.023;0.005
Tilt 1;11.05.2021 13:00:04;-1.021;0.003
Tilt 1;11.05.2021 14:00:04;-1.025;0.002
Tilt 1;11.05.2021 15:00:05;-1.017;0.007
Tilt 1;11.05.2021 16:00:07;-1.025;0.002
Tilt 1;11.05.2021 17:00:04;-1.023;0.002
Tilt 1;11.05.2021 18:00:04;-1.023;0.000
Tilt 1;11.05.2021 19:00:04;-1.019;0.007
Tilt 1;11.05.2021 20:00:07;-1.010;0.015
Tilt 1;11.05.2021 21:00:05;-1.017;0.011
Tilt 1;11.05.2021 22:00:04;-1.019;0.009
Tilt 1;11.05.2021 23:00:04;-1.021;0.011
Tilt 1;12.05.2021 00:00:06;-1.021;0.011
Tilt 1;12.05.2021 01:00:04;-1.023;0.011
Tilt 1;12.05.2021 02:00:05;-1.023;0.011
Tilt 1;12.05.2021 03:00:04;-1.021;0.015
Tilt 1;12.05.2021 04:00:06;-1.021;0.011
Tilt 1;12.05.2021 05:00:04;-1.021;0.011
Tilt 1;12.05.2021 06:00:05;-1.023;0.011
Tilt 1;12.05.2021 07:00:05;-1.023;0.009
Tilt 1;12.05.2021 08:00:06;-1.023;0.009
Tilt 1;12.05.2021 09:00:04;-1.023;0.005
Tilt 1;12.05.2021 10:00:05;-1.021;0.005
Tilt 1;12.05.2021 11:00:05;-1.019;0.005
Tilt 1;12.05.2021 12:00:06;-1.017;0.003
Tilt 1;12.05.2021 13:00:04;-1.016;0.005
Tilt 1;12.05.2021 14:00:05;-1.006;0.015
Tilt 1;12.05.2021 15:00:05;-1.008;0.015
Tilt 1;12.05.2021 16:00:06;-1.006;0.015
Tilt 1;12.05.2021 17:00:04;-1.006;0.011
Tilt 1;12.05.2021 18:00:04;-1.016;0.009
Tilt 1;12.05.2021 19:00:04;-1.016;0.011
Tilt 1;12.05.2021 20:00:07;-1.019;0.009
Tilt 1;12.05.2021 21:00:05;-1.023;0.007
Tilt 1;12.05.2021 22:00:04;-1.019;0.009
Tilt 1;12.05.2021 23:00:04;-1.023;0.007
Tilt 1;13.05.2021 00:00:07;-1.021;0.011
Tilt 1;13.05.2021 01:00:05;-1.023;0.009
Tilt 1;13.05.2021 02:00:05;-1.021;0.011
Tilt 1;13.05.2021 03:00:04;-1.023;0.011
Tilt 1;13.05.2021 04:00:06;-1.023;0.011
Tilt 1;13.05.2021 05:00:04;-1.023;0.011
Tilt 1;13.05.2021 06:00:05;-1.025;0.007
Tilt 1;13.05.2021 07:00:05;-1.023;0.007
Tilt 1;13.05.2021 08:00:06;-1.025;0.005
Tilt 1;13.05.2021 09:00:04;-1.029;0.005
Tilt 1;13.05.2021 10:00:05;-1.027;0.002
Tilt 1;13.05.2021 11:00:05;-1.023;0.002
Tilt 1;13.05.2021 17:00:04;-1.010;0.007
Tilt 1;13.05.2021 18:00:04;-1.010;0.009
Tilt 1;13.05.2021 19:00:04;-1.016;0.005
Tilt 1;13.05.2021 20:00:07;-1.019;0.005
Tilt 1;13.05.2021 21:00:05;-1.019;0.007
Tilt 1;13.05.2021 22:00:04;-1.023;0.007
Tilt 1;13.05.2021 23:00:04;-1.023;0.007
Tilt 1;14.05.2021 00:00:06;-1.023;0.007
Tilt 1;14.05.2021 01:00:04;-1.023;0.007
Tilt 1;14.05.2021 02:00:05;-1.025;0.007
Tilt 1;14.05.2021 03:00:04;-1.025;0.009
Tilt 1;14.05.2021 04:00:06;-1.025;0.007
Tilt 1;14.05.2021 05:00:04;-1.025;0.009
Tilt 1;14.05.2021 06:00:05;-1.025;0.007
Tilt 1;14.05.2021 07:00:04;-1.029;0.005
Tilt 1;14.05.2021 08:00:06;-1.025;0.003
Tilt 1;14.05.2021 12:00:06;-1.021;0.002
Tilt 1;14.05.2021 13:00:04;-1.023;0.002
Tilt 1;14.05.2021 14:00:05;-1.021;0.002
Tilt 1;14.05.2021 15:00:05;-1.017;0.005
Tilt 1;14.05.2021 16:00:27;-1.014;0.011
Tilt 1;14.05.2021 17:00:04;-1.016;0.005
Tilt 1;14.05.2021 18:00:04;-1.016;0.005
Tilt 1;14.05.2021 19:00:04;-1.014;0.007
Tilt 1;14.05.2021 20:00:07;-1.016;0.009
Tilt 1;14.05.2021 21:00:05;-1.021;0.007
Tilt 1;14.05.2021 22:00:04;-1.021;0.005
Tilt 1;14.05.2021 23:00:05;-1.025;0.005
Tilt 1;15.05.2021 00:00:07;-1.025;0.005
Tilt 1;15.05.2021 01:00:05;-1.025;0.005
Tilt 1;15.05.2021 02:00:04;-1.025;0.005
Tilt 1;15.05.2021 03:00:04;-1.025;0.005
Tilt 1;15.05.2021 04:00:06;-1.025;0.007
Tilt 1;15.05.2021 05:00:04;-1.025;0.007
Tilt 1;15.05.2021 06:00:05;-1.025;0.007
Tilt 1;15.05.2021 07:00:04;-1.025;0.007
Tilt 1;15.05.2021 08:00:26;-1.027;0.005
Tilt 1;15.05.2021 09:00:04;-1.029;0.002
Tilt 1;15.05.2021 10:00:05;-1.025;0.002
Tilt 1;15.05.2021 11:00:05;-1.021;0.003
Tilt 1;15.05.2021 12:00:26;-1.021;0.002
Tilt 1;15.05.2021 13:00:04;-1.023;0.002
Tilt 1;15.05.2021 14:00:05;-1.021;0.005
Tilt 1;15.05.2021 15:00:04;-1.023;0.005
Tilt 1;15.05.2021 16:00:07;-1.023;0.005
Tilt 1;15.05.2021 17:00:04;-1.023;0.003
Tilt 1;15.05.2021 18:00:04;-1.023;0.005
Tilt 1;15.05.2021 19:00:04;-1.025;0.005
Tilt 1;15.05.2021 20:00:07;-1.025;0.007
Tilt 1;15.05.2021 21:00:05;-1.025;0.007
Tilt 1;15.05.2021 22:00:05;-1.025;0.009
Tilt 1;15.05.2021 23:00:04;-1.025;0.007
Tilt 1;16.05.2021 00:00:06;-1.025;0.007
Tilt 1;16.05.2021 01:00:04;-1.027;0.007
Tilt 1;16.05.2021 02:00:05;-1.025;0.009
Tilt 1;16.05.2021 03:00:04;-1.025;0.009
Tilt 1;16.05.2021 04:00:06;-1.025;0.011
Tilt 1;16.05.2021 05:00:04;-1.025;0.009
Tilt 1;16.05.2021 06:00:05;-1.027;0.009
Tilt 1;16.05.2021 07:00:05;-1.027;0.007
Tilt 1;16.05.2021 08:00:06;-1.029;0.005
Tilt 1;16.05.2021 09:00:04;-1.029;0.003
Tilt 1;16.05.2021 10:00:05;-1.025;0.003
Tilt 1;16.05.2021 11:00:05;-1.023;0.002
Tilt 1;16.05.2021 12:00:07;-1.023;0.002
Tilt 1;16.05.2021 13:00:04;-1.023;0.005
Tilt 1;16.05.2021 14:00:04;-1.023;0.005
Tilt 1;16.05.2021 15:00:04;-1.023;0.005
Tilt 1;16.05.2021 16:00:38;-1.023;0.005
Tilt 1;16.05.2021 17:00:04;-1.021;0.005
Tilt 1;16.05.2021 18:00:05;-1.023;0.005
Tilt 1;16.05.2021 19:00:04;-1.025;0.005
Tilt 1;16.05.2021 20:00:06;-1.023;0.007
Tilt 1;16.05.2021 21:00:04;-1.023;0.009
Tilt 1;16.05.2021 22:00:05;-1.025;0.011
Tilt 1;16.05.2021 23:00:04;-1.025;0.011
Tilt 1;17.05.2021 00:00:06;-1.025;0.011
Tilt 1;17.05.2021 01:00:04;-1.027;0.011
Tilt 1;17.05.2021 02:00:05;-1.025;0.011
Tilt 1;17.05.2021 03:00:04;-1.025;0.011
Tilt 1;17.05.2021 04:00:06;-1.023;0.013
Tilt 1;17.05.2021 05:00:04;-1.027;0.013
Tilt 1;17.05.2021 06:00:05;-1.029;0.013
Tilt 1;17.05.2021 07:00:05;-1.030;0.011
Tilt 1;17.05.2021 08:00:26;-1.032;0.007
Tilt 1;17.05.2021 09:00:04;-1.032;0.007
Tilt 1;17.05.2021 10:00:05;-1.032;0.005
Tilt 1;17.05.2021 11:00:05;-1.029;0.002
Tilt 1;17.05.2021 12:00:39;-1.025;0.002
Tilt 1;17.05.2021 13:00:04;-1.025;0.002
Tilt 1;17.05.2021 14:00:04;-1.021;0.000
Tilt 1;17.05.2021 15:00:04;-1.021;0.002
Tilt 1;17.05.2021 16:00:07;-1.019;0.002
Tilt 1;17.05.2021 17:00:04;-1.023;0.002
Tilt 1;17.05.2021 18:00:04;-1.019;0.003
Tilt 1;17.05.2021 19:00:04;-1.023;0.003
Tilt 1;17.05.2021 20:00:27;-1.023;0.005
Tilt 1;17.05.2021 21:00:05;-1.025;0.005
Tilt 1;17.05.2021 22:00:04;-1.025;0.007
Tilt 1;17.05.2021 23:00:04;-1.025;0.007
Tilt 1;18.05.2021 00:00:07;-1.027;0.007
Tilt 1;18.05.2021 01:00:04;-1.027;0.007
Tilt 1;18.05.2021 02:00:05;-1.025;0.011
Tilt 1;18.05.2021 03:00:04;-1.027;0.009
Tilt 1;18.05.2021 04:00:06;-1.029;0.011
Tilt 1;18.05.2021 05:00:04;-1.025;0.011
Tilt 1;18.05.2021 06:00:05;-1.029;0.011
Tilt 1;18.05.2021 07:00:04;-1.027;0.011
Tilt 1;18.05.2021 08:00:06;-1.027;0.011
Tilt 1;18.05.2021 09:00:04;-1.025;0.009
Tilt 1;18.05.2021 10:00:04;-1.027;0.009
Tilt 1;18.05.2021 11:00:05;-1.025;0.007
Tilt 1;18.05.2021 12:00:06;-1.025;0.007
Tilt 1;18.05.2021 13:00:04;-1.025;0.011
Tilt 1;18.05.2021 14:00:05;-1.027;0.011
Tilt 1;18.05.2021 15:00:05;-1.027;0.011
Tilt 1;18.05.2021 16:00:06;-1.027;0.009
Tilt 1;18.05.2021 17:00:04;-1.025;0.009
Tilt 1;18.05.2021 18:00:04;-1.027;0.011
Tilt 1;18.05.2021 19:00:05;-1.027;0.011
Tilt 1;18.05.2021 20:00:39;-1.027;0.011
Tilt 1;18.05.2021 21:00:04;-1.027;0.013
Tilt 1;18.05.2021 22:00:04;-1.029;0.011
Tilt 1;18.05.2021 23:00:05;-1.029;0.013
Tilt 1;19.05.2021 00:00:07;-1.027;0.011
Tilt 1;19.05.2021 01:00:04;-1.027;0.011
Tilt 1;19.05.2021 02:00:04;-1.029;0.013
Tilt 1;19.05.2021 03:00:05;-1.027;0.015
Tilt 1;19.05.2021 04:00:07;-1.029;0.013
Tilt 1;19.05.2021 05:00:05;-1.027;0.015
Tilt 1;19.05.2021 06:00:04;-1.029;0.013
Tilt 1;19.05.2021 07:00:04;-1.030;0.011
Tilt 1;19.05.2021 08:00:07;-1.032;0.011
Tilt 1;19.05.2021 09:00:05;-1.030;0.007
Tilt 1;19.05.2021 10:00:05;-1.029;0.005
Tilt 1;19.05.2021 11:00:04;-1.027;0.005
Tilt 1;19.05.2021 12:00:26;-1.025;0.005
Tilt 1;19.05.2021 13:00:04;-1.025;0.005
Tilt 1;19.05.2021 14:00:05;-1.023;0.005
Tilt 1;19.05.2021 15:00:04;-1.023;0.005
Tilt 1;19.05.2021 16:00:06;-1.023;0.003
Tilt 1;19.05.2021 17:00:04;-1.023;0.005
Tilt 1;19.05.2021 18:00:04;-1.025;0.005
Tilt 1;19.05.2021 19:00:04;-1.025;0.007
Tilt 1;19.05.2021 20:00:07;-1.025;0.007
Tilt 1;19.05.2021 21:00:05;-1.023;0.011
Tilt 1;19.05.2021 22:00:05;-1.025;0.009
Tilt 1;19.05.2021 23:00:04;-1.025;0.011
Tilt 1;20.05.2021 00:00:06;-1.027;0.011
Tilt 1;20.05.2021 01:00:04;-1.025;0.011
Tilt 1;20.05.2021 02:00:05;-1.029;0.011
Tilt 1;20.05.2021 03:00:04;-1.025;0.013
Tilt 1;20.05.2021 04:00:06;-1.019;0.011
Tilt 1;20.05.2021 05:00:04;-1.027;0.013
Tilt 1;20.05.2021 06:00:04;-1.029;0.011
Tilt 1;20.05.2021 07:00:05;-1.027;0.011
Tilt 1;20.05.2021 08:00:06;-1.027;0.009
Tilt 1;20.05.2021 09:00:04;-1.025;0.009
Tilt 1;20.05.2021 10:00:05;-1.027;0.007
Tilt 1;20.05.2021 11:00:05;-1.025;0.005
Tilt 1;20.05.2021 12:00:06;-1.025;0.005
Tilt 1;20.05.2021 13:00:04;-1.025;0.002
Tilt 1;20.05.2021 14:00:05;-1.021;0.005
Tilt 1;20.05.2021 15:00:04;-1.023;0.005
Tilt 1;20.05.2021 16:00:27;-1.021;0.005
Tilt 1;20.05.2021 17:00:04;-1.023;0.005
Tilt 1;20.05.2021 18:00:04;-1.025;0.005
Tilt 1;20.05.2021 19:00:04;-1.025;0.005
Tilt 1;20.05.2021 20:00:07;-1.025;0.007
Tilt 1;20.05.2021 21:00:05;-1.027;0.011
Tilt 1;20.05.2021 22:00:05;-1.025;0.011
Tilt 1;20.05.2021 23:00:04;-1.027;0.011
Tilt 1;21.05.2021 00:00:06;-1.027;0.013
Tilt 1;21.05.2021 01:00:04;-1.029;0.013
Tilt 1;21.05.2021 02:00:05;-1.025;0.015
Tilt 1;21.05.2021 03:00:04;-1.027;0.015
Tilt 1;21.05.2021 04:00:06;-1.023;0.016
Tilt 1;21.05.2021 05:00:04;-1.027;0.015
Tilt 1;21.05.2021 06:00:04;-1.029;0.015
Tilt 1;21.05.2021 07:00:05;-1.030;0.015
Tilt 1;21.05.2021 08:00:06;-1.032;0.009
Tilt 1;21.05.2021 09:00:04;-1.032;0.007
Tilt 1;21.05.2021 10:00:05;-1.034;0.005
Tilt 1;21.05.2021 11:00:05;-1.030;0.003
Tilt 1;21.05.2021 12:00:06;-1.025;0.002
Tilt 1;21.05.2021 13:00:04;-1.027;0.002
Tilt 1;21.05.2021 14:00:05;-1.019;0.005
Tilt 1;21.05.2021 15:00:05;-1.025;0.002
Tilt 1;21.05.2021 16:00:06;-1.025;0.000
Tilt 1;21.05.2021 17:00:04;-1.019;0.005
Tilt 1;21.05.2021 18:00:04;-1.017;0.011
Tilt 1;21.05.2021 19:00:05;-1.012;0.015
Tilt 1;21.05.2021 20:00:06;-1.017;0.011
Tilt 1;21.05.2021 21:00:04;-1.021;0.009
Tilt 1;21.05.2021 22:00:04;-1.023;0.007
Tilt 1;21.05.2021 23:00:05;-1.025;0.009
Tilt 1;22.05.2021 00:00:07;-1.027;0.011
Tilt 1;22.05.2021 01:00:04;-1.025;0.011
Tilt 1;22.05.2021 02:00:04;-1.029;0.011
Tilt 1;22.05.2021 03:00:05;-1.029;0.011
Tilt 1;22.05.2021 04:00:07;-1.029;0.011
Tilt 1;22.05.2021 05:00:05;-1.030;0.011
Tilt 1;22.05.2021 06:00:04;-1.030;0.011
Tilt 1;22.05.2021 07:00:04;-1.030;0.007
Tilt 1;22.05.2021 08:00:07;-1.030;0.005
Tilt 1;22.05.2021 09:00:05;-1.032;0.005
Tilt 1;22.05.2021 10:00:05;-1.029;0.002
Tilt 1;22.05.2021 11:00:04;-1.027;0.005
Tilt 1;22.05.2021 12:00:27;-1.027;0.005
Tilt 1;22.05.2021 13:00:04;-1.025;0.003
Tilt 1;22.05.2021 14:00:05;-1.023;0.005
Tilt 1;22.05.2021 15:00:04;-1.023;0.005
Tilt 1;22.05.2021 16:00:06;-1.016;0.011
Tilt 1;22.05.2021 17:00:04;-1.017;0.009
Tilt 1;22.05.2021 18:00:04;-1.016;0.013
Tilt 1;22.05.2021 19:00:04;-1.014;0.015
Tilt 1;22.05.2021 20:00:07;-1.021;0.009
Tilt 1;22.05.2021 21:00:05;-1.023;0.007
Tilt 1;22.05.2021 22:00:05;-1.025;0.007
Tilt 1;22.05.2021 23:00:04;-1.029;0.007
Tilt 1;23.05.2021 00:00:06;-1.027;0.009
Tilt 1;23.05.2021 01:00:04;-1.029;0.009
Tilt 1;23.05.2021 02:00:05;-1.027;0.009
Tilt 1;23.05.2021 03:00:04;-1.029;0.011
Tilt 1;23.05.2021 04:00:06;-1.030;0.011
Tilt 1;23.05.2021 05:00:04;-1.029;0.011
Tilt 1;23.05.2021 06:00:05;-1.030;0.009
Tilt 1;23.05.2021 07:00:05;-1.032;0.011
Tilt 1;23.05.2021 08:00:06;-1.034;0.007
Tilt 1;23.05.2021 09:00:04;-1.030;0.005
Tilt 1;23.05.2021 10:00:05;-1.029;0.005
Tilt 1;23.05.2021 11:00:05;-1.025;0.003
Tilt 1;23.05.2021 12:00:27;-1.025;0.002
Tilt 1;23.05.2021 13:00:04;-1.025;0.002
Tilt 1;23.05.2021 14:00:05;-1.023;0.002
Tilt 1;23.05.2021 15:00:05;-1.017;0.005
Tilt 1;23.05.2021 16:00:06;-1.023;0.005
Tilt 1;23.05.2021 17:00:04;-1.019;0.005
Tilt 1;23.05.2021 18:00:04;-1.023;0.007
Tilt 1;23.05.2021 19:00:04;-1.014;0.013
Tilt 1;23.05.2021 20:00:07;-1.019;0.007
Tilt 1;23.05.2021 21:00:05;-1.023;0.005
Tilt 1;23.05.2021 22:00:04;-1.025;0.005
Tilt 1;23.05.2021 23:00:04;-1.027;0.007
Tilt 1;24.05.2021 00:00:07;-1.025;0.007
Tilt 1;24.05.2021 01:00:05;-1.025;0.007
Tilt 1;24.05.2021 02:00:05;-1.023;0.009
Tilt 1;24.05.2021 03:00:04;-1.025;0.007
Tilt 1;24.05.2021 04:00:06;-1.027;0.007
Tilt 1;24.05.2021 05:00:04;-1.025;0.007
Tilt 1;24.05.2021 06:00:05;-1.025;0.007
Tilt 1;24.05.2021 07:00:05;-1.025;0.005
Tilt 1;24.05.2021 08:00:06;-1.025;0.005
Tilt 1;24.05.2021 09:00:04;-1.025;0.005
Tilt 1;24.05.2021 10:00:05;-1.023;0.003
Tilt 1;24.05.2021 11:00:05;-1.025;0.003
Tilt 1;24.05.2021 12:00:06;-1.023;0.005
Tilt 1;24.05.2021 13:00:04;-1.023;0.002
Tilt 1;24.05.2021 14:00:05;-1.023;0.002
Tilt 1;24.05.2021 15:00:05;-1.023;0.002
Tilt 1;24.05.2021 16:00:07;-1.021;0.003
Tilt 1;24.05.2021 17:00:04;-1.021;0.005
Tilt 1;24.05.2021 18:00:04;-1.021;0.005
Tilt 1;24.05.2021 19:00:04;-1.025;0.007
Tilt 1;24.05.2021 20:00:07;-1.025;0.007
Tilt 1;24.05.2021 21:00:05;-1.023;0.007
Tilt 1;24.05.2021 22:00:05;-1.025;0.007
Tilt 1;24.05.2021 23:00:04;-1.023;0.007
Tilt 1;25.05.2021 00:00:06;-1.025;0.007
Tilt 1;25.05.2021 01:00:04;-1.025;0.007
Tilt 1;25.05.2021 02:00:05;-1.027;0.009
Tilt 1;25.05.2021 03:00:05;-1.025;0.007
Tilt 1;25.05.2021 04:00:06;-1.027;0.009
Tilt 1;25.05.2021 05:00:04;-1.027;0.009
Tilt 1;25.05.2021 06:00:05;-1.025;0.007
Tilt 1;25.05.2021 07:00:05;-1.027;0.007
Tilt 1;25.05.2021 08:00:06;-1.029;0.007
Tilt 1;25.05.2021 09:00:04;-1.029;0.007
Tilt 1;25.05.2021 10:00:05;-1.027;0.007
Tilt 1;25.05.2021 11:00:05;-1.029;0.005
Tilt 1;25.05.2021 12:00:07;-1.025;0.005
Tilt 1;25.05.2021 13:00:04;-1.027;0.005
Tilt 1;25.05.2021 14:00:04;-1.027;0.005
Tilt 1;25.05.2021 15:00:04;-1.025;0.005
Tilt 1;25.05.2021 16:00:07;-1.025;0.005
Tilt 1;25.05.2021 17:00:04;-1.025;0.005
Tilt 1;25.05.2021 18:00:04;-1.027;0.005
Tilt 1;25.05.2021 19:00:04;-1.025;0.005
Tilt 1;25.05.2021 20:00:07;-1.027;0.007
Tilt 1;25.05.2021 21:00:04;-1.025;0.007
Tilt 1;25.05.2021 22:00:04;-1.027;0.009
Tilt 1;25.05.2021 23:00:05;-1.027;0.007
Tilt 1;26.05.2021 00:00:07;-1.029;0.009
Tilt 1;26.05.2021 01:00:05;-1.029;0.007
Tilt 1;26.05.2021 02:00:04;-1.029;0.009
Tilt 1;26.05.2021 03:00:04;-1.029;0.009
Tilt 1;26.05.2021 04:00:07;-1.029;0.009
Tilt 1;26.05.2021 05:00:04;-1.029;0.009
Tilt 1;26.05.2021 06:00:05;-1.030;0.009
Tilt 1;26.05.2021 07:00:04;-1.029;0.007
Tilt 1;26.05.2021 08:00:25;-1.029;0.007
Tilt 1;26.05.2021 09:00:04;-1.029;0.007
Tilt 1;26.05.2021 10:00:05;-1.029;0.007
Tilt 1;26.05.2021 11:00:05;-1.029;0.005
Tilt 1;26.05.2021 12:00:06;-1.025;0.002
Tilt 1;26.05.2021 13:00:04;-1.025;0.002
Tilt 1;26.05.2021 14:00:05;-1.023;0.002
Tilt 1;26.05.2021 15:00:04;-1.025;0.002
Tilt 1;26.05.2021 16:00:07;-1.023;0.000
Tilt 1;26.05.2021 17:00:04;-1.023;0.002
Tilt 1;26.05.2021 18:00:05;-1.019;0.007
Tilt 1;26.05.2021 19:00:05;-1.019;0.005
Tilt 1;26.05.2021 20:00:06;-1.016;0.011
Tilt 1;26.05.2021 21:00:04;-1.023;0.007
Tilt 1;26.05.2021 22:00:05;-1.025;0.007
Tilt 1;26.05.2021 23:00:05;-1.025;0.009
Tilt 1;27.05.2021 00:00:07;-1.030;0.009
Tilt 1;27.05.2021 01:00:04;-1.029;0.009
Tilt 1;27.05.2021 02:00:05;-1.029;0.011
Tilt 1;27.05.2021 03:00:04;-1.029;0.011
Tilt 1;27.05.2021 04:00:07;-1.029;0.011
Tilt 1;27.05.2021 05:00:04;-1.029;0.011
Tilt 1;27.05.2021 06:00:04;-1.030;0.009
Tilt 1;27.05.2021 07:00:04;-1.029;0.007
Tilt 1;27.05.2021 08:00:07;-1.027;0.005
Tilt 1;27.05.2021 09:00:05;-1.027;0.005
Tilt 1;27.05.2021 10:00:04;-1.025;0.002
Tilt 1;27.05.2021 11:00:04;-1.025;0.002
Tilt 1;27.05.2021 12:00:07;-1.019;0.000
Tilt 1;27.05.2021 13:00:05;-1.010;0.011
Tilt 1;27.05.2021 14:00:05;-1.023;-0.002
Tilt 1;27.05.2021 15:00:04;-1.023;-0.002
Tilt 1;27.05.2021 16:00:06;-1.023;-0.002
Tilt 1;27.05.2021 17:00:04;-1.016;0.003
Tilt 1;27.05.2021 18:00:05;-1.025;-0.002
Tilt 1;27.05.2021 19:00:04;-1.023;-0.002
Tilt 1;27.05.2021 20:00:07;-1.014;0.009
Tilt 1;27.05.2021 21:00:04;-1.017;0.007
Tilt 1;27.05.2021 22:00:05;-1.025;0.005
Tilt 1;27.05.2021 23:00:04;-1.025;0.005
Tilt 1;28.05.2021 00:00:06;-1.027;0.007
Tilt 1;28.05.2021 01:00:04;-1.025;0.009
Tilt 1;28.05.2021 02:00:05;-1.029;0.009
Tilt 1;28.05.2021 03:00:05;-1.025;0.009
Tilt 1;28.05.2021 04:00:26;-1.030;0.011
Tilt 1;28.05.2021 05:00:04;-1.032;0.011
Tilt 1;28.05.2021 06:00:05;-1.032;0.011
Tilt 1;28.05.2021 07:00:05;-1.032;0.007
Tilt 1;28.05.2021 08:00:06;-1.034;0.002
Tilt 1;28.05.2021 09:00:04;-1.034;0.000
Tilt 1;28.05.2021 10:00:05;-1.030;0.000
Tilt 1;28.05.2021 11:00:05;-1.027;0.000
Tilt 1;28.05.2021 12:00:07;-1.025;-0.002
Tilt 1;28.05.2021 13:00:04;-1.021;0.002
Tilt 1;28.05.2021 14:00:04;-1.023;-0.004
Tilt 1;28.05.2021 15:00:04;-1.023;-0.004
Tilt 1;28.05.2021 16:00:07;-1.021;-0.004
Tilt 1;28.05.2021 17:00:05;-1.023;-0.006
Tilt 1;28.05.2021 18:00:04;-1.023;-0.006
Tilt 1;28.05.2021 19:00:05;-1.023;-0.004
Tilt 1;28.05.2021 20:00:06;-1.014;0.005
Tilt 1;28.05.2021 21:00:04;-1.017;0.005
Tilt 1;28.05.2021 22:00:04;-1.023;0.003
Tilt 1;28.05.2021 23:00:05;-1.025;0.002
Tilt 1;29.05.2021 00:00:07;-1.025;0.005
Tilt 1;29.05.2021 01:00:04;-1.025;0.005
Tilt 1;29.05.2021 02:00:04;-1.027;0.005
Tilt 1;29.05.2021 03:00:05;-1.027;0.007
Tilt 1;29.05.2021 04:00:07;-1.029;0.009
Tilt 1;29.05.2021 05:00:04;-1.029;0.007
Tilt 1;29.05.2021 06:00:04;-1.029;0.007
Tilt 1;29.05.2021 07:00:05;-1.032;0.003
Tilt 1;29.05.2021 08:00:07;-1.034;0.002
Tilt 1;29.05.2021 09:00:05;-1.032;-0.002
Tilt 1;29.05.2021 10:00:04;-1.029;-0.004
Tilt 1;29.05.2021 11:00:04;-1.025;-0.008
Tilt 1;29.05.2021 12:00:27;-1.021;-0.008
Tilt 1;29.05.2021 13:00:05;-1.021;-0.008
Tilt 1;29.05.2021 14:00:04;-1.023;-0.008
Tilt 1;29.05.2021 15:00:04;-1.023;-0.008
Tilt 1;29.05.2021 16:00:26;-1.021;-0.006
Tilt 1;29.05.2021 17:00:04;-1.025;-0.010
Tilt 1;29.05.2021 18:00:05;-1.023;-0.011
Tilt 1;29.05.2021 19:00:04;-1.025;-0.011
Tilt 1;29.05.2021 20:00:06;-1.017;0.000
Tilt 1;29.05.2021 21:00:04;-1.017;0.002
Tilt 1;29.05.2021 22:00:05;-1.023;0.002
Tilt 1;29.05.2021 23:00:05;-1.025;0.002
Tilt 1;30.05.2021 00:00:06;-1.027;0.002
Tilt 1;30.05.2021 01:00:04;-1.027;0.005
Tilt 1;30.05.2021 02:00:05;-1.029;0.005
Tilt 1;30.05.2021 03:00:05;-1.029;0.005
Tilt 1;30.05.2021 04:00:06;-1.032;0.005
Tilt 1;30.05.2021 05:00:04;-1.030;0.007
Tilt 1;30.05.2021 06:00:05;-1.030;0.005
Tilt 1;30.05.2021 07:00:04;-1.032;0.003
Tilt 1;30.05.2021 08:00:07;-1.034;0.000
Tilt 1;30.05.2021 09:00:04;-1.034;-0.002
Tilt 1;30.05.2021 10:00:04;-1.030;-0.004
Tilt 1;30.05.2021 11:00:04;-1.025;-0.008
Tilt 1;30.05.2021 12:00:07;-1.021;-0.008
Tilt 1;30.05.2021 13:00:05;-1.023;-0.010
Tilt 1;30.05.2021 14:00:04;-1.023;-0.011
Tilt 1;30.05.2021 15:00:04;-1.021;-0.011
Tilt 1;30.05.2021 16:00:07;-1.025;-0.013
Tilt 1;30.05.2021 17:00:05;-1.021;-0.008
Tilt 1;30.05.2021 18:00:05;-1.023;-0.008
Tilt 1;30.05.2021 19:00:04;-1.027;-0.010
Tilt 1;30.05.2021 20:00:06;-1.021;-0.002
Tilt 1;30.05.2021 21:00:04;-1.021;0.002
Tilt 1;30.05.2021 22:00:05;-1.025;0.002
Tilt 1;30.05.2021 23:00:04;-1.029;0.002
Tilt 1;31.05.2021 00:00:06;-1.029;0.002
Tilt 1;31.05.2021 01:00:04;-1.029;0.003
Tilt 1;31.05.2021 02:00:04;-1.029;0.003
Tilt 1;31.05.2021 03:00:05;-1.032;0.005
Tilt 1;31.05.2021 04:00:06;-1.032;0.005
Tilt 1;31.05.2021 05:00:04;-1.032;0.007
Tilt 1;31.05.2021 06:00:05;-1.034;0.005
Tilt 1;31.05.2021 07:00:05;-1.034;0.002
Tilt 1;31.05.2021 08:00:07;-1.040;-0.002
Tilt 1;31.05.2021 09:00:04;-1.034;-0.002
Tilt 1;31.05.2021 10:00:04;-1.032;-0.006
Tilt 1;31.05.2021 11:00:04;-1.025;-0.008
Tilt 1;31.05.2021 12:00:27;-1.025;-0.008
Tilt 1;31.05.2021 13:00:04;-1.023;-0.011
Tilt 1;31.05.2021 14:00:04;-1.025;-0.011
Tilt 1;31.05.2021 15:00:04;-1.023;-0.013
Tilt 1;31.05.2021 16:00:07;-1.025;-0.013
Tilt 1;31.05.2021 17:00:05;-1.025;-0.011
Tilt 1;31.05.2021 18:00:04;-1.029;-0.013
Tilt 1;31.05.2021 19:00:04;-1.027;-0.013
Tilt 1;31.05.2021 20:00:07;-1.019;-0.004
Tilt 1;31.05.2021 21:00:05;-1.017;0.002
Tilt 1;31.05.2021 22:00:05;-1.025;0.002
Tilt 1;31.05.2021 23:00:04;-1.029;0.002
Tilt 1;01.06.2021 00:00:06;-1.029;0.002
Tilt 1;01.06.2021 01:00:04;-1.029;0.002
Tilt 1;01.06.2021 02:00:05;-1.030;0.002
Tilt 1;01.06.2021 03:00:04;-1.030;0.003
Tilt 1;01.06.2021 04:00:06;-1.032;0.005
Tilt 1;01.06.2021 05:00:04;-1.034;0.005
Tilt 1;01.06.2021 06:00:05;-1.032;0.003
Tilt 1;01.06.2021 07:00:05;-1.034;0.002
Tilt 1;01.06.2021 08:00:06;-1.038;0.000
Tilt 1;01.06.2021 09:00:04;-1.034;-0.004
Tilt 1;01.06.2021 10:00:05;-1.030;-0.008
Tilt 1;01.06.2021 11:00:05;-1.027;-0.010
Tilt 1;01.06.2021 12:00:06;-1.025;-0.010
Tilt 1;01.06.2021 13:00:04;-1.023;-0.011
Tilt 1;01.06.2021 14:00:05;-1.023;-0.011
Tilt 1;01.06.2021 15:00:05;-1.023;-0.011
Tilt 1;01.06.2021 16:00:07;-1.027;-0.013
Tilt 1;01.06.2021 17:00:04;-1.025;-0.010
Tilt 1;01.06.2021 18:00:05;-1.023;-0.010
Tilt 1;01.06.2021 19:00:05;-1.025;-0.011
Tilt 1;01.06.2021 20:00:38;-1.019;-0.002
Tilt 1;01.06.2021 21:00:04;-1.021;-0.002
Tilt 1;01.06.2021 22:00:04;-1.027;-0.004
Tilt 1;01.06.2021 23:00:05;-1.027;-0.002
Tilt 1;02.06.2021 00:00:06;-1.029;-0.002
Tilt 1;02.06.2021 01:00:04;-1.030;0.000
Tilt 1;02.06.2021 02:00:05;-1.030;0.002
Tilt 1;02.06.2021 03:00:05;-1.032;0.002
Tilt 1;02.06.2021 04:00:07;-1.032;0.002
Tilt 1;02.06.2021 05:00:04;-1.032;0.005
Tilt 1;02.06.2021 06:00:04;-1.032;0.003
Tilt 1;02.06.2021 07:00:04;-1.032;0.002
Tilt 1;02.06.2021 08:00:07;-1.034;-0.002
Tilt 1;02.06.2021 09:00:05;-1.032;-0.002
Tilt 1;02.06.2021 10:00:04;-1.032;-0.004
Tilt 1;02.06.2021 11:00:04;-1.029;-0.008
Tilt 1;02.06.2021 12:00:07;-1.023;-0.008
Tilt 1;02.06.2021 13:00:05;-1.019;-0.006
Tilt 1;02.06.2021 14:00:04;-1.025;-0.010
Tilt 1;02.06.2021 15:00:04;-1.023;-0.004
Tilt 1;02.06.2021 16:00:07;-1.023;-0.006
Tilt 1;02.06.2021 17:00:05;-1.023;-0.006
Tilt 1;02.06.2021 18:00:04;-1.025;-0.010
Tilt 1;02.06.2021 19:00:05;-1.027;-0.008
Tilt 1;02.06.2021 20:00:06;-1.021;0.000
Tilt 1;02.06.2021 21:00:04;-1.021;0.002
Tilt 1;02.06.2021 22:00:04;-1.025;0.002
Tilt 1;02.06.2021 23:00:05;-1.029;0.000
Tilt 1;03.06.2021 00:00:07;-1.029;0.002
Tilt 1;03.06.2021 01:00:04;-1.029;0.003
Tilt 1;03.06.2021 02:00:04;-1.029;0.005
Tilt 1;03.06.2021 03:00:05;-1.032;0.005
Tilt 1;03.06.2021 04:00:07;-1.032;0.005
Tilt 1;03.06.2021 05:00:05;-1.032;0.005
Tilt 1;03.06.2021 06:00:04;-1.032;0.005
Tilt 1;03.06.2021 07:00:05;-1.034;0.002
Tilt 1;03.06.2021 08:00:07;-1.036;0.002
Tilt 1;03.06.2021 09:00:05;-1.034;-0.002
Tilt 1;03.06.2021 10:00:04;-1.032;-0.002
Tilt 1;03.06.2021 11:00:04;-1.029;-0.002
Tilt 1;03.06.2021 12:00:07;-1.027;-0.004
Tilt 1;03.06.2021 13:00:04;-1.025;-0.006
Tilt 1;03.06.2021 14:00:05;-1.025;-0.008
Tilt 1;03.06.2021 15:00:04;-1.025;-0.008
Tilt 1;03.06.2021 16:00:06;-1.027;-0.008
Tilt 1;03.06.2021 17:00:04;-1.023;-0.004
Tilt 1;03.06.2021 18:00:04;-1.021;-0.002
Tilt 1;03.06.2021 19:00:05;-1.023;-0.002
Tilt 1;03.06.2021 20:00:06;-1.016;0.005
Tilt 1;03.06.2021 21:00:04;-1.023;0.002
Tilt 1;03.06.2021 22:00:04;-1.027;0.002
Tilt 1;03.06.2021 23:00:05;-1.029;0.003
Tilt 1;04.06.2021 00:00:06;-1.029;0.003
Tilt 1;04.06.2021 01:00:04;-1.029;0.005
Tilt 1;04.06.2021 02:00:05;-1.029;0.005
Tilt 1;04.06.2021 03:00:05;-1.029;0.005
Tilt 1;04.06.2021 04:00:07;-1.032;0.005
Tilt 1;04.06.2021 05:00:04;-1.032;0.005
Tilt 1;04.06.2021 06:00:05;-1.029;0.005
Tilt 1;04.06.2021 07:00:04;-1.029;0.003
Tilt 1;04.06.2021 08:00:07;-1.030;0.003
Tilt 1;05.06.2021 09:00:04;-1.030;0.000
Tilt 1;05.06.2021 10:00:05;-1.029;-0.002
Tilt 1;05.06.2021 11:00:04;-1.025;-0.004
Tilt 1;05.06.2021 12:00:25;-1.025;-0.006
Tilt 1;05.06.2021 13:00:04;-1.019;-0.004
Tilt 1;05.06.2021 14:00:05;-1.021;-0.002
Tilt 1;05.06.2021 15:00:05;-1.023;-0.002
Tilt 1;05.06.2021 16:00:06;-1.019;0.002
Tilt 1;05.06.2021 17:00:04;-1.025;-0.004
Tilt 1;05.06.2021 18:00:04;-1.021;0.002
Tilt 1;05.06.2021 19:00:04;-1.023;0.005
Tilt 1;05.06.2021 20:00:07;-1.025;0.002
Tilt 1;05.06.2021 21:00:05;-1.027;0.002
Tilt 1;05.06.2021 22:00:04;-1.029;0.002
Tilt 1;05.06.2021 23:00:04;-1.029;0.002
Tilt 1;06.06.2021 00:00:07;-1.029;0.003
Tilt 1;06.06.2021 01:00:05;-1.032;0.005
Tilt 1;06.06.2021 02:00:04;-1.030;0.003
Tilt 1;06.06.2021 03:00:04;-1.032;0.005
Tilt 1;06.06.2021 04:00:06;-1.030;0.005
Tilt 1;06.06.2021 05:00:04;-1.032;0.005
Tilt 1;06.06.2021 06:00:05;-1.032;0.005
Tilt 1;06.06.2021 07:00:04;-1.030;0.003
Tilt 1;06.06.2021 08:00:06;-1.030;0.002
Tilt 1;06.06.2021 09:00:04;-1.029;0.002
Tilt 1;06.06.2021 10:00:05;-1.029;0.002
Tilt 1;06.06.2021 11:00:05;-1.029;-0.002
Tilt 1;06.06.2021 12:00:06;-1.027;-0.002
Tilt 1;06.06.2021 13:00:04;-1.025;-0.004
Tilt 1;06.06.2021 14:00:05;-1.025;-0.002
Tilt 1;06.06.2021 15:00:05;-1.025;-0.002
Tilt 1;06.06.2021 16:00:06;-1.025;0.002
Tilt 1;06.06.2021 17:00:04;-1.029;-0.002
Tilt 1;06.06.2021 18:00:04;-1.025;0.000
Tilt 1;06.06.2021 19:00:04;-1.029;-0.002
Tilt 1;06.06.2021 20:00:07;-1.023;0.005
Tilt 1;06.06.2021 21:00:05;-1.021;0.007
Tilt 1;06.06.2021 22:00:04;-1.029;0.005
Tilt 1;06.06.2021 23:00:04;-1.029;0.005
Tilt 1;07.06.2021 00:00:07;-1.030;0.007
Tilt 1;07.06.2021 01:00:05;-1.030;0.007
Tilt 1;07.06.2021 02:00:05;-1.032;0.009
Tilt 1;07.06.2021 03:00:04;-1.032;0.011
Tilt 1;07.06.2021 04:00:06;-1.032;0.007
Tilt 1;07.06.2021 05:00:04;-1.032;0.007
Tilt 1;07.06.2021 06:00:05;-1.032;0.009
Tilt 1;07.06.2021 07:00:05;-1.036;0.007
Tilt 1;07.06.2021 08:00:26;-1.038;0.005
Tilt 1;07.06.2021 09:00:04;-1.034;0.002
Tilt 1;07.06.2021 10:00:05;-1.032;-0.002
Tilt 1;07.06.2021 11:00:05;-1.029;-0.002
Tilt 1;07.06.2021 12:00:06;-1.027;-0.004
Tilt 1;07.06.2021 13:00:04;-1.025;-0.004
Tilt 1;07.06.2021 14:00:05;-1.023;-0.006
Tilt 1;07.06.2021 15:00:05;-1.025;-0.008
Tilt 1;07.06.2021 16:00:06;-1.025;-0.004
Tilt 1;07.06.2021 17:00:04;-1.029;-0.008
Tilt 1;07.06.2021 18:00:04;-1.029;-0.008
Tilt 1;07.06.2021 19:00:04;-1.025;-0.002
Tilt 1;07.06.2021 20:00:07;-1.021;0.005
Tilt 1;07.06.2021 21:00:04;-1.023;0.005
Tilt 1;07.06.2021 22:00:04;-1.029;0.005
Tilt 1;07.06.2021 23:00:05;-1.030;0.005
Tilt 1;08.06.2021 00:00:07;-1.029;0.005
Tilt 1;08.06.2021 01:00:05;-1.030;0.003
Tilt 1;08.06.2021 02:00:04;-1.032;0.005
Tilt 1;08.06.2021 03:00:04;-1.030;0.005
Tilt 1;08.06.2021 04:00:07;-1.032;0.005
Tilt 1;08.06.2021 05:00:05;-1.030;0.005
Tilt 1;08.06.2021 06:00:04;-1.030;0.005
Tilt 1;08.06.2021 07:00:04;-1.032;0.005
Tilt 1;08.06.2021 08:00:06;-1.034;0.002
Tilt 1;08.06.2021 09:00:04;-1.032;0.000
Tilt 1;08.06.2021 10:00:05;-1.030;-0.002
Tilt 1;08.06.2021 11:00:04;-1.025;-0.004
Tilt 1;08.06.2021 12:00:06;-1.021;0.002
Tilt 1;08.06.2021 13:00:04;-1.025;-0.004
Tilt 1;08.06.2021 14:00:05;-1.025;-0.006
Tilt 1;08.06.2021 15:00:05;-1.027;-0.004
Tilt 1;08.06.2021 16:00:06;-1.025;-0.002
Tilt 1;08.06.2021 17:00:04;-1.029;-0.004
Tilt 1;08.06.2021 18:00:04;-1.029;-0.004
Tilt 1;08.06.2021 19:00:04;-1.025;-0.002
Tilt 1;08.06.2021 20:00:07;-1.023;0.003
Tilt 1;08.06.2021 21:00:04;-1.023;0.005
Tilt 1;08.06.2021 22:00:04;-1.027;0.005
Tilt 1;08.06.2021 23:00:05;-1.029;0.005
Tilt 1;09.06.2021 00:00:07;-1.032;0.007
Tilt 1;09.06.2021 01:00:04;-1.032;0.007
Tilt 1;09.06.2021 02:00:04;-1.034;0.007
Tilt 1;09.06.2021 03:00:05;-1.032;0.007
Tilt 1;09.06.2021 04:00:07;-1.032;0.007
Tilt 1;09.06.2021 05:00:05;-1.032;0.007
Tilt 1;09.06.2021 06:00:04;-1.032;0.005
Tilt 1;09.06.2021 07:00:04;-1.032;0.005
Tilt 1;09.06.2021 08:00:27;-1.034;0.005
Tilt 1;09.06.2021 09:00:04;-1.034;0.002
Tilt 1;09.06.2021 10:00:05;-1.032;-0.002
Tilt 1;09.06.2021 11:00:04;-1.029;-0.002
Tilt 1;09.06.2021 12:00:07;-1.019;0.003
Tilt 1;09.06.2021 13:00:04;-1.023;0.003
Tilt 1;09.06.2021 14:00:05;-1.027;0.000
Tilt 1;09.06.2021 15:00:04;-1.023;0.005
Tilt 1;09.06.2021 16:00:26;-1.019;0.007
Tilt 1;09.06.2021 17:00:04;-1.019;0.007
Tilt 1;09.06.2021 18:00:04;-1.025;0.005
Tilt 1;09.06.2021 19:00:05;-1.027;0.007
Tilt 1;09.06.2021 20:00:06;-1.029;0.005
Tilt 1;09.06.2021 21:00:04;-1.032;0.007
Tilt 1;09.06.2021 22:00:04;-1.032;0.007
Tilt 1;09.06.2021 23:00:05;-1.032;0.007
Tilt 1;10.06.2021 00:00:07;-1.034;0.007
Tilt 1;10.06.2021 01:00:04;-1.032;0.009
Tilt 1;10.06.2021 02:00:04;-1.032;0.009
Tilt 1;10.06.2021 03:00:05;-1.034;0.007
Tilt 1;10.06.2021 04:00:07;-1.034;0.007
Tilt 1;10.06.2021 05:00:05;-1.032;0.009
Tilt 1;10.06.2021 06:00:04;-1.032;0.007
Tilt 1;10.06.2021 07:00:04;-1.032;0.009
Tilt 1;10.06.2021 08:00:26;-1.032;0.007
Tilt 1;10.06.2021 09:00:05;-1.032;0.007
Tilt 1;10.06.2021 10:00:04;-1.032;0.005
Tilt 1;10.06.2021 11:00:04;-1.032;0.005
Tilt 1;10.06.2021 12:00:06;-1.032;0.007
Tilt 1;10.06.2021 13:00:04;-1.032;0.005
Tilt 1;10.06.2021 14:00:05;-1.032;0.005
Tilt 1;10.06.2021 15:00:04;-1.032;0.003
Tilt 1;10.06.2021 16:00:06;-1.034;0.005
Tilt 1;10.06.2021 17:00:04;-1.034;0.005
Tilt 1;10.06.2021 18:00:04;-1.032;0.005
Tilt 1;10.06.2021 19:00:05;-1.034;0.005
Tilt 1;10.06.2021 20:00:07;-1.034;0.007
Tilt 1;10.06.2021 21:00:04;-1.032;0.005
Tilt 1;10.06.2021 22:00:04;-1.034;0.007
Tilt 1;10.06.2021 23:00:05;-1.034;0.007
Tilt 1;11.06.2021 00:00:07;-1.036;0.007
Tilt 1;11.06.2021 01:00:04;-1.034;0.007
Tilt 1;11.06.2021 02:00:04;-1.034;0.011
Tilt 1;11.06.2021 03:00:05;-1.036;0.009
Tilt 1;11.06.2021 04:00:07;-1.036;0.007
Tilt 1;11.06.2021 05:00:05;-1.038;0.009
Tilt 1;11.06.2021 06:00:04;-1.036;0.007
Tilt 1;11.06.2021 07:00:04;-1.034;0.011
Tilt 1;11.06.2021 08:00:26;-1.034;0.009
Tilt 1;11.06.2021 09:00:05;-1.034;0.009
Tilt 1;11.06.2021 10:00:05;-1.034;0.009
Tilt 1;11.06.2021 11:00:04;-1.036;0.007
Tilt 1;11.06.2021 12:00:26;-1.036;0.007
Tilt 1;11.06.2021 13:00:04;-1.034;0.007
Tilt 1;11.06.2021 14:00:05;-1.034;0.009
Tilt 1;11.06.2021 15:00:04;-1.034;0.011
Tilt 1;11.06.2021 16:00:06;-1.034;0.011
Tilt 1;11.06.2021 17:00:04;-1.034;0.009
Tilt 1;11.06.2021 18:00:04;-1.034;0.007
Tilt 1;11.06.2021 19:00:05;-1.034;0.009
Tilt 1;11.06.2021 20:00:07;-1.034;0.013
Tilt 1;11.06.2021 21:00:04;-1.034;0.013
Tilt 1;11.06.2021 22:00:04;-1.036;0.015
Tilt 1;11.06.2021 23:00:05;-1.038;0.015
Tilt 1;12.06.2021 00:00:07;-1.038;0.015
Tilt 1;12.06.2021 01:00:04;-1.038;0.015
Tilt 1;12.06.2021 02:00:04;-1.042;0.016
Tilt 1;12.06.2021 03:00:05;-1.038;0.016
Tilt 1;12.06.2021 04:00:07;-1.038;0.016
Tilt 1;12.06.2021 05:00:05;-1.040;0.016
Tilt 1;12.06.2021 06:00:04;-1.038;0.016
Tilt 1;12.06.2021 07:00:04;-1.040;0.016
Tilt 1;12.06.2021 08:00:27;-1.040;0.018
Tilt 1;12.06.2021 09:00:05;-1.040;0.018
Tilt 1;12.06.2021 10:00:04;-1.042;0.020
Tilt 1;12.06.2021 11:00:04;-1.038;0.016
Tilt 1;12.06.2021 12:00:06;-1.038;0.016
Tilt 1;12.06.2021 13:00:04;-1.038;0.015
Tilt 1;12.06.2021 14:00:05;-1.036;0.016
Tilt 1;12.06.2021 15:00:04;-1.034;0.015
Tilt 1;12.06.2021 16:00:06;-1.034;0.015
Tilt 1;12.06.2021 17:00:04;-1.034;0.016
Tilt 1;12.06.2021 18:00:05;-1.036;0.016
Tilt 1;12.06.2021 19:00:04;-1.034;0.016
Tilt 1;12.06.2021 20:00:31;-1.036;0.016
Tilt 1;12.06.2021 21:00:05;-1.036;0.018
Tilt 1;12.06.2021 22:00:05;-1.038;0.018
Tilt 1;12.06.2021 23:00:04;-1.038;0.020
Tilt 1;13.06.2021 00:00:26;-1.038;0.020
Tilt 1;13.06.2021 01:00:04;-1.038;0.020
Tilt 1;13.06.2021 02:00:04;-1.038;0.020
Tilt 1;13.06.2021 03:00:05;-1.038;0.020
Tilt 1;13.06.2021 04:00:06;-1.040;0.022
Tilt 1;13.06.2021 05:00:04;-1.038;0.020
Tilt 1;13.06.2021 06:00:05;-1.040;0.020
Tilt 1;13.06.2021 07:00:05;-1.038;0.020
Tilt 1;13.06.2021 08:00:26;-1.038;0.020
Tilt 1;13.06.2021 09:00:04;-1.038;0.020
Tilt 1;13.06.2021 10:00:05;-1.040;0.020
Tilt 1;13.06.2021 11:00:05;-1.038;0.018
Tilt 1;13.06.2021 12:00:06;-1.038;0.018
Tilt 1;13.06.2021 13:00:04;-1.038;0.020
Tilt 1;13.06.2021 14:00:05;-1.036;0.018
Tilt 1;13.06.2021 15:00:05;-1.036;0.016
Tilt 1;13.06.2021 16:00:26;-1.038;0.016
Tilt 1;13.06.2021 17:00:04;-1.036;0.016
Tilt 1;13.06.2021 18:00:04;-1.038;0.016
Tilt 1;13.06.2021 19:00:04;-1.036;0.016
Tilt 1;13.06.2021 20:00:07;-1.038;0.016
Tilt 1;13.06.2021 21:00:05;-1.038;0.016
Tilt 1;13.06.2021 22:00:04;-1.036;0.018
Tilt 1;13.06.2021 23:00:04;-1.038;0.016
Tilt 1;14.06.2021 00:00:06;-1.040;0.016
Tilt 1;14.06.2021 01:00:04;-1.038;0.016
Tilt 1;14.06.2021 02:00:05;-1.038;0.016
Tilt 1;14.06.2021 03:00:04;-1.038;0.018
Tilt 1;14.06.2021 04:00:06;-1.038;0.018
Tilt 1;14.06.2021 05:00:04;-1.040;0.018
Tilt 1;14.06.2021 06:00:05;-1.038;0.020
Tilt 1;14.06.2021 07:00:05;-1.042;0.020
Tilt 1;14.06.2021 08:00:06;-1.042;0.016
Tilt 1;14.06.2021 09:00:04;-1.038;0.016
Tilt 1;14.06.2021 10:00:05;-1.038;0.016
Tilt 1;14.06.2021 11:00:05;-1.036;0.018
Tilt 1;14.06.2021 12:00:07;-1.038;0.016
Tilt 1;14.06.2021 13:00:04;-1.038;0.018
Tilt 1;14.06.2021 14:00:04;-1.038;0.020
Tilt 1;14.06.2021 15:00:04;-1.040;0.016
Tilt 1;14.06.2021 16:00:07;-1.038;0.020
Tilt 1;14.06.2021 17:00:04;-1.038;0.018
Tilt 1;14.06.2021 18:00:05;-1.038;0.018
Tilt 1;14.06.2021 19:00:04;-1.038;0.018
Tilt 1;14.06.2021 20:00:26;-1.038;0.022
Tilt 1;14.06.2021 21:00:04;-1.038;0.024
Tilt 1;14.06.2021 22:00:05;-1.042;0.024
Tilt 1;14.06.2021 23:00:05;-1.042;0.024
Tilt 1;15.06.2021 00:00:06;-1.042;0.024
Tilt 1;15.06.2021 01:00:04;-1.040;0.024
Tilt 1;15.06.2021 02:00:05;-1.042;0.024
Tilt 1;15.06.2021 03:00:05;-1.040;0.024
Tilt 1;15.06.2021 04:00:06;-1.042;0.024
Tilt 1;15.06.2021 05:00:04;-1.042;0.026
Tilt 1;15.06.2021 06:00:05;-1.042;0.024
Tilt 1;15.06.2021 07:00:05;-1.042;0.022
Tilt 1;15.06.2021 08:00:06;-1.042;0.024
Tilt 1;15.06.2021 09:00:04;-1.042;0.024
Tilt 1;15.06.2021 10:00:05;-1.042;0.022
Tilt 1;15.06.2021 11:00:05;-1.038;0.020
Tilt 1;15.06.2021 12:00:07;-1.040;0.022
Tilt 1;15.06.2021 13:00:04;-1.038;0.020
Tilt 1;15.06.2021 14:00:04;-1.038;0.018
Tilt 1;15.06.2021 15:00:04;-1.042;0.016
Tilt 1;15.06.2021 16:00:07;-1.040;0.016
Tilt 1;15.06.2021 17:00:04;-1.038;0.015
Tilt 1;15.06.2021 18:00:04;-1.038;0.016
Tilt 1;15.06.2021 19:00:04;-1.034;0.016
Tilt 1;15.06.2021 20:00:06;-1.036;0.018
Tilt 1;15.06.2021 21:00:04;-1.038;0.020
Tilt 1;15.06.2021 22:00:05;-1.038;0.022
Tilt 1;15.06.2021 23:00:04;-1.038;0.022
Tilt 1;16.06.2021 00:00:06;-1.038;0.022
Tilt 1;16.06.2021 01:00:04;-1.038;0.022
Tilt 1;16.06.2021 02:00:05;-1.040;0.024
Tilt 1;16.06.2021 03:00:05;-1.040;0.022
Tilt 1;16.06.2021 04:00:06;-1.038;0.020
Tilt 1;16.06.2021 05:00:04;-1.038;0.024
Tilt 1;16.06.2021 06:00:05;-1.040;0.020
Tilt 1;16.06.2021 07:00:05;-1.038;0.020
Tilt 1;16.06.2021 08:00:07;-1.038;0.022
Tilt 1;16.06.2021 09:00:04;-1.038;0.020
Tilt 1;16.06.2021 10:00:04;-1.038;0.020
Tilt 1;16.06.2021 11:00:04;-1.038;0.020
Tilt 1;16.06.2021 12:00:07;-1.038;0.020
Tilt 1;16.06.2021 13:00:04;-1.040;0.020
Tilt 1;16.06.2021 14:00:04;-1.040;0.020
Tilt 1;16.06.2021 15:00:04;-1.038;0.016
Tilt 1;16.06.2021 16:00:07;-1.038;0.015
Tilt 1;16.06.2021 17:00:05;-1.038;0.015
Tilt 1;16.06.2021 18:00:05;-1.038;0.015
Tilt 1;16.06.2021 19:00:04;-1.038;0.015
Tilt 1;16.06.2021 20:00:06;-1.038;0.016
Tilt 1;16.06.2021 21:00:04;-1.038;0.016
Tilt 1;16.06.2021 22:00:05;-1.038;0.018
Tilt 1;16.06.2021 23:00:05;-1.038;0.018
Tilt 1;17.06.2021 00:00:06;-1.040;0.016
Tilt 1;17.06.2021 01:00:04;-1.042;0.016
Tilt 1;17.06.2021 02:00:05;-1.040;0.016
Tilt 1;17.06.2021 03:00:05;-1.040;0.016
Tilt 1;17.06.2021 04:00:06;-1.040;0.016
Tilt 1;17.06.2021 05:00:04;-1.040;0.016
Tilt 1;17.06.2021 06:00:05;-1.042;0.018
Tilt 1;17.06.2021 07:00:05;-1.042;0.016
Tilt 1;17.06.2021 08:00:07;-1.038;0.015
Tilt 1;17.06.2021 09:00:04;-1.040;0.015
Tilt 1;17.06.2021 10:00:04;-1.038;0.015
Tilt 1;17.06.2021 11:00:04;-1.038;0.015
Tilt 1;17.06.2021 12:00:07;-1.038;0.013
Tilt 1;17.06.2021 13:00:05;-1.036;0.015
Tilt 1;17.06.2021 14:00:04;-1.036;0.013
Tilt 1;17.06.2021 15:00:04;-1.034;0.013
Tilt 1;17.06.2021 16:00:07;-1.034;0.011
Tilt 1;17.06.2021 17:00:05;-1.034;0.013
Tilt 1;17.06.2021 18:00:05;-1.036;0.015
Tilt 1;17.06.2021 19:00:04;-1.034;0.015
Tilt 1;17.06.2021 20:00:06;-1.036;0.015
Tilt 1;17.06.2021 21:00:04;-1.036;0.016
Tilt 1;17.06.2021 22:00:05;-1.038;0.016
Tilt 1;17.06.2021 23:00:05;-1.040;0.016
Tilt 1;18.06.2021 00:00:06;-1.036;0.018
Tilt 1;18.06.2021 01:00:04;-1.038;0.018
Tilt 1;18.06.2021 02:00:05;-1.038;0.016
Tilt 1;18.06.2021 03:00:05;-1.038;0.016
Tilt 1;18.06.2021 04:00:06;-1.038;0.016
Tilt 1;18.06.2021 05:00:04;-1.038;0.018
Tilt 1;18.06.2021 06:00:05;-1.038;0.018
Tilt 1;18.06.2021 07:00:04;-1.038;0.020
Tilt 1;18.06.2021 08:00:27;-1.038;0.018
Tilt 1;18.06.2021 09:00:04;-1.038;0.018
Tilt 1;18.06.2021 10:00:04;-1.038;0.018
Tilt 1;18.06.2021 11:00:04;-1.038;0.016
Tilt 1;18.06.2021 12:00:07;-1.038;0.016
Tilt 1;18.06.2021 13:00:04;-1.038;0.016
Tilt 1;18.06.2021 14:00:04;-1.036;0.016
Tilt 1;18.06.2021 15:00:04;-1.038;0.013
Tilt 1;18.06.2021 16:00:27;-1.038;0.011
Tilt 1;18.06.2021 17:00:05;-1.038;0.011
Tilt 1;18.06.2021 18:00:04;-1.036;0.011
Tilt 1;18.06.2021 19:00:04;-1.030;0.018
Tilt 1;18.06.2021 20:00:06;-1.027;0.024
Tilt 1;18.06.2021 21:00:04;-1.032;0.020
Tilt 1;18.06.2021 22:00:05;-1.034;0.018
Tilt 1;18.06.2021 23:00:04;-1.034;0.020
Tilt 1;19.06.2021 00:00:06;-1.036;0.020
Tilt 1;19.06.2021 01:00:04;-1.034;0.020
Tilt 1;19.06.2021 02:00:05;-1.036;0.020
Tilt 1;19.06.2021 03:00:04;-1.036;0.020
Tilt 1;19.06.2021 04:00:06;-1.036;0.020
Tilt 1;19.06.2021 05:00:04;-1.038;0.018
Tilt 1;19.06.2021 06:00:04;-1.040;0.018
Tilt 1;19.06.2021 07:00:05;-1.038;0.020
Tilt 1;19.06.2021 08:00:06;-1.038;0.018
Tilt 1;19.06.2021 09:00:04;-1.038;0.020
Tilt 1;19.06.2021 10:00:05;-1.038;0.020
Tilt 1;19.06.2021 11:00:05;-1.038;0.018
Tilt 1;19.06.2021 12:00:07;-1.038;0.018
Tilt 1;19.06.2021 13:00:04;-1.036;0.018
Tilt 1;19.06.2021 14:00:05;-1.038;0.016
Tilt 1;19.06.2021 15:00:04;-1.038;0.016
Tilt 1;19.06.2021 16:00:07;-1.038;0.016
Tilt 1;19.06.2021 17:00:04;-1.036;0.018
Tilt 1;19.06.2021 18:00:04;-1.036;0.016
Tilt 1;19.06.2021 19:00:04;-1.038;0.016
Tilt 1;19.06.2021 20:00:07;-1.038;0.016
Tilt 1;19.06.2021 21:00:05;-1.038;0.018
Tilt 1;19.06.2021 22:00:04;-1.036;0.016
Tilt 1;19.06.2021 23:00:04;-1.040;0.020
Tilt 1;20.06.2021 00:00:26;-1.038;0.018
Tilt 1;20.06.2021 01:00:05;-1.038;0.018
Tilt 1;20.06.2021 02:00:05;-1.038;0.018
Tilt 1;20.06.2021 03:00:04;-1.040;0.020
Tilt 1;20.06.2021 04:00:06;-1.038;0.020
Tilt 1;20.06.2021 05:00:04;-1.040;0.020
Tilt 1;20.06.2021 06:00:05;-1.042;0.018
Tilt 1;20.06.2021 07:00:04;-1.042;0.018
Tilt 1;20.06.2021 08:00:06;-1.043;0.015
Tilt 1;20.06.2021 09:00:04;-1.042;0.015
Tilt 1;20.06.2021 10:00:05;-1.040;0.015
Tilt 1;20.06.2021 11:00:05;-1.038;0.011
Tilt 1;20.06.2021 12:00:06;-1.036;0.013
Tilt 1;20.06.2021 13:00:04;-1.034;0.013
Tilt 1;20.06.2021 14:00:05;-1.034;0.015
Tilt 1;20.06.2021 15:00:04;-1.034;0.015
Tilt 1;20.06.2021 16:00:07;-1.034;0.015
Tilt 1;20.06.2021 17:00:04;-1.036;0.015
Tilt 1;20.06.2021 18:00:04;-1.038;0.016
Tilt 1;20.06.2021 19:00:04;-1.036;0.016
Tilt 1;20.06.2021 20:00:07;-1.038;0.016
Tilt 1;20.06.2021 21:00:05;-1.036;0.016
Tilt 1;20.06.2021 22:00:04;-1.036;0.018
Tilt 1;20.06.2021 23:00:04;-1.038;0.018
Tilt 1;21.06.2021 00:00:07;-1.038;0.020
Tilt 1;21.06.2021 01:00:04;-1.038;0.020
Tilt 1;21.06.2021 02:00:05;-1.038;0.020
Tilt 1;21.06.2021 03:00:04;-1.038;0.020
Tilt 1;21.06.2021 04:00:06;-1.038;0.020
Tilt 1;21.06.2021 05:00:04;-1.040;0.020
Tilt 1;21.06.2021 06:00:05;-1.040;0.020
Tilt 1;21.06.2021 07:00:05;-1.038;0.020
Tilt 1;21.06.2021 08:00:06;-1.038;0.020
Tilt 1;21.06.2021 09:00:04;-1.038;0.018
Tilt 1;21.06.2021 10:00:05;-1.038;0.018
Tilt 1;21.06.2021 11:00:05;-1.038;0.016
Tilt 1;21.06.2021 12:00:06;-1.038;0.016
Tilt 1;21.06.2021 13:00:04;-1.036;0.016
Tilt 1;21.06.2021 14:00:05;-1.036;0.015
Tilt 1;21.06.2021 15:00:04;-1.032;0.015
Tilt 1;21.06.2021 16:00:07;-1.034;0.016
Tilt 1;21.06.2021 17:00:04;-1.034;0.015
Tilt 1;21.06.2021 18:00:04;-1.034;0.016
Tilt 1;21.06.2021 19:00:04;-1.034;0.016
Tilt 1;21.06.2021 20:00:07;-1.036;0.018
Tilt 1;21.06.2021 21:00:04;-1.036;0.020
Tilt 1;21.06.2021 22:00:05;-1.038;0.020
Tilt 1;21.06.2021 23:00:04;-1.038;0.022
Tilt 1;22.06.2021 00:00:06;-1.038;0.020
Tilt 1;22.06.2021 01:00:04;-1.040;0.022
Tilt 1;22.06.2021 02:00:05;-1.040;0.022
Tilt 1;22.06.2021 03:00:04;-1.040;0.024
Tilt 1;22.06.2021 04:00:06;-1.040;0.022
Tilt 1;22.06.2021 05:00:04;-1.038;0.024
Tilt 1;22.06.2021 06:00:04;-1.038;0.024
Tilt 1;22.06.2021 07:00:05;-1.042;0.020
Tilt 1;22.06.2021 08:00:06;-1.040;0.018
Tilt 1;22.06.2021 09:00:04;-1.038;0.018
Tilt 1;22.06.2021 10:00:05;-1.040;0.015
Tilt 1;22.06.2021 11:00:05;-1.040;0.013
Tilt 1;22.06.2021 12:00:07;-1.036;0.011
Tilt 1;22.06.2021 13:00:04;-1.032;0.009
Tilt 1;22.06.2021 14:00:04;-1.032;0.007
Tilt 1;22.06.2021 15:00:04;-1.032;0.007
Tilt 1;22.06.2021 16:00:07;-1.030;0.007
Tilt 1;22.06.2021 17:00:05;-1.034;0.007
Tilt 1;22.06.2021 18:00:04;-1.032;0.007
Tilt 1;22.06.2021 19:00:04;-1.032;0.011
Tilt 1;22.06.2021 20:00:06;-1.032;0.015
Tilt 1;22.06.2021 21:00:04;-1.027;0.020
Tilt 1;22.06.2021 22:00:05;-1.032;0.018
Tilt 1;22.06.2021 23:00:04;-1.034;0.020
Tilt 1;23.06.2021 00:00:06;-1.034;0.018
Tilt 1;23.06.2021 01:00:04;-1.036;0.018
Tilt 1;23.06.2021 02:00:04;-1.038;0.022
Tilt 1;23.06.2021 03:00:05;-1.038;0.022
Tilt 1;23.06.2021 04:00:06;-1.038;0.020
Tilt 1;23.06.2021 05:00:04;-1.038;0.020
Tilt 1;23.06.2021 06:00:05;-1.038;0.020
Tilt 1;23.06.2021 07:00:05;-1.042;0.016
Tilt 1;23.06.2021 08:00:26;-1.043;0.016
Tilt 1;23.06.2021 09:00:04;-1.042;0.015
Tilt 1;23.06.2021 10:00:05;-1.042;0.013
Tilt 1;23.06.2021 11:00:05;-1.036;0.011
Tilt 1;23.06.2021 12:00:07;-1.034;0.011
Tilt 1;23.06.2021 13:00:04;-1.034;0.009
Tilt 1;23.06.2021 14:00:04;-1.032;0.007
Tilt 1;23.06.2021 15:00:04;-1.034;0.005
Tilt 1;23.06.2021 16:00:07;-1.030;0.011
Tilt 1;23.06.2021 17:00:05;-1.025;0.016
Tilt 1;23.06.2021 18:00:04;-1.025;0.020
Tilt 1;23.06.2021 19:00:04;-1.025;0.018
Tilt 1;23.06.2021 20:00:07;-1.025;0.020
Tilt 1;23.06.2021 21:00:05;-1.029;0.015
Tilt 1;23.06.2021 22:00:05;-1.032;0.016
Tilt 1;23.06.2021 23:00:04;-1.032;0.015
Tilt 1;24.06.2021 00:00:06;-1.034;0.016
Tilt 1;24.06.2021 01:00:04;-1.036;0.018
Tilt 1;24.06.2021 02:00:05;-1.034;0.020
Tilt 1;24.06.2021 03:00:04;-1.034;0.020
Tilt 1;24.06.2021 04:00:06;-1.038;0.018
Tilt 1;24.06.2021 05:00:04;-1.038;0.018
Tilt 1;24.06.2021 06:00:04;-1.034;0.018
Tilt 1;24.06.2021 07:00:05;-1.036;0.016
Tilt 1;24.06.2021 08:00:27;-1.036;0.016
Tilt 1;24.06.2021 09:00:04;-1.034;0.015
Tilt 1;24.06.2021 10:00:05;-1.034;0.011
Tilt 1;24.06.2021 11:00:05;-1.034;0.011
Tilt 1;24.06.2021 12:00:06;-1.030;0.011
Tilt 1;24.06.2021 13:00:04;-1.034;0.007
Tilt 1;24.06.2021 14:00:05;-1.032;0.007
Tilt 1;24.06.2021 15:00:05;-1.029;0.007
Tilt 1;24.06.2021 16:00:07;-1.032;0.007
Tilt 1;24.06.2021 17:00:04;-1.029;0.009
Tilt 1;24.06.2021 18:00:04;-1.023;0.016
Tilt 1;24.06.2021 19:00:04;-1.023;0.020
Tilt 1;24.06.2021 20:00:07;-1.027;0.016
Tilt 1;24.06.2021 21:00:05;-1.030;0.016
Tilt 1;24.06.2021 22:00:04;-1.032;0.015
Tilt 1;24.06.2021 23:00:05;-1.036;0.015
Tilt 1;25.06.2021 00:00:27;-1.034;0.015
Tilt 1;25.06.2021 01:00:05;-1.034;0.015
Tilt 1;25.06.2021 02:00:04;-1.036;0.016
Tilt 1;25.06.2021 03:00:05;-1.036;0.016
Tilt 1;25.06.2021 04:00:07;-1.036;0.016
Tilt 1;25.06.2021 05:00:05;-1.036;0.016
Tilt 1;25.06.2021 06:00:04;-1.036;0.015
Tilt 1;25.06.2021 07:00:04;-1.038;0.015
Tilt 1;25.06.2021 08:00:07;-1.038;0.013
Tilt 1;25.06.2021 09:00:05;-1.038;0.011
Tilt 1;25.06.2021 10:00:04;-1.036;0.009
Tilt 1;25.06.2021 11:00:04;-1.034;0.007
Tilt 1;25.06.2021 12:00:06;-1.029;0.011
Tilt 1;25.06.2021 13:00:04;-1.032;0.005
Tilt 1;25.06.2021 14:00:05;-1.032;0.003
Tilt 1;25.06.2021 15:00:04;-1.025;0.009
Tilt 1;25.06.2021 16:00:06;-1.032;0.007
Tilt 1;25.06.2021 17:00:04;-1.023;0.015
Tilt 1;25.06.2021 18:00:05;-1.025;0.016
Tilt 1;25.06.2021 19:00:05;-1.032;0.015
Tilt 1;25.06.2021 20:00:06;-1.032;0.015
Tilt 1;25.06.2021 21:00:04;-1.036;0.015
Tilt 1;25.06.2021 22:00:04;-1.034;0.015
Tilt 1;25.06.2021 23:00:05;-1.038;0.015
Tilt 1;26.06.2021 00:00:06;-1.038;0.015
Tilt 1;26.06.2021 01:00:04;-1.038;0.016
Tilt 1;26.06.2021 02:00:05;-1.038;0.016
Tilt 1;26.06.2021 03:00:05;-1.038;0.016
Tilt 1;26.06.2021 04:00:07;-1.040;0.016
Tilt 1;26.06.2021 05:00:04;-1.038;0.018
Tilt 1;26.06.2021 06:00:04;-1.038;0.015
Tilt 1;26.06.2021 07:00:04;-1.038;0.015
Tilt 1;26.06.2021 08:00:07;-1.038;0.015
Tilt 1;26.06.2021 09:00:04;-1.038;0.013
Tilt 1;26.06.2021 10:00:04;-1.038;0.015
Tilt 1;26.06.2021 11:00:04;-1.038;0.013
Tilt 1;26.06.2021 12:00:07;-1.038;0.011
Tilt 1;26.06.2021 13:00:05;-1.038;0.013
Tilt 1;26.06.2021 14:00:04;-1.034;0.011
Tilt 1;26.06.2021 15:00:04;-1.032;0.011
Tilt 1;26.06.2021 16:00:07;-1.032;0.011
Tilt 1;26.06.2021 17:00:05;-1.032;0.015
Tilt 1;26.06.2021 18:00:04;-1.029;0.016
Tilt 1;26.06.2021 19:00:04;-1.027;0.020
Tilt 1;26.06.2021 20:00:07;-1.034;0.016
Tilt 1;26.06.2021 21:00:05;-1.034;0.016
Tilt 1;26.06.2021 22:00:05;-1.036;0.016
Tilt 1;26.06.2021 23:00:04;-1.038;0.016
Tilt 1;27.06.2021 00:00:06;-1.038;0.016
Tilt 1;27.06.2021 01:00:04;-1.038;0.018
Tilt 1;27.06.2021 02:00:05;-1.038;0.018
Tilt 1;27.06.2021 03:00:04;-1.038;0.018
Tilt 1;27.06.2021 04:00:06;-1.038;0.018
Tilt 1;27.06.2021 05:00:04;-1.038;0.018
Tilt 1;27.06.2021 06:00:04;-1.038;0.018
Tilt 1;27.06.2021 07:00:05;-1.038;0.016
Tilt 1;27.06.2021 08:00:06;-1.040;0.016
Tilt 1;27.06.2021 09:00:04;-1.042;0.013
Tilt 1;27.06.2021 10:00:05;-1.040;0.011
Tilt 1;27.06.2021 11:00:05;-1.036;0.011
Tilt 1;27.06.2021 12:00:06;-1.036;0.009
Tilt 1;27.06.2021 13:00:04;-1.029;0.011
Tilt 1;27.06.2021 14:00:05;-1.032;0.007
Tilt 1;27.06.2021 15:00:05;-1.032;0.007
Tilt 1;27.06.2021 16:00:06;-1.034;0.007
Tilt 1;27.06.2021 17:00:04;-1.034;0.007
Tilt 1;27.06.2021 18:00:04;-1.034;0.009
Tilt 1;27.06.2021 19:00:04;-1.032;0.011
Tilt 1;27.06.2021 20:00:07;-1.030;0.016
Tilt 1;27.06.2021 21:00:04;-1.029;0.018
Tilt 1;27.06.2021 22:00:04;-1.034;0.018
Tilt 1;27.06.2021 23:00:05;-1.034;0.016
Tilt 1;28.06.2021 00:00:07;-1.034;0.018
Tilt 1;28.06.2021 01:00:05;-1.038;0.020
Tilt 1;28.06.2021 02:00:04;-1.038;0.020
Tilt 1;28.06.2021 03:00:04;-1.038;0.024
Tilt 1;28.06.2021 04:00:07;-1.038;0.022
Tilt 1;28.06.2021 05:00:05;-1.038;0.024
Tilt 1;28.06.2021 06:00:04;-1.042;0.024
Tilt 1;28.06.2021 07:00:04;-1.042;0.020
Tilt 1;28.06.2021 08:00:26;-1.045;0.016
Tilt 1;28.06.2021 09:00:04;-1.043;0.015
Tilt 1;28.06.2021 10:00:05;-1.042;0.013
Tilt 1;28.06.2021 11:00:04;-1.038;0.011
Tilt 1;28.06.2021 12:00:06;-1.036;0.009
Tilt 1;28.06.2021 13:00:04;-1.032;0.007
Tilt 1;28.06.2021 14:00:05;-1.034;0.007
Tilt 1;28.06.2021 15:00:05;-1.034;0.005
Tilt 1;28.06.2021 16:00:07;-1.038;0.007
Tilt 1;28.06.2021 17:00:04;-1.032;0.007
Tilt 1;28.06.2021 18:00:04;-1.032;0.011
Tilt 1;28.06.2021 19:00:05;-1.036;0.007
Tilt 1;28.06.2021 20:00:06;-1.030;0.016
Tilt 1;28.06.2021 21:00:04;-1.029;0.018
Tilt 1;28.06.2021 22:00:04;-1.034;0.016
Tilt 1;28.06.2021 23:00:05;-1.034;0.018
Tilt 1;29.06.2021 00:00:06;-1.038;0.018
Tilt 1;29.06.2021 01:00:04;-1.036;0.018
Tilt 1;29.06.2021 02:00:05;-1.038;0.020
Tilt 1;29.06.2021 03:00:04;-1.038;0.022
Tilt 1;29.06.2021 04:00:07;-1.040;0.024
Tilt 1;29.06.2021 05:00:04;-1.038;0.022
Tilt 1;29.06.2021 06:00:04;-1.038;0.020
Tilt 1;29.06.2021 07:00:04;-1.040;0.020
Tilt 1;29.06.2021 08:00:07;-1.042;0.016
Tilt 1;29.06.2021 09:00:04;-1.042;0.015
Tilt 1;29.06.2021 10:00:04;-1.038;0.011
Tilt 1;29.06.2021 11:00:04;-1.038;0.011
Tilt 1;29.06.2021 12:00:07;-1.036;0.011
Tilt 1;29.06.2021 13:00:05;-1.034;0.007
Tilt 1;29.06.2021 14:00:04;-1.034;0.005
Tilt 1;29.06.2021 15:00:04;-1.034;0.005
Tilt 1;29.06.2021 16:00:28;-1.038;0.005
Tilt 1;29.06.2021 17:00:05;-1.034;0.007
Tilt 1;29.06.2021 18:00:05;-1.036;0.007
Tilt 1;29.06.2021 19:00:04;-1.032;0.011
Tilt 1;29.06.2021 20:00:25;-1.032;0.013
Tilt 1;29.06.2021 21:00:04;-1.030;0.020
Tilt 1;29.06.2021 22:00:05;-1.038;0.018
Tilt 1;29.06.2021 23:00:04;-1.040;0.018
Tilt 1;30.06.2021 00:00:06;-1.042;0.016
Tilt 1;30.06.2021 01:00:04;-1.042;0.018
Tilt 1;30.06.2021 02:00:04;-1.040;0.018
Tilt 1;30.06.2021 03:00:05;-1.040;0.020
Tilt 1;30.06.2021 04:00:06;-1.042;0.020
Tilt 1;30.06.2021 05:00:04;-1.042;0.020
Tilt 1;30.06.2021 06:00:05;-1.042;0.020
Tilt 1;30.06.2021 07:00:05;-1.043;0.018
Tilt 1;30.06.2021 08:00:26;-1.047;0.016
Tilt 1;30.06.2021 09:00:04;-1.045;0.015
Tilt 1;30.06.2021 10:00:05;-1.043;0.011
Tilt 1;30.06.2021 11:00:05;-1.042;0.011
Tilt 1;30.06.2021 12:00:06;-1.036;0.011
Tilt 1;30.06.2021 13:00:04;-1.034;0.007
Tilt 1;30.06.2021 14:00:05;-1.034;0.007
Tilt 1;30.06.2021 15:00:04;-1.034;0.007
Tilt 1;30.06.2021 16:00:07;-1.038;0.005
Tilt 1;30.06.2021 17:00:04;-1.036;0.005
Tilt 1;30.06.2021 18:00:04;-1.038;0.005
Tilt 1;30.06.2021 19:00:04;-1.032;0.011
Tilt 1;30.06.2021 20:00:07;-1.029;0.018
Tilt 1;30.06.2021 21:00:04;-1.034;0.016
Tilt 1;30.06.2021 22:00:04;-1.038;0.015
Tilt 1;30.06.2021 23:00:05;-1.040;0.016
Tilt 1;01.07.2021 00:00:07;-1.042;0.020
Tilt 1;01.07.2021 01:00:05;-1.043;0.020
Tilt 1;01.07.2021 02:00:04;-1.045;0.020
Tilt 1;01.07.2021 03:00:04;-1.043;0.020
Tilt 1;01.07.2021 04:00:07;-1.043;0.024
Tilt 1;01.07.2021 05:00:04;-1.043;0.022
Tilt 1;01.07.2021 06:00:05;-1.045;0.022
Tilt 1;01.07.2021 07:00:04;-1.043;0.020
Tilt 1;01.07.2021 08:00:06;-1.049;0.016
Tilt 1;01.07.2021 09:00:04;-1.047;0.015
Tilt 1;01.07.2021 10:00:05;-1.043;0.013
Tilt 1;01.07.2021 11:00:04;-1.040;0.011
Tilt 1;01.07.2021 12:00:06;-1.038;0.011
Tilt 1;01.07.2021 13:00:04;-1.034;0.007
Tilt 1;01.07.2021 14:00:05;-1.034;0.007
Tilt 1;01.07.2021 15:00:04;-1.036;0.007
Tilt 1;01.07.2021 16:00:06;-1.038;0.007
Tilt 1;01.07.2021 17:00:04;-1.038;0.007
Tilt 1;01.07.2021 18:00:04;-1.040;0.007
Tilt 1;01.07.2021 19:00:05;-1.038;0.007
Tilt 1;01.07.2021 20:00:06;-1.034;0.013
Tilt 1;01.07.2021 21:00:04;-1.030;0.020
Tilt 1;01.07.2021 22:00:04;-1.038;0.016
Tilt 1;01.07.2021 23:00:05;-1.040;0.016
Tilt 1;02.07.2021 00:00:07;-1.042;0.016
Tilt 1;02.07.2021 01:00:04;-1.042;0.016
Tilt 1;02.07.2021 02:00:04;-1.043;0.020
Tilt 1;02.07.2021 03:00:05;-1.043;0.020
Tilt 1;02.07.2021 04:00:07;-1.043;0.018
Tilt 1;02.07.2021 05:00:04;-1.042;0.018
Tilt 1;02.07.2021 06:00:04;-1.043;0.016
Tilt 1;02.07.2021 07:00:05;-1.043;0.016
Tilt 1;02.07.2021 08:00:07;-1.043;0.015
Tilt 1;02.07.2021 09:00:04;-1.042;0.011
Tilt 1;02.07.2021 10:00:04;-1.040;0.011
Tilt 1;02.07.2021 11:00:05;-1.038;0.009
Tilt 1;02.07.2021 12:00:27;-1.038;0.009
Tilt 1;02.07.2021 13:00:05;-1.036;0.009
Tilt 1;02.07.2021 14:00:04;-1.032;0.011
Tilt 1;02.07.2021 15:00:04;-1.034;0.011
Tilt 1;02.07.2021 16:00:07;-1.036;0.007
Tilt 1;02.07.2021 17:00:05;-1.038;0.007
Tilt 1;02.07.2021 18:00:04;-1.038;0.007
Tilt 1;02.07.2021 19:00:04;-1.036;0.011
Tilt 1;02.07.2021 20:00:06;-1.032;0.020
Tilt 1;02.07.2021 21:00:04;-1.036;0.016
Tilt 1;02.07.2021 22:00:05;-1.040;0.015
Tilt 1;02.07.2021 23:00:04;-1.043;0.016
Tilt 1;03.07.2021 00:00:27;-1.042;0.016
Tilt 1;03.07.2021 01:00:04;-1.043;0.018
Tilt 1;03.07.2021 02:00:04;-1.043;0.018
Tilt 1;03.07.2021 03:00:05;-1.043;0.020
Tilt 1;03.07.2021 04:00:26;-1.043;0.020
Tilt 1;03.07.2021 05:00:04;-1.043;0.018
Tilt 1;03.07.2021 06:00:05;-1.043;0.020
Tilt 1;03.07.2021 07:00:05;-1.047;0.016
Tilt 1;03.07.2021 08:00:07;-1.047;0.016
Tilt 1;03.07.2021 09:00:04;-1.043;0.013
Tilt 1;03.07.2021 10:00:05;-1.042;0.011
Tilt 1;03.07.2021 11:00:05;-1.040;0.007
Tilt 1;03.07.2021 12:00:07;-1.038;0.011
Tilt 1;03.07.2021 13:00:04;-1.036;0.009
Tilt 1;03.07.2021 14:00:05;-1.036;0.005
Tilt 1;03.07.2021 15:00:04;-1.036;0.007
Tilt 1;03.07.2021 16:00:07;-1.038;0.007
Tilt 1;03.07.2021 17:00:04;-1.038;0.007
Tilt 1;03.07.2021 18:00:05;-1.034;0.016
Tilt 1;03.07.2021 19:00:05;-1.032;0.016
Tilt 1;03.07.2021 20:00:06;-1.038;0.015
Tilt 1;03.07.2021 21:00:04;-1.040;0.015
Tilt 1;03.07.2021 22:00:04;-1.042;0.016
Tilt 1;03.07.2021 23:00:05;-1.042;0.018
Tilt 1;04.07.2021 00:00:06;-1.043;0.020
Tilt 1;04.07.2021 01:00:04;-1.045;0.020
Tilt 1;04.07.2021 02:00:05;-1.047;0.020
Tilt 1;04.07.2021 03:00:05;-1.047;0.022
Tilt 1;04.07.2021 04:00:07;-1.047;0.020
Tilt 1;04.07.2021 05:00:04;-1.047;0.020
Tilt 1;04.07.2021 06:00:04;-1.045;0.020
Tilt 1;04.07.2021 07:00:04;-1.045;0.016
Tilt 1;04.07.2021 08:00:07;-1.045;0.016
Tilt 1;04.07.2021 09:00:04;-1.045;0.016
Tilt 1;04.07.2021 10:00:04;-1.047;0.016
Tilt 1;04.07.2021 11:00:04;-1.043;0.016
Tilt 1;04.07.2021 12:00:07;-1.045;0.016
Tilt 1;04.07.2021 13:00:05;-1.042;0.015
Tilt 1;04.07.2021 14:00:04;-1.042;0.016
Tilt 1;04.07.2021 15:00:04;-1.042;0.015
Tilt 1;04.07.2021 16:00:07;-1.040;0.020
Tilt 1;04.07.2021 17:00:05;-1.040;0.020
Tilt 1;04.07.2021 18:00:04;-1.034;0.026
Tilt 1;04.07.2021 19:00:04;-1.034;0.026
Tilt 1;04.07.2021 20:00:07;-1.036;0.026
Tilt 1;04.07.2021 21:00:04;-1.042;0.024
Tilt 1;04.07.2021 22:00:04;-1.043;0.020
Tilt 1;04.07.2021 23:00:05;-1.047;0.020
Tilt 1;05.07.2021 00:00:07;-1.047;0.022
Tilt 1;05.07.2021 01:00:05;-1.047;0.020
Tilt 1;05.07.2021 02:00:04;-1.051;0.024
Tilt 1;05.07.2021 03:00:04;-1.047;0.024
Tilt 1;05.07.2021 04:00:07;-1.049;0.022
Tilt 1;05.07.2021 05:00:05;-1.049;0.022
Tilt 1;05.07.2021 06:00:05;-1.049;0.022
Tilt 1;05.07.2021 07:00:04;-1.047;0.020
Tilt 1;05.07.2021 08:00:07;-1.047;0.018
Tilt 1;05.07.2021 09:00:04;-1.047;0.020
Tilt 1;05.07.2021 10:00:05;-1.047;0.018
Tilt 1;05.07.2021 11:00:05;-1.045;0.020
Tilt 1;05.07.2021 12:00:06;-1.047;0.016
Tilt 1;05.07.2021 13:00:04;-1.045;0.016
Tilt 1;05.07.2021 14:00:05;-1.043;0.018
Tilt 1;05.07.2021 15:00:05;-1.047;0.016
Tilt 1;05.07.2021 16:00:06;-1.047;0.018
Tilt 1;05.07.2021 17:00:04;-1.047;0.020
Tilt 1;05.07.2021 18:00:04;-1.047;0.020
Tilt 1;05.07.2021 19:00:04;-1.047;0.018
Tilt 1;05.07.2021 20:00:07;-1.047;0.020
Tilt 1;05.07.2021 21:00:04;-1.049;0.020
Tilt 1;05.07.2021 22:00:04;-1.047;0.022
Tilt 1;05.07.2021 23:00:05;-1.047;0.022
Tilt 1;06.07.2021 00:00:07;-1.049;0.024
Tilt 1;06.07.2021 01:00:05;-1.049;0.022
Tilt 1;06.07.2021 02:00:04;-1.051;0.024
Tilt 1;06.07.2021 03:00:05;-1.049;0.024
Tilt 1;06.07.2021 04:00:07;-1.053;0.026
Tilt 1;06.07.2021 05:00:05;-1.049;0.024
Tilt 1;06.07.2021 06:00:04;-1.051;0.026
Tilt 1;06.07.2021 07:00:04;-1.051;0.024
Tilt 1;06.07.2021 08:00:27;-1.051;0.020
Tilt 1;06.07.2021 09:00:04;-1.049;0.020
Tilt 1;06.07.2021 10:00:05;-1.049;0.020
Tilt 1;06.07.2021 11:00:04;-1.047;0.018
Tilt 1;06.07.2021 12:00:06;-1.047;0.018
Tilt 1;06.07.2021 13:00:04;-1.047;0.018
Tilt 1;06.07.2021 14:00:05;-1.047;0.020
Tilt 1;06.07.2021 15:00:04;-1.047;0.016
Tilt 1;06.07.2021 16:00:06;-1.043;0.020
Tilt 1;06.07.2021 17:00:04;-1.038;0.028
Tilt 1;06.07.2021 18:00:04;-1.043;0.024
Tilt 1;06.07.2021 19:00:05;-1.045;0.022
Tilt 1;06.07.2021 20:00:07;-1.047;0.024
Tilt 1;06.07.2021 21:00:04;-1.047;0.024
Tilt 1;06.07.2021 22:00:04;-1.047;0.024
Tilt 1;06.07.2021 23:00:05;-1.049;0.026
Tilt 1;07.07.2021 00:00:07;-1.049;0.024
Tilt 1;07.07.2021 01:00:04;-1.049;0.026
Tilt 1;07.07.2021 02:00:04;-1.051;0.026
Tilt 1;07.07.2021 03:00:05;-1.049;0.026
Tilt 1;07.07.2021 04:00:07;-1.051;0.026
Tilt 1;07.07.2021 05:00:05;-1.051;0.026
Tilt 1;07.07.2021 06:00:04;-1.049;0.026
Tilt 1;07.07.2021 07:00:04;-1.051;0.024
Tilt 1;07.07.2021 08:00:27;-1.051;0.024
Tilt 1;07.07.2021 09:00:05;-1.053;0.024
Tilt 1;07.07.2021 10:00:04;-1.051;0.024
Tilt 1;07.07.2021 11:00:04;-1.051;0.024
Tilt 1;07.07.2021 12:00:07;-1.049;0.020
Tilt 1;07.07.2021 13:00:05;-1.045;0.020
Tilt 1;07.07.2021 14:00:05;-1.043;0.020
Tilt 1;07.07.2021 15:00:04;-1.043;0.026
Tilt 1;07.07.2021 16:00:06;-1.038;0.029
Tilt 1;07.07.2021 17:00:04;-1.049;0.022
Tilt 1;07.07.2021 18:00:04;-1.043;0.024
Tilt 1;07.07.2021 19:00:05;-1.038;0.029
Tilt 1;07.07.2021 20:00:06;-1.043;0.026
Tilt 1;07.07.2021 21:00:04;-1.047;0.026
Tilt 1;07.07.2021 22:00:04;-1.049;0.024
Tilt 1;07.07.2021 23:00:05;-1.049;0.026
Tilt 1;08.07.2021 00:00:07;-1.051;0.026
Tilt 1;08.07.2021 01:00:04;-1.049;0.026
Tilt 1;08.07.2021 02:00:04;-1.049;0.026
Tilt 1;08.07.2021 03:00:05;-1.051;0.026
Tilt 1;08.07.2021 04:00:07;-1.049;0.028
Tilt 1;08.07.2021 05:00:05;-1.051;0.026
Tilt 1;08.07.2021 06:00:04;-1.051;0.026
Tilt 1;08.07.2021 07:00:05;-1.051;0.024
Tilt 1;08.07.2021 08:00:07;-1.047;0.024
Tilt 1;08.07.2021 09:00:05;-1.051;0.024
Tilt 1;08.07.2021 10:00:04;-1.047;0.022
Tilt 1;08.07.2021 11:00:04;-1.047;0.022
Tilt 1;08.07.2021 12:00:07;-1.045;0.020
Tilt 1;08.07.2021 13:00:04;-1.045;0.018
Tilt 1;08.07.2021 14:00:05;-1.043;0.020
Tilt 1;08.07.2021 15:00:04;-1.042;0.024
Tilt 1;08.07.2021 16:00:06;-1.040;0.026
Tilt 1;08.07.2021 17:00:04;-1.043;0.024
Tilt 1;08.07.2021 18:00:04;-1.045;0.026
Tilt 1;08.07.2021 19:00:05;-1.045;0.026
Tilt 1;08.07.2021 20:00:06;-1.047;0.024
Tilt 1;08.07.2021 21:00:04;-1.047;0.026
Tilt 1;08.07.2021 22:00:04;-1.049;0.026
Tilt 1;08.07.2021 23:00:05;-1.047;0.028
Tilt 1;09.07.2021 00:00:07;-1.049;0.028
Tilt 1;09.07.2021 01:00:04;-1.051;0.028
Tilt 1;09.07.2021 02:00:04;-1.049;0.029
Tilt 1;09.07.2021 03:00:05;-1.051;0.028
Tilt 1;09.07.2021 04:00:07;-1.051;0.029
Tilt 1;09.07.2021 05:00:04;-1.051;0.029
Tilt 1;09.07.2021 06:00:04;-1.051;0.028
Tilt 1;09.07.2021 07:00:05;-1.051;0.026
Tilt 1;09.07.2021 08:00:07;-1.051;0.026
Tilt 1;09.07.2021 09:00:05;-1.051;0.028
Tilt 1;09.07.2021 10:00:04;-1.051;0.028
Tilt 1;09.07.2021 11:00:04;-1.051;0.026
Tilt 1;09.07.2021 12:00:07;-1.051;0.024
Tilt 1;09.07.2021 13:00:05;-1.051;0.024
Tilt 1;09.07.2021 14:00:05;-1.049;0.022
Tilt 1;09.07.2021 15:00:04;-1.047;0.022
Tilt 1;09.07.2021 16:00:06;-1.047;0.024
Tilt 1;09.07.2021 17:00:04;-1.047;0.024
Tilt 1;09.07.2021 18:00:04;-1.047;0.022
Tilt 1;09.07.2021 19:00:05;-1.047;0.024
Tilt 1;09.07.2021 20:00:06;-1.047;0.024
Tilt 1;09.07.2021 21:00:04;-1.047;0.026
Tilt 1;09.07.2021 22:00:04;-1.047;0.026
Tilt 1;09.07.2021 23:00:05;-1.047;0.028
Tilt 1;10.07.2021 00:00:07;-1.051;0.029
Tilt 1;10.07.2021 01:00:04;-1.049;0.028
Tilt 1;10.07.2021 02:00:04;-1.051;0.028
Tilt 1;10.07.2021 03:00:05;-1.051;0.029
Tilt 1;10.07.2021 04:00:27;-1.049;0.029
Tilt 1;10.07.2021 05:00:05;-1.051;0.029
Tilt 1;10.07.2021 06:00:04;-1.051;0.029
Tilt 1;10.07.2021 07:00:05;-1.053;0.029
Tilt 1;10.07.2021 08:00:07;-1.054;0.026
Tilt 1;10.07.2021 09:00:05;-1.053;0.026
Tilt 1;10.07.2021 10:00:04;-1.051;0.024
Tilt 1;10.07.2021 11:00:04;-1.051;0.024
Tilt 1;10.07.2021 12:00:26;-1.049;0.022
Tilt 1;10.07.2021 13:00:04;-1.047;0.024
Tilt 1;10.07.2021 14:00:05;-1.047;0.024
Tilt 1;10.07.2021 15:00:04;-1.047;0.024
Tilt 1;10.07.2021 16:00:06;-1.047;0.024
Tilt 1;10.07.2021 17:00:04;-1.047;0.024
Tilt 1;10.07.2021 18:00:04;-1.047;0.024
Tilt 1;10.07.2021 19:00:05;-1.047;0.024
Tilt 1;10.07.2021 20:00:06;-1.049;0.024
Tilt 1;10.07.2021 21:00:04;-1.051;0.026
Tilt 1;10.07.2021 22:00:04;-1.049;0.026
Tilt 1;10.07.2021 23:00:05;-1.051;0.028
Tilt 1;11.07.2021 00:00:07;-1.051;0.026
Tilt 1;11.07.2021 01:00:04;-1.051;0.028
Tilt 1;11.07.2021 02:00:04;-1.051;0.028
Tilt 1;11.07.2021 03:00:05;-1.051;0.028
Tilt 1;11.07.2021 04:00:07;-1.053;0.029
Tilt 1;11.07.2021 05:00:04;-1.051;0.029
Tilt 1;11.07.2021 06:00:04;-1.053;0.028
Tilt 1;11.07.2021 07:00:05;-1.053;0.028
Tilt 1;11.07.2021 08:00:07;-1.051;0.028
Tilt 1;11.07.2021 09:00:05;-1.053;0.028
Tilt 1;11.07.2021 10:00:04;-1.053;0.028
Tilt 1;11.07.2021 11:00:04;-1.053;0.026
Tilt 1;11.07.2021 12:00:06;-1.051;0.028
Tilt 1;11.07.2021 13:00:04;-1.053;0.026
Tilt 1;11.07.2021 14:00:05;-1.053;0.026
Tilt 1;11.07.2021 15:00:04;-1.051;0.028
Tilt 1;11.07.2021 16:00:06;-1.053;0.026
Tilt 1;11.07.2021 17:00:04;-1.053;0.026
Tilt 1;11.07.2021 18:00:04;-1.051;0.026
Tilt 1;11.07.2021 19:00:04;-1.053;0.028
Tilt 1;11.07.2021 20:00:07;-1.053;0.028
Tilt 1;11.07.2021 21:00:05;-1.053;0.029
Tilt 1;11.07.2021 22:00:05;-1.053;0.029
Tilt 1;11.07.2021 23:00:04;-1.053;0.029
Tilt 1;12.07.2021 00:00:06;-1.053;0.031
Tilt 1;12.07.2021 01:00:04;-1.053;0.033
Tilt 1;12.07.2021 02:00:05;-1.053;0.035
Tilt 1;12.07.2021 03:00:05;-1.053;0.035
Tilt 1;12.07.2021 04:00:06;-1.053;0.033
Tilt 1;12.07.2021 05:00:04;-1.053;0.033
Tilt 1;12.07.2021 06:00:05;-1.053;0.035
Tilt 1;12.07.2021 07:00:05;-1.053;0.031
Tilt 1;12.07.2021 08:00:07;-1.058;0.029
Tilt 1;12.07.2021 09:00:04;-1.056;0.026
Tilt 1;12.07.2021 10:00:05;-1.053;0.024
Tilt 1;12.07.2021 11:00:04;-1.051;0.024
Tilt 1;12.07.2021 12:00:07;-1.047;0.020
Tilt 1;12.07.2021 13:00:04;-1.045;0.020
Tilt 1;12.07.2021 14:00:04;-1.043;0.016
Tilt 1;12.07.2021 15:00:04;-1.043;0.016
Tilt 1;12.07.2021 16:00:07;-1.042;0.020
Tilt 1;12.07.2021 17:00:05;-1.042;0.020
Tilt 1;12.07.2021 18:00:04;-1.042;0.022
Tilt 1;12.07.2021 19:00:05;-1.040;0.026
Tilt 1;12.07.2021 20:00:06;-1.038;0.029
Tilt 1;12.07.2021 21:00:04;-1.042;0.029
Tilt 1;12.07.2021 22:00:04;-1.045;0.026
Tilt 1;12.07.2021 23:00:05;-1.047;0.028
Tilt 1;13.07.2021 00:00:06;-1.047;0.028
Tilt 1;13.07.2021 01:00:04;-1.051;0.028
Tilt 1;13.07.2021 02:00:05;-1.049;0.028
Tilt 1;13.07.2021 03:00:05;-1.051;0.029
Tilt 1;13.07.2021 04:00:06;-1.051;0.029
Tilt 1;13.07.2021 05:00:04;-1.051;0.029
Tilt 1;13.07.2021 06:00:05;-1.051;0.028
Tilt 1;13.07.2021 07:00:04;-1.051;0.026
Tilt 1;13.07.2021 08:00:07;-1.051;0.024
Tilt 1;13.07.2021 09:00:04;-1.051;0.022
Tilt 1;13.07.2021 10:00:04;-1.047;0.022
Tilt 1;13.07.2021 11:00:04;-1.047;0.020
Tilt 1;13.07.2021 12:00:07;-1.047;0.020
Tilt 1;13.07.2021 13:00:05;-1.040;0.024
Tilt 1;13.07.2021 14:00:04;-1.043;0.015
Tilt 1;13.07.2021 15:00:04;-1.043;0.015
Tilt 1;13.07.2021 16:00:39;-1.042;0.018
Tilt 1;13.07.2021 17:00:04;-1.042;0.020
Tilt 1;13.07.2021 18:00:05;-1.036;0.028
Tilt 1;13.07.2021 19:00:04;-1.038;0.026
Tilt 1;13.07.2021 20:00:25;-1.043;0.024
Tilt 1;13.07.2021 21:00:04;-1.043;0.024
Tilt 1;13.07.2021 22:00:05;-1.047;0.024
Tilt 1;13.07.2021 23:00:04;-1.047;0.024
Tilt 1;14.07.2021 00:00:06;-1.047;0.024
Tilt 1;14.07.2021 01:00:04;-1.047;0.026
Tilt 1;14.07.2021 02:00:04;-1.049;0.026
Tilt 1;14.07.2021 03:00:05;-1.047;0.026
Tilt 1;14.07.2021 04:00:06;-1.047;0.026
Tilt 1;14.07.2021 05:00:04;-1.051;0.026
Tilt 1;14.07.2021 06:00:05;-1.049;0.026
Tilt 1;14.07.2021 07:00:04;-1.047;0.026
Tilt 1;14.07.2021 08:00:07;-1.047;0.024
Tilt 1;14.07.2021 09:00:04;-1.047;0.024
Tilt 1;14.07.2021 10:00:04;-1.047;0.024
Tilt 1;14.07.2021 11:00:04;-1.049;0.024
Tilt 1;14.07.2021 12:00:27;-1.047;0.024
Tilt 1;14.07.2021 13:00:04;-1.047;0.022
Tilt 1;14.07.2021 14:00:04;-1.042;0.024
Tilt 1;14.07.2021 15:00:04;-1.045;0.016
Tilt 1;14.07.2021 16:00:27;-1.042;0.024
Tilt 1;14.07.2021 17:00:05;-1.042;0.024
Tilt 1;14.07.2021 18:00:04;-1.045;0.020
Tilt 1;14.07.2021 19:00:04;-1.043;0.020
Tilt 1;14.07.2021 20:00:07;-1.040;0.026
Tilt 1;14.07.2021 21:00:04;-1.040;0.029
Tilt 1;14.07.2021 22:00:04;-1.043;0.024
Tilt 1;14.07.2021 23:00:05;-1.043;0.024
Tilt 1;15.07.2021 00:00:07;-1.047;0.024
Tilt 1;15.07.2021 01:00:05;-1.049;0.026
Tilt 1;15.07.2021 02:00:04;-1.049;0.026
Tilt 1;15.07.2021 03:00:04;-1.051;0.028
Tilt 1;15.07.2021 04:00:07;-1.051;0.026
Tilt 1;15.07.2021 05:00:05;-1.051;0.026
Tilt 1;15.07.2021 06:00:05;-1.051;0.028
Tilt 1;15.07.2021 07:00:04;-1.051;0.029
Tilt 1;15.07.2021 08:00:35;-1.051;0.028
Tilt 1;15.07.2021 09:00:05;-1.051;0.028
Tilt 1;15.07.2021 10:00:04;-1.051;0.026
Tilt 1;15.07.2021 11:00:04;-1.051;0.024
Tilt 1;15.07.2021 12:00:07;-1.047;0.024
Tilt 1;15.07.2021 13:00:04;-1.043;0.028
Tilt 1;15.07.2021 14:00:05;-1.047;0.020
Tilt 1;15.07.2021 15:00:04;-1.047;0.020
Tilt 1;15.07.2021 16:00:06;-1.047;0.022
Tilt 1;15.07.2021 17:00:04;-1.047;0.020
Tilt 1;15.07.2021 18:00:04;-1.043;0.024
Tilt 1;15.07.2021 19:00:04;-1.047;0.020
Tilt 1;15.07.2021 20:00:07;-1.042;0.029
Tilt 1;15.07.2021 21:00:05;-1.040;0.033
Tilt 1;15.07.2021 22:00:04;-1.043;0.031
Tilt 1;15.07.2021 23:00:05;-1.047;0.033
Tilt 1;16.07.2021 00:00:07;-1.047;0.033
Tilt 1;16.07.2021 01:00:05;-1.051;0.035
Tilt 1;16.07.2021 02:00:04;-1.051;0.035
Tilt 1;16.07.2021 03:00:04;-1.051;0.035
Tilt 1;16.07.2021 04:00:06;-1.051;0.035
Tilt 1;16.07.2021 05:00:04;-1.051;0.035
Tilt 1;16.07.2021 06:00:05;-1.051;0.035
Tilt 1;16.07.2021 07:00:04;-1.053;0.033
Tilt 1;16.07.2021 08:00:06;-1.054;0.031
Tilt 1;16.07.2021 09:00:04;-1.056;0.029
Tilt 1;16.07.2021 10:00:05;-1.053;0.026
Tilt 1;16.07.2021 11:00:05;-1.051;0.024
Tilt 1;16.07.2021 12:00:26;-1.047;0.024
Tilt 1;16.07.2021 13:00:04;-1.043;0.028
Tilt 1;16.07.2021 14:00:05;-1.038;0.033
Tilt 1;16.07.2021 15:00:05;-1.040;0.033
Tilt 1;16.07.2021 16:00:25;-1.043;0.029
Tilt 1;16.07.2021 17:00:04;-1.043;0.029
Tilt 1;16.07.2021 18:00:05;-1.043;0.033
Tilt 1;16.07.2021 19:00:04;-1.042;0.037
Tilt 1;16.07.2021 20:00:06;-1.043;0.033
Tilt 1;16.07.2021 21:00:04;-1.051;0.031
Tilt 1;16.07.2021 22:00:05;-1.049;0.029
Tilt 1;16.07.2021 23:00:05;-1.051;0.031
Tilt 1;17.07.2021 00:00:06;-1.051;0.033
Tilt 1;17.07.2021 01:00:04;-1.053;0.033
Tilt 1;17.07.2021 02:00:05;-1.051;0.033
Tilt 1;17.07.2021 03:00:05;-1.053;0.033
Tilt 1;17.07.2021 04:00:06;-1.053;0.033
Tilt 1;17.07.2021 05:00:04;-1.053;0.033
Tilt 1;17.07.2021 06:00:05;-1.053;0.033
Tilt 1;17.07.2021 07:00:05;-1.053;0.033
Tilt 1;17.07.2021 08:00:07;-1.053;0.033
Tilt 1;17.07.2021 09:00:04;-1.053;0.029
Tilt 1;17.07.2021 10:00:05;-1.053;0.028
Tilt 1;17.07.2021 11:00:04;-1.053;0.029
Tilt 1;17.07.2021 12:00:27;-1.051;0.029
Tilt 1;17.07.2021 13:00:04;-1.049;0.031
Tilt 1;17.07.2021 14:00:04;-1.051;0.029
Tilt 1;17.07.2021 15:00:04;-1.051;0.029
Tilt 1;17.07.2021 16:00:07;-1.049;0.029
Tilt 1;17.07.2021 17:00:05;-1.051;0.033
Tilt 1;17.07.2021 18:00:04;-1.053;0.033
Tilt 1;17.07.2021 19:00:05;-1.054;0.035
Tilt 1;17.07.2021 20:00:07;-1.054;0.035
Tilt 1;17.07.2021 21:00:04;-1.053;0.033
Tilt 1;17.07.2021 22:00:04;-1.053;0.033
Tilt 1;17.07.2021 23:00:05;-1.053;0.035
Tilt 1;18.07.2021 00:00:07;-1.054;0.035
Tilt 1;18.07.2021 01:00:04;-1.053;0.037
Tilt 1;18.07.2021 02:00:04;-1.056;0.039
Tilt 1;18.07.2021 03:00:05;-1.053;0.039
Tilt 1;18.07.2021 04:00:07;-1.053;0.037
Tilt 1;18.07.2021 05:00:05;-1.053;0.037
Tilt 1;18.07.2021 06:00:04;-1.053;0.037
Tilt 1;18.07.2021 07:00:04;-1.053;0.037
Tilt 1;18.07.2021 08:00:07;-1.053;0.035
Tilt 1;18.07.2021 09:00:04;-1.051;0.037
Tilt 1;18.07.2021 10:00:05;-1.053;0.035
Tilt 1;18.07.2021 11:00:04;-1.053;0.037
Tilt 1;18.07.2021 12:00:06;-1.051;0.035
Tilt 1;18.07.2021 13:00:04;-1.051;0.033
Tilt 1;18.07.2021 14:00:05;-1.051;0.033
Tilt 1;18.07.2021 15:00:05;-1.049;0.033
Tilt 1;18.07.2021 16:00:06;-1.053;0.033
Tilt 1;18.07.2021 17:00:04;-1.051;0.033
Tilt 1;18.07.2021 18:00:05;-1.051;0.033
Tilt 1;18.07.2021 19:00:05;-1.051;0.033
Tilt 1;18.07.2021 20:00:06;-1.051;0.035
Tilt 1;18.07.2021 21:00:04;-1.053;0.035
Tilt 1;18.07.2021 22:00:04;-1.051;0.039
Tilt 1;18.07.2021 23:00:05;-1.053;0.039
Tilt 1;19.07.2021 00:00:07;-1.053;0.039
Tilt 1;19.07.2021 01:00:04;-1.053;0.039
Tilt 1;19.07.2021 02:00:04;-1.051;0.042
Tilt 1;19.07.2021 03:00:05;-1.053;0.042
Tilt 1;19.07.2021 04:00:07;-1.054;0.039
Tilt 1;19.07.2021 05:00:04;-1.053;0.041
Tilt 1;19.07.2021 06:00:04;-1.053;0.037
Tilt 1;19.07.2021 07:00:05;-1.053;0.037
Tilt 1;19.07.2021 08:00:26;-1.056;0.035
Tilt 1;19.07.2021 09:00:05;-1.056;0.033
Tilt 1;19.07.2021 10:00:04;-1.056;0.031
Tilt 1;19.07.2021 11:00:04;-1.051;0.029
Tilt 1;19.07.2021 12:00:27;-1.049;0.026
Tilt 1;19.07.2021 13:00:04;-1.047;0.026
Tilt 1;19.07.2021 14:00:05;-1.047;0.026
Tilt 1;19.07.2021 15:00:04;-1.042;0.035
Tilt 1;19.07.2021 16:00:27;-1.049;0.029
Tilt 1;19.07.2021 17:00:04;-1.051;0.026
Tilt 1;19.07.2021 18:00:04;-1.051;0.029
Tilt 1;19.07.2021 19:00:04;-1.043;0.037
Tilt 1;19.07.2021 20:00:27;-1.040;0.042
Tilt 1;19.07.2021 21:00:05;-1.047;0.039
Tilt 1;19.07.2021 22:00:04;-1.053;0.039
Tilt 1;19.07.2021 23:00:04;-1.051;0.037
Tilt 1;20.07.2021 00:00:06;-1.053;0.037
Tilt 1;20.07.2021 01:00:04;-1.053;0.039
Tilt 1;20.07.2021 02:00:05;-1.053;0.037
Tilt 1;20.07.2021 03:00:04;-1.053;0.037
Tilt 1;20.07.2021 04:00:06;-1.053;0.037
Tilt 1;20.07.2021 05:00:04;-1.051;0.037
Tilt 1;20.07.2021 06:00:05;-1.053;0.037
Tilt 1;20.07.2021 07:00:05;-1.053;0.035
Tilt 1;20.07.2021 08:00:06;-1.053;0.033
Tilt 1;20.07.2021 09:00:04;-1.051;0.033
Tilt 1;20.07.2021 10:00:05;-1.051;0.029
Tilt 1;20.07.2021 11:00:05;-1.047;0.029
Tilt 1;20.07.2021 12:00:06;-1.047;0.028
Tilt 1;20.07.2021 13:00:04;-1.045;0.028
Tilt 1;20.07.2021 14:00:05;-1.042;0.035
Tilt 1;20.07.2021 15:00:05;-1.047;0.028
Tilt 1;20.07.2021 16:00:07;-1.051;0.028
Tilt 1;20.07.2021 17:00:04;-1.043;0.033
Tilt 1;20.07.2021 18:00:04;-1.049;0.028
Tilt 1;20.07.2021 19:00:04;-1.047;0.033
Tilt 1;20.07.2021 20:00:07;-1.043;0.041
Tilt 1;20.07.2021 21:00:04;-1.049;0.039
Tilt 1;20.07.2021 22:00:04;-1.051;0.039
Tilt 1;20.07.2021 23:00:05;-1.053;0.037
Tilt 1;21.07.2021 00:00:07;-1.053;0.039
Tilt 1;21.07.2021 01:00:05;-1.053;0.039
Tilt 1;21.07.2021 02:00:04;-1.054;0.039
Tilt 1;21.07.2021 03:00:05;-1.053;0.039
Tilt 1;21.07.2021 04:00:07;-1.054;0.039
Tilt 1;21.07.2021 05:00:05;-1.054;0.037
Tilt 1;21.07.2021 06:00:04;-1.053;0.037
Tilt 1;21.07.2021 07:00:04;-1.054;0.035
Tilt 1;21.07.2021 08:00:26;-1.056;0.035
Tilt 1;21.07.2021 09:00:05;-1.056;0.033
Tilt 1;21.07.2021 10:00:04;-1.056;0.029
Tilt 1;21.07.2021 11:00:04;-1.053;0.029
Tilt 1;21.07.2021 12:00:06;-1.051;0.028
Tilt 1;21.07.2021 13:00:04;-1.043;0.029
Tilt 1;21.07.2021 14:00:05;-1.047;0.022
Tilt 1;21.07.2021 15:00:05;-1.047;0.020
Tilt 1;21.07.2021 16:00:06;-1.053;0.024
Tilt 1;21.07.2021 17:00:04;-1.051;0.022
Tilt 1;21.07.2021 18:00:04;-1.051;0.024
Tilt 1;21.07.2021 19:00:04;-1.049;0.026
Tilt 1;21.07.2021 20:00:07;-1.042;0.035
Tilt 1;21.07.2021 21:00:04;-1.047;0.035
Tilt 1;21.07.2021 22:00:04;-1.049;0.031
Tilt 1;21.07.2021 23:00:05;-1.051;0.033
Tilt 1;22.07.2021 00:00:07;-1.053;0.033
Tilt 1;22.07.2021 01:00:05;-1.053;0.033
Tilt 1;22.07.2021 02:00:04;-1.053;0.033
Tilt 1;22.07.2021 03:00:05;-1.053;0.035
Tilt 1;22.07.2021 04:00:07;-1.054;0.035
Tilt 1;22.07.2021 05:00:05;-1.054;0.035
Tilt 1;22.07.2021 06:00:04;-1.053;0.033
Tilt 1;22.07.2021 07:00:04;-1.053;0.033
Tilt 1;22.07.2021 08:00:07;-1.056;0.035
Tilt 1;22.07.2021 09:00:05;-1.058;0.029
Tilt 1;22.07.2021 10:00:05;-1.056;0.029
Tilt 1;22.07.2021 11:00:04;-1.053;0.026
Tilt 1;22.07.2021 12:00:06;-1.049;0.024
Tilt 1;22.07.2021 13:00:04;-1.043;0.026
Tilt 1;22.07.2021 14:00:05;-1.047;0.024
Tilt 1;22.07.2021 15:00:05;-1.049;0.022
Tilt 1;22.07.2021 16:00:06;-1.051;0.022
Tilt 1;22.07.2021 17:00:04;-1.051;0.024
Tilt 1;22.07.2021 18:00:04;-1.051;0.022
Tilt 1;22.07.2021 19:00:05;-1.047;0.028
Tilt 1;22.07.2021 20:00:06;-1.043;0.035
Tilt 1;22.07.2021 21:00:04;-1.045;0.035
Tilt 1;22.07.2021 22:00:04;-1.049;0.033
Tilt 1;22.07.2021 23:00:05;-1.049;0.033
Tilt 1;23.07.2021 00:00:07;-1.054;0.035
Tilt 1;23.07.2021 01:00:04;-1.054;0.035
Tilt 1;23.07.2021 02:00:04;-1.054;0.035
Tilt 1;23.07.2021 03:00:05;-1.054;0.037
Tilt 1;23.07.2021 04:00:07;-1.056;0.035
Tilt 1;23.07.2021 05:00:05;-1.056;0.035
Tilt 1;23.07.2021 06:00:04;-1.056;0.037
Tilt 1;23.07.2021 07:00:04;-1.056;0.033
Tilt 1;23.07.2021 08:00:26;-1.056;0.033
Tilt 1;23.07.2021 09:00:05;-1.060;0.029
Tilt 1;23.07.2021 10:00:04;-1.056;0.028
Tilt 1;23.07.2021 11:00:04;-1.051;0.024
Tilt 1;23.07.2021 12:00:06;-1.049;0.024
Tilt 1;23.07.2021 13:00:04;-1.045;0.026
Tilt 1;23.07.2021 14:00:05;-1.047;0.020
Tilt 1;23.07.2021 15:00:04;-1.043;0.022
Tilt 1;23.07.2021 16:00:06;-1.049;0.018
Tilt 1;23.07.2021 17:00:04;-1.051;0.020
Tilt 1;23.07.2021 18:00:04;-1.047;0.024
Tilt 1;23.07.2021 19:00:05;-1.047;0.024
Tilt 1;23.07.2021 20:00:26;-1.043;0.031
Tilt 1;23.07.2021 21:00:04;-1.047;0.029
Tilt 1;23.07.2021 22:00:04;-1.051;0.026
Tilt 1;23.07.2021 23:00:05;-1.051;0.028
Tilt 1;24.07.2021 00:00:07;-1.053;0.029
Tilt 1;24.07.2021 01:00:04;-1.054;0.031
Tilt 1;24.07.2021 02:00:04;-1.053;0.029
Tilt 1;24.07.2021 03:00:05;-1.053;0.031
Tilt 1;24.07.2021 04:00:07;-1.054;0.033
Tilt 1;24.07.2021 05:00:04;-1.054;0.033
Tilt 1;24.07.2021 06:00:04;-1.056;0.031
Tilt 1;24.07.2021 07:00:05;-1.056;0.031
Tilt 1;24.07.2021 08:00:07;-1.056;0.029
Tilt 1;24.07.2021 09:00:05;-1.058;0.026
Tilt 1;24.07.2021 10:00:04;-1.053;0.026
Tilt 1;24.07.2021 11:00:04;-1.051;0.024
Tilt 1;24.07.2021 12:00:07;-1.049;0.022
Tilt 1;24.07.2021 13:00:05;-1.047;0.018
Tilt 1;24.07.2021 14:00:05;-1.045;0.018
Tilt 1;24.07.2021 15:00:04;-1.047;0.020
Tilt 1;24.07.2021 16:00:06;-1.051;0.018
Tilt 1;24.07.2021 17:00:04;-1.043;0.024
Tilt 1;24.07.2021 18:00:05;-1.042;0.031
Tilt 1;24.07.2021 19:00:04;-1.043;0.033
Tilt 1;24.07.2021 20:00:06;-1.045;0.031
Tilt 1;24.07.2021 21:00:04;-1.049;0.029
Tilt 1;24.07.2021 22:00:04;-1.051;0.031
Tilt 1;24.07.2021 23:00:05;-1.053;0.029
Tilt 1;25.07.2021 00:00:06;-1.053;0.033
Tilt 1;25.07.2021 01:00:04;-1.054;0.033
Tilt 1;25.07.2021 02:00:05;-1.056;0.031
Tilt 1;25.07.2021 03:00:04;-1.056;0.033
Tilt 1;25.07.2021 04:00:07;-1.058;0.035
Tilt 1;25.07.2021 05:00:04;-1.056;0.035
Tilt 1;25.07.2021 06:00:04;-1.058;0.035
Tilt 1;25.07.2021 07:00:04;-1.058;0.033
Tilt 1;25.07.2021 08:00:07;-1.056;0.029
Tilt 1;25.07.2021 09:00:04;-1.060;0.029
Tilt 1;25.07.2021 10:00:04;-1.060;0.026
Tilt 1;25.07.2021 11:00:04;-1.053;0.024
Tilt 1;25.07.2021 12:00:07;-1.051;0.024
Tilt 1;25.07.2021 13:00:05;-1.042;0.028
Tilt 1;25.07.2021 14:00:04;-1.051;0.024
Tilt 1;25.07.2021 15:00:04;-1.051;0.020
Tilt 1;25.07.2021 16:00:27;-1.053;0.022
Tilt 1;25.07.2021 17:00:05;-1.051;0.024
Tilt 1;25.07.2021 18:00:04;-1.051;0.026
Tilt 1;25.07.2021 19:00:04;-1.053;0.028
Tilt 1;25.07.2021 20:00:07;-1.047;0.033
Tilt 1;25.07.2021 21:00:04;-1.053;0.031
Tilt 1;25.07.2021 22:00:05;-1.056;0.031
Tilt 1;25.07.2021 23:00:04;-1.056;0.029
Tilt 1;26.07.2021 00:00:06;-1.056;0.031
Tilt 1;26.07.2021 01:00:04;-1.056;0.031
Tilt 1;26.07.2021 02:00:05;-1.058;0.031
Tilt 1;26.07.2021 03:00:04;-1.058;0.031
Tilt 1;26.07.2021 04:00:06;-1.056;0.033
Tilt 1;26.07.2021 05:00:04;-1.058;0.033
Tilt 1;26.07.2021 06:00:04;-1.058;0.031
Tilt 1;26.07.2021 07:00:05;-1.056;0.029
Tilt 1;26.07.2021 08:00:06;-1.058;0.028
Tilt 1;26.07.2021 09:00:04;-1.058;0.028
Tilt 1;26.07.2021 10:00:05;-1.056;0.026
Tilt 1;26.07.2021 11:00:05;-1.054;0.026
Tilt 1;26.07.2021 12:00:26;-1.053;0.026
Tilt 1;26.07.2021 13:00:04;-1.051;0.026
Tilt 1;26.07.2021 14:00:05;-1.053;0.024
Tilt 1;26.07.2021 15:00:05;-1.053;0.024
Tilt 1;26.07.2021 16:00:07;-1.049;0.029
Tilt 1;26.07.2021 17:00:04;-1.047;0.033
Tilt 1;26.07.2021 18:00:04;-1.047;0.035
Tilt 1;26.07.2021 19:00:04;-1.049;0.033
Tilt 1;26.07.2021 20:00:07;-1.053;0.029
Tilt 1;26.07.2021 21:00:05;-1.056;0.031
Tilt 1;26.07.2021 22:00:04;-1.056;0.029
Tilt 1;26.07.2021 23:00:04;-1.056;0.031
Tilt 1;27.07.2021 00:00:07;-1.056;0.029
Tilt 1;27.07.2021 01:00:05;-1.056;0.031
Tilt 1;27.07.2021 02:00:04;-1.054;0.029
Tilt 1;27.07.2021 03:00:04;-1.056;0.031
Tilt 1;27.07.2021 04:00:06;-1.056;0.033
Tilt 1;27.07.2021 05:00:05;-1.056;0.033
Tilt 1;27.07.2021 06:00:05;-1.058;0.031
Tilt 1;27.07.2021 07:00:04;-1.054;0.033
Tilt 1;27.07.2021 08:00:06;-1.056;0.031
Tilt 1;27.07.2021 09:00:04;-1.056;0.029
Tilt 1;27.07.2021 10:00:05;-1.054;0.029
Tilt 1;27.07.2021 11:00:04;-1.056;0.029
Tilt 1;27.07.2021 12:00:06;-1.056;0.029
Tilt 1;27.07.2021 13:00:04;-1.054;0.029
Tilt 1;27.07.2021 14:00:05;-1.053;0.031
Tilt 1;27.07.2021 15:00:05;-1.053;0.029
Tilt 1;27.07.2021 16:00:06;-1.053;0.029
Tilt 1;27.07.2021 17:00:04;-1.056;0.029
Tilt 1;27.07.2021 18:00:04;-1.054;0.031
Tilt 1;27.07.2021 19:00:05;-1.056;0.033
Tilt 1;27.07.2021 20:00:06;-1.056;0.033
Tilt 1;27.07.2021 21:00:04;-1.056;0.033
Tilt 1;27.07.2021 22:00:04;-1.056;0.033
Tilt 1;27.07.2021 23:00:05;-1.056;0.033
Tilt 1;28.07.2021 00:00:07;-1.056;0.033
Tilt 1;28.07.2021 01:00:04;-1.056;0.033
Tilt 1;28.07.2021 02:00:04;-1.056;0.035
Tilt 1;28.07.2021 03:00:05;-1.056;0.033
Tilt 1;28.07.2021 04:00:07;-1.056;0.035
Tilt 1;28.07.2021 05:00:05;-1.058;0.033
Tilt 1;28.07.2021 06:00:04;-1.058;0.033
Tilt 1;28.07.2021 07:00:05;-1.056;0.033
Tilt 1;28.07.2021 08:00:07;-1.058;0.033
Tilt 1;28.07.2021 09:00:05;-1.056;0.033
Tilt 1;28.07.2021 10:00:04;-1.056;0.033
Tilt 1;28.07.2021 11:00:04;-1.056;0.031
Tilt 1;28.07.2021 12:00:07;-1.056;0.031
Tilt 1;28.07.2021 13:00:04;-1.054;0.031
Tilt 1;28.07.2021 14:00:05;-1.056;0.029
Tilt 1;28.07.2021 15:00:04;-1.054;0.029
Tilt 1;28.07.2021 16:00:26;-1.056;0.029
Tilt 1;28.07.2021 17:00:04;-1.056;0.029
Tilt 1;28.07.2021 18:00:05;-1.056;0.031
Tilt 1;28.07.2021 19:00:04;-1.056;0.033
Tilt 1;28.07.2021 20:00:06;-1.056;0.033
Tilt 1;28.07.2021 21:00:04;-1.056;0.035
Tilt 1;28.07.2021 22:00:05;-1.056;0.035
Tilt 1;28.07.2021 23:00:05;-1.058;0.035
Tilt 1;29.07.2021 00:00:06;-1.058;0.033
Tilt 1;29.07.2021 01:00:04;-1.058;0.035
Tilt 1;29.07.2021 02:00:05;-1.058;0.037
Tilt 1;29.07.2021 03:00:05;-1.060;0.035
Tilt 1;29.07.2021 04:00:07;-1.060;0.037
Tilt 1;29.07.2021 05:00:04;-1.060;0.037
Tilt 1;29.07.2021 06:00:04;-1.060;0.037
Tilt 1;29.07.2021 07:00:04;-1.060;0.035
Tilt 1;29.07.2021 08:00:07;-1.058;0.035
Tilt 1;29.07.2021 09:00:05;-1.058;0.033
Tilt 1;29.07.2021 10:00:04;-1.056;0.035
Tilt 1;29.07.2021 11:00:04;-1.056;0.033
Tilt 1;29.07.2021 12:00:07;-1.056;0.033
Tilt 1;29.07.2021 13:00:05;-1.054;0.031
Tilt 1;29.07.2021 14:00:04;-1.056;0.031
Tilt 1;29.07.2021 15:00:04;-1.054;0.033
Tilt 1;29.07.2021 16:00:07;-1.054;0.033
Tilt 1;29.07.2021 17:00:05;-1.056;0.033
Tilt 1;29.07.2021 18:00:04;-1.056;0.035
Tilt 1;29.07.2021 19:00:04;-1.056;0.035
Tilt 1;29.07.2021 20:00:06;-1.056;0.035
Tilt 1;29.07.2021 21:00:04;-1.056;0.035
Tilt 1;29.07.2021 22:00:05;-1.058;0.035
Tilt 1;29.07.2021 23:00:04;-1.058;0.037
Tilt 1;30.07.2021 00:00:06;-1.060;0.037
Tilt 1;30.07.2021 01:00:04;-1.060;0.039
Tilt 1;30.07.2021 02:00:05;-1.060;0.039
Tilt 1;30.07.2021 03:00:04;-1.058;0.039
Tilt 1;30.07.2021 04:00:06;-1.060;0.039
Tilt 1;30.07.2021 05:00:04;-1.062;0.039
Tilt 1;30.07.2021 06:00:04;-1.060;0.039
Tilt 1;30.07.2021 07:00:05;-1.062;0.037
Tilt 1;30.07.2021 08:00:06;-1.062;0.035
Tilt 1;30.07.2021 09:00:04;-1.064;0.035
Tilt 1;30.07.2021 10:00:05;-1.066;0.033
Tilt 1;30.07.2021 11:00:05;-1.060;0.029
Tilt 1;30.07.2021 12:00:06;-1.056;0.029
Tilt 1;30.07.2021 13:00:04;-1.054;0.028
Tilt 1;30.07.2021 14:00:05;-1.053;0.026
Tilt 1;30.07.2021 15:00:04;-1.053;0.026
Tilt 1;30.07.2021 16:00:07;-1.056;0.026
Tilt 1;30.07.2021 17:00:04;-1.056;0.029
Tilt 1;30.07.2021 18:00:04;-1.053;0.029
Tilt 1;30.07.2021 19:00:05;-1.056;0.028
Tilt 1;30.07.2021 20:00:06;-1.047;0.039
Tilt 1;30.07.2021 21:00:04;-1.053;0.035
Tilt 1;30.07.2021 22:00:05;-1.054;0.035
Tilt 1;30.07.2021 23:00:04;-1.056;0.035
Tilt 1;31.07.2021 00:00:07;-1.056;0.035
Tilt 1;31.07.2021 01:00:04;-1.056;0.037
Tilt 1;31.07.2021 02:00:04;-1.056;0.037
Tilt 1;31.07.2021 03:00:04;-1.056;0.037
Tilt 1;31.07.2021 04:00:07;-1.056;0.039
Tilt 1;31.07.2021 05:00:04;-1.056;0.039
Tilt 1;31.07.2021 06:00:04;-1.058;0.039
Tilt 1;31.07.2021 07:00:04;-1.060;0.039
Tilt 1;31.07.2021 08:00:26;-1.060;0.037
Tilt 1;31.07.2021 09:00:05;-1.060;0.035
Tilt 1;31.07.2021 10:00:04;-1.060;0.033
Tilt 1;31.07.2021 11:00:04;-1.056;0.033
Tilt 1;31.07.2021 12:00:27;-1.058;0.031
Tilt 1;31.07.2021 13:00:05;-1.054;0.029
Tilt 1;31.07.2021 14:00:04;-1.054;0.031
Tilt 1;31.07.2021 15:00:04;-1.051;0.033
Tilt 1;31.07.2021 16:00:26;-1.051;0.033
Tilt 1;31.07.2021 17:00:05;-1.054;0.031
Tilt 1;31.07.2021 18:00:05;-1.047;0.039
Tilt 1;31.07.2021 19:00:04;-1.047;0.042
Tilt 1;31.07.2021 20:00:06;-1.056;0.039
Tilt 1;31.07.2021 21:00:04;-1.056;0.037
Tilt 1;31.07.2021 22:00:05;-1.056;0.039
Tilt 1;31.07.2021 23:00:05;-1.056;0.039
Tilt 1;01.08.2021 00:00:06;-1.058;0.039
Tilt 1;01.08.2021 01:00:04;-1.058;0.039
Tilt 1;01.08.2021 02:00:05;-1.058;0.039
Tilt 1;01.08.2021 03:00:05;-1.056;0.039
Tilt 1;01.08.2021 04:00:06;-1.056;0.039
Tilt 1;01.08.2021 05:00:04;-1.058;0.041
Tilt 1;01.08.2021 06:00:05;-1.058;0.041
Tilt 1;01.08.2021 07:00:04;-1.058;0.041
Tilt 1;01.08.2021 08:00:07;-1.058;0.041
Tilt 1;01.08.2021 09:00:04;-1.058;0.039
Tilt 1;01.08.2021 10:00:04;-1.060;0.039
Tilt 1;01.08.2021 11:00:04;-1.060;0.037
Tilt 1;01.08.2021 12:00:07;-1.056;0.035
Tilt 1;01.08.2021 13:00:05;-1.056;0.033
Tilt 1;01.08.2021 14:00:04;-1.054;0.033
Tilt 1;01.08.2021 15:00:04;-1.051;0.039
Tilt 1;01.08.2021 16:00:06;-1.058;0.031
Tilt 1;01.08.2021 17:00:05;-1.058;0.031
Tilt 1;01.08.2021 18:00:05;-1.053;0.035
Tilt 1;01.08.2021 19:00:04;-1.058;0.033
Tilt 1;01.08.2021 20:00:26;-1.049;0.042
Tilt 1;01.08.2021 21:00:04;-1.056;0.041
Tilt 1;01.08.2021 22:00:05;-1.058;0.041
Tilt 1;01.08.2021 23:00:04;-1.060;0.041
Tilt 1;02.08.2021 00:00:06;-1.058;0.041
Tilt 1;02.08.2021 01:00:04;-1.058;0.042
Tilt 1;02.08.2021 02:00:05;-1.060;0.044
Tilt 1;02.08.2021 03:00:05;-1.060;0.046
Tilt 1;02.08.2021 04:00:06;-1.060;0.046
Tilt 1;02.08.2021 05:00:04;-1.060;0.046
Tilt 1;02.08.2021 06:00:05;-1.060;0.048
Tilt 1;02.08.2021 07:00:05;-1.060;0.044
Tilt 1;02.08.2021 08:00:07;-1.060;0.042
Tilt 1;02.08.2021 09:00:04;-1.064;0.041
Tilt 1;02.08.2021 10:00:04;-1.062;0.039
Tilt 1;02.08.2021 11:00:04;-1.060;0.037
Tilt 1;02.08.2021 12:00:25;-1.056;0.035
Tilt 1;02.08.2021 13:00:04;-1.056;0.033
Tilt 1;02.08.2021 14:00:04;-1.053;0.035
Tilt 1;02.08.2021 15:00:04;-1.054;0.035
Tilt 1;02.08.2021 16:00:07;-1.053;0.039
Tilt 1;02.08.2021 17:00:05;-1.047;0.044
Tilt 1;02.08.2021 18:00:04;-1.049;0.042
Tilt 1;02.08.2021 19:00:04;-1.051;0.044
Tilt 1;02.08.2021 20:00:07;-1.054;0.042
Tilt 1;02.08.2021 21:00:05;-1.056;0.041
Tilt 1;02.08.2021 22:00:05;-1.056;0.041
Tilt 1;02.08.2021 23:00:04;-1.060;0.042
Tilt 1;03.08.2021 00:00:06;-1.060;0.044
Tilt 1;03.08.2021 01:00:04;-1.058;0.042
Tilt 1;03.08.2021 02:00:05;-1.058;0.044
Tilt 1;03.08.2021 03:00:04;-1.060;0.044
Tilt 1;03.08.2021 04:00:06;-1.060;0.044
Tilt 1;03.08.2021 05:00:04;-1.060;0.044
Tilt 1;03.08.2021 06:00:05;-1.060;0.044
Tilt 1;03.08.2021 07:00:04;-1.060;0.044
Tilt 1;03.08.2021 08:00:06;-1.064;0.044
Tilt 1;03.08.2021 09:00:04;-1.066;0.039
Tilt 1;03.08.2021 10:00:04;-1.064;0.039
Tilt 1;03.08.2021 11:00:05;-1.060;0.035
Tilt 1;03.08.2021 12:00:07;-1.060;0.035
Tilt 1;03.08.2021 13:00:04;-1.058;0.035
Tilt 1;03.08.2021 14:00:04;-1.058;0.035
Tilt 1;03.08.2021 15:00:05;-1.056;0.037
Tilt 1;03.08.2021 16:00:07;-1.058;0.039
Tilt 1;03.08.2021 17:00:04;-1.056;0.041
Tilt 1;03.08.2021 18:00:04;-1.058;0.039
Tilt 1;03.08.2021 19:00:04;-1.056;0.039
Tilt 1;03.08.2021 20:00:07;-1.058;0.041
Tilt 1;03.08.2021 21:00:05;-1.058;0.042
Tilt 1;03.08.2021 22:00:04;-1.060;0.042
Tilt 1;03.08.2021 23:00:04;-1.060;0.044
Tilt 1;04.08.2021 00:00:06;-1.060;0.044
Tilt 1;04.08.2021 01:00:04;-1.060;0.044
Tilt 1;04.08.2021 02:00:05;-1.062;0.044
Tilt 1;04.08.2021 03:00:04;-1.062;0.044
Tilt 1;04.08.2021 04:00:06;-1.060;0.046
Tilt 1;04.08.2021 05:00:04;-1.062;0.046
Tilt 1;04.08.2021 06:00:05;-1.062;0.046
Tilt 1;04.08.2021 07:00:05;-1.062;0.044
Tilt 1;04.08.2021 08:00:06;-1.062;0.042
Tilt 1;04.08.2021 09:00:04;-1.064;0.041
Tilt 1;04.08.2021 10:00:05;-1.064;0.039
Tilt 1;04.08.2021 11:00:05;-1.062;0.037
Tilt 1;04.08.2021 12:00:06;-1.060;0.035
Tilt 1;04.08.2021 13:00:04;-1.056;0.035
Tilt 1;04.08.2021 14:00:05;-1.058;0.033
Tilt 1;04.08.2021 15:00:04;-1.056;0.031
Tilt 1;04.08.2021 16:00:27;-1.056;0.031
Tilt 1;04.08.2021 17:00:04;-1.056;0.031
Tilt 1;04.08.2021 18:00:04;-1.056;0.031
Tilt 1;04.08.2021 19:00:04;-1.054;0.037
Tilt 1;04.08.2021 20:00:07;-1.049;0.042
Tilt 1;04.08.2021 21:00:05;-1.053;0.041
Tilt 1;04.08.2021 22:00:04;-1.056;0.042
Tilt 1;04.08.2021 23:00:04;-1.058;0.042
Tilt 1;05.08.2021 00:00:26;-1.056;0.042
Tilt 1;05.08.2021 01:00:04;-1.058;0.042
Tilt 1;05.08.2021 02:00:05;-1.058;0.042
Tilt 1;05.08.2021 03:00:04;-1.060;0.044
Tilt 1;05.08.2021 04:00:06;-1.060;0.044
Tilt 1;05.08.2021 05:00:04;-1.060;0.044
Tilt 1;05.08.2021 06:00:05;-1.060;0.042
Tilt 1;05.08.2021 07:00:05;-1.060;0.042
Tilt 1;05.08.2021 08:00:06;-1.062;0.042
Tilt 1;05.08.2021 09:00:04;-1.064;0.039
Tilt 1;05.08.2021 10:00:05;-1.064;0.035
Tilt 1;05.08.2021 11:00:04;-1.060;0.035
Tilt 1;05.08.2021 12:00:07;-1.058;0.033
Tilt 1;05.08.2021 13:00:04;-1.056;0.033
Tilt 1;05.08.2021 14:00:04;-1.053;0.039
Tilt 1;05.08.2021 15:00:04;-1.056;0.031
Tilt 1;05.08.2021 16:00:27;-1.053;0.033
Tilt 1;05.08.2021 17:00:05;-1.047;0.041
Tilt 1;05.08.2021 18:00:05;-1.047;0.042
Tilt 1;05.08.2021 19:00:04;-1.051;0.039
Tilt 1;05.08.2021 20:00:06;-1.056;0.035
Tilt 1;05.08.2021 21:00:04;-1.056;0.039
Tilt 1;05.08.2021 22:00:05;-1.056;0.039
Tilt 1;05.08.2021 23:00:04;-1.058;0.039
Tilt 1;06.08.2021 00:00:06;-1.058;0.041
Tilt 1;06.08.2021 01:00:04;-1.058;0.039
Tilt 1;06.08.2021 02:00:04;-1.056;0.042
Tilt 1;06.08.2021 03:00:05;-1.060;0.042
Tilt 1;06.08.2021 04:00:06;-1.060;0.042
Tilt 1;06.08.2021 05:00:04;-1.060;0.044
Tilt 1;06.08.2021 06:00:05;-1.060;0.042
Tilt 1;06.08.2021 07:00:05;-1.060;0.042
Tilt 1;06.08.2021 08:00:07;-1.060;0.039
Tilt 1;06.08.2021 09:00:04;-1.062;0.039
Tilt 1;06.08.2021 10:00:04;-1.060;0.039
Tilt 1;06.08.2021 11:00:04;-1.060;0.039
Tilt 1;06.08.2021 12:00:39;-1.060;0.035
Tilt 1;06.08.2021 13:00:05;-1.060;0.035
Tilt 1;06.08.2021 14:00:04;-1.060;0.033
Tilt 1;06.08.2021 15:00:04;-1.058;0.037
Tilt 1;06.08.2021 16:00:27;-1.060;0.035
Tilt 1;06.08.2021 17:00:05;-1.060;0.037
Tilt 1;06.08.2021 18:00:05;-1.060;0.037
Tilt 1;06.08.2021 19:00:04;-1.062;0.039
Tilt 1;06.08.2021 20:00:07;-1.060;0.039
Tilt 1;06.08.2021 21:00:04;-1.060;0.041
Tilt 1;06.08.2021 22:00:05;-1.062;0.039
Tilt 1;06.08.2021 23:00:04;-1.060;0.041
Tilt 1;07.08.2021 00:00:07;-1.060;0.041
Tilt 1;07.08.2021 01:00:04;-1.062;0.041
Tilt 1;07.08.2021 02:00:05;-1.060;0.041
Tilt 1;07.08.2021 03:00:04;-1.062;0.041
Tilt 1;07.08.2021 04:00:06;-1.062;0.042
Tilt 1;07.08.2021 05:00:04;-1.060;0.041
Tilt 1;07.08.2021 06:00:04;-1.062;0.041
Tilt 1;07.08.2021 07:00:05;-1.062;0.041
Tilt 1;07.08.2021 08:00:06;-1.062;0.042
Tilt 1;07.08.2021 09:00:04;-1.060;0.039
Tilt 1;07.08.2021 10:00:05;-1.062;0.041
Tilt 1;07.08.2021 11:00:05;-1.060;0.039
Tilt 1;07.08.2021 12:00:07;-1.062;0.039
Tilt 1;07.08.2021 13:00:04;-1.060;0.039
Tilt 1;07.08.2021 14:00:04;-1.056;0.039
Tilt 1;07.08.2021 15:00:04;-1.060;0.037
Tilt 1;07.08.2021 16:00:07;-1.060;0.037
Tilt 1;07.08.2021 17:00:04;-1.060;0.039
Tilt 1;07.08.2021 18:00:04;-1.058;0.039
Tilt 1;07.08.2021 19:00:04;-1.060;0.039
Tilt 1;07.08.2021 20:00:07;-1.060;0.041
Tilt 1;07.08.2021 21:00:05;-1.060;0.041
Tilt 1;07.08.2021 22:00:05;-1.060;0.041
Tilt 1;07.08.2021 23:00:04;-1.060;0.042
Tilt 1;08.08.2021 00:00:06;-1.060;0.042
Tilt 1;08.08.2021 01:00:04;-1.062;0.042
Tilt 1;08.08.2021 02:00:05;-1.060;0.042
Tilt 1;08.08.2021 03:00:04;-1.060;0.042
Tilt 1;08.08.2021 04:00:06;-1.060;0.042
Tilt 1;08.08.2021 05:00:04;-1.060;0.042
Tilt 1;08.08.2021 06:00:05;-1.060;0.042
Tilt 1;08.08.2021 07:00:05;-1.060;0.041
Tilt 1;08.08.2021 08:00:06;-1.060;0.039
Tilt 1;08.08.2021 09:00:04;-1.058;0.039
Tilt 1;08.08.2021 10:00:05;-1.058;0.039
Tilt 1;08.08.2021 11:00:05;-1.058;0.039
Tilt 1;08.08.2021 12:00:07;-1.060;0.035
Tilt 1;08.08.2021 13:00:04;-1.056;0.031
Tilt 1;08.08.2021 14:00:04;-1.054;0.033
Tilt 1;08.08.2021 15:00:04;-1.053;0.033
Tilt 1;08.08.2021 16:00:07;-1.056;0.033
Tilt 1;08.08.2021 17:00:05;-1.053;0.035
Tilt 1;08.08.2021 18:00:04;-1.051;0.039
Tilt 1;08.08.2021 19:00:04;-1.053;0.039
Tilt 1;08.08.2021 20:00:07;-1.056;0.039
Tilt 1;08.08.2021 21:00:05;-1.058;0.039
Tilt 1;08.08.2021 22:00:04;-1.058;0.041
Tilt 1;08.08.2021 23:00:04;-1.058;0.041
Tilt 1;09.08.2021 00:00:07;-1.058;0.042
Tilt 1;09.08.2021 01:00:04;-1.060;0.042
Tilt 1;09.08.2021 02:00:05;-1.060;0.042
Tilt 1;09.08.2021 03:00:04;-1.060;0.042
Tilt 1;09.08.2021 04:00:06;-1.060;0.044
Tilt 1;09.08.2021 05:00:04;-1.062;0.042
Tilt 1;09.08.2021 06:00:05;-1.062;0.042
Tilt 1;09.08.2021 07:00:05;-1.060;0.041
Tilt 1;09.08.2021 08:00:06;-1.060;0.039
Tilt 1;09.08.2021 09:00:04;-1.060;0.039
Tilt 1;09.08.2021 10:00:05;-1.058;0.039
Tilt 1;09.08.2021 11:00:05;-1.060;0.037
Tilt 1;09.08.2021 12:00:06;-1.060;0.037
Tilt 1;09.08.2021 13:00:04;-1.060;0.035
Tilt 1;09.08.2021 14:00:05;-1.058;0.035
Tilt 1;09.08.2021 15:00:05;-1.058;0.035
Tilt 1;09.08.2021 16:00:07;-1.058;0.037
Tilt 1;09.08.2021 17:00:04;-1.058;0.039
Tilt 1;09.08.2021 18:00:04;-1.058;0.039
Tilt 1;09.08.2021 19:00:04;-1.058;0.039
Tilt 1;09.08.2021 20:00:27;-1.058;0.041
Tilt 1;09.08.2021 21:00:05;-1.060;0.039
Tilt 1;09.08.2021 22:00:04;-1.058;0.041
Tilt 1;09.08.2021 23:00:05;-1.060;0.042
Tilt 1;10.08.2021 00:00:07;-1.058;0.042
Tilt 1;10.08.2021 01:00:05;-1.060;0.042
Tilt 1;10.08.2021 02:00:04;-1.060;0.042
Tilt 1;10.08.2021 03:00:04;-1.062;0.042
Tilt 1;10.08.2021 04:00:06;-1.060;0.042
Tilt 1;10.08.2021 05:00:04;-1.060;0.042
Tilt 1;10.08.2021 06:00:05;-1.060;0.042
Tilt 1;10.08.2021 07:00:04;-1.058;0.041
Tilt 1;10.08.2021 08:00:06;-1.058;0.041
Tilt 1;10.08.2021 09:00:04;-1.058;0.039
Tilt 1;10.08.2021 10:00:05;-1.060;0.039
Tilt 1;10.08.2021 11:00:05;-1.058;0.035
Tilt 1;10.08.2021 12:00:38;-1.058;0.037
Tilt 1;10.08.2021 13:00:04;-1.054;0.035
Tilt 1;10.08.2021 14:00:05;-1.056;0.035
Tilt 1;10.08.2021 15:00:05;-1.056;0.033
Tilt 1;10.08.2021 16:00:07;-1.056;0.033
Tilt 1;10.08.2021 17:00:04;-1.054;0.037
Tilt 1;10.08.2021 18:00:04;-1.054;0.035
Tilt 1;10.08.2021 19:00:04;-1.056;0.037
Tilt 1;10.08.2021 20:00:07;-1.056;0.039
Tilt 1;10.08.2021 21:00:05;-1.060;0.039
Tilt 1;10.08.2021 22:00:04;-1.060;0.039
Tilt 1;10.08.2021 23:00:04;-1.060;0.041
Tilt 1;11.08.2021 00:00:07;-1.058;0.041
Tilt 1;11.08.2021 01:00:05;-1.056;0.042
Tilt 1;11.08.2021 02:00:05;-1.060;0.042
Tilt 1;11.08.2021 03:00:04;-1.060;0.041
Tilt 1;11.08.2021 04:00:07;-1.060;0.042
Tilt 1;11.08.2021 05:00:05;-1.060;0.042
Tilt 1;11.08.2021 06:00:04;-1.062;0.042
Tilt 1;11.08.2021 07:00:04;-1.062;0.041
Tilt 1;11.08.2021 08:00:07;-1.060;0.042
Tilt 1;11.08.2021 09:00:04;-1.064;0.039
Tilt 1;11.08.2021 10:00:05;-1.066;0.035
Tilt 1;11.08.2021 11:00:04;-1.062;0.033
Tilt 1;11.08.2021 12:00:06;-1.058;0.033
Tilt 1;11.08.2021 13:00:04;-1.053;0.035
Tilt 1;11.08.2021 14:00:05;-1.053;0.033
Tilt 1;11.08.2021 15:00:05;-1.051;0.035
Tilt 1;11.08.2021 16:00:27;-1.054;0.031
Tilt 1;11.08.2021 17:00:04;-1.051;0.037
Tilt 1;11.08.2021 18:00:04;-1.053;0.039
Tilt 1;11.08.2021 19:00:05;-1.049;0.039
Tilt 1;11.08.2021 20:00:07;-1.053;0.039
Tilt 1;11.08.2021 21:00:04;-1.054;0.039
Tilt 1;11.08.2021 22:00:04;-1.056;0.039
Tilt 1;11.08.2021 23:00:05;-1.056;0.039
Tilt 1;12.08.2021 00:00:07;-1.056;0.039
Tilt 1;12.08.2021 01:00:04;-1.058;0.041
Tilt 1;12.08.2021 02:00:04;-1.060;0.042
Tilt 1;12.08.2021 03:00:05;-1.058;0.041
Tilt 1;12.08.2021 04:00:07;-1.060;0.041
Tilt 1;12.08.2021 05:00:05;-1.060;0.042
Tilt 1;12.08.2021 06:00:04;-1.060;0.041
Tilt 1;12.08.2021 07:00:05;-1.060;0.039
Tilt 1;12.08.2021 08:00:07;-1.060;0.037
Tilt 1;12.08.2021 09:00:05;-1.058;0.037
Tilt 1;12.08.2021 10:00:04;-1.058;0.033
Tilt 1;12.08.2021 11:00:04;-1.056;0.035
Tilt 1;12.08.2021 12:00:07;-1.058;0.033
Tilt 1;12.08.2021 13:00:05;-1.056;0.035
Tilt 1;12.08.2021 14:00:04;-1.056;0.033
Tilt 1;12.08.2021 15:00:04;-1.054;0.033
Tilt 1;12.08.2021 16:00:06;-1.056;0.035
Tilt 1;12.08.2021 17:00:04;-1.056;0.035
Tilt 1;12.08.2021 18:00:05;-1.056;0.033
Tilt 1;12.08.2021 19:00:05;-1.056;0.035
Tilt 1;12.08.2021 20:00:06;-1.060;0.037
Tilt 1;12.08.2021 21:00:04;-1.058;0.039
Tilt 1;12.08.2021 22:00:04;-1.056;0.037
Tilt 1;12.08.2021 23:00:05;-1.058;0.039
Tilt 1;13.08.2021 00:00:06;-1.060;0.039
Tilt 1;13.08.2021 01:00:04;-1.058;0.039
Tilt 1;13.08.2021 02:00:05;-1.060;0.042
Tilt 1;13.08.2021 03:00:04;-1.060;0.042
Tilt 1;13.08.2021 04:00:07;-1.060;0.042
Tilt 1;13.08.2021 05:00:04;-1.062;0.042
Tilt 1;13.08.2021 06:00:04;-1.062;0.042
Tilt 1;13.08.2021 07:00:04;-1.060;0.041
Tilt 1;13.08.2021 08:00:07;-1.060;0.039
Tilt 1;13.08.2021 09:00:05;-1.060;0.037
Tilt 1;13.08.2021 10:00:04;-1.058;0.037
Tilt 1;13.08.2021 11:00:04;-1.060;0.035
Tilt 1;13.08.2021 12:00:07;-1.058;0.037
Tilt 1;13.08.2021 13:00:05;-1.058;0.039
Tilt 1;13.08.2021 14:00:05;-1.058;0.037
Tilt 1;13.08.2021 15:00:04;-1.058;0.039
Tilt 1;13.08.2021 16:00:06;-1.058;0.039
Tilt 1;13.08.2021 17:00:04;-1.060;0.039
Tilt 1;13.08.2021 18:00:04;-1.060;0.042
Tilt 1;13.08.2021 19:00:05;-1.060;0.042
Tilt 1;13.08.2021 20:00:06;-1.060;0.042
Tilt 1;13.08.2021 21:00:04;-1.060;0.042
Tilt 1;13.08.2021 22:00:04;-1.062;0.044
Tilt 1;13.08.2021 23:00:05;-1.060;0.044
Tilt 1;14.08.2021 00:00:07;-1.060;0.044
Tilt 1;14.08.2021 01:00:04;-1.062;0.044
Tilt 1;14.08.2021 02:00:04;-1.062;0.044
Tilt 1;14.08.2021 03:00:05;-1.062;0.044
Tilt 1;14.08.2021 04:00:07;-1.062;0.044
Tilt 1;14.08.2021 05:00:05;-1.060;0.044
Tilt 1;14.08.2021 06:00:04;-1.060;0.044
Tilt 1;14.08.2021 07:00:04;-1.060;0.044
Tilt 1;14.08.2021 08:00:07;-1.062;0.042
Tilt 1;14.08.2021 09:00:05;-1.060;0.042
Tilt 1;14.08.2021 10:00:04;-1.060;0.042
Tilt 1;14.08.2021 11:00:04;-1.060;0.041
Tilt 1;14.08.2021 12:00:07;-1.060;0.039
Tilt 1;14.08.2021 13:00:04;-1.060;0.041
Tilt 1;14.08.2021 14:00:05;-1.058;0.041
Tilt 1;14.08.2021 15:00:04;-1.056;0.039
Tilt 1;14.08.2021 16:00:06;-1.058;0.041
Tilt 1;14.08.2021 17:00:04;-1.058;0.042
Tilt 1;14.08.2021 18:00:04;-1.058;0.042
Tilt 1;14.08.2021 19:00:05;-1.060;0.042
Tilt 1;14.08.2021 20:00:06;-1.060;0.042
Tilt 1;14.08.2021 21:00:04;-1.060;0.044
Tilt 1;14.08.2021 22:00:04;-1.060;0.044
Tilt 1;14.08.2021 23:00:05;-1.058;0.044
Tilt 1;15.08.2021 00:00:07;-1.060;0.046
Tilt 1;15.08.2021 01:00:04;-1.062;0.046
Tilt 1;15.08.2021 02:00:04;-1.060;0.044
Tilt 1;15.08.2021 03:00:05;-1.062;0.044
Tilt 1;15.08.2021 04:00:07;-1.062;0.046
Tilt 1;15.08.2021 05:00:04;-1.060;0.046
Tilt 1;15.08.2021 06:00:04;-1.062;0.046
Tilt 1;15.08.2021 07:00:05;-1.064;0.044
Tilt 1;15.08.2021 08:00:26;-1.062;0.044
Tilt 1;15.08.2021 09:00:05;-1.062;0.046
Tilt 1;15.08.2021 10:00:04;-1.060;0.044
Tilt 1;15.08.2021 11:00:04;-1.062;0.044
Tilt 1;15.08.2021 12:00:07;-1.062;0.042
Tilt 1;15.08.2021 13:00:05;-1.062;0.042
Tilt 1;15.08.2021 14:00:05;-1.060;0.044
Tilt 1;15.08.2021 15:00:04;-1.060;0.042
Tilt 1;15.08.2021 16:00:06;-1.060;0.042
Tilt 1;15.08.2021 17:00:04;-1.060;0.042
Tilt 1;15.08.2021 18:00:05;-1.060;0.042
Tilt 1;15.08.2021 19:00:04;-1.060;0.044
Tilt 1;15.08.2021 20:00:25;-1.060;0.046
Tilt 1;15.08.2021 21:00:04;-1.058;0.044
Tilt 1;15.08.2021 22:00:05;-1.060;0.044
Tilt 1;15.08.2021 23:00:05;-1.062;0.044
Tilt 1;16.08.2021 00:00:06;-1.062;0.044
Tilt 1;16.08.2021 01:00:04;-1.060;0.048
Tilt 1;16.08.2021 02:00:05;-1.062;0.048
Tilt 1;16.08.2021 03:00:05;-1.060;0.048
Tilt 1;16.08.2021 04:00:06;-1.060;0.050
Tilt 1;16.08.2021 05:00:04;-1.062;0.048
Tilt 1;16.08.2021 06:00:05;-1.062;0.048
Tilt 1;16.08.2021 07:00:04;-1.064;0.048
Tilt 1;16.08.2021 08:00:07;-1.062;0.044
Tilt 1;16.08.2021 09:00:04;-1.062;0.044
Tilt 1;16.08.2021 10:00:04;-1.062;0.042
Tilt 1;16.08.2021 11:00:04;-1.062;0.042
Tilt 1;16.08.2021 12:00:07;-1.062;0.039
Tilt 1;16.08.2021 13:00:04;-1.060;0.039
Tilt 1;16.08.2021 14:00:04;-1.060;0.039
Tilt 1;16.08.2021 15:00:04;-1.060;0.039
Tilt 1;16.08.2021 16:00:27;-1.060;0.039
Tilt 1;16.08.2021 17:00:05;-1.060;0.041
Tilt 1;16.08.2021 18:00:05;-1.060;0.041
Tilt 1;16.08.2021 19:00:04;-1.060;0.041
Tilt 1;16.08.2021 20:00:06;-1.062;0.042
Tilt 1;16.08.2021 21:00:04;-1.062;0.042
Tilt 1;16.08.2021 22:00:05;-1.062;0.044
Tilt 1;16.08.2021 23:00:05;-1.062;0.042
Tilt 1;17.08.2021 00:00:06;-1.062;0.046
Tilt 1;17.08.2021 01:00:04;-1.062;0.046
Tilt 1;17.08.2021 02:00:04;-1.060;0.046
Tilt 1;17.08.2021 03:00:05;-1.064;0.048
Tilt 1;17.08.2021 04:00:06;-1.064;0.048
Tilt 1;17.08.2021 05:00:04;-1.064;0.048
Tilt 1;17.08.2021 06:00:05;-1.066;0.046
Tilt 1;17.08.2021 07:00:04;-1.066;0.048
Tilt 1;17.08.2021 08:00:07;-1.066;0.048
Tilt 1;17.08.2021 09:00:04;-1.069;0.042
Tilt 1;17.08.2021 10:00:04;-1.067;0.039
Tilt 1;17.08.2021 11:00:04;-1.066;0.039
Tilt 1;17.08.2021 12:00:07;-1.064;0.039
Tilt 1;17.08.2021 13:00:05;-1.062;0.035
Tilt 1;17.08.2021 14:00:04;-1.060;0.035
Tilt 1;17.08.2021 15:00:04;-1.062;0.035
Tilt 1;17.08.2021 16:00:07;-1.062;0.033
Tilt 1;17.08.2021 17:00:05;-1.060;0.033
Tilt 1;17.08.2021 18:00:05;-1.060;0.035
Tilt 1;17.08.2021 19:00:04;-1.058;0.035
Tilt 1;17.08.2021 20:00:27;-1.058;0.039
Tilt 1;17.08.2021 21:00:04;-1.060;0.039
Tilt 1;17.08.2021 22:00:05;-1.058;0.041
Tilt 1;17.08.2021 23:00:05;-1.058;0.042
Tilt 1;18.08.2021 00:00:06;-1.062;0.042
Tilt 1;18.08.2021 01:00:04;-1.060;0.042
Tilt 1;18.08.2021 02:00:05;-1.060;0.042
Tilt 1;18.08.2021 03:00:05;-1.060;0.042
Tilt 1;18.08.2021 04:00:06;-1.060;0.044
Tilt 1;18.08.2021 05:00:04;-1.062;0.044
Tilt 1;18.08.2021 06:00:05;-1.060;0.044
Tilt 1;18.08.2021 07:00:05;-1.060;0.044
Tilt 1;18.08.2021 08:00:06;-1.060;0.044
Tilt 1;18.08.2021 09:00:04;-1.060;0.044
Tilt 1;18.08.2021 10:00:05;-1.060;0.044
Tilt 1;18.08.2021 11:00:04;-1.060;0.044
Tilt 1;18.08.2021 12:00:07;-1.060;0.044
Tilt 1;18.08.2021 13:00:04;-1.060;0.042
Tilt 1;18.08.2021 14:00:04;-1.060;0.044
Tilt 1;18.08.2021 15:00:04;-1.058;0.042
Tilt 1;18.08.2021 16:00:07;-1.060;0.039
Tilt 1;18.08.2021 17:00:05;-1.060;0.041
Tilt 1;18.08.2021 18:00:05;-1.060;0.042
Tilt 1;18.08.2021 19:00:04;-1.060;0.042
Tilt 1;18.08.2021 20:00:06;-1.060;0.044
Tilt 1;18.08.2021 21:00:04;-1.062;0.044
Tilt 1;18.08.2021 22:00:04;-1.060;0.044
Tilt 1;18.08.2021 23:00:05;-1.060;0.046
Tilt 1;19.08.2021 00:00:06;-1.062;0.046
Tilt 1;19.08.2021 01:00:04;-1.062;0.046
Tilt 1;19.08.2021 02:00:04;-1.060;0.048
Tilt 1;19.08.2021 03:00:05;-1.062;0.048
Tilt 1;19.08.2021 04:00:07;-1.062;0.048
Tilt 1;19.08.2021 05:00:04;-1.062;0.048
Tilt 1;19.08.2021 06:00:04;-1.062;0.048
Tilt 1;19.08.2021 07:00:05;-1.062;0.046
Tilt 1;19.08.2021 08:00:07;-1.064;0.046
Tilt 1;19.08.2021 09:00:04;-1.062;0.044
Tilt 1;19.08.2021 10:00:04;-1.062;0.044
Tilt 1;19.08.2021 11:00:05;-1.062;0.042
Tilt 1;19.08.2021 12:00:07;-1.060;0.042
Tilt 1;19.08.2021 13:00:04;-1.060;0.042
Tilt 1;19.08.2021 14:00:04;-1.058;0.039
Tilt 1;19.08.2021 15:00:05;-1.058;0.039
Tilt 1;19.08.2021 16:00:07;-1.058;0.041
Tilt 1;19.08.2021 17:00:05;-1.054;0.042
Tilt 1;19.08.2021 18:00:05;-1.056;0.042
Tilt 1;19.08.2021 19:00:04;-1.056;0.042
Tilt 1;19.08.2021 20:00:06;-1.058;0.044
Tilt 1;19.08.2021 21:00:04;-1.058;0.044
Tilt 1;19.08.2021 22:00:05;-1.058;0.044
Tilt 1;19.08.2021 23:00:04;-1.060;0.044
Tilt 1;20.08.2021 00:00:06;-1.060;0.046
Tilt 1;20.08.2021 01:00:04;-1.058;0.048
Tilt 1;20.08.2021 02:00:04;-1.060;0.046
Tilt 1;20.08.2021 03:00:05;-1.062;0.046
Tilt 1;20.08.2021 04:00:06;-1.062;0.048
Tilt 1;20.08.2021 05:00:04;-1.062;0.048
Tilt 1;20.08.2021 06:00:05;-1.062;0.048
Tilt 1;20.08.2021 07:00:05;-1.062;0.046
Tilt 1;20.08.2021 08:00:07;-1.062;0.046
Tilt 1;20.08.2021 09:00:04;-1.064;0.044
Tilt 1;20.08.2021 10:00:04;-1.064;0.042
Tilt 1;20.08.2021 11:00:04;-1.062;0.042
Tilt 1;20.08.2021 12:00:07;-1.062;0.042
Tilt 1;20.08.2021 13:00:05;-1.053;0.044
Tilt 1;20.08.2021 14:00:04;-1.054;0.044
Tilt 1;20.08.2021 15:00:05;-1.053;0.044
Tilt 1;20.08.2021 16:00:07;-1.053;0.044
Tilt 1;20.08.2021 17:00:05;-1.053;0.048
Tilt 1;20.08.2021 18:00:05;-1.049;0.048
Tilt 1;20.08.2021 19:00:04;-1.056;0.044
Tilt 1;20.08.2021 20:00:07;-1.056;0.044
Tilt 1;20.08.2021 21:00:04;-1.060;0.044
Tilt 1;20.08.2021 22:00:05;-1.060;0.048
Tilt 1;20.08.2021 23:00:04;-1.062;0.048
Tilt 1;21.08.2021 00:00:06;-1.062;0.048
Tilt 1;21.08.2021 01:00:04;-1.060;0.048
Tilt 1;21.08.2021 02:00:05;-1.062;0.048
Tilt 1;21.08.2021 03:00:04;-1.060;0.048
Tilt 1;21.08.2021 04:00:06;-1.062;0.046
Tilt 1;21.08.2021 05:00:04;-1.062;0.048
Tilt 1;21.08.2021 06:00:04;-1.062;0.048
Tilt 1;21.08.2021 07:00:05;-1.062;0.048
Tilt 1;21.08.2021 08:00:06;-1.064;0.046
Tilt 1;21.08.2021 09:00:04;-1.066;0.044
Tilt 1;21.08.2021 10:00:05;-1.067;0.042
Tilt 1;21.08.2021 11:00:05;-1.066;0.039
Tilt 1;21.08.2021 12:00:07;-1.062;0.039
Tilt 1;21.08.2021 13:00:04;-1.064;0.035
Tilt 1;21.08.2021 14:00:04;-1.060;0.035
Tilt 1;21.08.2021 15:00:04;-1.058;0.035
Tilt 1;21.08.2021 16:00:07;-1.060;0.035
Tilt 1;21.08.2021 17:00:05;-1.060;0.035
Tilt 1;21.08.2021 18:00:04;-1.054;0.039
Tilt 1;21.08.2021 19:00:04;-1.047;0.050
Tilt 1;21.08.2021 20:00:07;-1.054;0.044
Tilt 1;21.08.2021 21:00:05;-1.058;0.044
Tilt 1;21.08.2021 22:00:04;-1.056;0.046
Tilt 1;21.08.2021 23:00:04;-1.058;0.044
Tilt 1;22.08.2021 00:00:07;-1.060;0.048
Tilt 1;22.08.2021 01:00:05;-1.058;0.048
Tilt 1;22.08.2021 02:00:04;-1.060;0.048
Tilt 1;22.08.2021 03:00:04;-1.060;0.048
Tilt 1;22.08.2021 04:00:06;-1.060;0.050
Tilt 1;22.08.2021 05:00:04;-1.060;0.050
Tilt 1;22.08.2021 06:00:05;-1.060;0.052
Tilt 1;22.08.2021 07:00:04;-1.062;0.050
Tilt 1;22.08.2021 08:00:06;-1.064;0.048
Tilt 1;22.08.2021 09:00:04;-1.066;0.044
Tilt 1;22.08.2021 10:00:05;-1.069;0.042
Tilt 1;22.08.2021 11:00:05;-1.066;0.039
Tilt 1;22.08.2021 12:00:26;-1.066;0.039
Tilt 1;22.08.2021 13:00:04;-1.062;0.035
Tilt 1;22.08.2021 14:00:05;-1.060;0.035
Tilt 1;22.08.2021 15:00:05;-1.060;0.033
Tilt 1;22.08.2021 16:00:06;-1.060;0.035
Tilt 1;22.08.2021 17:00:04;-1.060;0.035
Tilt 1;22.08.2021 18:00:04;-1.060;0.035
Tilt 1;22.08.2021 19:00:04;-1.051;0.048
Tilt 1;22.08.2021 20:00:27;-1.054;0.046
Tilt 1;22.08.2021 21:00:05;-1.058;0.046
Tilt 1;22.08.2021 22:00:04;-1.056;0.044
Tilt 1;22.08.2021 23:00:05;-1.060;0.046
Tilt 1;23.08.2021 00:00:07;-1.062;0.044
Tilt 1;23.08.2021 01:00:05;-1.060;0.048
Tilt 1;23.08.2021 02:00:04;-1.060;0.048
Tilt 1;23.08.2021 03:00:04;-1.062;0.050
Tilt 1;23.08.2021 04:00:07;-1.062;0.048
Tilt 1;23.08.2021 05:00:05;-1.062;0.052
Tilt 1;23.08.2021 06:00:05;-1.060;0.052
Tilt 1;23.08.2021 07:00:04;-1.064;0.050
Tilt 1;23.08.2021 08:00:06;-1.066;0.048
Tilt 1;23.08.2021 09:00:04;-1.066;0.046
Tilt 1;23.08.2021 10:00:05;-1.069;0.042
Tilt 1;23.08.2021 11:00:04;-1.066;0.039
Tilt 1;23.08.2021 12:00:06;-1.066;0.039
Tilt 1;23.08.2021 13:00:04;-1.060;0.041
Tilt 1;23.08.2021 14:00:05;-1.056;0.039
Tilt 1;23.08.2021 15:00:04;-1.060;0.035
Tilt 1;23.08.2021 16:00:06;-1.060;0.035
Tilt 1;23.08.2021 17:00:04;-1.060;0.033
Tilt 1;23.08.2021 18:00:04;-1.058;0.037
Tilt 1;23.08.2021 19:00:05;-1.049;0.048
Tilt 1;23.08.2021 20:00:06;-1.056;0.044
Tilt 1;23.08.2021 21:00:04;-1.058;0.044
Tilt 1;23.08.2021 22:00:04;-1.060;0.044
Tilt 1;23.08.2021 23:00:05;-1.060;0.044
Tilt 1;24.08.2021 00:00:07;-1.062;0.044
Tilt 1;24.08.2021 01:00:04;-1.060;0.046
Tilt 1;24.08.2021 02:00:04;-1.060;0.046
Tilt 1;24.08.2021 03:00:05;-1.062;0.048
Tilt 1;24.08.2021 04:00:06;-1.062;0.048
Tilt 1;24.08.2021 05:00:04;-1.062;0.048
Tilt 1;24.08.2021 06:00:05;-1.062;0.048
Tilt 1;24.08.2021 07:00:04;-1.062;0.044
Tilt 1;24.08.2021 08:00:27;-1.062;0.044
Tilt 1;24.08.2021 09:00:04;-1.060;0.042
Tilt 1;24.08.2021 10:00:04;-1.060;0.042
Tilt 1;24.08.2021 11:00:04;-1.060;0.039
Tilt 1;24.08.2021 12:00:07;-1.060;0.041
Tilt 1;24.08.2021 13:00:05;-1.060;0.041
Tilt 1;24.08.2021 14:00:04;-1.060;0.042
Tilt 1;24.08.2021 15:00:04;-1.060;0.042
Tilt 1;24.08.2021 16:00:07;-1.060;0.041
Tilt 1;24.08.2021 17:00:05;-1.060;0.041
Tilt 1;24.08.2021 18:00:05;-1.060;0.042
Tilt 1;24.08.2021 19:00:04;-1.062;0.044
Tilt 1;24.08.2021 20:00:06;-1.062;0.042
Tilt 1;24.08.2021 21:00:04;-1.060;0.042
Tilt 1;24.08.2021 22:00:05;-1.060;0.042
Tilt 1;24.08.2021 23:00:05;-1.060;0.044
Tilt 1;25.08.2021 00:00:06;-1.060;0.044
Tilt 1;25.08.2021 01:00:04;-1.060;0.044
Tilt 1;25.08.2021 02:00:05;-1.062;0.044
Tilt 1;25.08.2021 03:00:05;-1.062;0.044
Tilt 1;25.08.2021 04:00:06;-1.062;0.044
Tilt 1;25.08.2021 05:00:04;-1.062;0.044
Tilt 1;25.08.2021 06:00:05;-1.060;0.044
Tilt 1;25.08.2021 07:00:04;-1.062;0.044
Tilt 1;25.08.2021 08:00:07;-1.062;0.046
Tilt 1;25.08.2021 09:00:04;-1.062;0.048
Tilt 1;25.08.2021 10:00:04;-1.062;0.046
Tilt 1;25.08.2021 11:00:04;-1.064;0.044
Tilt 1;25.08.2021 12:00:07;-1.066;0.044
Tilt 1;25.08.2021 13:00:05;-1.062;0.044
Tilt 1;25.08.2021 14:00:04;-1.060;0.044
Tilt 1;25.08.2021 15:00:05;-1.060;0.042
Tilt 1;25.08.2021 16:00:39;-1.058;0.044
Tilt 1;25.08.2021 17:00:05;-1.060;0.042
Tilt 1;25.08.2021 18:00:04;-1.049;0.052
Tilt 1;25.08.2021 19:00:04;-1.054;0.050
Tilt 1;25.08.2021 20:00:07;-1.058;0.044
Tilt 1;25.08.2021 21:00:04;-1.058;0.044
Tilt 1;25.08.2021 22:00:05;-1.060;0.044
Tilt 1;25.08.2021 23:00:04;-1.060;0.046
Tilt 1;26.08.2021 00:00:06;-1.060;0.048
Tilt 1;26.08.2021 01:00:04;-1.062;0.048
Tilt 1;26.08.2021 02:00:05;-1.062;0.048
Tilt 1;26.08.2021 03:00:05;-1.062;0.048
Tilt 1;26.08.2021 04:00:26;-1.062;0.048
Tilt 1;26.08.2021 05:00:04;-1.062;0.048
Tilt 1;26.08.2021 06:00:05;-1.064;0.048
Tilt 1;26.08.2021 07:00:05;-1.064;0.050
Tilt 1;26.08.2021 08:00:38;-1.062;0.050
Tilt 1;26.08.2021 09:00:04;-1.064;0.048
Tilt 1;26.08.2021 10:00:04;-1.067;0.046
Tilt 1;26.08.2021 11:00:04;-1.062;0.042
Tilt 1;26.08.2021 12:00:07;-1.062;0.042
Tilt 1;26.08.2021 13:00:04;-1.060;0.041
Tilt 1;26.08.2021 14:00:04;-1.060;0.041
Tilt 1;26.08.2021 15:00:05;-1.056;0.039
Tilt 1;26.08.2021 16:00:07;-1.056;0.042
Tilt 1;26.08.2021 17:00:04;-1.060;0.039
Tilt 1;26.08.2021 18:00:04;-1.054;0.044
Tilt 1;26.08.2021 19:00:04;-1.047;0.052
Tilt 1;26.08.2021 20:00:07;-1.056;0.048
Tilt 1;26.08.2021 21:00:05;-1.060;0.044
Tilt 1;26.08.2021 22:00:05;-1.058;0.044
Tilt 1;26.08.2021 23:00:04;-1.060;0.048
Tilt 1;27.08.2021 00:00:06;-1.060;0.048
Tilt 1;27.08.2021 01:00:04;-1.060;0.050
Tilt 1;27.08.2021 02:00:05;-1.060;0.048
Tilt 1;27.08.2021 03:00:04;-1.060;0.048
Tilt 1;27.08.2021 04:00:06;-1.060;0.048
Tilt 1;27.08.2021 05:00:04;-1.060;0.050
Tilt 1;27.08.2021 06:00:05;-1.062;0.050
Tilt 1;27.08.2021 07:00:05;-1.060;0.050
Tilt 1;27.08.2021 08:00:06;-1.062;0.048
Tilt 1;27.08.2021 09:00:04;-1.062;0.046
Tilt 1;27.08.2021 10:00:05;-1.062;0.044
Tilt 1;27.08.2021 11:00:05;-1.062;0.044
Tilt 1;27.08.2021 12:00:06;-1.060;0.042
Tilt 1;27.08.2021 13:00:04;-1.060;0.042
Tilt 1;27.08.2021 14:00:05;-1.054;0.042
Tilt 1;27.08.2021 15:00:04;-1.056;0.037
Tilt 1;27.08.2021 16:00:28;-1.058;0.037
Tilt 1;27.08.2021 17:00:04;-1.058;0.037
Tilt 1;27.08.2021 18:00:04;-1.051;0.044
Tilt 1;27.08.2021 19:00:04;-1.051;0.046
Tilt 1;27.08.2021 20:00:27;-1.053;0.044
Tilt 1;27.08.2021 21:00:04;-1.056;0.046
Tilt 1;27.08.2021 22:00:04;-1.058;0.046
Tilt 1;27.08.2021 23:00:05;-1.060;0.048
Tilt 1;28.08.2021 00:00:07;-1.060;0.048
Tilt 1;28.08.2021 01:00:04;-1.060;0.048
Tilt 1;28.08.2021 02:00:04;-1.060;0.050
Tilt 1;28.08.2021 03:00:05;-1.060;0.048
Tilt 1;28.08.2021 04:00:07;-1.060;0.050
Tilt 1;28.08.2021 05:00:05;-1.062;0.052
Tilt 1;28.08.2021 06:00:04;-1.060;0.052
Tilt 1;28.08.2021 07:00:05;-1.060;0.052
Tilt 1;28.08.2021 08:00:07;-1.062;0.050
Tilt 1;28.08.2021 09:00:05;-1.064;0.048
Tilt 1;28.08.2021 10:00:04;-1.067;0.044
Tilt 1;28.08.2021 11:00:04;-1.064;0.042
Tilt 1;28.08.2021 12:00:07;-1.060;0.041
Tilt 1;28.08.2021 13:00:05;-1.058;0.039
Tilt 1;28.08.2021 14:00:05;-1.058;0.035
Tilt 1;28.08.2021 15:00:04;-1.060;0.035
Tilt 1;28.08.2021 16:00:07;-1.056;0.035
Tilt 1;28.08.2021 17:00:04;-1.060;0.035
Tilt 1;28.08.2021 18:00:04;-1.053;0.042
Tilt 1;28.08.2021 19:00:05;-1.053;0.050
Tilt 1;28.08.2021 20:00:07;-1.056;0.044
Tilt 1;28.08.2021 21:00:04;-1.060;0.046
Tilt 1;28.08.2021 22:00:04;-1.060;0.046
Tilt 1;28.08.2021 23:00:05;-1.058;0.048
Tilt 1;29.08.2021 00:00:06;-1.058;0.048
Tilt 1;29.08.2021 01:00:04;-1.060;0.048
Tilt 1;29.08.2021 02:00:04;-1.060;0.048
Tilt 1;29.08.2021 03:00:05;-1.060;0.050
Tilt 1;29.08.2021 04:00:27;-1.062;0.052
Tilt 1;29.08.2021 05:00:04;-1.060;0.050
Tilt 1;29.08.2021 06:00:04;-1.062;0.052
Tilt 1;29.08.2021 07:00:05;-1.062;0.048
Tilt 1;29.08.2021 08:00:07;-1.062;0.048
Tilt 1;29.08.2021 09:00:04;-1.062;0.046
Tilt 1;29.08.2021 10:00:04;-1.067;0.042
Tilt 1;29.08.2021 11:00:05;-1.064;0.039
Tilt 1;29.08.2021 12:00:40;-1.060;0.039
Tilt 1;29.08.2021 13:00:05;-1.056;0.037
Tilt 1;29.08.2021 14:00:04;-1.053;0.039
Tilt 1;29.08.2021 15:00:04;-1.058;0.035
Tilt 1;29.08.2021 16:00:07;-1.056;0.035
Tilt 1;29.08.2021 17:00:04;-1.056;0.037
Tilt 1;29.08.2021 18:00:05;-1.056;0.041
Tilt 1;29.08.2021 19:00:04;-1.051;0.048
Tilt 1;29.08.2021 20:00:06;-1.056;0.046
Tilt 1;29.08.2021 21:00:04;-1.058;0.044
Tilt 1;29.08.2021 22:00:05;-1.060;0.046
Tilt 1;29.08.2021 23:00:04;-1.060;0.044
Tilt 1;30.08.2021 00:00:06;-1.060;0.048
Tilt 1;30.08.2021 01:00:04;-1.060;0.048
Tilt 1;30.08.2021 02:00:04;-1.060;0.048
Tilt 1;30.08.2021 03:00:05;-1.060;0.050
Tilt 1;30.08.2021 04:00:06;-1.062;0.050
Tilt 1;30.08.2021 05:00:04;-1.062;0.052
Tilt 1;30.08.2021 06:00:05;-1.062;0.050
Tilt 1;30.08.2021 07:00:04;-1.062;0.050
Tilt 1;30.08.2021 08:00:07;-1.062;0.048
Tilt 1;30.08.2021 09:00:04;-1.062;0.046
Tilt 1;30.08.2021 10:00:04;-1.067;0.044
Tilt 1;30.08.2021 11:00:04;-1.062;0.041
Tilt 1;30.08.2021 12:00:07;-1.060;0.039
Tilt 1;30.08.2021 13:00:04;-1.060;0.039
Tilt 1;30.08.2021 14:00:04;-1.056;0.041
Tilt 1;30.08.2021 15:00:04;-1.056;0.037
Tilt 1;30.08.2021 16:00:07;-1.058;0.037
Tilt 1;30.08.2021 17:00:05;-1.053;0.042
Tilt 1;30.08.2021 18:00:04;-1.053;0.042
Tilt 1;30.08.2021 19:00:04;-1.049;0.050
Tilt 1;30.08.2021 20:00:07;-1.054;0.046
Tilt 1;30.08.2021 21:00:04;-1.056;0.048
Tilt 1;30.08.2021 22:00:05;-1.058;0.048
Tilt 1;30.08.2021 23:00:04;-1.060;0.048
Tilt 1;31.08.2021 00:00:06;-1.056;0.048
Tilt 1;31.08.2021 01:00:04;-1.060;0.052
Tilt 1;31.08.2021 02:00:05;-1.060;0.052
Tilt 1;31.08.2021 03:00:05;-1.060;0.052
Tilt 1;31.08.2021 04:00:06;-1.060;0.052
Tilt 1;31.08.2021 05:00:04;-1.058;0.050
Tilt 1;31.08.2021 06:00:05;-1.056;0.050
Tilt 1;31.08.2021 07:00:05;-1.058;0.048
Tilt 1;31.08.2021 08:00:07;-1.060;0.046
Tilt 1;31.08.2021 09:00:04;-1.058;0.048
Tilt 1;31.08.2021 10:00:05;-1.056;0.046
Tilt 1;31.08.2021 11:00:05;-1.058;0.042
Tilt 1;31.08.2021 12:00:07;-1.056;0.041
Tilt 1;31.08.2021 13:00:04;-1.056;0.039
Tilt 1;31.08.2021 14:00:04;-1.056;0.039
Tilt 1;31.08.2021 15:00:04;-1.058;0.039
Tilt 1;31.08.2021 16:00:07;-1.058;0.039
Tilt 1;31.08.2021 17:00:04;-1.056;0.039
Tilt 1;31.08.2021 18:00:04;-1.053;0.044
Tilt 1;31.08.2021 19:00:04;-1.051;0.050
Tilt 1;31.08.2021 20:00:07;-1.056;0.048
Tilt 1;31.08.2021 21:00:05;-1.056;0.048
Tilt 1;31.08.2021 22:00:04;-1.058;0.048
Tilt 1;31.08.2021 23:00:04;-1.058;0.048
Tilt 1;01.09.2021 00:00:07;-1.058;0.050
Tilt 1;01.09.2021 01:00:05;-1.056;0.050
Tilt 1;01.09.2021 02:00:04;-1.060;0.052
Tilt 1;01.09.2021 03:00:04;-1.060;0.052
Tilt 1;01.09.2021 04:00:07;-1.060;0.052
Tilt 1;01.09.2021 05:00:04;-1.062;0.053
Tilt 1;01.09.2021 06:00:05;-1.060;0.052
Tilt 1;01.09.2021 07:00:04;-1.060;0.053
Tilt 1;01.09.2021 08:00:06;-1.062;0.052
Tilt 1;01.09.2021 09:00:04;-1.060;0.050
Tilt 1;01.09.2021 10:00:05;-1.064;0.048
Tilt 1;01.09.2021 11:00:05;-1.064;0.044
Tilt 1;01.09.2021 12:00:06;-1.062;0.044
Tilt 1;01.09.2021 13:00:04;-1.056;0.044
Tilt 1;01.09.2021 14:00:05;-1.053;0.046
Tilt 1;01.09.2021 15:00:05;-1.056;0.042
Tilt 1;01.09.2021 16:00:06;-1.053;0.044
Tilt 1;01.09.2021 17:00:04;-1.049;0.052
Tilt 1;01.09.2021 18:00:04;-1.047;0.055
Tilt 1;01.09.2021 19:00:04;-1.053;0.050
Tilt 1;01.09.2021 20:00:07;-1.056;0.050
Tilt 1;01.09.2021 21:00:04;-1.056;0.048
Tilt 1;01.09.2021 22:00:04;-1.060;0.050
Tilt 1;01.09.2021 23:00:05;-1.062;0.052
Tilt 1;02.09.2021 00:00:07;-1.060;0.052
Tilt 1;02.09.2021 01:00:05;-1.060;0.052
Tilt 1;02.09.2021 02:00:04;-1.062;0.052
Tilt 1;02.09.2021 03:00:04;-1.062;0.053
Tilt 1;02.09.2021 04:00:07;-1.062;0.053
Tilt 1;02.09.2021 05:00:05;-1.062;0.055
Tilt 1;02.09.2021 06:00:05;-1.062;0.055
Tilt 1;02.09.2021 07:00:04;-1.060;0.053
Tilt 1;02.09.2021 08:00:06;-1.062;0.053
Tilt 1;02.09.2021 09:00:04;-1.062;0.052
Tilt 1;02.09.2021 10:00:05;-1.066;0.052
Tilt 1;02.09.2021 11:00:04;-1.062;0.046
Tilt 1;02.09.2021 12:00:06;-1.060;0.046
Tilt 1;02.09.2021 13:00:04;-1.056;0.048
Tilt 1;02.09.2021 14:00:05;-1.054;0.046
Tilt 1;02.09.2021 15:00:04;-1.056;0.042
Tilt 1;02.09.2021 16:00:06;-1.054;0.046
Tilt 1;02.09.2021 17:00:04;-1.058;0.044
Tilt 1;02.09.2021 18:00:04;-1.053;0.052
Tilt 1;02.09.2021 19:00:05;-1.051;0.055
Tilt 1;02.09.2021 20:00:07;-1.056;0.053
Tilt 1;02.09.2021 21:00:04;-1.058;0.053
Tilt 1;02.09.2021 22:00:04;-1.058;0.052
Tilt 1;02.09.2021 23:00:05;-1.058;0.052
Tilt 1;03.09.2021 00:00:07;-1.060;0.052
Tilt 1;03.09.2021 01:00:04;-1.058;0.052
Tilt 1;03.09.2021 02:00:04;-1.058;0.052
Tilt 1;03.09.2021 03:00:05;-1.060;0.052
Tilt 1;03.09.2021 04:00:07;-1.060;0.052
Tilt 1;03.09.2021 05:00:05;-1.060;0.053
Tilt 1;03.09.2021 06:00:04;-1.058;0.053
Tilt 1;03.09.2021 07:00:04;-1.058;0.053
Tilt 1;03.09.2021 08:00:07;-1.060;0.052
Tilt 1;03.09.2021 09:00:05;-1.056;0.052
Tilt 1;03.09.2021 10:00:05;-1.056;0.052
Tilt 1;03.09.2021 11:00:04;-1.056;0.048
Tilt 1;03.09.2021 12:00:06;-1.056;0.048
Tilt 1;03.09.2021 13:00:04;-1.056;0.048
Tilt 1;03.09.2021 14:00:05;-1.056;0.048
Tilt 1;03.09.2021 15:00:04;-1.056;0.048
Tilt 1;03.09.2021 16:00:06;-1.056;0.048
Tilt 1;03.09.2021 17:00:04;-1.056;0.048
Tilt 1;03.09.2021 18:00:05;-1.058;0.050
Tilt 1;03.09.2021 19:00:05;-1.060;0.053
Tilt 1;03.09.2021 20:00:26;-1.060;0.055
Tilt 1;03.09.2021 21:00:04;-1.062;0.055
Tilt 1;03.09.2021 22:00:05;-1.060;0.057
Tilt 1;03.09.2021 23:00:05;-1.062;0.057
Tilt 1;04.09.2021 00:00:06;-1.062;0.055
Tilt 1;04.09.2021 01:00:04;-1.060;0.057
Tilt 1;04.09.2021 02:00:05;-1.060;0.055
Tilt 1;04.09.2021 03:00:05;-1.062;0.057
Tilt 1;04.09.2021 04:00:07;-1.062;0.059
Tilt 1;04.09.2021 05:00:04;-1.062;0.059
Tilt 1;04.09.2021 06:00:04;-1.066;0.059
Tilt 1;04.09.2021 07:00:05;-1.062;0.061
Tilt 1;04.09.2021 08:00:06;-1.064;0.057
Tilt 1;04.09.2021 09:00:04;-1.066;0.057
Tilt 1;04.09.2021 10:00:05;-1.069;0.052
Tilt 1;04.09.2021 11:00:04;-1.062;0.052
Tilt 1;04.09.2021 12:00:07;-1.062;0.050
Tilt 1;04.09.2021 13:00:04;-1.062;0.048
Tilt 1;04.09.2021 14:00:04;-1.056;0.050
Tilt 1;04.09.2021 15:00:04;-1.060;0.048
Tilt 1;04.09.2021 16:00:07;-1.053;0.053
Tilt 1;04.09.2021 17:00:05;-1.051;0.059
Tilt 1;04.09.2021 18:00:05;-1.054;0.055
Tilt 1;04.09.2021 19:00:04;-1.058;0.053
Tilt 1;04.09.2021 20:00:06;-1.060;0.052
Tilt 1;04.09.2021 21:00:04;-1.060;0.053
Tilt 1;04.09.2021 22:00:05;-1.060;0.053
Tilt 1;04.09.2021 23:00:05;-1.062;0.055
Tilt 1;05.09.2021 00:00:06;-1.066;0.053
Tilt 1;05.09.2021 01:00:04;-1.062;0.053
Tilt 1;05.09.2021 02:00:04;-1.064;0.053
Tilt 1;05.09.2021 03:00:05;-1.062;0.055
Tilt 1;05.09.2021 04:00:07;-1.064;0.053
Tilt 1;05.09.2021 05:00:04;-1.064;0.055
Tilt 1;05.09.2021 06:00:04;-1.064;0.055
Tilt 1;05.09.2021 07:00:05;-1.062;0.053
Tilt 1;05.09.2021 08:00:07;-1.062;0.053
Tilt 1;05.09.2021 09:00:04;-1.060;0.053
Tilt 1;05.09.2021 10:00:04;-1.062;0.052
Tilt 1;05.09.2021 11:00:05;-1.060;0.053
Tilt 1;05.09.2021 12:00:07;-1.060;0.052
Tilt 1;05.09.2021 13:00:05;-1.060;0.052
Tilt 1;05.09.2021 14:00:04;-1.056;0.052
Tilt 1;05.09.2021 15:00:04;-1.060;0.052
Tilt 1;05.09.2021 16:00:07;-1.060;0.052
Tilt 1;05.09.2021 17:00:05;-1.060;0.052
Tilt 1;05.09.2021 18:00:05;-1.060;0.052
Tilt 1;05.09.2021 19:00:04;-1.062;0.053
Tilt 1;05.09.2021 20:00:06;-1.060;0.052
Tilt 1;05.09.2021 21:00:04;-1.060;0.053
Tilt 1;05.09.2021 22:00:04;-1.062;0.053
Tilt 1;05.09.2021 23:00:05;-1.062;0.055
Tilt 1;06.09.2021 00:00:06;-1.062;0.055
Tilt 1;06.09.2021 01:00:04;-1.062;0.055
Tilt 1;06.09.2021 02:00:05;-1.062;0.055
Tilt 1;06.09.2021 03:00:05;-1.062;0.057
Tilt 1;06.09.2021 04:00:07;-1.062;0.055
Tilt 1;06.09.2021 05:00:04;-1.062;0.057
Tilt 1;06.09.2021 06:00:04;-1.062;0.055
Tilt 1;06.09.2021 07:00:04;-1.060;0.055
Tilt 1;06.09.2021 08:00:07;-1.062;0.057
Tilt 1;06.09.2021 09:00:04;-1.062;0.055
Tilt 1;06.09.2021 10:00:04;-1.060;0.053
Tilt 1;06.09.2021 11:00:04;-1.060;0.055
Tilt 1;06.09.2021 12:00:27;-1.062;0.055
Tilt 1;06.09.2021 13:00:05;-1.062;0.055
Tilt 1;06.09.2021 14:00:04;-1.062;0.055
Tilt 1;06.09.2021 15:00:04;-1.060;0.055
Tilt 1;06.09.2021 16:00:07;-1.060;0.053
Tilt 1;06.09.2021 17:00:05;-1.060;0.057
Tilt 1;06.09.2021 18:00:05;-1.062;0.055
Tilt 1;06.09.2021 19:00:04;-1.062;0.055
Tilt 1;06.09.2021 20:00:06;-1.062;0.055
Tilt 1;06.09.2021 21:00:04;-1.062;0.055
Tilt 1;06.09.2021 22:00:05;-1.062;0.055
Tilt 1;06.09.2021 23:00:05;-1.062;0.055
Tilt 1;07.09.2021 00:00:06;-1.062;0.057
Tilt 1;07.09.2021 01:00:04;-1.062;0.055
Tilt 1;07.09.2021 02:00:05;-1.062;0.055
Tilt 1;07.09.2021 03:00:05;-1.064;0.057
Tilt 1;07.09.2021 04:00:06;-1.062;0.057
Tilt 1;07.09.2021 05:00:04;-1.062;0.057
Tilt 1;07.09.2021 06:00:05;-1.062;0.055
Tilt 1;07.09.2021 07:00:04;-1.064;0.057
Tilt 1;07.09.2021 08:00:07;-1.064;0.055
Tilt 1;07.09.2021 09:00:04;-1.062;0.055
Tilt 1;07.09.2021 10:00:04;-1.062;0.053
Tilt 1;07.09.2021 11:00:04;-1.062;0.053
Tilt 1;07.09.2021 12:00:07;-1.062;0.053
Tilt 1;07.09.2021 13:00:05;-1.064;0.052
Tilt 1;07.09.2021 14:00:04;-1.060;0.053
Tilt 1;07.09.2021 15:00:04;-1.062;0.053
Tilt 1;07.09.2021 17:00:05;-1.062;0.052
Tilt 1;07.09.2021 18:00:05;-1.062;0.053
Tilt 1;07.09.2021 19:00:04;-1.062;0.053
Tilt 1;07.09.2021 20:00:06;-1.062;0.053
Tilt 1;07.09.2021 21:00:04;-1.062;0.053
Tilt 1;07.09.2021 22:00:04;-1.062;0.053
Tilt 1;07.09.2021 23:00:05;-1.064;0.053
Tilt 1;08.09.2021 00:00:06;-1.064;0.055
Tilt 1;08.09.2021 01:00:04;-1.062;0.053
Tilt 1;08.09.2021 02:00:05;-1.062;0.053
Tilt 1;08.09.2021 03:00:04;-1.062;0.053
Tilt 1;08.09.2021 04:00:07;-1.064;0.053
Tilt 1;08.09.2021 05:00:04;-1.062;0.053
Tilt 1;08.09.2021 06:00:04;-1.066;0.055
Tilt 1;08.09.2021 07:00:04;-1.064;0.053
Tilt 1;08.09.2021 08:00:27;-1.064;0.053
Tilt 1;08.09.2021 09:00:05;-1.062;0.053
Tilt 1;08.09.2021 10:00:04;-1.062;0.053
Tilt 1;08.09.2021 11:00:04;-1.060;0.053
Tilt 1;08.09.2021 12:00:07;-1.062;0.052
Tilt 1;08.09.2021 13:00:04;-1.062;0.052
Tilt 1;08.09.2021 14:00:05;-1.062;0.052
Tilt 1;08.09.2021 15:00:04;-1.060;0.050
Tilt 1;08.09.2021 16:00:06;-1.062;0.050
Tilt 1;08.09.2021 17:00:04;-1.062;0.052
Tilt 1;08.09.2021 18:00:04;-1.060;0.052
Tilt 1;08.09.2021 19:00:05;-1.060;0.052
Tilt 1;08.09.2021 20:00:06;-1.062;0.053
Tilt 1;08.09.2021 21:00:04;-1.062;0.053
Tilt 1;08.09.2021 22:00:04;-1.060;0.053
Tilt 1;08.09.2021 23:00:05;-1.062;0.053
Tilt 1;09.09.2021 00:00:07;-1.062;0.053
Tilt 1;09.09.2021 01:00:04;-1.062;0.053
Tilt 1;09.09.2021 02:00:04;-1.062;0.053
Tilt 1;09.09.2021 03:00:05;-1.062;0.053
Tilt 1;09.09.2021 04:00:07;-1.064;0.053
Tilt 1;09.09.2021 05:00:05;-1.064;0.052
Tilt 1;09.09.2021 06:00:04;-1.062;0.053
Tilt 1;09.09.2021 07:00:04;-1.062;0.052
Tilt 1;09.09.2021 08:00:07;-1.062;0.052
Tilt 1;09.09.2021 09:00:05;-1.062;0.052
Tilt 1;09.09.2021 10:00:05;-1.062;0.052
Tilt 1;09.09.2021 11:00:04;-1.060;0.050
Tilt 1;09.09.2021 12:00:06;-1.062;0.048
Tilt 1;09.09.2021 13:00:04;-1.058;0.048
Tilt 1;09.09.2021 14:00:05;-1.056;0.048
Tilt 1;09.09.2021 15:00:05;-1.056;0.048
Tilt 1;09.09.2021 16:00:06;-1.060;0.048
Tilt 1;09.09.2021 17:00:04;-1.060;0.048
Tilt 1;09.09.2021 18:00:04;-1.060;0.052
Tilt 1;09.09.2021 19:00:05;-1.060;0.053
Tilt 1;09.09.2021 20:00:07;-1.060;0.053
Tilt 1;09.09.2021 21:00:04;-1.062;0.052
Tilt 1;09.09.2021 22:00:04;-1.062;0.053
Tilt 1;09.09.2021 23:00:05;-1.062;0.053
Tilt 1;10.09.2021 00:00:07;-1.060;0.053
Tilt 1;10.09.2021 01:00:04;-1.062;0.053
Tilt 1;10.09.2021 02:00:04;-1.062;0.053
Tilt 1;10.09.2021 03:00:05;-1.062;0.053
Tilt 1;10.09.2021 04:00:07;-1.062;0.053
Tilt 1;10.09.2021 05:00:04;-1.062;0.055
Tilt 1;10.09.2021 06:00:04;-1.062;0.055
Tilt 1;10.09.2021 07:00:05;-1.062;0.053
Tilt 1;10.09.2021 08:00:07;-1.060;0.053
Tilt 1;10.09.2021 09:00:05;-1.060;0.052
Tilt 1;10.09.2021 10:00:04;-1.062;0.052
Tilt 1;10.09.2021 11:00:04;-1.062;0.052
Tilt 1;10.09.2021 12:00:07;-1.060;0.050
Tilt 1;10.09.2021 13:00:04;-1.060;0.048
Tilt 1;10.09.2021 14:00:05;-1.058;0.048
Tilt 1;10.09.2021 15:00:04;-1.058;0.050
Tilt 1;10.09.2021 16:00:06;-1.060;0.052
Tilt 1;10.09.2021 17:00:04;-1.060;0.052
Tilt 1;10.09.2021 18:00:05;-1.060;0.052
Tilt 1;10.09.2021 19:00:05;-1.062;0.053
Tilt 1;10.09.2021 20:00:27;-1.060;0.053
Tilt 1;10.09.2021 21:00:04;-1.062;0.053
Tilt 1;10.09.2021 22:00:04;-1.062;0.053
Tilt 1;10.09.2021 23:00:05;-1.062;0.053
Tilt 1;11.09.2021 00:00:06;-1.062;0.053
Tilt 1;11.09.2021 01:00:04;-1.062;0.053
Tilt 1;11.09.2021 02:00:05;-1.062;0.053
Tilt 1;11.09.2021 03:00:04;-1.062;0.055
Tilt 1;11.09.2021 04:00:07;-1.064;0.055
Tilt 1;11.09.2021 05:00:04;-1.062;0.055
Tilt 1;11.09.2021 06:00:04;-1.062;0.053
Tilt 1;11.09.2021 07:00:04;-1.062;0.053
Tilt 1;11.09.2021 08:00:07;-1.062;0.052
Tilt 1;11.09.2021 09:00:05;-1.062;0.052
Tilt 1;11.09.2021 10:00:04;-1.062;0.052
Tilt 1;11.09.2021 11:00:04;-1.060;0.050
Tilt 1;11.09.2021 12:00:07;-1.060;0.050
Tilt 1;11.09.2021 13:00:05;-1.060;0.052
Tilt 1;11.09.2021 14:00:05;-1.062;0.052
Tilt 1;11.09.2021 15:00:04;-1.060;0.052
Tilt 1;11.09.2021 16:00:06;-1.060;0.052
Tilt 1;11.09.2021 17:00:04;-1.060;0.052
Tilt 1;11.09.2021 18:00:05;-1.060;0.052
Tilt 1;11.09.2021 19:00:05;-1.062;0.052
Tilt 1;11.09.2021 20:00:38;-1.062;0.052
Tilt 1;11.09.2021 21:00:04;-1.062;0.053
Tilt 1;11.09.2021 22:00:04;-1.062;0.053
Tilt 1;11.09.2021 23:00:05;-1.062;0.055
Tilt 1;12.09.2021 00:00:06;-1.062;0.053
Tilt 1;12.09.2021 01:00:04;-1.062;0.053
Tilt 1;12.09.2021 02:00:05;-1.062;0.053
Tilt 1;12.09.2021 03:00:05;-1.064;0.055
Tilt 1;12.09.2021 04:00:07;-1.062;0.053
Tilt 1;12.09.2021 05:00:04;-1.062;0.055
Tilt 1;12.09.2021 06:00:04;-1.062;0.055
Tilt 1;12.09.2021 07:00:04;-1.064;0.053
Tilt 1;12.09.2021 08:00:07;-1.062;0.053
Tilt 1;12.09.2021 09:00:04;-1.064;0.053
Tilt 1;12.09.2021 10:00:04;-1.066;0.052
Tilt 1;12.09.2021 11:00:04;-1.064;0.052
Tilt 1;12.09.2021 12:00:27;-1.062;0.050
Tilt 1;12.09.2021 13:00:05;-1.062;0.048
Tilt 1;12.09.2021 14:00:04;-1.062;0.048
Tilt 1;12.09.2021 15:00:05;-1.062;0.048
Tilt 1;12.09.2021 16:00:07;-1.062;0.048
Tilt 1;12.09.2021 17:00:05;-1.062;0.048
Tilt 1;12.09.2021 18:00:05;-1.062;0.053
Tilt 1;12.09.2021 19:00:04;-1.062;0.053
Tilt 1;12.09.2021 20:00:06;-1.062;0.055
Tilt 1;12.09.2021 21:00:04;-1.062;0.057
Tilt 1;12.09.2021 22:00:05;-1.062;0.057
Tilt 1;12.09.2021 23:00:05;-1.062;0.059
Tilt 1;13.09.2021 00:00:06;-1.066;0.061
Tilt 1;13.09.2021 01:00:04;-1.066;0.063
Tilt 1;13.09.2021 02:00:05;-1.062;0.061
Tilt 1;13.09.2021 03:00:05;-1.062;0.063
Tilt 1;13.09.2021 04:00:06;-1.064;0.063
Tilt 1;13.09.2021 05:00:04;-1.064;0.063
Tilt 1;13.09.2021 06:00:05;-1.066;0.069
Tilt 1;13.09.2021 07:00:05;-1.064;0.069
Tilt 1;13.09.2021 08:00:07;-1.064;0.068
Tilt 1;13.09.2021 09:00:04;-1.062;0.068
Tilt 1;13.09.2021 10:00:04;-1.066;0.068
Tilt 1;13.09.2021 11:00:04;-1.066;0.062
Tilt 1;13.09.2021 12:00:07;-1.066;0.062
Tilt 1;13.09.2021 13:00:05;-1.066;0.060
Tilt 1;13.09.2021 14:00:04;-1.062;0.058
Tilt 1;13.09.2021 15:00:04;-1.066;0.058
Tilt 1;13.09.2021 16:00:07;-1.062;0.060
Tilt 1;13.09.2021 17:00:05;-1.062;0.062
Tilt 1;13.09.2021 18:00:05;-1.060;0.064
Tilt 1;13.09.2021 19:00:04;-1.060;0.064
Tilt 1;13.09.2021 20:00:06;-1.062;0.066
Tilt 1;13.09.2021 21:00:04;-1.060;0.066
Tilt 1;13.09.2021 22:00:05;-1.062;0.068
Tilt 1;13.09.2021 23:00:04;-1.060;0.068
Tilt 1;14.09.2021 00:00:06;-1.062;0.069
Tilt 1;14.09.2021 01:00:04;-1.062;0.069
Tilt 1;14.09.2021 02:00:04;-1.062;0.071
Tilt 1;14.09.2021 03:00:05;-1.062;0.071
Tilt 1;14.09.2021 04:00:06;-1.062;0.073
Tilt 1;14.09.2021 05:00:04;-1.066;0.073
Tilt 1;14.09.2021 06:00:05;-1.062;0.073
Tilt 1;14.09.2021 07:00:04;-1.064;0.075
Tilt 1;14.09.2021 08:00:07;-1.064;0.073
Tilt 1;14.09.2021 09:00:04;-1.066;0.073
Tilt 1;14.09.2021 10:00:04;-1.069;0.069
Tilt 1;14.09.2021 11:00:04;-1.069;0.066
Tilt 1;14.09.2021 12:00:07;-1.069;0.062
Tilt 1;14.09.2021 13:00:05;-1.067;0.060
Tilt 1;14.09.2021 14:00:04;-1.066;0.060
Tilt 1;14.09.2021 15:00:04;-1.064;0.060
Tilt 1;14.09.2021 16:00:07;-1.064;0.060
Tilt 1;14.09.2021 17:00:05;-1.066;0.064
Tilt 1;14.09.2021 18:00:05;-1.062;0.066
Tilt 1;14.09.2021 19:00:04;-1.060;0.068
Tilt 1;14.09.2021 20:00:06;-1.064;0.069
Tilt 1;14.09.2021 21:00:04;-1.064;0.071
Tilt 1;14.09.2021 22:00:05;-1.062;0.069
Tilt 1;14.09.2021 23:00:04;-1.062;0.071
Tilt 1;15.09.2021 00:00:06;-1.062;0.071
Tilt 1;15.09.2021 01:00:04;-1.062;0.071
Tilt 1;15.09.2021 02:00:05;-1.064;0.073
Tilt 1;15.09.2021 03:00:05;-1.066;0.071
Tilt 1;15.09.2021 04:00:06;-1.064;0.071
Tilt 1;15.09.2021 05:00:04;-1.066;0.071
Tilt 1;15.09.2021 06:00:05;-1.066;0.071
Tilt 1;15.09.2021 07:00:05;-1.064;0.071
Tilt 1;15.09.2021 08:00:06;-1.066;0.069
Tilt 1;15.09.2021 09:00:04;-1.062;0.066
Tilt 1;15.09.2021 10:00:05;-1.066;0.066
Tilt 1;15.09.2021 11:00:04;-1.064;0.066
Tilt 1;15.09.2021 12:00:07;-1.062;0.064
Tilt 1;15.09.2021 13:00:04;-1.060;0.062
Tilt 1;15.09.2021 14:00:04;-1.062;0.062
Tilt 1;15.09.2021 15:00:04;-1.062;0.060
Tilt 1;15.09.2021 16:00:07;-1.062;0.064
Tilt 1;15.09.2021 17:00:05;-1.060;0.064
Tilt 1;15.09.2021 18:00:04;-1.062;0.064
Tilt 1;15.09.2021 19:00:04;-1.062;0.066
Tilt 1;15.09.2021 20:00:07;-1.062;0.066
Tilt 1;15.09.2021 21:00:05;-1.062;0.066
Tilt 1;15.09.2021 22:00:05;-1.064;0.066
Tilt 1;15.09.2021 23:00:04;-1.062;0.066
Tilt 1;16.09.2021 00:00:06;-1.064;0.066
Tilt 1;16.09.2021 01:00:04;-1.062;0.066
Tilt 1;16.09.2021 02:00:05;-1.064;0.068
Tilt 1;16.09.2021 03:00:04;-1.066;0.068
Tilt 1;16.09.2021 04:00:06;-1.062;0.068
Tilt 1;16.09.2021 05:00:04;-1.064;0.069
Tilt 1;16.09.2021 06:00:04;-1.062;0.069
Tilt 1;16.09.2021 07:00:05;-1.062;0.069
Tilt 1;16.09.2021 08:00:06;-1.062;0.069
Tilt 1;16.09.2021 09:00:04;-1.064;0.069
Tilt 1;16.09.2021 10:00:05;-1.062;0.068
Tilt 1;16.09.2021 11:00:04;-1.062;0.068
Tilt 1;16.09.2021 12:00:27;-1.062;0.066
Tilt 1;16.09.2021 13:00:04;-1.060;0.066
Tilt 1;16.09.2021 14:00:04;-1.062;0.064
Tilt 1;16.09.2021 15:00:04;-1.062;0.066
Tilt 1;16.09.2021 16:00:07;-1.060;0.064
Tilt 1;16.09.2021 17:00:05;-1.060;0.066
Tilt 1;16.09.2021 18:00:04;-1.062;0.069
Tilt 1;16.09.2021 19:00:04;-1.062;0.068
Tilt 1;16.09.2021 20:00:06;-1.064;0.069
Tilt 1;16.09.2021 21:00:04;-1.062;0.068
Tilt 1;16.09.2021 22:00:05;-1.066;0.069
Tilt 1;16.09.2021 23:00:04;-1.062;0.069
Tilt 1;17.09.2021 00:00:06;-1.066;0.071
Tilt 1;17.09.2021 01:00:04;-1.064;0.069
Tilt 1;17.09.2021 02:00:05;-1.062;0.071
Tilt 1;17.09.2021 03:00:05;-1.064;0.069
Tilt 1;17.09.2021 04:00:06;-1.066;0.069
Tilt 1;17.09.2021 05:00:04;-1.066;0.071
Tilt 1;17.09.2021 06:00:05;-1.066;0.071
Tilt 1;17.09.2021 07:00:05;-1.066;0.071
Tilt 1;17.09.2021 08:00:07;-1.067;0.073
Tilt 1;17.09.2021 09:00:04;-1.066;0.071
Tilt 1;17.09.2021 10:00:05;-1.069;0.069
Tilt 1;17.09.2021 11:00:04;-1.071;0.068
Tilt 1;17.09.2021 12:00:48;-1.066;0.066
Tilt 1;17.09.2021 13:00:04;-1.069;0.064
Tilt 1;17.09.2021 14:00:04;-1.067;0.062
Tilt 1;17.09.2021 15:00:04;-1.066;0.062
Tilt 1;17.09.2021 16:00:27;-1.056;0.073
Tilt 1;17.09.2021 17:00:05;-1.062;0.069
Tilt 1;17.09.2021 18:00:04;-1.056;0.077
Tilt 1;17.09.2021 19:00:04;-1.060;0.073
Tilt 1;17.09.2021 20:00:07;-1.062;0.075
Tilt 1;17.09.2021 21:00:04;-1.062;0.073
Tilt 1;17.09.2021 22:00:05;-1.066;0.075
Tilt 1;17.09.2021 23:00:04;-1.064;0.073
Tilt 1;18.09.2021 00:00:06;-1.066;0.075
Tilt 1;18.09.2021 01:00:04;-1.066;0.073
Tilt 1;18.09.2021 02:00:04;-1.062;0.073
Tilt 1;18.09.2021 03:00:05;-1.066;0.073
Tilt 1;18.09.2021 04:00:06;-1.064;0.073
Tilt 1;18.09.2021 05:00:04;-1.066;0.071
Tilt 1;18.09.2021 06:00:05;-1.064;0.073
Tilt 1;18.09.2021 07:00:04;-1.064;0.071
Tilt 1;18.09.2021 08:00:07;-1.064;0.071
Tilt 1;18.09.2021 09:00:04;-1.066;0.069
Tilt 1;18.09.2021 10:00:04;-1.064;0.069
Tilt 1;18.09.2021 11:00:04;-1.062;0.068
Tilt 1;18.09.2021 12:00:27;-1.062;0.068
Tilt 1;18.09.2021 13:00:05;-1.062;0.066
Tilt 1;18.09.2021 14:00:04;-1.060;0.066
Tilt 1;18.09.2021 15:00:04;-1.060;0.066
Tilt 1;18.09.2021 16:00:07;-1.060;0.066
Tilt 1;18.09.2021 17:00:05;-1.062;0.066
Tilt 1;18.09.2021 18:00:05;-1.062;0.069
Tilt 1;18.09.2021 19:00:04;-1.064;0.069
Tilt 1;18.09.2021 20:00:06;-1.064;0.069
Tilt 1;18.09.2021 21:00:04;-1.064;0.069
Tilt 1;18.09.2021 22:00:04;-1.062;0.069
Tilt 1;18.09.2021 23:00:05;-1.062;0.069
Tilt 1;19.09.2021 00:00:06;-1.064;0.071
Tilt 1;19.09.2021 01:00:04;-1.064;0.071
Tilt 1;19.09.2021 02:00:05;-1.064;0.071
Tilt 1;19.09.2021 03:00:04;-1.062;0.071
Tilt 1;19.09.2021 04:00:07;-1.064;0.069
Tilt 1;19.09.2021 05:00:04;-1.066;0.071
Tilt 1;19.09.2021 06:00:04;-1.066;0.071
Tilt 1;19.09.2021 07:00:04;-1.064;0.069
Tilt 1;19.09.2021 08:00:07;-1.066;0.069
Tilt 1;19.09.2021 09:00:04;-1.064;0.069
Tilt 1;19.09.2021 10:00:04;-1.062;0.066
Tilt 1;19.09.2021 11:00:04;-1.064;0.066
Tilt 1;19.09.2021 12:00:07;-1.064;0.064
Tilt 1;19.09.2021 13:00:05;-1.060;0.064
Tilt 1;19.09.2021 14:00:04;-1.060;0.066
Tilt 1;19.09.2021 15:00:04;-1.062;0.064
Tilt 1;19.09.2021 16:00:07;-1.062;0.066
Tilt 1;19.09.2021 17:00:05;-1.062;0.066
Tilt 1;19.09.2021 18:00:04;-1.062;0.068
Tilt 1;19.09.2021 19:00:04;-1.062;0.068
Tilt 1;19.09.2021 20:00:07;-1.064;0.068
Tilt 1;19.09.2021 21:00:04;-1.064;0.069
Tilt 1;19.09.2021 22:00:04;-1.064;0.069
Tilt 1;19.09.2021 23:00:05;-1.062;0.069
Tilt 1;20.09.2021 00:00:07;-1.066;0.069
Tilt 1;20.09.2021 01:00:05;-1.064;0.069
Tilt 1;20.09.2021 02:00:04;-1.064;0.071
Tilt 1;20.09.2021 03:00:04;-1.064;0.069
Tilt 1;20.09.2021 04:00:27;-1.062;0.071
Tilt 1;20.09.2021 05:00:05;-1.064;0.071
Tilt 1;20.09.2021 06:00:05;-1.066;0.071
Tilt 1;20.09.2021 07:00:04;-1.066;0.071
Tilt 1;20.09.2021 08:00:06;-1.064;0.071
Tilt 1;20.09.2021 09:00:04;-1.062;0.069
Tilt 1;20.09.2021 10:00:05;-1.062;0.069
Tilt 1;20.09.2021 11:00:04;-1.064;0.069
Tilt 1;20.09.2021 12:00:38;-1.064;0.068
Tilt 1;20.09.2021 13:00:05;-1.062;0.069
Tilt 1;20.09.2021 14:00:04;-1.064;0.069
Tilt 1;20.09.2021 15:00:05;-1.062;0.069
Tilt 1;20.09.2021 16:00:26;-1.064;0.069
Tilt 1;20.09.2021 17:00:04;-1.062;0.069
Tilt 1;20.09.2021 18:00:05;-1.062;0.071
Tilt 1;20.09.2021 19:00:04;-1.062;0.071
Tilt 1;20.09.2021 20:00:06;-1.064;0.071
Tilt 1;20.09.2021 21:00:04;-1.066;0.071
Tilt 1;20.09.2021 22:00:04;-1.064;0.071
Tilt 1;20.09.2021 23:00:05;-1.062;0.071
Tilt 1;21.09.2021 00:00:27;-1.064;0.073
Tilt 1;21.09.2021 01:00:04;-1.062;0.071
Tilt 1;21.09.2021 02:00:04;-1.064;0.071
Tilt 1;21.09.2021 03:00:05;-1.066;0.073
Tilt 1;21.09.2021 04:00:06;-1.066;0.073
Tilt 1;21.09.2021 05:00:04;-1.066;0.073
Tilt 1;21.09.2021 06:00:05;-1.067;0.073
Tilt 1;21.09.2021 07:00:05;-1.066;0.071
Tilt 1;21.09.2021 08:00:07;-1.066;0.073
Tilt 1;21.09.2021 09:00:04;-1.066;0.073
Tilt 1;21.09.2021 10:00:04;-1.066;0.071
Tilt 1;21.09.2021 11:00:04;-1.064;0.071
Tilt 1;21.09.2021 12:00:07;-1.066;0.071
Tilt 1;21.09.2021 13:00:05;-1.066;0.071
Tilt 1;21.09.2021 14:00:04;-1.066;0.069
Tilt 1;21.09.2021 15:00:04;-1.066;0.071
Tilt 1;21.09.2021 16:00:07;-1.064;0.071
Tilt 1;21.09.2021 17:00:05;-1.064;0.071
Tilt 1;21.09.2021 18:00:05;-1.064;0.073
Tilt 1;21.09.2021 19:00:04;-1.066;0.073
Tilt 1;21.09.2021 20:00:06;-1.066;0.073
Tilt 1;21.09.2021 21:00:04;-1.066;0.071
Tilt 1;21.09.2021 22:00:05;-1.066;0.071
Tilt 1;21.09.2021 23:00:04;-1.062;0.071
Tilt 1;22.09.2021 00:00:06;-1.066;0.071
Tilt 1;22.09.2021 01:00:04;-1.066;0.071
Tilt 1;22.09.2021 02:00:05;-1.067;0.071
Tilt 1;22.09.2021 03:00:05;-1.066;0.071
Tilt 1;22.09.2021 04:00:06;-1.067;0.071
Tilt 1;22.09.2021 05:00:04;-1.066;0.071
Tilt 1;22.09.2021 06:00:05;-1.067;0.071
Tilt 1;22.09.2021 07:00:05;-1.067;0.069
Tilt 1;22.09.2021 08:00:06;-1.066;0.069
Tilt 1;22.09.2021 09:00:04;-1.066;0.071
Tilt 1;22.09.2021 10:00:05;-1.066;0.069
Tilt 1;22.09.2021 11:00:04;-1.066;0.069
Tilt 1;22.09.2021 12:00:07;-1.066;0.069
Tilt 1;22.09.2021 13:00:04;-1.066;0.069
Tilt 1;22.09.2021 14:00:04;-1.066;0.069
Tilt 1;22.09.2021 15:00:04;-1.064;0.069
Tilt 1;22.09.2021 16:00:07;-1.066;0.069
Tilt 1;22.09.2021 17:00:04;-1.064;0.071
Tilt 1;22.09.2021 18:00:04;-1.066;0.071
Tilt 1;22.09.2021 19:00:04;-1.066;0.071
Tilt 1;22.09.2021 20:00:07;-1.064;0.071
Tilt 1;22.09.2021 21:00:05;-1.064;0.071
Tilt 1;22.09.2021 22:00:04;-1.064;0.073
Tilt 1;22.09.2021 23:00:04;-1.067;0.073
Tilt 1;23.09.2021 00:00:07;-1.067;0.073
Tilt 1;23.09.2021 01:00:04;-1.067;0.073
Tilt 1;23.09.2021 02:00:05;-1.067;0.073
Tilt 1;23.09.2021 03:00:04;-1.066;0.073
Tilt 1;23.09.2021 04:00:06;-1.064;0.073
Tilt 1;23.09.2021 05:00:04;-1.066;0.073
Tilt 1;23.09.2021 06:00:05;-1.066;0.075
Tilt 1;23.09.2021 07:00:05;-1.064;0.075
Tilt 1;23.09.2021 08:00:06;-1.062;0.075
Tilt 1;23.09.2021 09:00:04;-1.064;0.077
Tilt 1;23.09.2021 10:00:05;-1.066;0.075
Tilt 1;23.09.2021 11:00:05;-1.066;0.077
Tilt 1;23.09.2021 12:00:06;-1.066;0.075
Tilt 1;23.09.2021 13:00:04;-1.064;0.075
Tilt 1;23.09.2021 14:00:05;-1.066;0.075
Tilt 1;23.09.2021 15:00:04;-1.066;0.075
Tilt 1;23.09.2021 16:00:07;-1.062;0.073
Tilt 1;23.09.2021 17:00:04;-1.062;0.075
Tilt 1;23.09.2021 18:00:04;-1.062;0.075
Tilt 1;23.09.2021 19:00:04;-1.064;0.075
Tilt 1;23.09.2021 20:00:07;-1.064;0.075
Tilt 1;23.09.2021 21:00:05;-1.066;0.075
Tilt 1;23.09.2021 22:00:05;-1.066;0.075
Tilt 1;23.09.2021 23:00:04;-1.066;0.075
Tilt 1;24.09.2021 00:00:06;-1.062;0.077
Tilt 1;24.09.2021 01:00:04;-1.064;0.075
Tilt 1;24.09.2021 02:00:05;-1.066;0.075
Tilt 1;24.09.2021 03:00:05;-1.064;0.079
Tilt 1;24.09.2021 04:00:06;-1.064;0.079
Tilt 1;24.09.2021 05:00:04;-1.066;0.077
Tilt 1;24.09.2021 06:00:05;-1.064;0.079
Tilt 1;24.09.2021 07:00:05;-1.064;0.077
Tilt 1;24.09.2021 08:00:06;-1.064;0.077
Tilt 1;24.09.2021 09:00:04;-1.066;0.077
Tilt 1;24.09.2021 10:00:05;-1.064;0.077
Tilt 1;24.09.2021 11:00:04;-1.067;0.079
Tilt 1;24.09.2021 12:00:07;-1.066;0.075
Tilt 1;24.09.2021 13:00:04;-1.064;0.075
Tilt 1;24.09.2021 14:00:04;-1.066;0.075
Tilt 1;24.09.2021 15:00:04;-1.066;0.073
Tilt 1;24.09.2021 16:00:40;-1.067;0.073
Tilt 1;24.09.2021 17:00:05;-1.066;0.075
Tilt 1;24.09.2021 18:00:04;-1.066;0.075
Tilt 1;24.09.2021 19:00:04;-1.066;0.077
Tilt 1;24.09.2021 20:00:06;-1.066;0.075
Tilt 1;24.09.2021 21:00:04;-1.066;0.075
Tilt 1;24.09.2021 22:00:05;-1.066;0.077
Tilt 1;24.09.2021 23:00:04;-1.066;0.075
Tilt 1;25.09.2021 00:00:07;-1.066;0.075
Tilt 1;25.09.2021 01:00:04;-1.066;0.075
Tilt 1;25.09.2021 02:00:05;-1.067;0.077
Tilt 1;25.09.2021 03:00:04;-1.066;0.079
Tilt 1;25.09.2021 04:00:06;-1.066;0.075
Tilt 1;25.09.2021 05:00:04;-1.067;0.077
Tilt 1;25.09.2021 06:00:05;-1.069;0.075
Tilt 1;25.09.2021 07:00:05;-1.067;0.075
Tilt 1;25.09.2021 08:00:06;-1.066;0.079
Tilt 1;25.09.2021 09:00:04;-1.067;0.079
Tilt 1;25.09.2021 10:00:05;-1.066;0.075
Tilt 1;25.09.2021 11:00:05;-1.066;0.077
Tilt 1;25.09.2021 12:00:07;-1.066;0.077
Tilt 1;25.09.2021 13:00:04;-1.067;0.075
Tilt 1;25.09.2021 14:00:04;-1.067;0.075
Tilt 1;25.09.2021 15:00:04;-1.066;0.073
Tilt 1;25.09.2021 16:00:07;-1.066;0.073
Tilt 1;25.09.2021 17:00:05;-1.066;0.075
Tilt 1;25.09.2021 18:00:04;-1.066;0.075
Tilt 1;25.09.2021 19:00:04;-1.066;0.075
Tilt 1;25.09.2021 20:00:07;-1.066;0.075
Tilt 1;25.09.2021 21:00:05;-1.066;0.075
Tilt 1;25.09.2021 22:00:05;-1.066;0.075
Tilt 1;25.09.2021 23:00:04;-1.066;0.075
Tilt 1;26.09.2021 00:00:06;-1.067;0.075
Tilt 1;26.09.2021 01:00:04;-1.066;0.075
Tilt 1;26.09.2021 02:00:05;-1.066;0.075
Tilt 1;26.09.2021 03:00:04;-1.066;0.071
Tilt 1;26.09.2021 04:00:06;-1.066;0.075
Tilt 1;26.09.2021 05:00:04;-1.064;0.075
Tilt 1;26.09.2021 06:00:05;-1.067;0.075
Tilt 1;26.09.2021 07:00:05;-1.066;0.073
Tilt 1;26.09.2021 08:00:06;-1.067;0.071
Tilt 1;26.09.2021 09:00:04;-1.066;0.071
Tilt 1;26.09.2021 10:00:05;-1.069;0.068
Tilt 1;26.09.2021 11:00:05;-1.069;0.068
Tilt 1;26.09.2021 12:00:06;-1.066;0.068
Tilt 1;26.09.2021 13:00:04;-1.064;0.068
Tilt 1;26.09.2021 14:00:05;-1.064;0.064
Tilt 1;26.09.2021 15:00:04;-1.062;0.064
Tilt 1;26.09.2021 16:00:07;-1.064;0.066
Tilt 1;26.09.2021 17:00:04;-1.062;0.066
Tilt 1;26.09.2021 18:00:04;-1.066;0.066
Tilt 1;26.09.2021 19:00:04;-1.066;0.068
Tilt 1;26.09.2021 20:00:07;-1.066;0.068
Tilt 1;26.09.2021 21:00:04;-1.064;0.069
Tilt 1;26.09.2021 22:00:04;-1.064;0.069
Tilt 1;26.09.2021 23:00:05;-1.062;0.069
Tilt 1;27.09.2021 00:00:07;-1.062;0.069
Tilt 1;27.09.2021 01:00:05;-1.062;0.069
Tilt 1;27.09.2021 02:00:04;-1.062;0.069
Tilt 1;27.09.2021 03:00:04;-1.064;0.069
Tilt 1;27.09.2021 04:00:07;-1.064;0.069
Tilt 1;27.09.2021 05:00:05;-1.062;0.071
Tilt 1;27.09.2021 06:00:05;-1.062;0.071
Tilt 1;27.09.2021 07:00:04;-1.064;0.069
Tilt 1;27.09.2021 08:00:06;-1.064;0.069
Tilt 1;27.09.2021 09:00:04;-1.064;0.071
Tilt 1;27.09.2021 10:00:05;-1.064;0.071
Tilt 1;27.09.2021 11:00:04;-1.066;0.071
Tilt 1;27.09.2021 12:00:06;-1.064;0.069
Tilt 1;27.09.2021 13:00:04;-1.066;0.069
Tilt 1;27.09.2021 14:00:05;-1.064;0.069
Tilt 1;27.09.2021 15:00:05;-1.062;0.069
Tilt 1;27.09.2021 16:00:06;-1.062;0.069
Tilt 1;27.09.2021 17:00:04;-1.066;0.069
Tilt 1;27.09.2021 18:00:04;-1.064;0.069
Tilt 1;27.09.2021 19:00:04;-1.062;0.069
Tilt 1;27.09.2021 20:00:07;-1.062;0.069
Tilt 1;27.09.2021 21:00:04;-1.066;0.069
Tilt 1;27.09.2021 22:00:04;-1.062;0.069
Tilt 1;27.09.2021 23:00:05;-1.062;0.069
Tilt 1;28.09.2021 00:00:07;-1.062;0.071
Tilt 1;28.09.2021 01:00:05;-1.066;0.071
Tilt 1;28.09.2021 02:00:04;-1.062;0.071
Tilt 1;28.09.2021 03:00:04;-1.066;0.073
Tilt 1;28.09.2021 04:00:07;-1.064;0.073
Tilt 1;28.09.2021 05:00:05;-1.062;0.071
Tilt 1;28.09.2021 06:00:04;-1.062;0.075
Tilt 1;28.09.2021 07:00:04;-1.062;0.073
Tilt 1;28.09.2021 08:00:27;-1.066;0.073
Tilt 1;28.09.2021 09:00:05;-1.064;0.073
Tilt 1;28.09.2021 10:00:05;-1.066;0.071
Tilt 1;28.09.2021 11:00:04;-1.069;0.069
Tilt 1;28.09.2021 12:00:06;-1.067;0.069
Tilt 1;28.09.2021 13:00:04;-1.066;0.068
Tilt 1;28.09.2021 14:00:05;-1.067;0.068
Tilt 1;28.09.2021 15:00:04;-1.064;0.066
Tilt 1;28.09.2021 16:00:06;-1.064;0.068
Tilt 1;28.09.2021 17:00:04;-1.064;0.068
Tilt 1;28.09.2021 18:00:04;-1.062;0.071
Tilt 1;28.09.2021 19:00:05;-1.062;0.073
Tilt 1;28.09.2021 20:00:07;-1.064;0.071
Tilt 1;28.09.2021 21:00:04;-1.066;0.073
Tilt 1;28.09.2021 22:00:04;-1.062;0.073
Tilt 1;28.09.2021 23:00:05;-1.064;0.073
Tilt 1;29.09.2021 00:00:27;-1.064;0.073
Tilt 1;29.09.2021 01:00:04;-1.066;0.073
Tilt 1;29.09.2021 02:00:04;-1.064;0.075
Tilt 1;29.09.2021 03:00:05;-1.066;0.075
Tilt 1;29.09.2021 04:00:07;-1.066;0.073
Tilt 1;29.09.2021 05:00:05;-1.064;0.075
Tilt 1;29.09.2021 06:00:04;-1.066;0.073
Tilt 1;29.09.2021 07:00:05;-1.064;0.073
Tilt 1;29.09.2021 08:00:07;-1.064;0.073
Tilt 1;29.09.2021 09:00:05;-1.064;0.073
Tilt 1;29.09.2021 10:00:04;-1.066;0.073
Tilt 1;29.09.2021 11:00:04;-1.066;0.073
Tilt 1;29.09.2021 12:00:26;-1.066;0.071
Tilt 1;29.09.2021 13:00:04;-1.064;0.069
Tilt 1;29.09.2021 14:00:05;-1.062;0.069
Tilt 1;29.09.2021 15:00:04;-1.066;0.068
Tilt 1;29.09.2021 16:00:06;-1.062;0.069
Tilt 1;29.09.2021 17:00:04;-1.064;0.071
Tilt 1;29.09.2021 18:00:04;-1.064;0.071
Tilt 1;29.09.2021 19:00:05;-1.062;0.071
Tilt 1;29.09.2021 20:00:07;-1.064;0.073
Tilt 1;29.09.2021 21:00:04;-1.066;0.071
Tilt 1;29.09.2021 22:00:04;-1.066;0.073
Tilt 1;29.09.2021 23:00:05;-1.064;0.071
Tilt 1;30.09.2021 00:00:07;-1.066;0.071
Tilt 1;30.09.2021 01:00:04;-1.064;0.073
Tilt 1;30.09.2021 02:00:04;-1.062;0.073
Tilt 1;30.09.2021 03:00:05;-1.064;0.073
Tilt 1;30.09.2021 04:00:07;-1.064;0.073
Tilt 1;30.09.2021 05:00:04;-1.066;0.073
Tilt 1;30.09.2021 06:00:04;-1.064;0.073
Tilt 1;30.09.2021 07:00:05;-1.066;0.073
Tilt 1;30.09.2021 08:00:07;-1.066;0.073
Tilt 1;30.09.2021 09:00:05;-1.066;0.073
Tilt 1;30.09.2021 10:00:04;-1.064;0.071
Tilt 1;30.09.2021 11:00:04;-1.066;0.073
Tilt 1;30.09.2021 12:00:26;-1.066;0.071
Tilt 1;30.09.2021 13:00:05;-1.066;0.071
Tilt 1;30.09.2021 14:00:05;-1.066;0.069
Tilt 1;30.09.2021 15:00:04;-1.064;0.071
Tilt 1;30.09.2021 16:00:27;-1.066;0.071
Tilt 1;30.09.2021 17:00:04;-1.064;0.071
Tilt 1;30.09.2021 18:00:04;-1.066;0.071
Tilt 1;30.09.2021 19:00:05;-1.066;0.071
Tilt 1;30.09.2021 20:00:07;-1.064;0.071
Tilt 1;30.09.2021 21:00:04;-1.064;0.075
Tilt 1;30.09.2021 22:00:04;-1.066;0.075
Tilt 1;30.09.2021 23:00:05;-1.066;0.075
Tilt 1;01.10.2021 00:00:07;-1.064;0.075
Tilt 1;01.10.2021 01:00:05;-1.064;0.073
Tilt 1;01.10.2021 02:00:04;-1.066;0.075
Tilt 1;01.10.2021 03:00:05;-1.066;0.075
Tilt 1;01.10.2021 04:00:07;-1.062;0.073
Tilt 1;01.10.2021 05:00:05;-1.064;0.075
Tilt 1;01.10.2021 06:00:04;-1.062;0.075
Tilt 1;01.10.2021 07:00:04;-1.064;0.077
Tilt 1;01.10.2021 08:00:07;-1.062;0.075
Tilt 1;01.10.2021 09:00:05;-1.066;0.075
Tilt 1;01.10.2021 10:00:04;-1.066;0.075
Tilt 1;01.10.2021 11:00:04;-1.066;0.073
Tilt 1;01.10.2021 12:00:26;-1.066;0.071
Tilt 1;01.10.2021 13:00:05;-1.064;0.073
Tilt 1;01.10.2021 14:00:05;-1.062;0.073
Tilt 1;01.10.2021 15:00:04;-1.062;0.071
Tilt 1;01.10.2021 16:00:06;-1.066;0.071
Tilt 1;01.10.2021 17:00:04;-1.064;0.073
Tilt 1;01.10.2021 18:00:05;-1.064;0.073
Tilt 1;01.10.2021 19:00:04;-1.066;0.073
Tilt 1;01.10.2021 20:00:06;-1.066;0.071
Tilt 1;01.10.2021 21:00:04;-1.062;0.073
Tilt 1;01.10.2021 22:00:05;-1.066;0.073
Tilt 1;01.10.2021 23:00:04;-1.064;0.073
Tilt 1;02.10.2021 00:00:06;-1.064;0.073
Tilt 1;02.10.2021 01:00:04;-1.064;0.075
Tilt 1;02.10.2021 02:00:04;-1.064;0.075
Tilt 1;02.10.2021 03:00:05;-1.062;0.075
Tilt 1;02.10.2021 04:00:06;-1.062;0.077
Tilt 1;02.10.2021 05:00:04;-1.062;0.077
Tilt 1;02.10.2021 06:00:05;-1.062;0.077
Tilt 1;02.10.2021 07:00:05;-1.064;0.075
Tilt 1;02.10.2021 08:00:07;-1.064;0.075
Tilt 1;02.10.2021 09:00:04;-1.064;0.077
Tilt 1;02.10.2021 10:00:04;-1.067;0.075
Tilt 1;02.10.2021 11:00:04;-1.066;0.071
Tilt 1;02.10.2021 12:00:07;-1.066;0.071
Tilt 1;02.10.2021 13:00:04;-1.064;0.071
Tilt 1;02.10.2021 14:00:04;-1.064;0.071
Tilt 1;02.10.2021 15:00:04;-1.064;0.073
Tilt 1;02.10.2021 16:00:07;-1.062;0.071
Tilt 1;02.10.2021 17:00:04;-1.064;0.073
Tilt 1;02.10.2021 18:00:05;-1.064;0.075
Tilt 1;02.10.2021 19:00:04;-1.064;0.075
Tilt 1;02.10.2021 20:00:06;-1.064;0.075
Tilt 1;02.10.2021 21:00:04;-1.062;0.075
Tilt 1;02.10.2021 22:00:05;-1.066;0.077
Tilt 1;02.10.2021 23:00:04;-1.064;0.077
Tilt 1;03.10.2021 00:00:06;-1.062;0.075
Tilt 1;03.10.2021 01:00:04;-1.066;0.075
Tilt 1;03.10.2021 02:00:05;-1.064;0.075
Tilt 1;03.10.2021 03:00:05;-1.064;0.077
Tilt 1;03.10.2021 04:00:06;-1.062;0.077
Tilt 1;03.10.2021 05:00:04;-1.062;0.075
Tilt 1;03.10.2021 06:00:05;-1.066;0.075
Tilt 1;03.10.2021 07:00:05;-1.066;0.075
Tilt 1;03.10.2021 08:00:07;-1.064;0.075
Tilt 1;03.10.2021 09:00:04;-1.066;0.075
Tilt 1;03.10.2021 10:00:05;-1.066;0.073
Tilt 1;03.10.2021 11:00:04;-1.066;0.073
Tilt 1;03.10.2021 12:00:07;-1.064;0.075
Tilt 1;03.10.2021 13:00:04;-1.066;0.073
Tilt 1;03.10.2021 14:00:04;-1.066;0.073
Tilt 1;03.10.2021 15:00:04;-1.062;0.071
Tilt 1;03.10.2021 16:00:07;-1.066;0.071
Tilt 1;03.10.2021 17:00:05;-1.066;0.073
Tilt 1;03.10.2021 18:00:05;-1.066;0.075
Tilt 1;03.10.2021 19:00:04;-1.066;0.075
Tilt 1;03.10.2021 20:00:06;-1.066;0.075
Tilt 1;03.10.2021 21:00:04;-1.064;0.075
Tilt 1;03.10.2021 22:00:05;-1.067;0.073
Tilt 1;03.10.2021 23:00:05;-1.066;0.075
Tilt 1;04.10.2021 00:00:06;-1.062;0.075
Tilt 1;04.10.2021 01:00:04;-1.064;0.075
Tilt 1;04.10.2021 02:00:05;-1.064;0.075
Tilt 1;04.10.2021 03:00:05;-1.064;0.077
Tilt 1;04.10.2021 04:00:06;-1.060;0.075
Tilt 1;04.10.2021 05:00:04;-1.064;0.075
Tilt 1;04.10.2021 06:00:05;-1.064;0.077
Tilt 1;04.10.2021 07:00:04;-1.064;0.075
Tilt 1;04.10.2021 08:00:07;-1.062;0.075
Tilt 1;04.10.2021 09:00:04;-1.064;0.075
Tilt 1;04.10.2021 10:00:04;-1.066;0.073
Tilt 1;04.10.2021 11:00:04;-1.067;0.071
Tilt 1;04.10.2021 12:00:39;-1.066;0.073
Tilt 1;04.10.2021 13:00:05;-1.066;0.073
Tilt 1;04.10.2021 14:00:04;-1.066;0.073
Tilt 1;04.10.2021 15:00:04;-1.062;0.075
Tilt 1;04.10.2021 16:00:07;-1.062;0.075
Tilt 1;04.10.2021 17:00:04;-1.062;0.075
Tilt 1;04.10.2021 18:00:05;-1.062;0.075
Tilt 1;04.10.2021 19:00:05;-1.062;0.075
Tilt 1;04.10.2021 20:00:06;-1.062;0.077
Tilt 1;04.10.2021 21:00:04;-1.062;0.075
Tilt 1;04.10.2021 22:00:04;-1.062;0.075
Tilt 1;04.10.2021 23:00:05;-1.064;0.075
Tilt 1;05.10.2021 00:00:07;-1.062;0.075
Tilt 1;05.10.2021 01:00:04;-1.062;0.077
Tilt 1;05.10.2021 02:00:04;-1.062;0.075
Tilt 1;05.10.2021 03:00:05;-1.062;0.075
Tilt 1;05.10.2021 04:00:07;-1.062;0.075
Tilt 1;05.10.2021 05:00:05;-1.062;0.077
Tilt 1;05.10.2021 06:00:04;-1.062;0.079
Tilt 1;05.10.2021 07:00:05;-1.062;0.075
Tilt 1;05.10.2021 08:00:38;-1.062;0.077
Tilt 1;05.10.2021 09:00:05;-1.064;0.075
Tilt 1;05.10.2021 10:00:04;-1.062;0.075
Tilt 1;05.10.2021 11:00:04;-1.062;0.073
Tilt 1;05.10.2021 12:00:06;-1.062;0.071
Tilt 1;05.10.2021 13:00:04;-1.062;0.073
Tilt 1;05.10.2021 14:00:05;-1.062;0.073
Tilt 1;05.10.2021 15:00:04;-1.062;0.071
Tilt 1;05.10.2021 16:00:06;-1.062;0.073
Tilt 1;05.10.2021 17:00:04;-1.062;0.073
Tilt 1;05.10.2021 18:00:04;-1.062;0.071
Tilt 1;05.10.2021 19:00:05;-1.062;0.073
Tilt 1;05.10.2021 20:00:07;-1.064;0.073
Tilt 1;05.10.2021 21:00:04;-1.064;0.073
Tilt 1;05.10.2021 22:00:04;-1.062;0.073
Tilt 1;05.10.2021 23:00:05;-1.062;0.075
Tilt 1;06.10.2021 00:00:07;-1.062;0.075
Tilt 1;06.10.2021 01:00:05;-1.064;0.075
Tilt 1;06.10.2021 02:00:04;-1.064;0.077
Tilt 1;06.10.2021 03:00:04;-1.062;0.079
Tilt 1;06.10.2021 04:00:07;-1.064;0.079
Tilt 1;06.10.2021 05:00:05;-1.062;0.079
Tilt 1;06.10.2021 06:00:05;-1.062;0.079
Tilt 1;06.10.2021 07:00:04;-1.064;0.079
Tilt 1;06.10.2021 08:00:06;-1.064;0.077
Tilt 1;06.10.2021 09:00:04;-1.064;0.077
Tilt 1;06.10.2021 10:00:05;-1.064;0.075
Tilt 1;06.10.2021 11:00:04;-1.064;0.073
Tilt 1;06.10.2021 12:00:06;-1.062;0.073
Tilt 1;06.10.2021 13:00:04;-1.064;0.071
Tilt 1;06.10.2021 14:00:05;-1.064;0.071
Tilt 1;06.10.2021 15:00:05;-1.062;0.071
Tilt 1;06.10.2021 16:00:06;-1.062;0.073
Tilt 1;06.10.2021 17:00:04;-1.062;0.075
Tilt 1;06.10.2021 18:00:04;-1.064;0.075
Tilt 1;06.10.2021 19:00:04;-1.062;0.073
Tilt 1;06.10.2021 20:00:07;-1.062;0.073
Tilt 1;06.10.2021 21:00:04;-1.064;0.075
Tilt 1;06.10.2021 22:00:04;-1.062;0.075
Tilt 1;06.10.2021 23:00:05;-1.062;0.075
Tilt 1;07.10.2021 00:00:07;-1.062;0.075
Tilt 1;07.10.2021 01:00:05;-1.064;0.075
Tilt 1;07.10.2021 02:00:04;-1.062;0.075
Tilt 1;07.10.2021 03:00:04;-1.062;0.075
Tilt 1;07.10.2021 04:00:06;-1.064;0.077
Tilt 1;07.10.2021 05:00:05;-1.066;0.077
Tilt 1;07.10.2021 06:00:05;-1.062;0.079
Tilt 1;07.10.2021 07:00:04;-1.064;0.077
Tilt 1;07.10.2021 08:00:06;-1.062;0.075
Tilt 1;07.10.2021 09:00:04;-1.064;0.075
Tilt 1;07.10.2021 10:00:05;-1.064;0.075
Tilt 1;07.10.2021 11:00:05;-1.064;0.075
Tilt 1;07.10.2021 12:00:06;-1.062;0.075
Tilt 1;07.10.2021 13:00:04;-1.062;0.073
Tilt 1;07.10.2021 14:00:05;-1.062;0.075
Tilt 1;07.10.2021 15:00:05;-1.062;0.075
Tilt 1;07.10.2021 16:00:06;-1.062;0.075
Tilt 1;07.10.2021 17:00:04;-1.062;0.073
Tilt 1;07.10.2021 18:00:04;-1.062;0.075
Tilt 1;07.10.2021 19:00:04;-1.064;0.075
Tilt 1;07.10.2021 20:00:28;-1.064;0.075
Tilt 1;07.10.2021 21:00:05;-1.062;0.075
Tilt 1;07.10.2021 22:00:04;-1.064;0.073
Tilt 1;07.10.2021 23:00:04;-1.062;0.073
Tilt 1;08.10.2021 00:00:07;-1.062;0.073
Tilt 1;08.10.2021 01:00:04;-1.064;0.073
Tilt 1;08.10.2021 02:00:05;-1.066;0.073
Tilt 1;08.10.2021 03:00:04;-1.064;0.071
Tilt 1;08.10.2021 04:00:06;-1.064;0.071
Tilt 1;08.10.2021 05:00:04;-1.062;0.071
Tilt 1;08.10.2021 06:00:05;-1.062;0.071
Tilt 1;08.10.2021 07:00:05;-1.062;0.071
Tilt 1;08.10.2021 08:00:06;-1.064;0.071
Tilt 1;08.10.2021 09:00:04;-1.062;0.071
Tilt 1;08.10.2021 10:00:05;-1.064;0.071
Tilt 1;08.10.2021 11:00:05;-1.062;0.069
Tilt 1;08.10.2021 12:00:39;-1.062;0.071
Tilt 1;08.10.2021 13:00:04;-1.062;0.069
Tilt 1;08.10.2021 14:00:04;-1.062;0.069
Tilt 1;08.10.2021 15:00:04;-1.062;0.069
Tilt 1;08.10.2021 16:00:07;-1.062;0.069
Tilt 1;08.10.2021 17:00:04;-1.062;0.069
Tilt 1;08.10.2021 18:00:04;-1.062;0.069
Tilt 1;08.10.2021 19:00:04;-1.062;0.071
Tilt 1;08.10.2021 20:00:07;-1.064;0.069
Tilt 1;08.10.2021 21:00:05;-1.062;0.069
Tilt 1;08.10.2021 22:00:05;-1.062;0.069
Tilt 1;08.10.2021 23:00:04;-1.062;0.069
Tilt 1;09.10.2021 00:00:06;-1.062;0.069
Tilt 1;09.10.2021 01:00:04;-1.062;0.069
Tilt 1;09.10.2021 02:00:05;-1.062;0.069
Tilt 1;09.10.2021 03:00:05;-1.062;0.069
Tilt 1;09.10.2021 04:00:06;-1.062;0.069
Tilt 1;09.10.2021 05:00:04;-1.062;0.071
Tilt 1;09.10.2021 06:00:05;-1.064;0.069
Tilt 1;09.10.2021 07:00:05;-1.062;0.069
Tilt 1;09.10.2021 08:00:25;-1.062;0.069
Tilt 1;09.10.2021 09:00:05;-1.064;0.069
Tilt 1;09.10.2021 10:00:04;-1.064;0.069
Tilt 1;09.10.2021 11:00:05;-1.064;0.069
Tilt 1;09.10.2021 12:00:06;-1.060;0.066
Tilt 1;09.10.2021 13:00:04;-1.062;0.068
Tilt 1;09.10.2021 14:00:04;-1.062;0.066
Tilt 1;09.10.2021 15:00:05;-1.064;0.066
Tilt 1;09.10.2021 16:00:07;-1.062;0.069
Tilt 1;09.10.2021 17:00:04;-1.062;0.069
Tilt 1;09.10.2021 18:00:04;-1.062;0.069
Tilt 1;09.10.2021 19:00:04;-1.062;0.069
Tilt 1;09.10.2021 20:00:07;-1.062;0.071
Tilt 1;09.10.2021 21:00:04;-1.062;0.071
Tilt 1;09.10.2021 22:00:04;-1.062;0.071
Tilt 1;09.10.2021 23:00:05;-1.062;0.071
Tilt 1;10.10.2021 00:00:07;-1.062;0.073
Tilt 1;10.10.2021 01:00:05;-1.062;0.073
Tilt 1;10.10.2021 02:00:04;-1.062;0.073
Tilt 1;10.10.2021 03:00:04;-1.062;0.071
Tilt 1;10.10.2021 04:00:07;-1.062;0.073
Tilt 1;10.10.2021 05:00:05;-1.064;0.071
Tilt 1;10.10.2021 06:00:04;-1.062;0.073
Tilt 1;10.10.2021 07:00:04;-1.062;0.073
Tilt 1;10.10.2021 08:00:06;-1.060;0.073
Tilt 1;10.10.2021 09:00:05;-1.062;0.073
Tilt 1;10.10.2021 10:00:05;-1.062;0.073
Tilt 1;10.10.2021 11:00:04;-1.064;0.075
Tilt 1;10.10.2021 12:00:06;-1.062;0.075
Tilt 1;10.10.2021 13:00:04;-1.062;0.075
Tilt 1;10.10.2021 14:00:05;-1.069;0.073
Tilt 1;10.10.2021 15:00:04;-1.066;0.075
Tilt 1;10.10.2021 16:00:06;-1.064;0.073
Tilt 1;10.10.2021 17:00:04;-1.064;0.075
Tilt 1;10.10.2021 18:00:05;-1.064;0.075
Tilt 1;10.10.2021 19:00:05;-1.062;0.077
Tilt 1;10.10.2021 20:00:06;-1.062;0.077
Tilt 1;10.10.2021 21:00:04;-1.062;0.079
Tilt 1;10.10.2021 22:00:04;-1.062;0.079
Tilt 1;10.10.2021 23:00:05;-1.062;0.079
Tilt 1;11.10.2021 00:00:07;-1.062;0.079
Tilt 1;11.10.2021 01:00:04;-1.062;0.079
Tilt 1;11.10.2021 02:00:04;-1.062;0.079
Tilt 1;11.10.2021 03:00:05;-1.064;0.079
Tilt 1;11.10.2021 04:00:07;-1.064;0.079
Tilt 1;11.10.2021 05:00:04;-1.064;0.079
Tilt 1;11.10.2021 06:00:04;-1.064;0.079
Tilt 1;11.10.2021 07:00:05;-1.062;0.079
Tilt 1;11.10.2021 08:00:07;-1.064;0.079
Tilt 1;11.10.2021 09:00:04;-1.064;0.079
Tilt 1;11.10.2021 10:00:04;-1.062;0.081
Tilt 1;11.10.2021 11:00:05;-1.062;0.079
Tilt 1;11.10.2021 12:00:07;-1.062;0.079
Tilt 1;11.10.2021 13:00:05;-1.067;0.079
Tilt 1;11.10.2021 14:00:04;-1.067;0.079
Tilt 1;11.10.2021 15:00:04;-1.066;0.079
Tilt 1;11.10.2021 16:00:06;-1.062;0.081
Tilt 1;11.10.2021 17:00:04;-1.062;0.081
Tilt 1;11.10.2021 18:00:04;-1.062;0.081
Tilt 1;11.10.2021 19:00:04;-1.062;0.082
Tilt 1;11.10.2021 20:00:07;-1.064;0.081
Tilt 1;11.10.2021 21:00:05;-1.064;0.081
Tilt 1;11.10.2021 22:00:04;-1.062;0.082
Tilt 1;11.10.2021 23:00:04;-1.062;0.082
Tilt 1;12.10.2021 00:00:06;-1.062;0.082
Tilt 1;12.10.2021 01:00:05;-1.062;0.082
Tilt 1;12.10.2021 02:00:05;-1.062;0.084
Tilt 1;12.10.2021 03:00:04;-1.060;0.084
Tilt 1;12.10.2021 04:00:06;-1.060;0.082
Tilt 1;12.10.2021 05:00:04;-1.062;0.084
Tilt 1;12.10.2021 06:00:05;-1.062;0.084
Tilt 1;12.10.2021 07:00:04;-1.062;0.084
Tilt 1;12.10.2021 08:00:06;-1.062;0.084
Tilt 1;12.10.2021 09:00:04;-1.062;0.084
Tilt 1;12.10.2021 10:00:05;-1.062;0.084
Tilt 1;12.10.2021 11:00:05;-1.069;0.079
Tilt 1;12.10.2021 12:00:06;-1.071;0.075
Tilt 1;12.10.2021 13:00:04;-1.069;0.077
Tilt 1;12.10.2021 14:00:05;-1.069;0.079
Tilt 1;12.10.2021 15:00:04;-1.066;0.079
Tilt 1;12.10.2021 16:00:07;-1.062;0.079
Tilt 1;12.10.2021 17:00:04;-1.062;0.081
Tilt 1;12.10.2021 18:00:05;-1.062;0.081
Tilt 1;12.10.2021 19:00:05;-1.062;0.081
Tilt 1;12.10.2021 20:00:06;-1.062;0.082
Tilt 1;12.10.2021 21:00:04;-1.062;0.082
Tilt 1;12.10.2021 22:00:05;-1.062;0.084
Tilt 1;12.10.2021 23:00:05;-1.062;0.084
Tilt 1;13.10.2021 00:00:07;-1.062;0.084
Tilt 1;13.10.2021 01:00:04;-1.062;0.084
Tilt 1;13.10.2021 02:00:04;-1.062;0.084
Tilt 1;13.10.2021 03:00:04;-1.060;0.084
Tilt 1;13.10.2021 04:00:07;-1.062;0.088
Tilt 1;13.10.2021 05:00:04;-1.062;0.084
Tilt 1;13.10.2021 06:00:04;-1.064;0.084
Tilt 1;13.10.2021 07:00:04;-1.064;0.084
Tilt 1;13.10.2021 08:00:07;-1.062;0.084
Tilt 1;13.10.2021 09:00:05;-1.064;0.082
Tilt 1;13.10.2021 10:00:04;-1.062;0.084
Tilt 1;13.10.2021 11:00:04;-1.064;0.084
Tilt 1;13.10.2021 12:00:07;-1.062;0.082
Tilt 1;13.10.2021 13:00:05;-1.062;0.084
Tilt 1;13.10.2021 14:00:04;-1.062;0.084
Tilt 1;13.10.2021 15:00:04;-1.062;0.084
Tilt 1;13.10.2021 16:00:26;-1.064;0.084
Tilt 1;13.10.2021 17:00:05;-1.064;0.084
Tilt 1;13.10.2021 18:00:05;-1.066;0.084
Tilt 1;13.10.2021 19:00:05;-1.064;0.082
Tilt 1;13.10.2021 20:00:06;-1.062;0.081
Tilt 1;13.10.2021 21:00:04;-1.064;0.081
Tilt 1;13.10.2021 22:00:04;-1.062;0.081
Tilt 1;13.10.2021 23:00:05;-1.064;0.081
Tilt 1;14.10.2021 00:00:06;-1.062;0.081
Tilt 1;14.10.2021 01:00:04;-1.064;0.079
Tilt 1;14.10.2021 02:00:05;-1.062;0.081
Tilt 1;14.10.2021 03:00:04;-1.064;0.081
Tilt 1;14.10.2021 04:00:07;-1.062;0.081
Tilt 1;14.10.2021 05:00:04;-1.062;0.081
Tilt 1;14.10.2021 06:00:04;-1.064;0.081
Tilt 1;14.10.2021 07:00:04;-1.064;0.079
Tilt 1;14.10.2021 08:00:14;-1.058;0.079
Tilt 1;14.10.2021 09:00:05;-1.062;0.079
Tilt 1;14.10.2021 10:00:04;-1.062;0.079
Tilt 1;14.10.2021 11:00:04;-1.062;0.077
Tilt 1;14.10.2021 12:00:07;-1.062;0.079
Tilt 1;14.10.2021 13:00:05;-1.064;0.079
Tilt 1;14.10.2021 14:00:04;-1.062;0.079
Tilt 1;14.10.2021 15:00:04;-1.062;0.079
Tilt 1;14.10.2021 16:00:39;-1.062;0.079
Tilt 1;14.10.2021 17:00:05;-1.062;0.079
Tilt 1;14.10.2021 18:00:05;-1.062;0.079
Tilt 1;14.10.2021 19:00:04;-1.062;0.081
Tilt 1;14.10.2021 20:00:06;-1.062;0.081
Tilt 1;14.10.2021 21:00:04;-1.062;0.081
Tilt 1;14.10.2021 22:00:05;-1.062;0.081
Tilt 1;14.10.2021 23:00:04;-1.062;0.081
Tilt 1;15.10.2021 00:00:06;-1.062;0.081
Tilt 1;15.10.2021 01:00:04;-1.062;0.082
Tilt 1;15.10.2021 02:00:05;-1.062;0.082
Tilt 1;15.10.2021 03:00:05;-1.062;0.082
Tilt 1;15.10.2021 04:00:06;-1.062;0.082
Tilt 1;15.10.2021 05:00:04;-1.062;0.082
Tilt 1;15.10.2021 06:00:05;-1.062;0.082
Tilt 1;15.10.2021 07:00:05;-1.062;0.082
Tilt 1;15.10.2021 08:00:06;-1.062;0.082
Tilt 1;15.10.2021 09:00:04;-1.062;0.082
Tilt 1;15.10.2021 10:00:05;-1.062;0.082
Tilt 1;15.10.2021 11:00:04;-1.062;0.084
Tilt 1;15.10.2021 12:00:07;-1.062;0.082
Tilt 1;15.10.2021 13:00:04;-1.062;0.082
Tilt 1;15.10.2021 14:00:04;-1.062;0.082
Tilt 1;15.10.2021 15:00:04;-1.062;0.084
Tilt 1;15.10.2021 16:00:07;-1.062;0.084
Tilt 1;15.10.2021 17:00:05;-1.062;0.084
Tilt 1;15.10.2021 18:00:04;-1.062;0.084
Tilt 1;15.10.2021 19:00:04;-1.062;0.086
Tilt 1;15.10.2021 20:00:06;-1.064;0.086
Tilt 1;15.10.2021 21:00:04;-1.064;0.084
Tilt 1;15.10.2021 22:00:05;-1.064;0.084
Tilt 1;15.10.2021 23:00:04;-1.064;0.084
Tilt 1;16.10.2021 00:00:06;-1.066;0.084
Tilt 1;16.10.2021 01:00:04;-1.064;0.084
Tilt 1;16.10.2021 02:00:05;-1.066;0.084
Tilt 1;16.10.2021 03:00:04;-1.062;0.086
Tilt 1;16.10.2021 04:00:06;-1.062;0.084
Tilt 1;16.10.2021 05:00:04;-1.066;0.084
Tilt 1;16.10.2021 06:00:04;-1.062;0.084
Tilt 1;16.10.2021 07:00:05;-1.064;0.084
Tilt 1;16.10.2021 08:00:06;-1.064;0.084
Tilt 1;16.10.2021 09:00:04;-1.062;0.084
Tilt 1;16.10.2021 10:00:05;-1.064;0.084
Tilt 1;16.10.2021 11:00:04;-1.066;0.084
Tilt 1;16.10.2021 12:00:07;-1.062;0.084
Tilt 1;16.10.2021 13:00:04;-1.066;0.082
Tilt 1;16.10.2021 14:00:04;-1.066;0.084
Tilt 1;16.10.2021 15:00:04;-1.066;0.084
Tilt 1;16.10.2021 16:00:07;-1.062;0.084
Tilt 1;16.10.2021 17:00:05;-1.064;0.086
Tilt 1;16.10.2021 18:00:05;-1.062;0.084
Tilt 1;16.10.2021 19:00:04;-1.064;0.088
Tilt 1;16.10.2021 20:00:06;-1.062;0.088
Tilt 1;16.10.2021 21:00:04;-1.062;0.084
Tilt 1;16.10.2021 22:00:05;-1.062;0.086
Tilt 1;16.10.2021 23:00:05;-1.062;0.086
Tilt 1;17.10.2021 00:00:06;-1.062;0.086
Tilt 1;17.10.2021 01:00:04;-1.062;0.086
Tilt 1;17.10.2021 02:00:05;-1.062;0.088
Tilt 1;17.10.2021 03:00:05;-1.062;0.086
Tilt 1;17.10.2021 04:00:06;-1.060;0.086
Tilt 1;17.10.2021 05:00:04;-1.062;0.086
Tilt 1;17.10.2021 06:00:05;-1.062;0.088
Tilt 1;17.10.2021 07:00:04;-1.062;0.088
Tilt 1;17.10.2021 08:00:27;-1.062;0.088
Tilt 1;17.10.2021 09:00:04;-1.064;0.088
Tilt 1;17.10.2021 10:00:04;-1.064;0.088
Tilt 1;17.10.2021 11:00:04;-1.066;0.088
Tilt 1;17.10.2021 12:00:07;-1.071;0.082
Tilt 1;17.10.2021 13:00:05;-1.066;0.084
Tilt 1;17.10.2021 14:00:04;-1.071;0.084
Tilt 1;17.10.2021 15:00:04;-1.066;0.084
Tilt 1;17.10.2021 16:00:07;-1.062;0.084
Tilt 1;17.10.2021 17:00:05;-1.062;0.088
Tilt 1;17.10.2021 18:00:05;-1.062;0.088
Tilt 1;17.10.2021 19:00:04;-1.062;0.090
Tilt 1;17.10.2021 20:00:06;-1.054;0.090
Tilt 1;17.10.2021 21:00:04;-1.060;0.092
Tilt 1;17.10.2021 22:00:05;-1.060;0.090
Tilt 1;17.10.2021 23:00:04;-1.060;0.092
Tilt 1;18.10.2021 00:00:06;-1.056;0.092
Tilt 1;18.10.2021 01:00:04;-1.058;0.094
Tilt 1;18.10.2021 02:00:04;-1.060;0.094
Tilt 1;18.10.2021 03:00:05;-1.060;0.094
Tilt 1;18.10.2021 04:00:06;-1.045;0.094
Tilt 1;18.10.2021 05:00:04;-1.060;0.095
Tilt 1;18.10.2021 06:00:05;-1.060;0.094
Tilt 1;18.10.2021 07:00:04;-1.060;0.090
Tilt 1;18.10.2021 08:00:07;-1.060;0.092
Tilt 1;18.10.2021 09:00:04;-1.062;0.090
Tilt 1;18.10.2021 10:00:04;-1.064;0.088
Tilt 1;18.10.2021 11:00:04;-1.066;0.088
Tilt 1;18.10.2021 12:00:07;-1.067;0.084
Tilt 1;18.10.2021 13:00:05;-1.066;0.086
Tilt 1;18.10.2021 14:00:04;-1.066;0.086
Tilt 1;18.10.2021 15:00:04;-1.064;0.086
Tilt 1;18.10.2021 16:00:07;-1.064;0.088
Tilt 1;18.10.2021 17:00:05;-1.062;0.090
Tilt 1;18.10.2021 18:00:04;-1.062;0.088
Tilt 1;18.10.2021 19:00:04;-1.062;0.088
Tilt 1;18.10.2021 20:00:07;-1.060;0.088
Tilt 1;18.10.2021 21:00:05;-1.062;0.088
Tilt 1;18.10.2021 22:00:04;-1.064;0.088
Tilt 1;18.10.2021 23:00:04;-1.064;0.088
Tilt 1;19.10.2021 00:00:07;-1.062;0.088
Tilt 1;19.10.2021 01:00:05;-1.062;0.088
Tilt 1;19.10.2021 02:00:04;-1.062;0.090
Tilt 1;19.10.2021 03:00:04;-1.062;0.088
Tilt 1;19.10.2021 04:00:06;-1.062;0.088
Tilt 1;19.10.2021 05:00:04;-1.064;0.086
Tilt 1;19.10.2021 06:00:05;-1.064;0.088
Tilt 1;19.10.2021 07:00:04;-1.064;0.088
Tilt 1;19.10.2021 08:00:06;-1.062;0.088
Tilt 1;19.10.2021 09:00:04;-1.064;0.088
Tilt 1;19.10.2021 10:00:05;-1.066;0.084
Tilt 1;19.10.2021 11:00:05;-1.066;0.086
Tilt 1;19.10.2021 12:00:26;-1.066;0.086
Tilt 1;19.10.2021 13:00:04;-1.066;0.086
Tilt 1;19.10.2021 14:00:05;-1.066;0.084
Tilt 1;19.10.2021 15:00:05;-1.066;0.084
Tilt 1;19.10.2021 16:00:06;-1.062;0.086
Tilt 1;19.10.2021 17:00:04;-1.066;0.084
Tilt 1;19.10.2021 18:00:05;-1.064;0.084
Tilt 1;19.10.2021 19:00:04;-1.066;0.084
Tilt 1;19.10.2021 20:00:06;-1.066;0.084
Tilt 1;19.10.2021 21:00:04;-1.066;0.086
Tilt 1;19.10.2021 22:00:05;-1.066;0.084
Tilt 1;19.10.2021 23:00:04;-1.066;0.084
Tilt 1;20.10.2021 00:00:06;-1.062;0.084
Tilt 1;20.10.2021 01:00:04;-1.066;0.084
Tilt 1;20.10.2021 02:00:05;-1.066;0.084
Tilt 1;20.10.2021 03:00:05;-1.066;0.082
Tilt 1;20.10.2021 04:00:06;-1.066;0.082
Tilt 1;20.10.2021 05:00:04;-1.066;0.081
Tilt 1;20.10.2021 06:00:05;-1.064;0.082
Tilt 1;20.10.2021 07:00:05;-1.062;0.081
Tilt 1;20.10.2021 08:00:06;-1.062;0.081
Tilt 1;20.10.2021 09:00:04;-1.062;0.081
Tilt 1;20.10.2021 10:00:05;-1.062;0.081
Tilt 1;20.10.2021 11:00:05;-1.062;0.081
Tilt 1;20.10.2021 12:00:28;-1.062;0.081
Tilt 1;20.10.2021 13:00:04;-1.062;0.081
Tilt 1;20.10.2021 14:00:04;-1.062;0.079
Tilt 1;20.10.2021 15:00:04;-1.062;0.081
Tilt 1;20.10.2021 16:00:07;-1.060;0.082
Tilt 1;20.10.2021 17:00:04;-1.062;0.084
Tilt 1;20.10.2021 18:00:04;-1.060;0.084
Tilt 1;20.10.2021 19:00:05;-1.060;0.084
Tilt 1;20.10.2021 20:00:07;-1.060;0.084
Tilt 1;20.10.2021 21:00:05;-1.060;0.084
Tilt 1;20.10.2021 22:00:04;-1.060;0.084
Tilt 1;20.10.2021 23:00:04;-1.062;0.088
Tilt 1;21.10.2021 00:00:07;-1.060;0.086
Tilt 1;21.10.2021 01:00:05;-1.062;0.088
Tilt 1;21.10.2021 02:00:05;-1.062;0.088
Tilt 1;21.10.2021 03:00:04;-1.062;0.084
Tilt 1;21.10.2021 04:00:06;-1.062;0.086
Tilt 1;21.10.2021 05:00:04;-1.062;0.088
Tilt 1;21.10.2021 06:00:05;-1.062;0.088
Tilt 1;21.10.2021 07:00:05;-1.062;0.088
Tilt 1;21.10.2021 08:00:06;-1.062;0.088
Tilt 1;21.10.2021 09:00:04;-1.062;0.088
Tilt 1;21.10.2021 10:00:05;-1.064;0.088
Tilt 1;21.10.2021 11:00:05;-1.062;0.086
Tilt 1;21.10.2021 12:00:07;-1.064;0.088
Tilt 1;21.10.2021 13:00:04;-1.062;0.086
Tilt 1;21.10.2021 14:00:04;-1.064;0.088
Tilt 1;21.10.2021 15:00:04;-1.062;0.088
Tilt 1;21.10.2021 16:00:07;-1.062;0.088
Tilt 1;21.10.2021 17:00:05;-1.064;0.088
Tilt 1;21.10.2021 18:00:04;-1.062;0.088
Tilt 1;21.10.2021 19:00:04;-1.062;0.090
Tilt 1;21.10.2021 20:00:26;-1.062;0.090
Tilt 1;21.10.2021 21:00:05;-1.062;0.090
Tilt 1;21.10.2021 22:00:04;-1.062;0.090
Tilt 1;21.10.2021 23:00:04;-1.062;0.090
Tilt 1;22.10.2021 00:00:06;-1.062;0.090
Tilt 1;22.10.2021 01:00:04;-1.062;0.090
Tilt 1;22.10.2021 02:00:05;-1.062;0.090
Tilt 1;22.10.2021 03:00:04;-1.062;0.092
Tilt 1;22.10.2021 04:00:06;-1.062;0.092
Tilt 1;22.10.2021 05:00:04;-1.062;0.092
Tilt 1;22.10.2021 06:00:05;-1.062;0.092
Tilt 1;22.10.2021 07:00:05;-1.062;0.090
Tilt 1;22.10.2021 08:00:06;-1.062;0.090
Tilt 1;22.10.2021 09:00:04;-1.062;0.090
Tilt 1;22.10.2021 10:00:05;-1.064;0.090
Tilt 1;22.10.2021 11:00:05;-1.064;0.088
Tilt 1;22.10.2021 12:00:06;-1.066;0.088
Tilt 1;22.10.2021 13:00:04;-1.066;0.088
Tilt 1;22.10.2021 14:00:05;-1.066;0.088
Tilt 1;22.10.2021 15:00:04;-1.066;0.088
Tilt 1;22.10.2021 16:00:07;-1.064;0.088
Tilt 1;22.10.2021 17:00:04;-1.064;0.088
Tilt 1;22.10.2021 18:00:05;-1.066;0.090
Tilt 1;22.10.2021 19:00:05;-1.066;0.088
Tilt 1;22.10.2021 20:00:06;-1.062;0.088
Tilt 1;22.10.2021 21:00:04;-1.066;0.090
Tilt 1;22.10.2021 22:00:05;-1.066;0.090
Tilt 1;22.10.2021 23:00:05;-1.064;0.090
Tilt 1;23.10.2021 00:00:07;-1.064;0.090
Tilt 1;23.10.2021 01:00:04;-1.064;0.090
Tilt 1;23.10.2021 02:00:05;-1.062;0.092
Tilt 1;23.10.2021 03:00:04;-1.064;0.090
Tilt 1;23.10.2021 04:00:07;-1.062;0.092
Tilt 1;23.10.2021 05:00:04;-1.064;0.090
Tilt 1;23.10.2021 06:00:04;-1.062;0.090
Tilt 1;23.10.2021 07:00:04;-1.064;0.090
Tilt 1;23.10.2021 08:00:07;-1.064;0.090
Tilt 1;23.10.2021 09:00:04;-1.066;0.090
Tilt 1;23.10.2021 10:00:04;-1.066;0.090
Tilt 1;23.10.2021 11:00:04;-1.064;0.090
Tilt 1;23.10.2021 12:00:07;-1.066;0.088
Tilt 1;23.10.2021 13:00:04;-1.066;0.090
Tilt 1;23.10.2021 14:00:04;-1.066;0.088
Tilt 1;23.10.2021 15:00:04;-1.066;0.088
Tilt 1;23.10.2021 16:00:26;-1.064;0.092
Tilt 1;23.10.2021 17:00:05;-1.064;0.090
Tilt 1;23.10.2021 18:00:04;-1.062;0.090
Tilt 1;23.10.2021 19:00:04;-1.064;0.090
Tilt 1;23.10.2021 20:00:26;-1.066;0.090
Tilt 1;23.10.2021 21:00:05;-1.066;0.090
Tilt 1;23.10.2021 22:00:04;-1.064;0.090
Tilt 1;23.10.2021 23:00:04;-1.062;0.090
Tilt 1;24.10.2021 00:00:39;-1.066;0.090
Tilt 1;24.10.2021 01:00:05;-1.066;0.090
Tilt 1;24.10.2021 02:00:05;-1.066;0.088
Tilt 1;24.10.2021 03:00:04;-1.066;0.088
Tilt 1;24.10.2021 04:00:06;-1.066;0.088
Tilt 1;24.10.2021 05:00:04;-1.066;0.088
Tilt 1;24.10.2021 06:00:05;-1.066;0.088
Tilt 1;24.10.2021 07:00:04;-1.066;0.088
Tilt 1;24.10.2021 08:00:06;-1.064;0.088
Tilt 1;24.10.2021 09:00:04;-1.066;0.088
Tilt 1;24.10.2021 10:00:05;-1.066;0.088
Tilt 1;24.10.2021 11:00:05;-1.067;0.088
Tilt 1;24.10.2021 12:00:06;-1.066;0.088
Tilt 1;24.10.2021 13:00:04;-1.064;0.086
Tilt 1;24.10.2021 14:00:05;-1.066;0.088
Tilt 1;24.10.2021 15:00:05;-1.066;0.086
Tilt 1;24.10.2021 16:00:07;-1.066;0.086
Tilt 1;24.10.2021 17:00:04;-1.066;0.086
Tilt 1;24.10.2021 18:00:04;-1.066;0.088
Tilt 1;24.10.2021 19:00:04;-1.066;0.088
Tilt 1;24.10.2021 20:00:07;-1.062;0.086
Tilt 1;24.10.2021 21:00:05;-1.066;0.086
Tilt 1;24.10.2021 22:00:04;-1.066;0.088
Tilt 1;24.10.2021 23:00:04;-1.064;0.086
Tilt 1;25.10.2021 00:00:07;-1.066;0.084
Tilt 1;25.10.2021 01:00:05;-1.066;0.088
Tilt 1;25.10.2021 02:00:04;-1.066;0.086
Tilt 1;25.10.2021 03:00:04;-1.066;0.086
Tilt 1;25.10.2021 04:00:06;-1.066;0.088
Tilt 1;25.10.2021 05:00:04;-1.066;0.086
Tilt 1;25.10.2021 06:00:05;-1.066;0.088
Tilt 1;25.10.2021 07:00:04;-1.066;0.086
Tilt 1;25.10.2021 08:00:26;-1.064;0.086
Tilt 1;25.10.2021 09:00:04;-1.066;0.088
Tilt 1;25.10.2021 10:00:05;-1.066;0.084
Tilt 1;25.10.2021 11:00:05;-1.064;0.086
Tilt 1;25.10.2021 12:00:06;-1.064;0.084
Tilt 1;25.10.2021 13:00:04;-1.062;0.084
Tilt 1;25.10.2021 14:00:05;-1.064;0.084
Tilt 1;25.10.2021 15:00:05;-1.062;0.088
Tilt 1;25.10.2021 16:00:06;-1.062;0.084
Tilt 1;25.10.2021 17:00:04;-1.062;0.086
Tilt 1;25.10.2021 18:00:05;-1.062;0.086
Tilt 1;25.10.2021 19:00:04;-1.064;0.086
Tilt 1;25.10.2021 20:00:06;-1.066;0.088
Tilt 1;25.10.2021 21:00:04;-1.066;0.088
Tilt 1;25.10.2021 22:00:05;-1.066;0.088
Tilt 1;25.10.2021 23:00:05;-1.066;0.088
Tilt 1;26.10.2021 00:00:06;-1.066;0.088
Tilt 1;26.10.2021 01:00:04;-1.066;0.088
Tilt 1;26.10.2021 02:00:05;-1.064;0.090
Tilt 1;26.10.2021 03:00:05;-1.064;0.090
Tilt 1;26.10.2021 04:00:06;-1.066;0.090
Tilt 1;26.10.2021 05:00:04;-1.064;0.088
Tilt 1;26.10.2021 06:00:05;-1.064;0.090
Tilt 1;26.10.2021 07:00:05;-1.066;0.088
Tilt 1;26.10.2021 08:00:06;-1.066;0.088
Tilt 1;26.10.2021 09:00:04;-1.066;0.088
Tilt 1;26.10.2021 10:00:05;-1.066;0.088
Tilt 1;26.10.2021 11:00:05;-1.066;0.090
Tilt 1;26.10.2021 12:00:07;-1.066;0.088
Tilt 1;26.10.2021 13:00:04;-1.066;0.088
Tilt 1;26.10.2021 14:00:04;-1.064;0.088
Tilt 1;26.10.2021 15:00:04;-1.064;0.088
Tilt 1;26.10.2021 16:00:07;-1.066;0.088
Tilt 1;26.10.2021 17:00:05;-1.064;0.090
Tilt 1;26.10.2021 18:00:04;-1.066;0.090
Tilt 1;26.10.2021 19:00:04;-1.066;0.090
Tilt 1;26.10.2021 20:00:26;-1.066;0.090
Tilt 1;26.10.2021 21:00:05;-1.066;0.088
Tilt 1;26.10.2021 22:00:04;-1.066;0.088
Tilt 1;26.10.2021 23:00:04;-1.066;0.088
Tilt 1;27.10.2021 00:00:06;-1.066;0.090
Tilt 1;27.10.2021 01:00:04;-1.064;0.088
Tilt 1;27.10.2021 02:00:05;-1.066;0.088
Tilt 1;27.10.2021 03:00:04;-1.066;0.088
Tilt 1;27.10.2021 04:00:06;-1.066;0.086
Tilt 1;27.10.2021 05:00:04;-1.064;0.088
Tilt 1;27.10.2021 06:00:05;-1.066;0.088
Tilt 1;27.10.2021 07:00:05;-1.066;0.088
Tilt 1;27.10.2021 08:00:06;-1.064;0.088
Tilt 1;27.10.2021 09:00:04;-1.066;0.088
Tilt 1;27.10.2021 10:00:05;-1.066;0.086
Tilt 1;27.10.2021 11:00:05;-1.066;0.088
Tilt 1;27.10.2021 12:00:07;-1.066;0.086
Tilt 1;27.10.2021 13:00:04;-1.066;0.084
Tilt 1;27.10.2021 14:00:05;-1.066;0.084
Tilt 1;27.10.2021 15:00:04;-1.064;0.086
Tilt 1;27.10.2021 16:00:07;-1.066;0.086
Tilt 1;27.10.2021 17:00:04;-1.066;0.086
Tilt 1;27.10.2021 18:00:05;-1.066;0.086
Tilt 1;27.10.2021 19:00:04;-1.066;0.086
Tilt 1;27.10.2021 20:00:06;-1.066;0.086
Tilt 1;27.10.2021 21:00:04;-1.066;0.086
Tilt 1;27.10.2021 22:00:05;-1.066;0.086
Tilt 1;27.10.2021 23:00:05;-1.066;0.084
Tilt 1;28.10.2021 00:00:06;-1.066;0.084
Tilt 1;28.10.2021 01:00:04;-1.066;0.086
Tilt 1;28.10.2021 02:00:04;-1.066;0.086
Tilt 1;28.10.2021 03:00:05;-1.069;0.084
Tilt 1;28.10.2021 04:00:06;-1.066;0.084
Tilt 1;28.10.2021 05:00:04;-1.066;0.084
Tilt 1;28.10.2021 06:00:05;-1.066;0.084
Tilt 1;28.10.2021 07:00:04;-1.066;0.084
Tilt 1;28.10.2021 08:00:07;-1.066;0.084
Tilt 1;28.10.2021 09:00:04;-1.066;0.084
Tilt 1;28.10.2021 10:00:04;-1.066;0.084
Tilt 1;28.10.2021 11:00:04;-1.066;0.084
Tilt 1;28.10.2021 12:00:07;-1.066;0.084
Tilt 1;28.10.2021 13:00:05;-1.066;0.084
Tilt 1;28.10.2021 14:00:04;-1.064;0.084
Tilt 1;28.10.2021 15:00:04;-1.066;0.084
Tilt 1;28.10.2021 16:00:07;-1.066;0.084
Tilt 1;28.10.2021 17:00:05;-1.066;0.084
Tilt 1;28.10.2021 18:00:05;-1.066;0.084
Tilt 1;28.10.2021 19:00:04;-1.066;0.086
Tilt 1;28.10.2021 20:00:06;-1.066;0.086
Tilt 1;28.10.2021 21:00:04;-1.066;0.084
Tilt 1;28.10.2021 22:00:05;-1.066;0.084
Tilt 1;28.10.2021 23:00:05;-1.066;0.084
Tilt 1;29.10.2021 00:00:06;-1.066;0.084
Tilt 1;29.10.2021 01:00:04;-1.067;0.084
Tilt 1;29.10.2021 02:00:05;-1.066;0.084
Tilt 1;29.10.2021 03:00:05;-1.066;0.084
Tilt 1;29.10.2021 04:00:07;-1.067;0.084
Tilt 1;29.10.2021 05:00:04;-1.066;0.084
Tilt 1;29.10.2021 06:00:04;-1.067;0.084
Tilt 1;29.10.2021 07:00:04;-1.067;0.084
Tilt 1;29.10.2021 08:00:08;-1.067;0.086
Tilt 1;29.10.2021 09:00:05;-1.067;0.086
Tilt 1;29.10.2021 10:00:04;-1.067;0.084
Tilt 1;29.10.2021 11:00:04;-1.067;0.084
Tilt 1;29.10.2021 12:00:07;-1.066;0.084
Tilt 1;29.10.2021 13:00:05;-1.067;0.082
Tilt 1;29.10.2021 14:00:05;-1.067;0.084
Tilt 1;29.10.2021 15:00:04;-1.067;0.084
Tilt 1;29.10.2021 16:00:06;-1.067;0.084
Tilt 1;29.10.2021 17:00:04;-1.067;0.084
Tilt 1;29.10.2021 18:00:04;-1.069;0.086
Tilt 1;29.10.2021 19:00:05;-1.069;0.084
Tilt 1;29.10.2021 20:00:06;-1.066;0.084
Tilt 1;29.10.2021 21:00:04;-1.069;0.084
Tilt 1;29.10.2021 22:00:04;-1.069;0.084
Tilt 1;29.10.2021 23:00:05;-1.071;0.084
Tilt 1;30.10.2021 00:00:07;-1.069;0.084
Tilt 1;30.10.2021 01:00:04;-1.071;0.084
Tilt 1;30.10.2021 02:00:04;-1.067;0.084
Tilt 1;30.10.2021 03:00:05;-1.069;0.084
Tilt 1;30.10.2021 04:00:07;-1.069;0.086
Tilt 1;30.10.2021 05:00:04;-1.069;0.088
Tilt 1;30.10.2021 06:00:04;-1.071;0.088
Tilt 1;30.10.2021 07:00:05;-1.069;0.088
Tilt 1;30.10.2021 08:00:07;-1.069;0.088
Tilt 1;30.10.2021 09:00:05;-1.069;0.088
Tilt 1;30.10.2021 10:00:04;-1.069;0.088
Tilt 1;30.10.2021 11:00:04;-1.071;0.088
Tilt 1;30.10.2021 12:00:07;-1.067;0.088
Tilt 1;30.10.2021 13:00:05;-1.069;0.088
Tilt 1;30.10.2021 14:00:04;-1.069;0.088
Tilt 1;30.10.2021 15:00:04;-1.071;0.088
Tilt 1;30.10.2021 16:00:06;-1.069;0.088
Tilt 1;30.10.2021 17:00:04;-1.069;0.088
Tilt 1;30.10.2021 18:00:04;-1.071;0.088
Tilt 1;30.10.2021 19:00:04;-1.071;0.088
Tilt 1;30.10.2021 20:00:06;-1.071;0.088
Tilt 1;30.10.2021 21:00:04;-1.071;0.088
Tilt 1;30.10.2021 22:00:05;-1.071;0.088
Tilt 1;30.10.2021 23:00:04;-1.073;0.088
Tilt 1;31.10.2021 00:00:26;-1.071;0.088
Tilt 1;31.10.2021 01:00:04;-1.071;0.092
Tilt 1;31.10.2021 02:00:04;-1.062;0.099
Tilt 1;31.10.2021 03:00:05;-1.054;0.110
Tilt 1;10.12.2021 15:00:04;-1.058;0.183
Tilt 1;10.12.2021 16:00:07;-1.060;0.188
Tilt 1;10.12.2021 17:00:04;-1.062;0.188
Tilt 1;10.12.2021 18:00:05;-1.062;0.199
Tilt 1;10.12.2021 19:00:05;-1.062;0.183
Tilt 1;10.12.2021 20:00:06;-1.062;0.175
Tilt 1;10.12.2021 21:00:04;-1.062;0.173
Tilt 1;10.12.2021 22:00:04;-1.062;0.168
Tilt 1;10.12.2021 23:00:04;-1.062;0.168
Tilt 1;11.12.2021 00:00:07;-1.062;0.168
Tilt 1;11.12.2021 01:00:05;-1.062;0.164
Tilt 1;11.12.2021 02:00:05;-1.062;0.164
Tilt 1;11.12.2021 03:00:04;-1.062;0.166
Tilt 1;11.12.2021 04:00:06;-1.062;0.170
Tilt 1;11.12.2021 05:00:04;-1.062;0.168
Tilt 1;11.12.2021 06:00:04;-1.060;0.168
Tilt 1;11.12.2021 07:00:05;-1.060;0.164
Tilt 1;11.12.2021 08:00:07;-1.062;0.164
Tilt 1;11.12.2021 09:00:04;-1.062;0.164
Tilt 1;11.12.2021 10:00:04;-1.062;0.162
Tilt 1;11.12.2021 12:00:07;-1.066;0.162
Tilt 1;11.12.2021 13:00:04;-1.066;0.162
Tilt 1;11.12.2021 14:00:04;-1.066;0.162
Tilt 1;11.12.2021 15:00:04;-1.066;0.162
Tilt 1;11.12.2021 16:00:06;-1.066;0.164
Tilt 1;11.12.2021 17:00:04;-1.064;0.164
Tilt 1;11.12.2021 18:00:05;-1.064;0.164
Tilt 1;11.12.2021 19:00:05;-1.064;0.162
Tilt 1;11.12.2021 20:00:06;-1.066;0.162
Tilt 1;11.12.2021 21:00:04;-1.066;0.162
Tilt 1;11.12.2021 22:00:04;-1.066;0.162
Tilt 1;11.12.2021 23:00:05;-1.066;0.162
Tilt 1;12.12.2021 00:00:07;-1.066;0.160
Tilt 1;12.12.2021 01:00:05;-1.066;0.160
Tilt 1;12.12.2021 02:00:04;-1.066;0.162
Tilt 1;12.12.2021 03:00:04;-1.066;0.159
Tilt 1;12.12.2021 04:00:06;-1.066;0.155
Tilt 1;12.12.2021 05:00:04;-1.066;0.157
Tilt 1;12.12.2021 06:00:05;-1.064;0.159
Tilt 1;12.12.2021 08:00:06;-1.066;0.162
Tilt 1;12.12.2021 09:00:04;-1.067;0.190
Tilt 1;12.12.2021 10:00:05;-1.066;0.196
Tilt 1;12.12.2021 11:00:04;-1.066;0.194
Tilt 1;12.12.2021 12:00:06;-1.067;0.285
Tilt 1;12.12.2021 13:00:04;-1.066;0.279
Tilt 1;12.12.2021 14:00:05;-1.067;0.209
Tilt 1;12.12.2021 15:00:05;-1.066;0.229
Tilt 1;12.12.2021 16:00:06;-1.067;0.274
Tilt 1;12.12.2021 17:00:04;-1.067;0.270
Tilt 1;12.12.2021 18:00:04;-1.069;0.275
Tilt 1;12.12.2021 19:00:05;-1.069;0.214
Tilt 1;12.12.2021 20:00:07;-1.067;0.283
Tilt 1;12.12.2021 21:00:05;-1.066;0.261
Tilt 1;12.12.2021 22:00:04;-1.066;0.272
Tilt 1;12.12.2021 23:00:04;-1.067;0.244
Tilt 1;13.12.2021 00:00:06;-1.067;0.210
Tilt 1;13.12.2021 01:00:04;-1.066;0.296
Tilt 1;13.12.2021 02:00:05;-1.067;0.223
Tilt 1;13.12.2021 03:00:05;-1.067;0.288
Tilt 1;13.12.2021 04:00:07;-1.069;0.294
Tilt 1;13.12.2021 05:00:04;-1.067;0.203
Tilt 1;13.12.2021 06:00:04;-1.069;0.292
Tilt 1;13.12.2021 07:00:04;-1.069;0.210
Tilt 1;13.12.2021 08:00:07;-1.067;0.210
Tilt 1;13.12.2021 09:00:05;-1.069;0.274
Tilt 1;13.12.2021 10:00:05;-1.069;0.281
Tilt 1;13.12.2021 11:00:04;-1.069;0.288
Tilt 1;13.12.2021 12:00:07;-1.069;0.199
Tilt 1;13.12.2021 13:00:05;-1.067;0.266
Tilt 1;13.12.2021 14:00:05;-1.069;0.274
Tilt 1;13.12.2021 15:00:04;-1.067;0.216
Tilt 1;13.12.2021 16:00:27;-1.069;0.246
Tilt 1;13.12.2021 17:00:04;-1.067;0.220
Tilt 1;13.12.2021 18:00:04;-1.066;0.223
Tilt 1;13.12.2021 19:00:05;-1.067;0.227
Tilt 1;13.12.2021 20:00:07;-1.066;0.236
Tilt 1;13.12.2021 21:00:04;-1.066;0.235
Tilt 1;13.12.2021 22:00:04;-1.066;0.246
Tilt 1;13.12.2021 23:00:04;-1.066;0.253
Tilt 1;14.12.2021 00:00:06;-1.066;0.261
Tilt 1;14.12.2021 01:00:04;-1.066;0.277
Tilt 1;14.12.2021 02:00:05;-1.066;0.279
Tilt 1;14.12.2021 03:00:05;-1.064;0.274
Tilt 1;14.12.2021 04:00:06;-1.066;0.279
Tilt 1;14.12.2021 05:00:04;-1.066;0.281
Tilt 1;14.12.2021 06:00:05;-1.066;0.277
Tilt 1;14.12.2021 07:00:04;-1.066;0.279
Tilt 1;14.12.2021 08:00:07;-1.066;0.268
Tilt 1;14.12.2021 09:00:05;-1.066;0.274
Tilt 1;14.12.2021 10:00:05;-1.066;0.261
Tilt 1;14.12.2021 11:00:04;-1.066;0.255
Tilt 1;14.12.2021 12:00:06;-1.067;0.259
Tilt 1;14.12.2021 13:00:04;-1.066;0.251
Tilt 1;14.12.2021 14:00:05;-1.067;0.240
Tilt 1;14.12.2021 15:00:05;-1.066;0.220
Tilt 1;14.12.2021 16:00:06;-1.066;0.225
Tilt 1;14.12.2021 17:00:04;-1.066;0.257
Tilt 1;14.12.2021 18:00:04;-1.066;0.270
Tilt 1;14.12.2021 19:00:05;-1.066;0.218
Tilt 1;14.12.2021 20:00:07;-1.067;0.223
Tilt 1;14.12.2021 21:00:05;-1.067;0.222
Tilt 1;14.12.2021 22:00:05;-1.067;0.277
Tilt 1;14.12.2021 23:00:04;-1.067;0.257
Tilt 1;15.12.2021 00:00:06;-1.069;0.288
Tilt 1;15.12.2021 01:00:04;-1.069;0.294
Tilt 1;15.12.2021 02:00:05;-1.071;0.281
Tilt 1;15.12.2021 03:00:05;-1.069;0.298
Tilt 1;15.12.2021 04:00:07;-1.071;0.274
Tilt 1;15.12.2021 05:00:04;-1.071;0.279
Tilt 1;15.12.2021 06:00:04;-1.071;0.303
Tilt 1;15.12.2021 07:00:04;-1.071;0.301
Tilt 1;15.12.2021 08:00:26;-1.069;0.311
Tilt 1;15.12.2021 09:00:04;-1.071;0.320
Tilt 1;15.12.2021 10:00:05;-1.069;0.292
Tilt 1;15.12.2021 11:00:04;-1.069;0.283
Tilt 1;15.12.2021 12:00:07;-1.069;0.324
Tilt 1;15.12.2021 13:00:04;-1.071;0.292
Tilt 1;15.12.2021 14:00:05;-1.067;0.288
Tilt 1;15.12.2021 15:00:04;-1.069;0.296
Tilt 1;15.12.2021 16:00:06;-1.069;0.307
Tilt 1;15.12.2021 17:00:04;-1.069;0.288
Tilt 1;15.12.2021 18:00:04;-1.069;0.294
Tilt 1;15.12.2021 19:00:05;-1.069;0.294
Tilt 1;15.12.2021 20:00:07;-1.069;0.294
Tilt 1;15.12.2021 21:00:05;-1.067;0.286
Tilt 1;15.12.2021 22:00:04;-1.069;0.301
Tilt 1;15.12.2021 23:00:04;-1.069;0.309
Tilt 1;16.12.2021 00:00:06;-1.069;0.311
Tilt 1;16.12.2021 01:00:04;-1.067;0.355
Tilt 1;16.12.2021 02:00:05;-1.069;0.337
Tilt 1;16.12.2021 03:00:05;-1.069;0.299
Tilt 1;16.12.2021 04:00:07;-1.069;0.312
Tilt 1;16.12.2021 05:00:04;-1.067;0.333
Tilt 1;16.12.2021 06:00:04;-1.067;0.307
Tilt 1;16.12.2021 07:00:04;-1.067;0.312
Tilt 1;16.12.2021 08:00:07;-1.067;0.316
Tilt 1;16.12.2021 09:00:04;-1.067;0.363
Tilt 1;16.12.2021 10:00:05;-1.067;0.348
Tilt 1;16.12.2021 11:00:04;-1.069;0.359
Tilt 1;16.12.2021 12:00:26;-1.069;0.346
Tilt 1;16.12.2021 13:00:04;-1.069;0.344
Tilt 1;16.12.2021 14:00:05;-1.069;0.344
Tilt 1;16.12.2021 15:00:04;-1.067;0.329
Tilt 1;16.12.2021 16:00:27;-1.069;0.322
Tilt 1;16.12.2021 17:00:05;-1.069;0.331
Tilt 1;16.12.2021 18:00:04;-1.067;0.331
Tilt 1;16.12.2021 19:00:04;-1.069;0.357
Tilt 1;16.12.2021 20:00:06;-1.069;0.364
Tilt 1;16.12.2021 21:00:04;-1.069;0.396
Tilt 1;16.12.2021 22:00:05;-1.067;0.387
Tilt 1;16.12.2021 23:00:05;-1.069;0.396
Tilt 1;17.12.2021 00:00:06;-1.069;0.377
Tilt 1;17.12.2021 02:00:04;-1.069;0.409
Tilt 1;17.12.2021 03:00:04;-1.069;0.368
Tilt 1;17.12.2021 04:00:07;-1.071;0.361
Tilt 1;17.12.2021 05:00:05;-1.069;0.387
Tilt 1;17.12.2021 06:00:05;-1.069;0.407
Tilt 1;17.12.2021 07:00:04;-1.069;0.424
Tilt 1;17.12.2021 08:00:06;-1.069;0.403
Tilt 1;17.12.2021 09:00:04;-1.069;0.401
Tilt 1;17.12.2021 10:00:05;-1.069;0.389
Tilt 1;17.12.2021 11:00:04;-1.069;0.405
Tilt 1;17.12.2021 12:00:06;-1.071;0.403
Tilt 1;17.12.2021 13:00:04;-1.071;0.361
Tilt 1;17.12.2021 14:00:05;-1.071;0.346
Tilt 1;17.12.2021 15:00:05;-1.071;0.350
Tilt 1;17.12.2021 19:00:04;-1.073;0.346
Tilt 1;17.12.2021 20:00:07;-1.073;0.210
Tilt 1;17.12.2021 21:00:05;-1.071;0.184
Tilt 1;17.12.2021 22:00:04;-1.071;0.172
Tilt 1;17.12.2021 23:00:04;-1.073;0.153
Tilt 1;18.12.2021 00:00:06;-1.073;0.183
Tilt 1;18.12.2021 01:00:04;-1.073;0.190
Tilt 1;18.12.2021 02:00:04;-1.071;0.168
Tilt 1;18.12.2021 03:00:05;-1.073;0.173
Tilt 1;18.12.2021 04:00:07;-1.075;0.140
Tilt 1;18.12.2021 05:00:04;-1.073;0.203
Tilt 1;18.12.2021 06:00:04;-1.075;0.196
Tilt 1;18.12.2021 07:00:05;-1.073;0.179
Tilt 1;18.12.2021 08:00:07;-1.075;0.186
Tilt 1;18.12.2021 09:00:04;-1.075;0.229
Tilt 1;18.12.2021 10:00:05;-1.075;0.212
Tilt 1;18.12.2021 11:00:05;-1.073;0.235
Tilt 1;18.12.2021 12:00:07;-1.073;0.281
Tilt 1;18.12.2021 13:00:04;-1.073;0.246
Tilt 1;18.12.2021 14:00:04;-1.071;0.311
Tilt 1;18.12.2021 15:00:04;-1.073;0.342
Tilt 1;18.12.2021 16:00:07;-1.073;0.350
Tilt 1;18.12.2021 17:00:05;-1.073;0.292
Tilt 1;18.12.2021 18:00:05;-1.073;0.301
Tilt 1;18.12.2021 19:00:04;-1.071;0.264
Tilt 1;18.12.2021 21:00:04;-1.073;0.248
Tilt 1;18.12.2021 22:00:04;-1.073;0.307
Tilt 1;18.12.2021 23:00:05;-1.073;0.335
Tilt 1;19.12.2021 00:00:07;-1.075;0.340
Tilt 1;19.12.2021 01:00:05;-1.075;0.344
Tilt 1;19.12.2021 02:00:04;-1.075;0.351
Tilt 1;19.12.2021 03:00:04;-1.071;0.376
Tilt 1;19.12.2021 04:00:06;-1.073;0.327
Tilt 1;19.12.2021 05:00:04;-1.071;0.331
Tilt 1;19.12.2021 06:00:05;-1.069;0.355
Tilt 1;19.12.2021 07:00:05;-1.069;0.359
Tilt 1;19.12.2021 08:00:06;-1.071;0.333
Tilt 1;19.12.2021 10:00:05;-1.067;0.359
Tilt 1;19.12.2021 20:00:07;-1.045;0.335
Tilt 1;20.12.2021 02:00:05;-1.051;0.151
Tilt 1;20.12.2021 04:00:07;-1.034;0.153
Tilt 1;20.12.2021 05:00:04;-1.051;0.151
Tilt 1;20.12.2021 06:00:04;-1.049;0.153
Tilt 1;20.12.2021 07:00:04;-1.049;0.209
Tilt 1;20.12.2021 08:00:07;-1.032;0.233
Tilt 1;20.12.2021 09:00:04;-1.049;0.246
Tilt 1;20.12.2021 10:00:05;-1.049;0.205
Tilt 1;20.12.2021 11:00:04;-1.047;0.233
Tilt 1;20.12.2021 12:00:06;-1.029;0.257
Tilt 1;20.12.2021 13:00:04;-1.045;0.183
Tilt 1;20.12.2021 18:00:04;-1.047;0.168
Tilt 1;20.12.2021 19:00:05;-1.051;0.155
Tilt 1;20.12.2021 20:00:07;-1.042;0.155
Tilt 1;20.12.2021 21:00:05;-1.047;0.155
Tilt 1;20.12.2021 22:00:05;-1.051;0.157
Tilt 1;20.12.2021 23:00:04;-1.047;0.157
Tilt 1;21.12.2021 00:00:06;-1.040;0.155
Tilt 1;21.12.2021 01:00:04;-1.047;0.159
Tilt 1;21.12.2021 02:00:05;-1.049;0.157
Tilt 1;21.12.2021 03:00:04;-1.047;0.157
Tilt 1;21.12.2021 04:00:07;-1.032;0.157
Tilt 1;21.12.2021 05:00:04;-1.045;0.157
Tilt 1;21.12.2021 06:00:04;-1.049;0.157
Tilt 1;21.12.2021 07:00:04;-1.049;0.155
Tilt 1;21.12.2021 08:00:07;-1.034;0.155
Tilt 1;21.12.2021 09:00:04;-1.049;0.155
Tilt 1;21.12.2021 10:00:05;-1.049;0.153
Tilt 1;21.12.2021 11:00:05;-1.047;0.153
Tilt 1;21.12.2021 12:00:39;-1.043;0.157
Tilt 1;21.12.2021 13:00:04;-1.045;0.151
Tilt 1;21.12.2021 14:00:04;-1.047;0.153
Tilt 1;21.12.2021 15:00:04;-1.047;0.153
Tilt 1;21.12.2021 16:00:07;-1.036;0.155
Tilt 1;21.12.2021 17:00:04;-1.047;0.153
Tilt 1;21.12.2021 18:00:05;-1.047;0.153
Tilt 1;21.12.2021 19:00:05;-1.051;0.153
Tilt 1;21.12.2021 20:00:06;-1.038;0.153
Tilt 1;21.12.2021 21:00:04;-1.047;0.153
Tilt 1;21.12.2021 22:00:04;-1.049;0.155
Tilt 1;21.12.2021 23:00:05;-1.047;0.153
Tilt 1;22.12.2021 00:00:07;-1.038;0.151
Tilt 1;22.12.2021 01:00:05;-1.047;0.153
Tilt 1;22.12.2021 02:00:04;-1.047;0.151
Tilt 1;22.12.2021 03:00:04;-1.049;0.151
Tilt 1;22.12.2021 04:00:06;-1.040;0.151
Tilt 1;22.12.2021 05:00:04;-1.047;0.153
Tilt 1;22.12.2021 06:00:05;-1.047;0.153
Tilt 1;22.12.2021 07:00:05;-1.049;0.149
Tilt 1;22.12.2021 08:00:06;-1.042;0.151
Tilt 1;22.12.2021 09:00:04;-1.049;0.153
Tilt 1;22.12.2021 10:00:04;-1.047;0.151
Tilt 1;22.12.2021 11:00:05;-1.047;0.149
Tilt 1;22.12.2021 12:00:06;-1.042;0.151
Tilt 1;22.12.2021 13:00:04;-1.045;0.149
Tilt 1;22.12.2021 14:00:05;-1.047;0.151
Tilt 1;22.12.2021 15:00:04;-1.047;0.151
Tilt 1;22.12.2021 17:00:05;-1.047;0.151
Tilt 1;22.12.2021 18:00:04;-1.047;0.151
Tilt 1;22.12.2021 19:00:04;-1.047;0.153
Tilt 1;23.12.2021 02:00:04;-1.051;0.153
Tilt 1;23.12.2021 03:00:04;-1.051;0.153
Tilt 1;23.12.2021 04:00:07;-1.029;0.155
Tilt 1;23.12.2021 05:00:05;-1.049;0.155
Tilt 1;23.12.2021 06:00:05;-1.047;0.155
Tilt 1;23.12.2021 07:00:04;-1.047;0.155
Tilt 1;23.12.2021 08:00:06;-1.032;0.155
Tilt 1;23.12.2021 09:00:04;-1.047;0.157
Tilt 1;23.12.2021 10:00:05;-1.047;0.155
Tilt 1;23.12.2021 11:00:04;-1.047;0.157
Tilt 1;23.12.2021 12:00:07;-1.034;0.157
Tilt 1;23.12.2021 13:00:05;-1.043;0.155
Tilt 1;23.12.2021 14:00:05;-1.047;0.155
Tilt 1;23.12.2021 15:00:04;-1.049;0.155
Tilt 1;23.12.2021 16:00:06;-1.032;0.155
Tilt 1;23.12.2021 17:00:04;-1.047;0.157
Tilt 1;23.12.2021 18:00:04;-1.045;0.157
Tilt 1;23.12.2021 19:00:05;-1.045;0.157
Tilt 1;23.12.2021 20:00:07;-1.032;0.157
Tilt 1;23.12.2021 21:00:05;-1.051;0.153
Tilt 1;23.12.2021 22:00:04;-1.051;0.153
Tilt 1;23.12.2021 23:00:04;-1.051;0.155
Tilt 1;24.12.2021 00:00:06;-1.030;0.155
Tilt 1;24.12.2021 01:00:04;-1.047;0.157
Tilt 1;24.12.2021 02:00:05;-1.047;0.157
Tilt 1;24.12.2021 03:00:05;-1.043;0.159
Tilt 1;24.12.2021 04:00:06;-1.029;0.159
Tilt 1;24.12.2021 05:00:04;-1.043;0.159
Tilt 1;24.12.2021 06:00:04;-1.042;0.159
Tilt 1;24.12.2021 07:00:04;-1.042;0.168
Tilt 1;24.12.2021 10:00:05;-1.040;0.164
Tilt 1;24.12.2021 11:00:05;-1.042;0.162
Tilt 1;24.12.2021 12:00:06;-1.025;0.164
Tilt 1;24.12.2021 13:00:04;-1.042;0.162
Tilt 1;24.12.2021 14:00:04;-1.040;0.162
Tilt 1;24.12.2021 15:00:04;-1.038;0.164
Tilt 1;24.12.2021 16:00:25;-1.036;0.162
Tilt 1;24.12.2021 17:00:05;-1.042;0.162
Tilt 1;24.12.2021 18:00:04;-1.043;0.160
Tilt 1;24.12.2021 19:00:04;-1.043;0.159
Tilt 1;24.12.2021 20:00:06;-1.025;0.159
Tilt 1;24.12.2021 21:00:04;-1.043;0.159
Tilt 1;24.12.2021 22:00:04;-1.047;0.159
Tilt 1;24.12.2021 23:00:05;-1.043;0.159
Tilt 1;25.12.2021 00:00:07;-1.025;0.160
Tilt 1;25.12.2021 01:00:04;-1.042;0.160
Tilt 1;25.12.2021 02:00:04;-1.043;0.160
Tilt 1;25.12.2021 03:00:05;-1.043;0.159
Tilt 1;25.12.2021 04:00:07;-1.027;0.159
Tilt 1;25.12.2021 05:00:04;-1.042;0.162
Tilt 1;25.12.2021 06:00:05;-1.042;0.162
Tilt 1;25.12.2021 07:00:05;-1.043;0.160
Tilt 1;25.12.2021 08:00:06;-1.025;0.159
Tilt 1;25.12.2021 09:00:04;-1.047;0.159
Tilt 1;25.12.2021 10:00:05;-1.047;0.157
Tilt 1;25.12.2021 11:00:04;-1.051;0.157
Tilt 1;25.12.2021 12:00:07;-1.029;0.155
Tilt 1;25.12.2021 13:00:05;-1.047;0.157
Tilt 1;25.12.2021 14:00:05;-1.051;0.155
Tilt 1;25.12.2021 15:00:04;-1.051;0.157
Tilt 1;25.12.2021 16:00:06;-1.032;0.155
Tilt 1;25.12.2021 17:00:04;-1.051;0.157
Tilt 1;25.12.2021 18:00:04;-1.051;0.155
Tilt 1;25.12.2021 19:00:05;-1.049;0.157
Tilt 1;25.12.2021 20:00:07;-1.027;0.155
Tilt 1;25.12.2021 21:00:04;-1.051;0.155
Tilt 1;25.12.2021 22:00:04;-1.051;0.155
Tilt 1;25.12.2021 23:00:04;-1.053;0.155
Tilt 1;26.12.2021 00:00:06;-1.036;0.153
Tilt 1;26.12.2021 01:00:04;-1.053;0.155
Tilt 1;26.12.2021 02:00:05;-1.051;0.155
Tilt 1;26.12.2021 03:00:05;-1.051;0.155
Tilt 1;26.12.2021 04:00:06;-1.029;0.153
Tilt 1;26.12.2021 05:00:04;-1.053;0.155
Tilt 1;26.12.2021 06:00:05;-1.053;0.155
Tilt 1;26.12.2021 07:00:04;-1.051;0.155
Tilt 1;26.12.2021 08:00:27;-1.051;0.175
Tilt 1;26.12.2021 09:00:05;-1.051;0.153
Tilt 1;26.12.2021 10:00:05;-1.053;0.155
Tilt 1;26.12.2021 11:00:05;-1.051;0.153
Tilt 1;26.12.2021 12:00:06;-1.029;0.155
Tilt 1;26.12.2021 13:00:04;-1.043;0.155
Tilt 1;26.12.2021 14:00:04;-1.045;0.155
Tilt 1;26.12.2021 15:00:04;-1.049;0.155
Tilt 1;26.12.2021 16:00:07;-1.027;0.155
Tilt 1;26.12.2021 17:00:05;-1.053;0.153
Tilt 1;26.12.2021 18:00:05;-1.051;0.155
Tilt 1;26.12.2021 19:00:04;-1.051;0.155
Tilt 1;26.12.2021 20:00:06;-1.032;0.157
Tilt 1;26.12.2021 21:00:04;-1.047;0.159
Tilt 1;26.12.2021 22:00:04;-1.047;0.159
Tilt 1;26.12.2021 23:00:05;-1.045;0.159
Tilt 1;27.12.2021 00:00:07;-1.029;0.162
Tilt 1;27.12.2021 01:00:04;-1.043;0.162
Tilt 1;27.12.2021 02:00:04;-1.043;0.162
Tilt 1;27.12.2021 03:00:04;-1.043;0.160
Tilt 1;27.12.2021 04:00:06;-1.032;0.160
Tilt 1;27.12.2021 05:00:04;-1.043;0.159
Tilt 1;27.12.2021 06:00:05;-1.043;0.160
Tilt 1;27.12.2021 07:00:05;-1.047;0.160
Tilt 1;27.12.2021 08:00:06;-1.029;0.160
Tilt 1;27.12.2021 09:00:04;-1.045;0.159
Tilt 1;27.12.2021 10:00:05;-1.047;0.159
Tilt 1;27.12.2021 11:00:04;-1.051;0.162
Tilt 1;27.12.2021 12:00:07;-1.029;0.160
Tilt 1;27.12.2021 13:00:05;-1.047;0.159
Tilt 1;27.12.2021 14:00:05;-1.051;0.155
Tilt 1;27.12.2021 15:00:04;-1.051;0.159
Tilt 1;27.12.2021 16:00:06;-1.038;0.157
Tilt 1;27.12.2021 17:00:04;-1.051;0.160
Tilt 1;27.12.2021 18:00:04;-1.051;0.172
Tilt 1;30.12.2021 01:00:04;-1.051;0.196
Tilt 1;30.12.2021 03:00:05;-1.053;0.197
Tilt 1;30.12.2021 04:00:07;-1.043;0.184
Tilt 1;30.12.2021 05:00:05;-1.051;0.192
Tilt 1;30.12.2021 06:00:05;-1.053;0.214
Tilt 1;30.12.2021 07:00:04;-1.051;0.192
Tilt 1;30.12.2021 08:00:06;-1.047;0.209
Tilt 1;30.12.2021 09:00:04;-1.053;0.236
Tilt 1;30.12.2021 10:00:05;-1.051;0.210
Tilt 1;30.12.2021 11:00:04;-1.051;0.268
Tilt 1;30.12.2021 12:00:06;-1.056;0.249
Tilt 1;30.12.2021 13:00:04;-1.051;0.218
Tilt 1;30.12.2021 14:00:04;-1.053;0.264
Tilt 1;30.12.2021 15:00:05;-1.053;0.231
Tilt 1;30.12.2021 16:00:07;-1.053;0.225
Tilt 1;30.12.2021 17:00:05;-1.053;0.216
Tilt 1;30.12.2021 18:00:04;-1.053;0.209
Tilt 1;30.12.2021 19:00:04;-1.053;0.223
Tilt 1;30.12.2021 20:00:06;-1.054;0.285
Tilt 1;30.12.2021 21:00:04;-1.053;0.238
Tilt 1;30.12.2021 22:00:05;-1.051;0.266
Tilt 1;30.12.2021 23:00:05;-1.053;0.274
Tilt 1;31.12.2021 00:00:06;-1.056;0.264
Tilt 1;31.12.2021 01:00:04;-1.053;0.277
Tilt 1;31.12.2021 13:00:04;-1.054;0.298
Tilt 1;31.12.2021 14:00:04;-1.053;0.368
Tilt 1;31.12.2021 15:00:04;-1.054;0.186
Tilt 1;31.12.2021 16:00:27;-1.056;0.767
Tilt 1;31.12.2021 17:00:04;-1.054;0.238
Tilt 1;31.12.2021 18:00:05;-1.053;0.157
Tilt 1;31.12.2021 19:00:05;-1.054;0.225
Tilt 1;31.12.2021 20:00:06;-1.056;0.210
Tilt 1;31.12.2021 21:00:04;-1.056;0.186
Tilt 1;31.12.2021 22:00:05;-1.056;0.199
Tilt 1;01.01.2022 00:00:07;-1.058;0.251
Tilt 1;01.01.2022 01:00:05;-1.053;0.218
Tilt 1;01.01.2022 02:00:04;-1.056;0.238
Tilt 1;01.01.2022 03:00:04;-1.056;0.225
Tilt 1;01.01.2022 04:00:06;-1.056;0.233
Tilt 1;01.01.2022 05:00:04;-1.054;0.216
Tilt 1;01.01.2022 06:00:05;-1.058;0.238
Tilt 1;01.01.2022 07:00:05;-1.054;0.262
Tilt 1;01.01.2022 08:00:07;-1.043;0.173
Tilt 1;01.01.2022 09:00:04;-1.053;0.303
Tilt 1;01.01.2022 10:00:04;-1.053;0.177
Tilt 1;01.01.2022 11:00:04;-1.056;0.233
Tilt 1;01.01.2022 12:00:06;-1.058;0.264
Tilt 1;01.01.2022 13:00:04;-1.056;0.231
Tilt 1;01.01.2022 14:00:04;-1.056;0.279
Tilt 1;01.01.2022 15:00:04;-1.056;0.147
Tilt 1;01.01.2022 16:00:07;-1.053;0.149
Tilt 1;01.01.2022 17:00:05;-1.054;0.181
Tilt 1;01.01.2022 18:00:04;-1.056;0.292
Tilt 1;01.01.2022 19:00:04;-1.054;0.151
Tilt 1;01.01.2022 20:00:06;-1.058;0.149
Tilt 1;01.01.2022 21:00:04;-1.056;0.149
Tilt 1;01.01.2022 22:00:04;-1.056;0.153
Tilt 1;01.01.2022 23:00:05;-1.054;0.151
Tilt 1;02.01.2022 00:00:07;-1.056;0.155
Tilt 1;02.01.2022 01:00:04;-1.056;0.149
Tilt 1;02.01.2022 02:00:04;-1.056;0.153
Tilt 1;02.01.2022 03:00:05;-1.058;0.153
Tilt 1;02.01.2022 04:00:07;-1.060;0.155
Tilt 1;02.01.2022 05:00:05;-1.056;0.155
Tilt 1;02.01.2022 06:00:05;-1.056;0.155
Tilt 1;02.01.2022 07:00:04;-1.058;0.147
Tilt 1;02.01.2022 08:00:06;-1.060;0.149
Tilt 1;02.01.2022 09:00:04;-1.056;0.153
Tilt 1;02.01.2022 10:00:05;-1.056;0.153
Tilt 1;02.01.2022 11:00:04;-1.056;0.155
Tilt 1;02.01.2022 12:00:07;-1.058;0.149
Tilt 1;02.01.2022 13:00:05;-1.060;0.155
Tilt 1;02.01.2022 14:00:04;-1.056;0.153
Tilt 1;02.01.2022 15:00:04;-1.054;0.159
Tilt 1;02.01.2022 16:00:26;-1.058;0.173
Tilt 1;02.01.2022 17:00:04;-1.056;0.188
Tilt 1;02.01.2022 18:00:04;-1.056;0.172
Tilt 1;02.01.2022 19:00:05;-1.056;0.172
Tilt 1;02.01.2022 20:00:06;-1.058;0.168
Tilt 1;02.01.2022 21:00:04;-1.056;0.160
Tilt 1;02.01.2022 22:00:04;-1.058;0.155
Tilt 1;02.01.2022 23:00:05;-1.060;0.159
Tilt 1;03.01.2022 00:00:07;-1.058;0.157
Tilt 1;03.01.2022 01:00:05;-1.058;0.155
Tilt 1;03.01.2022 02:00:05;-1.056;0.153
Tilt 1;03.01.2022 03:00:04;-1.058;0.153
Tilt 1;03.01.2022 04:00:06;-1.060;0.153
Tilt 1;03.01.2022 05:00:04;-1.060;0.153
Tilt 1;03.01.2022 06:00:05;-1.060;0.153
Tilt 1;03.01.2022 07:00:05;-1.056;0.151
Tilt 1;03.01.2022 08:00:07;-1.053;0.147
Tilt 1;03.01.2022 09:00:04;-1.060;0.146
Tilt 1;03.01.2022 10:00:04;-1.060;0.149
Tilt 1;03.01.2022 11:00:04;-1.060;0.149
Tilt 1;03.01.2022 12:00:38;-1.058;0.149
Tilt 1;03.01.2022 13:00:04;-1.056;0.151
Tilt 1;03.01.2022 14:00:04;-1.056;0.155
Tilt 1;03.01.2022 15:00:05;-1.054;0.155
Tilt 1;03.01.2022 16:00:40;-1.051;0.164
Tilt 1;03.01.2022 17:00:04;-1.051;0.162
Tilt 1;03.01.2022 18:00:04;-1.051;0.159
Tilt 1;03.01.2022 19:00:05;-1.051;0.159
Tilt 1;03.01.2022 20:00:07;-1.042;0.159
Tilt 1;03.01.2022 21:00:05;-1.051;0.166
Tilt 1;03.01.2022 22:00:05;-1.051;0.162
Tilt 1;03.01.2022 23:00:04;-1.051;0.166
Tilt 1;04.01.2022 00:00:06;-1.040;0.173
Tilt 1;04.01.2022 01:00:04;-1.053;0.170
Tilt 1;04.01.2022 02:00:05;-1.051;0.172
Tilt 1;04.01.2022 03:00:04;-1.053;0.166
Tilt 1;04.01.2022 04:00:07;-1.051;0.164
Tilt 1;04.01.2022 05:00:04;-1.053;0.166
Tilt 1;04.01.2022 06:00:04;-1.053;0.155
Tilt 1;04.01.2022 07:00:04;-1.051;0.155
Tilt 1;04.01.2022 08:00:06;-1.047;0.157
Tilt 1;04.01.2022 09:00:04;-1.053;0.160
Tilt 1;04.01.2022 10:00:05;-1.053;0.151
Tilt 1;04.01.2022 11:00:05;-1.053;0.151
Tilt 1;04.01.2022 12:00:07;-1.053;0.147
Tilt 1;04.01.2022 13:00:04;-1.056;0.147
Tilt 1;04.01.2022 14:00:04;-1.054;0.147
Tilt 1;04.01.2022 15:00:04;-1.053;0.149
Tilt 1;04.01.2022 16:00:07;-1.047;0.149
Tilt 1;04.01.2022 17:00:04;-1.054;0.149
Tilt 1;04.01.2022 18:00:05;-1.053;0.151
Tilt 1;04.01.2022 19:00:05;-1.051;0.149
Tilt 1;04.01.2022 20:00:06;-1.043;0.153
Tilt 1;04.01.2022 21:00:04;-1.051;0.157
Tilt 1;04.01.2022 22:00:04;-1.053;0.155
Tilt 1;04.01.2022 23:00:05;-1.051;0.155
Tilt 1;05.01.2022 00:00:07;-1.045;0.153
Tilt 1;05.01.2022 01:00:05;-1.051;0.153
Tilt 1;05.01.2022 02:00:04;-1.051;0.153
Tilt 1;05.01.2022 03:00:04;-1.051;0.149
Tilt 1;05.01.2022 04:00:06;-1.043;0.149
Tilt 1;05.01.2022 05:00:04;-1.051;0.153
Tilt 1;05.01.2022 06:00:05;-1.051;0.153
Tilt 1;05.01.2022 07:00:05;-1.051;0.149
Tilt 1;05.01.2022 08:00:06;-1.045;0.153
Tilt 1;05.01.2022 09:00:04;-1.051;0.153
Tilt 1;05.01.2022 10:00:04;-1.051;0.155
Tilt 1;05.01.2022 11:00:04;-1.053;0.151
Tilt 1;05.01.2022 12:00:07;-1.047;0.153
Tilt 1;05.01.2022 13:00:04;-1.053;0.153
Tilt 1;05.01.2022 14:00:05;-1.051;0.151
Tilt 1;05.01.2022 15:00:05;-1.051;0.153
Tilt 1;05.01.2022 16:00:27;-1.051;0.153
Tilt 1;05.01.2022 17:00:04;-1.051;0.155
Tilt 1;05.01.2022 18:00:04;-1.051;0.153
Tilt 1;05.01.2022 19:00:05;-1.051;0.155
Tilt 1;05.01.2022 20:00:07;-1.040;0.155
Tilt 1;05.01.2022 21:00:05;-1.049;0.157
Tilt 1;05.01.2022 22:00:04;-1.051;0.162
Tilt 1;05.01.2022 23:00:04;-1.051;0.168
Tilt 1;06.01.2022 00:00:06;-1.045;0.172
Tilt 1;06.01.2022 01:00:04;-1.051;0.155
Tilt 1;06.01.2022 02:00:05;-1.053;0.166
Tilt 1;06.01.2022 03:00:05;-1.051;0.162
Tilt 1;06.01.2022 04:00:07;-1.038;0.173
Tilt 1;06.01.2022 05:00:04;-1.051;0.173
Tilt 1;06.01.2022 06:00:05;-1.049;0.173
Tilt 1;06.01.2022 07:00:04;-1.051;0.177
Tilt 1;06.01.2022 08:00:07;-1.040;0.181
Tilt 1;06.01.2022 09:00:05;-1.049;0.181
Tilt 1;06.01.2022 10:00:05;-1.049;0.184
Tilt 1;06.01.2022 11:00:05;-1.049;0.186
Tilt 1;06.01.2022 12:00:06;-1.047;0.186
Tilt 1;06.01.2022 15:00:04;-1.047;0.186
Tilt 1;06.01.2022 16:00:07;-1.047;0.196
Tilt 1;06.01.2022 17:00:05;-1.047;0.183
Tilt 1;07.01.2022 05:00:04;-1.051;0.151
Tilt 1;07.01.2022 06:00:05;-1.051;0.153
Tilt 1;07.01.2022 07:00:05;-1.051;0.149
Tilt 1;07.01.2022 08:00:26;-1.051;0.155
Tilt 1;07.01.2022 09:00:04;-1.051;0.149
Tilt 1;07.01.2022 10:00:04;-1.051;0.149
Tilt 1;07.01.2022 11:00:04;-1.053;0.147
Tilt 1;07.01.2022 12:00:06;-1.043;0.147
Tilt 1;07.01.2022 13:00:04;-1.053;0.146
Tilt 1;07.01.2022 14:00:05;-1.053;0.149
Tilt 1;07.01.2022 15:00:05;-1.053;0.149
Tilt 1;07.01.2022 16:00:06;-1.045;0.149
Tilt 1;07.01.2022 17:00:04;-1.051;0.149
Tilt 1;07.01.2022 18:00:04;-1.051;0.151
Tilt 1;07.01.2022 19:00:05;-1.049;0.151
Tilt 1;07.01.2022 20:00:07;-1.043;0.151
Tilt 1;07.01.2022 21:00:05;-1.051;0.151
Tilt 1;07.01.2022 22:00:04;-1.051;0.153
Tilt 1;07.01.2022 23:00:04;-1.047;0.149
Tilt 1;08.01.2022 00:00:06;-1.042;0.153
Tilt 1;08.01.2022 01:00:04;-1.047;0.153
Tilt 1;08.01.2022 02:00:05;-1.047;0.153
Tilt 1;08.01.2022 03:00:05;-1.047;0.153
Tilt 1;08.01.2022 04:00:07;-1.042;0.151
Tilt 1;08.01.2022 05:00:04;-1.051;0.149
Tilt 1;08.01.2022 06:00:04;-1.051;0.149
Tilt 1;08.01.2022 07:00:04;-1.051;0.151
Tilt 1;08.01.2022 08:00:07;-1.038;0.149
Tilt 1;08.01.2022 09:00:05;-1.051;0.149
Tilt 1;08.01.2022 10:00:05;-1.051;0.149
Tilt 1;08.01.2022 11:00:05;-1.051;0.149
Tilt 1;08.01.2022 12:00:06;-1.036;0.149
Tilt 1;08.01.2022 13:00:04;-1.051;0.149
Tilt 1;08.01.2022 14:00:04;-1.053;0.147
Tilt 1;09.01.2022 13:00:05;-1.051;0.149
Tilt 1;09.01.2022 14:00:05;-1.051;0.149
Tilt 1;09.01.2022 15:00:04;-1.051;0.149
Tilt 1;09.01.2022 16:00:06;-1.047;0.149
Tilt 1;09.01.2022 17:00:04;-1.051;0.149
Tilt 1;09.01.2022 18:00:04;-1.053;0.149
Tilt 1;09.01.2022 19:00:05;-1.053;0.149
Tilt 1;09.01.2022 20:00:07;-1.049;0.149
Tilt 1;09.01.2022 21:00:04;-1.053;0.149
Tilt 1;09.01.2022 22:00:04;-1.053;0.151
Tilt 1;09.01.2022 23:00:04;-1.051;0.149
Tilt 1;10.01.2022 00:00:06;-1.043;0.149
Tilt 1;10.01.2022 01:00:04;-1.051;0.149
Tilt 1;10.01.2022 02:00:05;-1.051;0.149
Tilt 1;10.01.2022 03:00:05;-1.053;0.149
Tilt 1;10.01.2022 04:00:06;-1.047;0.149
Tilt 1;10.01.2022 05:00:04;-1.051;0.149
Tilt 1;10.01.2022 06:00:05;-1.053;0.151
Tilt 1;10.01.2022 07:00:04;-1.053;0.149
Tilt 1;10.01.2022 08:00:26;-1.053;0.149
Tilt 1;10.01.2022 09:00:05;-1.053;0.149
Tilt 1;10.01.2022 10:00:04;-1.053;0.149
Tilt 1;10.01.2022 11:00:04;-1.053;0.149
Tilt 1;10.01.2022 12:00:06;-1.047;0.149
Tilt 1;10.01.2022 13:00:04;-1.053;0.149
Tilt 1;10.01.2022 14:00:04;-1.053;0.149
Tilt 1;10.01.2022 15:00:04;-1.053;0.151
Tilt 1;10.01.2022 16:00:07;-1.043;0.151
Tilt 1;10.01.2022 17:00:05;-1.053;0.149
Tilt 1;10.01.2022 18:00:04;-1.053;0.149
Tilt 1;10.01.2022 19:00:04;-1.053;0.149
Tilt 1;10.01.2022 20:00:26;-1.053;0.149
Tilt 1;10.01.2022 21:00:04;-1.053;0.147
Tilt 1;10.01.2022 22:00:04;-1.054;0.149
Tilt 1;10.01.2022 23:00:05;-1.053;0.147
Tilt 1;11.01.2022 00:00:07;-1.051;0.147
Tilt 1;11.01.2022 01:00:04;-1.054;0.146
Tilt 1;11.01.2022 02:00:04;-1.053;0.147
Tilt 1;11.01.2022 03:00:05;-1.056;0.146
Tilt 1;11.01.2022 04:00:07;-1.049;0.147
Tilt 1;11.01.2022 05:00:05;-1.054;0.146
Tilt 1;11.01.2022 06:00:05;-1.054;0.146
Tilt 1;11.01.2022 07:00:04;-1.056;0.146
Tilt 1;11.01.2022 08:00:06;-1.049;0.147
Tilt 1;11.01.2022 09:00:04;-1.056;0.146
Tilt 1;11.01.2022 10:00:05;-1.056;0.146
Tilt 1;11.01.2022 11:00:04;-1.056;0.146
Tilt 1;11.01.2022 12:00:07;-1.054;0.146
Tilt 1;11.01.2022 13:00:05;-1.056;0.146
Tilt 1;11.01.2022 14:00:05;-1.054;0.146
Tilt 1;11.01.2022 15:00:04;-1.056;0.146
Tilt 1;11.01.2022 16:00:27;-1.056;0.146
Tilt 1;11.01.2022 17:00:04;-1.056;0.146
Tilt 1;11.01.2022 18:00:04;-1.056;0.146
Tilt 1;11.01.2022 19:00:05;-1.056;0.147
Tilt 1;11.01.2022 20:00:07;-1.051;0.146
Tilt 1;11.01.2022 21:00:04;-1.056;0.146
Tilt 1;11.01.2022 22:00:04;-1.056;0.147
Tilt 1;11.01.2022 23:00:04;-1.056;0.147
Tilt 1;12.01.2022 00:00:06;-1.056;0.147
Tilt 1;12.01.2022 01:00:04;-1.056;0.147
Tilt 1;12.01.2022 02:00:05;-1.056;0.146
Tilt 1;12.01.2022 03:00:05;-1.056;0.146
Tilt 1;12.01.2022 04:00:06;-1.056;0.146
Tilt 1;12.01.2022 05:00:04;-1.056;0.146
Tilt 1;12.01.2022 06:00:05;-1.056;0.146
Tilt 1;12.01.2022 07:00:04;-1.054;0.146
Tilt 1;12.01.2022 08:00:07;-1.056;0.146
Tilt 1;12.01.2022 09:00:05;-1.056;0.146
Tilt 1;12.01.2022 10:00:05;-1.056;0.144
Tilt 1;12.01.2022 11:00:05;-1.058;0.144
Tilt 1;12.01.2022 12:00:06;-1.058;0.144
Tilt 1;12.01.2022 13:00:04;-1.060;0.146
Tilt 1;12.01.2022 14:00:04;-1.058;0.144
Tilt 1;12.01.2022 15:00:04;-1.058;0.144
Tilt 1;12.01.2022 16:00:07;-1.054;0.144
Tilt 1;12.01.2022 17:00:05;-1.058;0.142
Tilt 1;12.01.2022 18:00:04;-1.058;0.144
Tilt 1;12.01.2022 19:00:04;-1.060;0.144
Tilt 1;12.01.2022 20:00:06;-1.054;0.144
Tilt 1;12.01.2022 21:00:04;-1.058;0.144
Tilt 1;12.01.2022 22:00:04;-1.058;0.144
Tilt 1;12.01.2022 23:00:05;-1.056;0.144
Tilt 1;13.01.2022 00:00:06;-1.056;0.144
Tilt 1;13.01.2022 01:00:04;-1.056;0.144
Tilt 1;13.01.2022 02:00:04;-1.056;0.144
Tilt 1;13.01.2022 03:00:05;-1.056;0.142
Tilt 1;13.01.2022 04:00:07;-1.054;0.142
Tilt 1;13.01.2022 05:00:05;-1.060;0.142
Tilt 1;13.01.2022 06:00:05;-1.056;0.144
Tilt 1;13.01.2022 07:00:04;-1.058;0.144
Tilt 1;13.01.2022 08:00:06;-1.054;0.144
Tilt 1;13.01.2022 09:00:04;-1.058;0.144
Tilt 1;13.01.2022 10:00:05;-1.056;0.144
Tilt 1;13.01.2022 11:00:04;-1.056;0.144
Tilt 1;13.01.2022 12:00:07;-1.056;0.144
Tilt 1;13.01.2022 13:00:05;-1.056;0.144
Tilt 1;13.01.2022 14:00:05;-1.058;0.142
Tilt 1;13.01.2022 15:00:04;-1.058;0.142
Tilt 1;13.01.2022 16:00:06;-1.051;0.144
Tilt 1;13.01.2022 17:00:04;-1.058;0.144
Tilt 1;13.01.2022 18:00:04;-1.056;0.144
Tilt 1;13.01.2022 19:00:05;-1.056;0.142
Tilt 1;13.01.2022 20:00:26;-1.056;0.142
Tilt 1;13.01.2022 21:00:05;-1.056;0.144
Tilt 1;13.01.2022 22:00:04;-1.056;0.142
Tilt 1;13.01.2022 23:00:04;-1.056;0.144
Tilt 1;14.01.2022 00:00:06;-1.056;0.144
Tilt 1;14.01.2022 01:00:04;-1.054;0.146
Tilt 1;14.01.2022 02:00:05;-1.054;0.146
Tilt 1;14.01.2022 03:00:05;-1.054;0.146
Tilt 1;14.01.2022 04:00:06;-1.053;0.147
Tilt 1;14.01.2022 05:00:04;-1.053;0.146
Tilt 1;14.01.2022 06:00:05;-1.053;0.146
Tilt 1;14.01.2022 07:00:04;-1.053;0.146
Tilt 1;14.01.2022 08:00:07;-1.053;0.147
Tilt 1;14.01.2022 09:00:05;-1.053;0.149
Tilt 1;14.01.2022 10:00:05;-1.053;0.147
Tilt 1;14.01.2022 11:00:05;-1.053;0.147
Tilt 1;14.01.2022 12:00:06;-1.049;0.147
Tilt 1;14.01.2022 13:00:04;-1.053;0.147
Tilt 1;14.01.2022 14:00:04;-1.053;0.147
Tilt 1;14.01.2022 15:00:04;-1.053;0.147
Tilt 1;14.01.2022 16:00:28;-1.054;0.157
Tilt 1;14.01.2022 17:00:05;-1.053;0.149
Tilt 1;14.01.2022 18:00:05;-1.053;0.147
Tilt 1;14.01.2022 19:00:04;-1.053;0.147
Tilt 1;14.01.2022 20:00:06;-1.029;0.153
Tilt 1;14.01.2022 21:00:04;-1.053;0.149
Tilt 1;14.01.2022 22:00:04;-1.053;0.149
Tilt 1;14.01.2022 23:00:05;-1.053;0.149
Tilt 1;15.01.2022 00:00:07;-1.051;0.149
Tilt 1;15.01.2022 01:00:04;-1.053;0.149
Tilt 1;15.01.2022 02:00:04;-1.053;0.149
Tilt 1;15.01.2022 03:00:04;-1.053;0.151
Tilt 1;15.01.2022 04:00:06;-1.034;0.149
Tilt 1;15.01.2022 05:00:04;-1.053;0.149
Tilt 1;15.01.2022 06:00:05;-1.053;0.151
Tilt 1;15.01.2022 07:00:05;-1.053;0.149
Tilt 1;15.01.2022 08:00:06;-1.042;0.149
Tilt 1;15.01.2022 09:00:04;-1.053;0.149
Tilt 1;15.01.2022 10:00:05;-1.053;0.149
Tilt 1;15.01.2022 11:00:04;-1.053;0.149
Tilt 1;15.01.2022 12:00:26;-1.053;0.149
Tilt 1;15.01.2022 13:00:05;-1.053;0.149
Tilt 1;15.01.2022 14:00:05;-1.053;0.147
Tilt 1;15.01.2022 15:00:04;-1.053;0.146
Tilt 1;15.01.2022 16:00:06;-1.045;0.149
Tilt 1;15.01.2022 17:00:04;-1.056;0.149
Tilt 1;15.01.2022 18:00:05;-1.056;0.147
Tilt 1;15.01.2022 19:00:05;-1.053;0.146
Tilt 1;15.01.2022 20:00:07;-1.056;0.146
Tilt 1;15.01.2022 21:00:04;-1.056;0.147
Tilt 1;15.01.2022 22:00:04;-1.056;0.146
Tilt 1;15.01.2022 23:00:04;-1.056;0.146
Tilt 1;16.01.2022 00:00:07;-1.056;0.147
Tilt 1;16.01.2022 01:00:04;-1.054;0.146
Tilt 1;16.01.2022 02:00:05;-1.054;0.146
Tilt 1;16.01.2022 03:00:05;-1.056;0.147
Tilt 1;16.01.2022 04:00:06;-1.056;0.147
Tilt 1;16.01.2022 05:00:04;-1.056;0.146
Tilt 1;16.01.2022 06:00:05;-1.056;0.146
Tilt 1;16.01.2022 07:00:04;-1.056;0.147
Tilt 1;16.01.2022 08:00:07;-1.056;0.147
Tilt 1;16.01.2022 09:00:05;-1.054;0.147
Tilt 1;16.01.2022 10:00:04;-1.056;0.146
Tilt 1;16.01.2022 11:00:05;-1.056;0.147
Tilt 1;16.01.2022 12:00:07;-1.053;0.147
Tilt 1;16.01.2022 13:00:04;-1.054;0.147
Tilt 1;16.01.2022 14:00:04;-1.054;0.147
Tilt 1;16.01.2022 15:00:04;-1.053;0.149
Tilt 1;16.01.2022 16:00:07;-1.053;0.147
Tilt 1;16.01.2022 17:00:05;-1.053;0.147
Tilt 1;16.01.2022 18:00:05;-1.054;0.147
Tilt 1;16.01.2022 19:00:04;-1.054;0.147
Tilt 1;16.01.2022 20:00:26;-1.053;0.147
Tilt 1;16.01.2022 21:00:04;-1.053;0.149
Tilt 1;16.01.2022 22:00:05;-1.053;0.149
Tilt 1;16.01.2022 23:00:04;-1.051;0.151
Tilt 1;17.01.2022 00:00:07;-1.042;0.151
Tilt 1;17.01.2022 01:00:05;-1.051;0.153
Tilt 1;17.01.2022 02:00:04;-1.051;0.151
Tilt 1;17.01.2022 03:00:04;-1.051;0.151
Tilt 1;17.01.2022 04:00:06;-1.043;0.151
Tilt 1;17.01.2022 05:00:04;-1.051;0.149
Tilt 1;17.01.2022 06:00:05;-1.051;0.151
Tilt 1;17.01.2022 07:00:05;-1.053;0.151
Tilt 1;17.01.2022 08:00:06;-1.036;0.153
Tilt 1;17.01.2022 09:00:04;-1.051;0.153
Tilt 1;17.01.2022 10:00:05;-1.051;0.151
Tilt 1;17.01.2022 11:00:04;-1.051;0.153
Tilt 1;17.01.2022 12:00:06;-1.038;0.151
Tilt 1;17.01.2022 13:00:04;-1.051;0.153
Tilt 1;17.01.2022 14:00:05;-1.053;0.149
Tilt 1;17.01.2022 15:00:05;-1.053;0.151
Tilt 1;17.01.2022 16:00:06;-1.045;0.151
Tilt 1;17.01.2022 17:00:04;-1.051;0.151
Tilt 1;17.01.2022 18:00:04;-1.053;0.149
Tilt 1;17.01.2022 19:00:05;-1.053;0.149
Tilt 1;17.01.2022 20:00:07;-1.049;0.149
Tilt 1;17.01.2022 21:00:05;-1.054;0.149
Tilt 1;17.01.2022 22:00:05;-1.054;0.147
Tilt 1;17.01.2022 23:00:04;-1.056;0.147
Tilt 1;18.01.2022 00:00:06;-1.056;0.146
Tilt 1;18.01.2022 01:00:04;-1.056;0.147
Tilt 1;18.01.2022 02:00:05;-1.054;0.147
Tilt 1;18.01.2022 03:00:04;-1.056;0.147
Tilt 1;18.01.2022 04:00:07;-1.056;0.146
Tilt 1;18.01.2022 05:00:05;-1.056;0.146
Tilt 1;18.01.2022 06:00:04;-1.056;0.146
Tilt 1;18.01.2022 07:00:04;-1.056;0.146
Tilt 1;18.01.2022 08:00:06;-1.056;0.146
Tilt 1;18.01.2022 09:00:04;-1.056;0.146
Tilt 1;18.01.2022 10:00:05;-1.056;0.146
Tilt 1;18.01.2022 11:00:04;-1.054;0.146
Tilt 1;18.01.2022 12:00:07;-1.053;0.146
Tilt 1;18.01.2022 13:00:05;-1.056;0.147
Tilt 1;18.01.2022 14:00:04;-1.056;0.146
Tilt 1;18.01.2022 15:00:04;-1.056;0.146
Tilt 1;18.01.2022 16:00:06;-1.056;0.146
Tilt 1;18.01.2022 17:00:04;-1.056;0.146
Tilt 1;18.01.2022 18:00:05;-1.056;0.146
Tilt 1;18.01.2022 19:00:05;-1.056;0.144
Tilt 1;18.01.2022 20:00:06;-1.058;0.146
Tilt 1;18.01.2022 21:00:04;-1.058;0.144
Tilt 1;18.01.2022 22:00:04;-1.056;0.146
Tilt 1;18.01.2022 23:00:05;-1.056;0.147
Tilt 1;19.01.2022 00:00:07;-1.054;0.146
Tilt 1;19.01.2022 01:00:05;-1.056;0.146
Tilt 1;19.01.2022 02:00:05;-1.054;0.146
Tilt 1;19.01.2022 03:00:04;-1.054;0.146
Tilt 1;19.01.2022 04:00:06;-1.051;0.146
Tilt 1;19.01.2022 05:00:04;-1.056;0.146
Tilt 1;19.01.2022 06:00:05;-1.054;0.146
Tilt 1;19.01.2022 07:00:05;-1.056;0.146
Tilt 1;19.01.2022 08:00:07;-1.054;0.146
Tilt 1;19.01.2022 09:00:04;-1.056;0.146
Tilt 1;19.01.2022 10:00:04;-1.056;0.146
Tilt 1;19.01.2022 11:00:04;-1.056;0.146
Tilt 1;19.01.2022 12:00:06;-1.056;0.147
Tilt 1;19.01.2022 13:00:04;-1.054;0.147
Tilt 1;19.01.2022 14:00:04;-1.053;0.149
Tilt 1;19.01.2022 15:00:05;-1.051;0.149
Tilt 1;19.01.2022 16:00:07;-1.043;0.149
Tilt 1;19.01.2022 17:00:04;-1.051;0.151
Tilt 1;19.01.2022 18:00:04;-1.049;0.153
Tilt 1;19.01.2022 19:00:05;-1.049;0.153
Tilt 1;19.01.2022 20:00:27;-1.047;0.153
Tilt 1;19.01.2022 21:00:05;-1.049;0.151
Tilt 1;19.01.2022 22:00:05;-1.049;0.153
Tilt 1;19.01.2022 23:00:04;-1.047;0.153
Tilt 1;20.01.2022 00:00:06;-1.038;0.153
Tilt 1;20.01.2022 01:00:04;-1.051;0.153
Tilt 1;20.01.2022 02:00:05;-1.049;0.153
Tilt 1;20.01.2022 03:00:04;-1.051;0.153
Tilt 1;20.01.2022 04:00:07;-1.042;0.153
Tilt 1;20.01.2022 05:00:05;-1.049;0.153
Tilt 1;20.01.2022 06:00:04;-1.049;0.153
Tilt 1;20.01.2022 07:00:04;-1.049;0.153
Tilt 1;20.01.2022 08:00:06;-1.036;0.155
Tilt 1;20.01.2022 09:00:04;-1.051;0.155
Tilt 1;20.01.2022 10:00:05;-1.051;0.153
Tilt 1;20.01.2022 11:00:04;-1.049;0.153
Tilt 1;20.01.2022 12:00:06;-1.042;0.153
Tilt 1;20.01.2022 13:00:04;-1.051;0.153
Tilt 1;20.01.2022 14:00:04;-1.049;0.153
Tilt 1;20.01.2022 15:00:05;-1.051;0.153
Tilt 1;20.01.2022 16:00:07;-1.040;0.153
Tilt 1;20.01.2022 17:00:04;-1.051;0.153
Tilt 1;20.01.2022 18:00:04;-1.049;0.151
Tilt 1;20.01.2022 19:00:05;-1.051;0.153
Tilt 1;20.01.2022 20:00:07;-1.034;0.151
Tilt 1;20.01.2022 21:00:04;-1.053;0.151
Tilt 1;20.01.2022 22:00:05;-1.051;0.153
Tilt 1;20.01.2022 23:00:05;-1.051;0.151
Tilt 1;21.01.2022 00:00:06;-1.034;0.149
Tilt 1;21.01.2022 01:00:04;-1.053;0.149
Tilt 1;21.01.2022 02:00:05;-1.053;0.149
Tilt 1;21.01.2022 03:00:04;-1.053;0.149
Tilt 1;21.01.2022 04:00:07;-1.053;0.149
Tilt 1;21.01.2022 05:00:05;-1.053;0.149
Tilt 1;21.01.2022 06:00:04;-1.054;0.149
Tilt 1;21.01.2022 07:00:04;-1.054;0.149
Tilt 1;21.01.2022 08:00:06;-1.054;0.149
Tilt 1;21.01.2022 09:00:04;-1.053;0.149
Tilt 1;21.01.2022 10:00:05;-1.056;0.147
Tilt 1;21.01.2022 11:00:04;-1.056;0.147
Tilt 1;21.01.2022 12:00:06;-1.056;0.146
Tilt 1;25.01.2022 02:00:05;-1.054;0.146
Tilt 1;25.01.2022 03:00:05;-1.056;0.146
Tilt 1;25.01.2022 04:00:07;-1.053;0.146
Tilt 1;25.01.2022 05:00:04;-1.054;0.146
Tilt 1;25.01.2022 06:00:04;-1.053;0.146
Tilt 1;25.01.2022 07:00:04;-1.053;0.146
Tilt 1;25.01.2022 08:00:07;-1.049;0.146
Tilt 1;25.01.2022 09:00:05;-1.056;0.147
Tilt 1;25.01.2022 10:00:05;-1.056;0.147
Tilt 1;25.01.2022 11:00:04;-1.054;0.146
Tilt 1;25.01.2022 12:00:06;-1.056;0.146
Tilt 1;25.01.2022 13:00:04;-1.056;0.146
Tilt 1;25.01.2022 14:00:05;-1.056;0.146
Tilt 1;25.01.2022 15:00:05;-1.054;0.146
Tilt 1;25.01.2022 16:00:06;-1.051;0.146
Tilt 1;25.01.2022 17:00:04;-1.056;0.146
Tilt 1;25.01.2022 18:00:04;-1.056;0.147
Tilt 1;25.01.2022 19:00:04;-1.056;0.146
Tilt 1;25.01.2022 20:00:07;-1.056;0.146
Tilt 1;25.01.2022 21:00:05;-1.058;0.146
Tilt 1;25.01.2022 22:00:05;-1.056;0.146
Tilt 1;25.01.2022 23:00:04;-1.056;0.144
Tilt 1;26.01.2022 00:00:06;-1.056;0.146
Tilt 1;26.01.2022 01:00:04;-1.056;0.147
Tilt 1;26.01.2022 02:00:04;-1.056;0.146
Tilt 1;26.01.2022 03:00:05;-1.056;0.146
Tilt 1;26.01.2022 04:00:07;-1.056;0.146
Tilt 1;26.01.2022 05:00:04;-1.056;0.146
Tilt 1;26.01.2022 06:00:04;-1.054;0.146
Tilt 1;26.01.2022 07:00:04;-1.053;0.146
Tilt 1;26.01.2022 08:00:26;-1.056;0.147
Tilt 1;26.01.2022 09:00:04;-1.054;0.146
Tilt 1;26.01.2022 10:00:05;-1.054;0.146
Tilt 1;26.01.2022 11:00:05;-1.054;0.146
Tilt 1;28.01.2022 03:00:05;-1.053;0.149
Tilt 1;28.01.2022 04:00:07;-1.043;0.149
Tilt 1;28.01.2022 05:00:05;-1.051;0.149
Tilt 1;28.01.2022 06:00:04;-1.051;0.151
Tilt 1;28.01.2022 07:00:04;-1.053;0.149
Tilt 1;28.01.2022 08:00:06;-1.043;0.149
Tilt 1;28.01.2022 09:00:04;-1.053;0.149
Tilt 1;28.01.2022 10:00:05;-1.053;0.149
Tilt 1;28.01.2022 11:00:04;-1.053;0.149
Tilt 1;28.01.2022 12:00:07;-1.047;0.149
Tilt 1;28.01.2022 13:00:05;-1.054;0.149
Tilt 1;28.01.2022 14:00:04;-1.053;0.149
Tilt 1;28.01.2022 15:00:04;-1.053;0.149
Tilt 1;28.01.2022 16:00:26;-1.053;0.147
Tilt 1;28.01.2022 17:00:04;-1.053;0.149
Tilt 1;28.01.2022 18:00:04;-1.054;0.147
Tilt 1;28.01.2022 19:00:05;-1.053;0.147
Tilt 1;28.01.2022 20:00:07;-1.049;0.147
Tilt 1;28.01.2022 21:00:04;-1.054;0.149
Tilt 1;28.01.2022 22:00:04;-1.056;0.146
Tilt 1;28.01.2022 23:00:05;-1.056;0.146
Tilt 1;29.01.2022 00:00:07;-1.056;0.146
Tilt 1;29.01.2022 01:00:05;-1.056;0.146
Tilt 1;29.01.2022 02:00:05;-1.056;0.146
Tilt 1;29.01.2022 03:00:04;-1.056;0.144
Tilt 1;29.01.2022 04:00:06;-1.058;0.146
Tilt 1;29.01.2022 05:00:04;-1.056;0.144
Tilt 1;29.01.2022 06:00:05;-1.056;0.144
Tilt 1;29.01.2022 07:00:04;-1.058;0.144
Tilt 1;29.01.2022 08:00:07;-1.058;0.144
Tilt 1;29.01.2022 09:00:05;-1.060;0.144
Tilt 1;29.01.2022 10:00:04;-1.060;0.144
Tilt 1;29.01.2022 11:00:04;-1.056;0.144
Tilt 1;29.01.2022 12:00:06;-1.056;0.144
Tilt 1;29.01.2022 13:00:04;-1.058;0.146
Tilt 1;29.01.2022 14:00:04;-1.056;0.144
Tilt 1;29.01.2022 15:00:04;-1.056;0.146
Tilt 1;29.01.2022 16:00:07;-1.056;0.146
Tilt 1;29.01.2022 17:00:05;-1.054;0.147
Tilt 1;29.01.2022 18:00:04;-1.054;0.147
Tilt 1;29.01.2022 19:00:04;-1.053;0.147
Tilt 1;29.01.2022 20:00:06;-1.053;0.147
Tilt 1;29.01.2022 21:00:04;-1.053;0.149
Tilt 1;29.01.2022 22:00:05;-1.054;0.149
Tilt 1;29.01.2022 23:00:05;-1.054;0.146
Tilt 1;30.01.2022 00:00:06;-1.053;0.147
Tilt 1;30.01.2022 01:00:04;-1.054;0.146
Tilt 1;30.01.2022 02:00:04;-1.054;0.147
Tilt 1;30.01.2022 03:00:05;-1.056;0.146
Tilt 1;30.01.2022 04:00:07;-1.054;0.146
Tilt 1;30.01.2022 05:00:05;-1.053;0.147
Tilt 1;30.01.2022 06:00:05;-1.054;0.147
Tilt 1;30.01.2022 07:00:04;-1.054;0.147
Tilt 1;30.01.2022 08:00:06;-1.053;0.146
Tilt 1;30.01.2022 09:00:04;-1.053;0.149
Tilt 1;30.01.2022 10:00:05;-1.053;0.149
Tilt 1;30.01.2022 11:00:04;-1.054;0.146
Tilt 1;30.01.2022 12:00:07;-1.056;0.147
Tilt 1;30.01.2022 13:00:05;-1.053;0.146
Tilt 1;30.01.2022 14:00:05;-1.054;0.147
Tilt 1;30.01.2022 15:00:04;-1.053;0.149
Tilt 1;30.01.2022 16:00:06;-1.047;0.149
Tilt 1;30.01.2022 17:00:04;-1.051;0.151
Tilt 1;30.01.2022 18:00:04;-1.051;0.151
Tilt 1;30.01.2022 19:00:05;-1.051;0.153
Tilt 1;30.01.2022 20:00:26;-1.051;0.157
Tilt 1;30.01.2022 21:00:05;-1.049;0.153
Tilt 1;30.01.2022 22:00:04;-1.049;0.153
Tilt 1;30.01.2022 23:00:04;-1.049;0.153
Tilt 1;31.01.2022 00:00:06;-1.038;0.153
Tilt 1;31.01.2022 01:00:04;-1.047;0.153
Tilt 1;31.01.2022 02:00:05;-1.049;0.155
Tilt 1;31.01.2022 03:00:05;-1.047;0.155
Tilt 1;31.01.2022 04:00:06;-1.038;0.155
Tilt 1;31.01.2022 05:00:04;-1.047;0.153
Tilt 1;31.01.2022 06:00:05;-1.049;0.153
Tilt 1;31.01.2022 07:00:04;-1.051;0.153
Tilt 1;31.01.2022 08:00:07;-1.043;0.153
Tilt 1;31.01.2022 09:00:05;-1.051;0.153
Tilt 1;31.01.2022 10:00:04;-1.051;0.153
Tilt 1;31.01.2022 11:00:04;-1.053;0.151
Tilt 1;31.01.2022 12:00:06;-1.043;0.149
Tilt 1;31.01.2022 13:00:04;-1.053;0.149
Tilt 1;31.01.2022 14:00:04;-1.053;0.151
Tilt 1;31.01.2022 15:00:04;-1.051;0.149
Tilt 1;31.01.2022 16:00:07;-1.034;0.157
Tilt 1;03.02.2022 06:00:04;-1.053;0.160
Tilt 1;03.02.2022 07:00:04;-1.053;0.159
Tilt 1;03.02.2022 08:00:06;-1.049;0.160
Tilt 1;03.02.2022 09:00:04;-1.053;0.149
Tilt 1;03.02.2022 10:00:05;-1.053;0.149
Tilt 1;03.02.2022 11:00:04;-1.056;0.146
Tilt 1;03.02.2022 12:00:07;-1.056;0.147
Tilt 1;03.02.2022 13:00:05;-1.056;0.149
Tilt 1;03.02.2022 14:00:04;-1.056;0.147
Tilt 1;03.02.2022 15:00:04;-1.056;0.147
Tilt 1;03.02.2022 16:00:06;-1.056;0.146
Tilt 1;03.02.2022 17:00:04;-1.056;0.147
Tilt 1;03.02.2022 18:00:05;-1.056;0.146
Tilt 1;03.02.2022 19:00:05;-1.056;0.146
Tilt 1;03.02.2022 20:00:26;-1.058;0.146
Tilt 1;03.02.2022 21:00:04;-1.056;0.146
Tilt 1;03.02.2022 22:00:04;-1.056;0.146
Tilt 1;03.02.2022 23:00:05;-1.056;0.146
Tilt 1;04.02.2022 00:00:07;-1.060;0.146
Tilt 1;04.02.2022 01:00:05;-1.058;0.146
Tilt 1;04.02.2022 02:00:05;-1.058;0.147
Tilt 1;04.02.2022 03:00:04;-1.054;0.147
Tilt 1;04.02.2022 04:00:12;-1.053;0.149
Tilt 1;04.02.2022 05:00:04;-1.054;0.149
Tilt 1;04.02.2022 06:00:05;-1.056;0.149
Tilt 1;04.02.2022 07:00:05;-1.054;0.149
Tilt 1;04.02.2022 08:00:40;-1.053;0.149
Tilt 1;04.02.2022 09:00:04;-1.054;0.149
Tilt 1;04.02.2022 10:00:04;-1.054;0.149
Tilt 1;04.02.2022 11:00:04;-1.054;0.149
Tilt 1;04.02.2022 12:00:07;-1.053;0.149
Tilt 1;04.02.2022 13:00:05;-1.054;0.149
Tilt 1;04.02.2022 14:00:04;-1.053;0.149
Tilt 1;04.02.2022 15:00:04;-1.053;0.151
Tilt 1;04.02.2022 16:00:06;-1.047;0.151
Tilt 1;09.02.2022 22:00:04;-1.054;0.149
Tilt 1;09.02.2022 23:00:04;-1.054;0.149
Tilt 1;10.02.2022 00:00:06;-1.053;0.149
Tilt 1;10.02.2022 01:00:04;-1.053;0.149
Tilt 1;10.02.2022 12:00:07;-1.045;0.149
Tilt 1;10.02.2022 13:00:04;-1.056;0.147
Tilt 1;10.02.2022 14:00:05;-1.056;0.147
Tilt 1;10.02.2022 15:00:05;-1.056;0.149
Tilt 1;10.02.2022 16:00:06;-1.047;0.149
Tilt 1;10.02.2022 17:00:04;-1.054;0.149
Tilt 1;10.02.2022 18:00:04;-1.053;0.149
Tilt 1;10.02.2022 19:00:05;-1.053;0.149
Tilt 1;10.02.2022 20:00:26;-1.053;0.164
Tilt 1;10.02.2022 21:00:05;-1.053;0.149
Tilt 1;10.02.2022 22:00:04;-1.053;0.149
Tilt 1;10.02.2022 23:00:04;-1.053;0.149
Tilt 1;11.02.2022 00:00:06;-1.032;0.153
Tilt 1;11.02.2022 01:00:04;-1.053;0.151
Tilt 1;11.02.2022 02:00:05;-1.051;0.151
Tilt 1;11.02.2022 03:00:05;-1.051;0.153
Tilt 1;11.02.2022 04:00:07;-1.040;0.153
Tilt 1;11.02.2022 05:00:04;-1.051;0.153
Tilt 1;11.02.2022 06:00:04;-1.053;0.151
Tilt 1;11.02.2022 07:00:04;-1.051;0.151
Tilt 1;11.02.2022 08:00:07;-1.043;0.153
Tilt 1;11.02.2022 09:00:05;-1.051;0.153
Tilt 1;11.02.2022 10:00:05;-1.053;0.151
Tilt 1;11.02.2022 11:00:04;-1.053;0.151
Tilt 1;11.02.2022 12:00:07;-1.036;0.153
Tilt 1;11.02.2022 13:00:05;-1.053;0.151
Tilt 1;11.02.2022 14:00:04;-1.053;0.149
Tilt 1;11.02.2022 15:00:04;-1.053;0.151
Tilt 1;11.02.2022 16:00:06;-1.045;0.151
Tilt 1;11.02.2022 17:00:04;-1.054;0.149
Tilt 1;11.02.2022 18:00:04;-1.056;0.151
Tilt 1;11.02.2022 19:00:05;-1.054;0.149
Tilt 1;11.02.2022 20:00:07;-1.043;0.147
Tilt 1;11.02.2022 21:00:04;-1.058;0.147
Tilt 1;11.02.2022 22:00:04;-1.056;0.149
Tilt 1;11.02.2022 23:00:05;-1.056;0.149
Tilt 1;12.02.2022 00:00:07;-1.056;0.149
Tilt 1;12.02.2022 01:00:04;-1.056;0.147
Tilt 1;12.02.2022 02:00:05;-1.056;0.149
Tilt 1;12.02.2022 03:00:04;-1.056;0.147
Tilt 1;12.02.2022 04:00:06;-1.056;0.147
Tilt 1;12.02.2022 05:00:04;-1.056;0.147
Tilt 1;12.02.2022 06:00:05;-1.056;0.149
Tilt 1;12.02.2022 07:00:04;-1.056;0.149
Tilt 1;12.02.2022 08:00:07;-1.056;0.147
Tilt 1;12.02.2022 09:00:05;-1.056;0.147
Tilt 1;12.02.2022 10:00:04;-1.056;0.147
Tilt 1;12.02.2022 11:00:04;-1.056;0.147
Tilt 1;12.02.2022 12:00:06;-1.056;0.147
Tilt 1;12.02.2022 13:00:04;-1.060;0.147
Tilt 1;12.02.2022 14:00:04;-1.060;0.147
Tilt 1;12.02.2022 15:00:05;-1.056;0.146
Tilt 1;12.02.2022 16:00:07;-1.058;0.146
Tilt 1;12.02.2022 17:00:04;-1.056;0.147
Tilt 1;12.02.2022 18:00:04;-1.058;0.147
Tilt 1;12.02.2022 19:00:04;-1.058;0.147
Tilt 1;12.02.2022 20:00:06;-1.058;0.147
Tilt 1;12.02.2022 21:00:04;-1.058;0.147
Tilt 1;12.02.2022 22:00:05;-1.056;0.147
Tilt 1;12.02.2022 23:00:05;-1.058;0.147
Tilt 1;13.02.2022 00:00:06;-1.058;0.146
Tilt 1;13.02.2022 01:00:04;-1.058;0.147
Tilt 1;13.02.2022 02:00:04;-1.056;0.146
Tilt 1;13.02.2022 03:00:05;-1.058;0.146
Tilt 1;13.02.2022 04:00:07;-1.058;0.146
Tilt 1;13.02.2022 05:00:05;-1.058;0.146
Tilt 1;13.02.2022 06:00:05;-1.056;0.147
Tilt 1;13.02.2022 07:00:04;-1.056;0.146
Tilt 1;13.02.2022 08:00:06;-1.051;0.149
Tilt 1;13.02.2022 09:00:04;-1.058;0.146
Tilt 1;13.02.2022 10:00:05;-1.058;0.146
Tilt 1;13.02.2022 11:00:04;-1.058;0.146
Tilt 1;13.02.2022 12:00:07;-1.058;0.146
Tilt 1;13.02.2022 13:00:05;-1.060;0.147
Tilt 1;13.02.2022 14:00:05;-1.060;0.146
Tilt 1;13.02.2022 15:00:04;-1.060;0.149
Tilt 1;13.02.2022 16:00:06;-1.058;0.146
Tilt 1;13.02.2022 17:00:04;-1.058;0.147
Tilt 1;13.02.2022 18:00:04;-1.058;0.147
Tilt 1;13.02.2022 19:00:05;-1.058;0.147
Tilt 1;13.02.2022 20:00:26;-1.058;0.149
Tilt 1;13.02.2022 21:00:05;-1.058;0.146
Tilt 1;13.02.2022 22:00:04;-1.058;0.149
Tilt 1;13.02.2022 23:00:04;-1.058;0.146
Tilt 1;14.02.2022 00:00:06;-1.056;0.147
Tilt 1;14.02.2022 01:00:04;-1.056;0.147
Tilt 1;14.02.2022 02:00:05;-1.056;0.147
Tilt 1;14.02.2022 03:00:05;-1.056;0.147
Tilt 1;14.02.2022 04:00:06;-1.051;0.147
Tilt 1;14.02.2022 05:00:04;-1.056;0.149
Tilt 1;14.02.2022 06:00:04;-1.058;0.146
Tilt 1;14.02.2022 07:00:04;-1.058;0.147
Tilt 1;14.02.2022 08:00:07;-1.056;0.149
Tilt 1;14.02.2022 09:00:05;-1.058;0.146
Tilt 1;14.02.2022 10:00:05;-1.058;0.149
Tilt 1;14.02.2022 11:00:05;-1.058;0.147
Tilt 1;14.02.2022 12:00:07;-1.056;0.147
Tilt 1;14.02.2022 13:00:04;-1.058;0.147
Tilt 1;14.02.2022 14:00:04;-1.056;0.147
Tilt 1;14.02.2022 15:00:04;-1.058;0.147
Tilt 1;14.02.2022 16:00:07;-1.056;0.147
Tilt 1;14.02.2022 17:00:05;-1.056;0.147
Tilt 1;14.02.2022 18:00:05;-1.056;0.149
Tilt 1;14.02.2022 19:00:04;-1.056;0.149
Tilt 1;14.02.2022 20:00:06;-1.056;0.149
Tilt 1;14.02.2022 21:00:04;-1.056;0.149
Tilt 1;14.02.2022 22:00:04;-1.054;0.149
Tilt 1;14.02.2022 23:00:05;-1.054;0.149
Tilt 1;15.02.2022 00:00:07;-1.051;0.151
Tilt 1;15.02.2022 01:00:04;-1.053;0.151
Tilt 1;15.02.2022 02:00:04;-1.054;0.151
Tilt 1;15.02.2022 03:00:05;-1.053;0.151
Tilt 1;15.02.2022 04:00:06;-1.051;0.153
Tilt 1;15.02.2022 05:00:04;-1.053;0.153
Tilt 1;15.02.2022 06:00:05;-1.053;0.151
Tilt 1;15.02.2022 07:00:05;-1.053;0.153
Tilt 1;15.02.2022 08:00:06;-1.043;0.151
Tilt 1;15.02.2022 09:00:04;-1.053;0.149
Tilt 1;15.02.2022 10:00:05;-1.054;0.149
Tilt 1;15.02.2022 11:00:04;-1.054;0.149
Tilt 1;15.02.2022 12:00:07;-1.053;0.149
Tilt 1;15.02.2022 13:00:05;-1.056;0.149
Tilt 1;15.02.2022 14:00:05;-1.054;0.149
Tilt 1;15.02.2022 15:00:04;-1.056;0.149
Tilt 1;15.02.2022 16:00:06;-1.054;0.149
Tilt 1;15.02.2022 17:00:04;-1.054;0.151
Tilt 1;15.02.2022 18:00:04;-1.056;0.149
Tilt 1;15.02.2022 19:00:05;-1.053;0.149
Tilt 1;15.02.2022 20:00:27;-1.054;0.177
Tilt 1;15.02.2022 21:00:05;-1.054;0.155
Tilt 1;15.02.2022 22:00:04;-1.056;0.162
Tilt 1;15.02.2022 23:00:04;-1.054;0.151
Tilt 1;16.02.2022 00:00:06;-1.051;0.151
Tilt 1;18.02.2022 04:00:06;-1.051;0.172
Tilt 1;18.02.2022 05:00:04;-1.054;0.162
Tilt 1;18.02.2022 06:00:05;-1.054;0.155
Tilt 1;18.02.2022 07:00:04;-1.056;0.162
Tilt 1;18.02.2022 08:00:07;-1.043;0.166
Tilt 1;18.02.2022 09:00:05;-1.053;0.164
Tilt 1;18.02.2022 10:00:04;-1.054;0.162
Tilt 1;18.02.2022 11:00:05;-1.056;0.160
Tilt 1;18.02.2022 12:00:06;-1.058;0.159
Tilt 1;18.02.2022 13:00:04;-1.058;0.159
Tilt 1;18.02.2022 14:00:04;-1.058;0.153
Tilt 1;18.02.2022 15:00:04;-1.060;0.149
Tilt 1;18.02.2022 16:00:07;-1.051;0.153
Tilt 1;18.02.2022 17:00:05;-1.056;0.149
Tilt 1;18.02.2022 18:00:04;-1.054;0.153
Tilt 1;18.02.2022 19:00:04;-1.053;0.153
Tilt 1;18.02.2022 20:00:06;-1.036;0.155
Tilt 1;18.02.2022 21:00:04;-1.051;0.153
Tilt 1;18.02.2022 22:00:04;-1.051;0.155
Tilt 1;18.02.2022 23:00:05;-1.051;0.159
Tilt 1;19.02.2022 00:00:07;-1.043;0.220
Tilt 1;19.02.2022 01:00:04;-1.051;0.153
Tilt 1;19.02.2022 03:00:05;-1.051;0.159
Tilt 1;19.02.2022 04:00:07;-1.040;0.153
Tilt 1;19.02.2022 05:00:04;-1.051;0.155
Tilt 1;19.02.2022 06:00:05;-1.051;0.153
Tilt 1;19.02.2022 07:00:04;-1.053;0.153
Tilt 1;19.02.2022 08:00:06;-1.043;0.153
Tilt 1;19.02.2022 09:00:04;-1.053;0.153
Tilt 1;19.02.2022 10:00:05;-1.054;0.151
Tilt 1;19.02.2022 11:00:05;-1.054;0.151
Tilt 1;19.02.2022 12:00:07;-1.054;0.149
Tilt 1;19.02.2022 13:00:04;-1.058;0.149
Tilt 1;19.02.2022 14:00:04;-1.058;0.149
Tilt 1;19.02.2022 15:00:04;-1.054;0.151
Tilt 1;19.02.2022 16:00:07;-1.051;0.151
Tilt 1;19.02.2022 17:00:04;-1.053;0.151
Tilt 1;19.02.2022 18:00:05;-1.053;0.153
Tilt 1;19.02.2022 19:00:04;-1.053;0.153
Tilt 1;19.02.2022 20:00:06;-1.051;0.153
Tilt 1;19.02.2022 21:00:04;-1.051;0.153
Tilt 1;19.02.2022 22:00:04;-1.054;0.153
Tilt 1;19.02.2022 23:00:05;-1.053;0.153
Tilt 1;20.02.2022 00:00:07;-1.043;0.151
Tilt 1;20.02.2022 01:00:05;-1.053;0.153
Tilt 1;20.02.2022 02:00:04;-1.053;0.151
Tilt 1;20.02.2022 03:00:04;-1.053;0.153
Tilt 1;20.02.2022 04:00:06;-1.043;0.151
Tilt 1;20.02.2022 05:00:04;-1.053;0.151
Tilt 1;20.02.2022 06:00:05;-1.053;0.153
Tilt 1;20.02.2022 07:00:05;-1.053;0.151
Tilt 1;20.02.2022 08:00:06;-1.043;0.151
Tilt 1;20.02.2022 09:00:04;-1.053;0.151
Tilt 1;20.02.2022 10:00:04;-1.054;0.151
Tilt 1;20.02.2022 11:00:05;-1.056;0.149
Tilt 1;20.02.2022 12:00:06;-1.060;0.149
Tilt 1;20.02.2022 13:00:04;-1.060;0.149
Tilt 1;20.02.2022 14:00:05;-1.056;0.151
Tilt 1;20.02.2022 15:00:04;-1.056;0.153
Tilt 1;20.02.2022 16:00:07;-1.054;0.153
Tilt 1;20.02.2022 17:00:05;-1.054;0.153
Tilt 1;20.02.2022 18:00:05;-1.053;0.153
Tilt 1;20.02.2022 19:00:04;-1.056;0.151
Tilt 1;20.02.2022 20:00:06;-1.040;0.151
Tilt 1;20.02.2022 21:00:04;-1.056;0.151
Tilt 1;20.02.2022 22:00:05;-1.056;0.151
Tilt 1;20.02.2022 23:00:05;-1.054;0.149
Tilt 1;21.02.2022 00:00:07;-1.051;0.151
Tilt 1;21.02.2022 01:00:04;-1.054;0.149
Tilt 1;21.02.2022 02:00:04;-1.053;0.151
Tilt 1;21.02.2022 03:00:04;-1.053;0.151
Tilt 1;21.02.2022 04:00:07;-1.049;0.151
Tilt 1;21.02.2022 05:00:04;-1.053;0.151
Tilt 1;21.02.2022 06:00:05;-1.053;0.153
Tilt 1;21.02.2022 07:00:05;-1.053;0.153
Tilt 1;21.02.2022 08:00:26;-1.053;0.170
Tilt 1;21.02.2022 09:00:04;-1.054;0.151
Tilt 1;21.02.2022 10:00:05;-1.056;0.151
Tilt 1;21.02.2022 11:00:04;-1.060;0.149
Tilt 1;21.02.2022 12:00:26;-1.058;0.149
Tilt 1;21.02.2022 13:00:05;-1.056;0.147
Tilt 1;21.02.2022 14:00:04;-1.056;0.147
Tilt 1;21.02.2022 15:00:04;-1.058;0.149
Tilt 1;21.02.2022 16:00:06;-1.058;0.151
Tilt 1;21.02.2022 17:00:04;-1.056;0.151
Tilt 1;21.02.2022 18:00:05;-1.054;0.151
Tilt 1;21.02.2022 19:00:05;-1.054;0.153
Tilt 1;21.02.2022 20:00:07;-1.049;0.151
Tilt 1;21.02.2022 21:00:04;-1.054;0.149
Tilt 1;21.02.2022 22:00:04;-1.053;0.151
Tilt 1;21.02.2022 23:00:04;-1.053;0.153
Tilt 1;22.02.2022 00:00:07;-1.047;0.153
Tilt 1;22.02.2022 01:00:04;-1.051;0.153
Tilt 1;22.02.2022 02:00:05;-1.051;0.155
Tilt 1;22.02.2022 03:00:05;-1.051;0.155
Tilt 1;22.02.2022 04:00:06;-1.042;0.155
Tilt 1;22.02.2022 05:00:04;-1.049;0.157
Tilt 1;22.02.2022 06:00:05;-1.049;0.157
Tilt 1;22.02.2022 07:00:04;-1.049;0.157
Tilt 1;22.02.2022 08:00:07;-1.042;0.153
Tilt 1;22.02.2022 09:00:05;-1.053;0.155
Tilt 1;22.02.2022 10:00:05;-1.054;0.151
Tilt 1;22.02.2022 11:00:05;-1.060;0.151
Tilt 1;22.02.2022 12:00:07;-1.054;0.149
Tilt 1;22.02.2022 13:00:04;-1.060;0.151
Tilt 1;22.02.2022 14:00:04;-1.056;0.151
Tilt 1;22.02.2022 15:00:04;-1.056;0.149
Tilt 1;22.02.2022 16:00:07;-1.036;0.151
Tilt 1;22.02.2022 17:00:04;-1.053;0.155
Tilt 1;22.02.2022 18:00:05;-1.053;0.151
Tilt 1;22.02.2022 19:00:05;-1.054;0.151
Tilt 1;22.02.2022 20:00:06;-1.051;0.149
Tilt 1;22.02.2022 21:00:04;-1.056;0.147
Tilt 1;22.02.2022 22:00:04;-1.056;0.149
Tilt 1;22.02.2022 23:00:05;-1.056;0.149
Tilt 1;23.02.2022 00:00:07;-1.054;0.149
Tilt 1;23.02.2022 01:00:05;-1.056;0.149
Tilt 1;23.02.2022 02:00:04;-1.056;0.149
Tilt 1;23.02.2022 03:00:04;-1.056;0.149
Tilt 1;23.02.2022 04:00:06;-1.053;0.149
Tilt 1;23.02.2022 05:00:04;-1.056;0.149
Tilt 1;23.02.2022 06:00:05;-1.056;0.151
Tilt 1;23.02.2022 07:00:05;-1.056;0.149
Tilt 1;23.02.2022 08:00:07;-1.056;0.151
Tilt 1;23.02.2022 09:00:04;-1.056;0.149
Tilt 1;23.02.2022 10:00:04;-1.058;0.149
Tilt 1;23.02.2022 11:00:04;-1.056;0.149
Tilt 1;23.02.2022 12:00:06;-1.056;0.149
Tilt 1;23.02.2022 13:00:04;-1.060;0.147
Tilt 1;23.02.2022 14:00:04;-1.060;0.149
Tilt 1;23.02.2022 15:00:05;-1.058;0.149
Tilt 1;23.02.2022 16:00:07;-1.053;0.147
Tilt 1;23.02.2022 17:00:04;-1.060;0.149
Tilt 1;23.02.2022 18:00:04;-1.060;0.149
Tilt 1;23.02.2022 19:00:05;-1.056;0.149
Tilt 1;23.02.2022 20:00:07;-1.053;0.149
Tilt 1;23.02.2022 21:00:04;-1.054;0.151
Tilt 1;23.02.2022 22:00:05;-1.054;0.153
Tilt 1;23.02.2022 23:00:04;-1.056;0.151
Tilt 1;24.02.2022 00:00:06;-1.043;0.151
Tilt 1;24.02.2022 01:00:04;-1.054;0.153
Tilt 1;24.02.2022 02:00:05;-1.054;0.151
Tilt 1;24.02.2022 03:00:04;-1.054;0.153
Tilt 1;24.02.2022 04:00:07;-1.049;0.151
Tilt 1;24.02.2022 05:00:05;-1.053;0.153
Tilt 1;24.02.2022 06:00:04;-1.054;0.153
Tilt 1;24.02.2022 07:00:04;-1.053;0.151
Tilt 1;24.02.2022 08:00:06;-1.043;0.153
Tilt 1;24.02.2022 09:00:04;-1.053;0.151
Tilt 1;24.02.2022 10:00:05;-1.056;0.151
Tilt 1;24.02.2022 11:00:04;-1.056;0.151
Tilt 1;24.02.2022 12:00:07;-1.047;0.151
Tilt 1;24.02.2022 13:00:05;-1.058;0.153
Tilt 1;24.02.2022 14:00:04;-1.056;0.151
Tilt 1;24.02.2022 15:00:04;-1.054;0.149
Tilt 1;24.02.2022 16:00:06;-1.047;0.149
Tilt 1;24.02.2022 17:00:04;-1.053;0.153
Tilt 1;24.02.2022 18:00:05;-1.054;0.151
Tilt 1;24.02.2022 19:00:05;-1.056;0.153
Tilt 1;24.02.2022 20:00:06;-1.053;0.151
Tilt 1;24.02.2022 21:00:04;-1.054;0.151
Tilt 1;24.02.2022 22:00:04;-1.054;0.151
Tilt 1;24.02.2022 23:00:05;-1.054;0.153
Tilt 1;25.02.2022 00:00:07;-1.053;0.151
Tilt 1;25.02.2022 01:00:05;-1.056;0.151
Tilt 1;25.02.2022 02:00:04;-1.054;0.153
Tilt 1;25.02.2022 03:00:04;-1.056;0.151
Tilt 1;25.02.2022 04:00:06;-1.045;0.153
Tilt 1;25.02.2022 05:00:04;-1.056;0.151
Tilt 1;25.02.2022 06:00:05;-1.056;0.151
Tilt 1;25.02.2022 07:00:05;-1.056;0.149
Tilt 1;25.02.2022 08:00:07;-1.054;0.149
Tilt 1;25.02.2022 09:00:04;-1.056;0.151
Tilt 1;25.02.2022 10:00:04;-1.056;0.151
Tilt 1;25.02.2022 11:00:04;-1.058;0.149
Tilt 1;25.02.2022 12:00:06;-1.056;0.149
Tilt 1;25.02.2022 13:00:04;-1.056;0.149
Tilt 1;25.02.2022 14:00:04;-1.056;0.149
Tilt 1;25.02.2022 15:00:05;-1.054;0.149
Tilt 1;25.02.2022 16:00:07;-1.060;0.149
Tilt 1;25.02.2022 17:00:04;-1.056;0.149
Tilt 1;25.02.2022 18:00:04;-1.056;0.153
Tilt 1;25.02.2022 19:00:05;-1.053;0.153
Tilt 1;25.02.2022 20:00:07;-1.043;0.155
Tilt 1;25.02.2022 21:00:05;-1.051;0.153
Tilt 1;25.02.2022 22:00:05;-1.051;0.153
Tilt 1;25.02.2022 23:00:04;-1.053;0.155
Tilt 1;26.02.2022 00:00:06;-1.043;0.155
Tilt 1;26.02.2022 02:00:05;-1.051;0.157
Tilt 1;26.02.2022 03:00:04;-1.053;0.162
Tilt 1;03.03.2022 12:00:06;-1.058;0.149
Tilt 1;03.03.2022 13:00:04;-1.058;0.147
Tilt 1;03.03.2022 14:00:04;-1.058;0.146
Tilt 1;03.03.2022 15:00:05;-1.060;0.144
Tilt 1;03.03.2022 16:00:07;-1.056;0.146
Tilt 1;03.03.2022 17:00:04;-1.053;0.151
Tilt 1;03.03.2022 18:00:04;-1.051;0.153
Tilt 1;03.03.2022 19:00:05;-1.051;0.153
Tilt 1;03.03.2022 20:00:07;-1.051;0.155
Tilt 1;03.03.2022 21:00:05;-1.051;0.153
Tilt 1;03.03.2022 22:00:05;-1.049;0.155
Tilt 1;03.03.2022 23:00:04;-1.051;0.155
Tilt 1;04.03.2022 00:00:06;-1.049;0.155
Tilt 1;04.03.2022 01:00:04;-1.049;0.155
Tilt 1;04.03.2022 02:00:05;-1.051;0.155
Tilt 1;04.03.2022 03:00:04;-1.049;0.155
Tilt 1;04.03.2022 04:00:07;-1.040;0.153
Tilt 1;04.03.2022 05:00:05;-1.049;0.155
Tilt 1;04.03.2022 06:00:04;-1.047;0.155
Tilt 1;04.03.2022 07:00:04;-1.047;0.155
Tilt 1;04.03.2022 08:00:06;-1.049;0.155
Tilt 1;04.03.2022 09:00:04;-1.051;0.155
Tilt 1;04.03.2022 10:00:05;-1.051;0.153
Tilt 1;04.03.2022 11:00:04;-1.053;0.153
Tilt 1;04.03.2022 12:00:07;-1.056;0.149
Tilt 1;04.03.2022 13:00:05;-1.056;0.147
Tilt 1;04.03.2022 14:00:04;-1.056;0.149
Tilt 1;04.03.2022 15:00:04;-1.058;0.146
Tilt 1;04.03.2022 16:00:07;-1.056;0.146
Tilt 1;04.03.2022 17:00:04;-1.053;0.151
Tilt 1;04.03.2022 18:00:05;-1.051;0.153
Tilt 1;04.03.2022 19:00:05;-1.049;0.155
Tilt 1;04.03.2022 20:00:06;-1.049;0.155
Tilt 1;04.03.2022 21:00:04;-1.051;0.155
Tilt 1;04.03.2022 22:00:04;-1.051;0.157
Tilt 1;04.03.2022 23:00:05;-1.047;0.155
Tilt 1;05.03.2022 00:00:39;-1.051;0.157
Tilt 1;05.03.2022 01:00:05;-1.049;0.155
Tilt 1;05.03.2022 02:00:05;-1.049;0.155
Tilt 1;05.03.2022 03:00:04;-1.049;0.155
Tilt 1;05.03.2022 04:00:06;-1.047;0.155
Tilt 1;05.03.2022 05:00:04;-1.049;0.155
Tilt 1;05.03.2022 06:00:05;-1.049;0.155
Tilt 1;05.03.2022 07:00:05;-1.051;0.153
Tilt 1;05.03.2022 08:00:07;-1.051;0.153
Tilt 1;05.03.2022 09:00:04;-1.051;0.153
Tilt 1;05.03.2022 10:00:04;-1.053;0.153
Tilt 1;05.03.2022 11:00:04;-1.053;0.149
Tilt 1;05.03.2022 12:00:06;-1.053;0.151
Tilt 1;05.03.2022 13:00:04;-1.053;0.153
Tilt 1;05.03.2022 14:00:04;-1.053;0.153
Tilt 1;05.03.2022 15:00:05;-1.053;0.153
Tilt 1;05.03.2022 16:00:28;-1.053;0.153
Tilt 1;05.03.2022 17:00:04;-1.053;0.153
Tilt 1;05.03.2022 18:00:04;-1.051;0.155
Tilt 1;05.03.2022 19:00:05;-1.053;0.153
Tilt 1;05.03.2022 20:00:07;-1.053;0.153
Tilt 1;05.03.2022 21:00:05;-1.053;0.153
Tilt 1;05.03.2022 22:00:05;-1.053;0.153
Tilt 1;05.03.2022 23:00:04;-1.051;0.151
Tilt 1;06.03.2022 00:00:06;-1.053;0.153
Tilt 1;06.03.2022 01:00:04;-1.053;0.153
Tilt 1;06.03.2022 02:00:04;-1.051;0.153
Tilt 1;06.03.2022 03:00:05;-1.053;0.153
Tilt 1;06.03.2022 04:00:07;-1.053;0.153
Tilt 1;06.03.2022 05:00:05;-1.053;0.153
Tilt 1;06.03.2022 06:00:04;-1.053;0.153
Tilt 1;06.03.2022 07:00:04;-1.053;0.153
Tilt 1;06.03.2022 08:00:16;-1.053;0.151
Tilt 1;06.03.2022 09:00:04;-1.053;0.151
Tilt 1;06.03.2022 10:00:05;-1.054;0.153
Tilt 1;06.03.2022 11:00:05;-1.054;0.153
Tilt 1;06.03.2022 12:00:07;-1.056;0.151
Tilt 1;06.03.2022 13:00:04;-1.053;0.153
Tilt 1;06.03.2022 14:00:04;-1.053;0.151
Tilt 1;06.03.2022 15:00:04;-1.054;0.151
Tilt 1;06.03.2022 16:00:07;-1.053;0.151
Tilt 1;06.03.2022 17:00:04;-1.053;0.153
Tilt 1;06.03.2022 18:00:05;-1.053;0.153
Tilt 1;06.03.2022 19:00:05;-1.053;0.153
Tilt 1;06.03.2022 20:00:06;-1.053;0.153
Tilt 1;06.03.2022 21:00:04;-1.053;0.151
Tilt 1;06.03.2022 22:00:04;-1.054;0.153
Tilt 1;06.03.2022 23:00:05;-1.053;0.153
Tilt 1;07.03.2022 00:00:07;-1.054;0.153
Tilt 1;07.03.2022 01:00:05;-1.053;0.151
Tilt 1;07.03.2022 02:00:04;-1.053;0.153
Tilt 1;07.03.2022 03:00:04;-1.053;0.151
Tilt 1;07.03.2022 04:00:06;-1.053;0.153
Tilt 1;07.03.2022 05:00:04;-1.053;0.153
Tilt 1;07.03.2022 06:00:05;-1.053;0.155
Tilt 1;07.03.2022 07:00:05;-1.053;0.153
Tilt 1;07.03.2022 08:00:07;-1.053;0.153
Tilt 1;07.03.2022 09:00:04;-1.053;0.153
Tilt 1;07.03.2022 10:00:04;-1.053;0.153
Tilt 1;07.03.2022 11:00:04;-1.053;0.153
Tilt 1;07.03.2022 12:00:06;-1.054;0.149
Tilt 1;07.03.2022 13:00:04;-1.056;0.149
Tilt 1;07.03.2022 14:00:04;-1.056;0.147
Tilt 1;07.03.2022 15:00:05;-1.058;0.149
Tilt 1;07.03.2022 16:00:07;-1.056;0.149
Tilt 1;07.03.2022 17:00:04;-1.053;0.153
Tilt 1;07.03.2022 18:00:04;-1.051;0.155
Tilt 1;07.03.2022 19:00:04;-1.051;0.157
Tilt 1;07.03.2022 20:00:16;-1.049;0.155
Tilt 1;07.03.2022 21:00:04;-1.049;0.157
Tilt 1;07.03.2022 22:00:05;-1.049;0.157
Tilt 1;07.03.2022 23:00:05;-1.047;0.157
Tilt 1;08.03.2022 00:00:06;-1.049;0.155
Tilt 1;08.03.2022 01:00:04;-1.051;0.155
Tilt 1;08.03.2022 02:00:05;-1.049;0.157
Tilt 1;08.03.2022 03:00:04;-1.051;0.157
Tilt 1;08.03.2022 04:00:07;-1.047;0.157
Tilt 1;08.03.2022 05:00:05;-1.049;0.157
Tilt 1;08.03.2022 06:00:05;-1.047;0.157
Tilt 1;08.03.2022 07:00:04;-1.049;0.155
Tilt 1;08.03.2022 08:00:30;-1.051;0.155
Tilt 1;08.03.2022 09:00:04;-1.051;0.153
Tilt 1;08.03.2022 10:00:05;-1.051;0.155
Tilt 1;08.03.2022 11:00:04;-1.054;0.151
Tilt 1;08.03.2022 12:00:07;-1.060;0.151
Tilt 1;08.03.2022 16:00:07;-1.060;0.146
Tilt 1;09.03.2022 05:00:04;-1.053;0.153
Tilt 1;09.03.2022 06:00:05;-1.054;0.149
Tilt 1;09.03.2022 10:00:04;-1.056;0.149
Tilt 1;12.03.2022 04:00:06;-1.051;0.153
Tilt 1;12.03.2022 05:00:04;-1.053;0.153
Tilt 1;12.03.2022 06:00:05;-1.053;0.153
Tilt 1;12.03.2022 07:00:05;-1.053;0.153
Tilt 1;12.03.2022 08:00:09;-1.053;0.153
Tilt 1;12.03.2022 09:00:04;-1.053;0.153
Tilt 1;12.03.2022 10:00:04;-1.053;0.153
Tilt 1;12.03.2022 11:00:04;-1.056;0.149
Tilt 1;12.03.2022 12:00:25;-1.056;0.147
Tilt 1;12.03.2022 13:00:05;-1.060;0.146
Tilt 1;12.03.2022 14:00:05;-1.060;0.146
Tilt 1;12.03.2022 15:00:04;-1.056;0.149
Tilt 1;12.03.2022 16:00:26;-1.056;0.149
Tilt 1;12.03.2022 17:00:04;-1.053;0.153
Tilt 1;12.03.2022 18:00:05;-1.051;0.153
Tilt 1;12.03.2022 19:00:04;-1.051;0.153
Tilt 1;12.03.2022 20:00:17;-1.051;0.153
Tilt 1;12.03.2022 21:00:04;-1.051;0.155
Tilt 1;12.03.2022 22:00:04;-1.053;0.153
Tilt 1;12.03.2022 23:00:04;-1.051;0.153
Tilt 1;13.03.2022 00:00:06;-1.053;0.153
Tilt 1;13.03.2022 01:00:04;-1.053;0.151
Tilt 1;13.03.2022 02:00:05;-1.053;0.151
Tilt 1;13.03.2022 03:00:05;-1.051;0.153
Tilt 1;13.03.2022 04:00:06;-1.053;0.153
Tilt 1;13.03.2022 05:00:04;-1.053;0.153
Tilt 1;13.03.2022 06:00:05;-1.053;0.153
Tilt 1;13.03.2022 07:00:04;-1.053;0.153
Tilt 1;13.03.2022 08:00:07;-1.053;0.151
Tilt 1;13.03.2022 09:00:05;-1.054;0.149
Tilt 1;13.03.2022 10:00:05;-1.054;0.149
Tilt 1;13.03.2022 11:00:04;-1.054;0.149
Tilt 1;13.03.2022 12:00:26;-1.053;0.149
Tilt 1;13.03.2022 13:00:04;-1.054;0.149
Tilt 1;13.03.2022 14:00:05;-1.053;0.151
Tilt 1;13.03.2022 15:00:05;-1.053;0.151
Tilt 1;13.03.2022 16:00:27;-1.054;0.153
Tilt 1;13.03.2022 17:00:04;-1.053;0.153
Tilt 1;13.03.2022 18:00:04;-1.053;0.153
Tilt 1;13.03.2022 19:00:04;-1.053;0.153
Tilt 1;13.03.2022 20:00:06;-1.053;0.153
Tilt 1;13.03.2022 21:00:04;-1.051;0.153
Tilt 1;13.03.2022 22:00:05;-1.051;0.153
Tilt 1;13.03.2022 23:00:05;-1.053;0.153
Tilt 1;14.03.2022 00:00:06;-1.051;0.155
Tilt 1;14.03.2022 01:00:04;-1.051;0.153
Tilt 1;14.03.2022 02:00:05;-1.053;0.153
Tilt 1;14.03.2022 03:00:04;-1.053;0.153
Tilt 1;14.03.2022 04:00:07;-1.053;0.153
Tilt 1;14.03.2022 05:00:05;-1.051;0.153
Tilt 1;14.03.2022 06:00:04;-1.051;0.153
Tilt 1;14.03.2022 07:00:04;-1.053;0.153
Tilt 1;14.03.2022 08:00:06;-1.053;0.153
Tilt 1;14.03.2022 09:00:04;-1.051;0.151
Tilt 1;14.03.2022 10:00:05;-1.053;0.149
Tilt 1;14.03.2022 11:00:05;-1.054;0.149
Tilt 1;14.03.2022 12:00:26;-1.056;0.149
Tilt 1;14.03.2022 13:00:04;-1.056;0.147
Tilt 1;14.03.2022 14:00:04;-1.058;0.147
Tilt 1;14.03.2022 15:00:04;-1.056;0.147
Tilt 1;14.03.2022 16:00:07;-1.056;0.147
Tilt 1;14.03.2022 17:00:05;-1.053;0.149
Tilt 1;14.03.2022 18:00:05;-1.054;0.153
Tilt 1;14.03.2022 19:00:04;-1.053;0.153
Tilt 1;14.03.2022 20:00:26;-1.051;0.153
Tilt 1;14.03.2022 21:00:04;-1.053;0.153
Tilt 1;14.03.2022 22:00:05;-1.051;0.153
Tilt 1;14.03.2022 23:00:05;-1.051;0.153
Tilt 1;15.03.2022 00:00:07;-1.053;0.153
Tilt 1;15.03.2022 01:00:04;-1.053;0.155
Tilt 1;15.03.2022 02:00:04;-1.051;0.153
Tilt 1;15.03.2022 03:00:04;-1.051;0.153
Tilt 1;15.03.2022 04:00:06;-1.053;0.153
Tilt 1;15.03.2022 05:00:04;-1.051;0.155
Tilt 1;15.03.2022 06:00:05;-1.051;0.155
Tilt 1;15.03.2022 07:00:05;-1.051;0.153
Tilt 1;15.03.2022 08:00:06;-1.051;0.155
Tilt 1;15.03.2022 09:00:04;-1.053;0.153
Tilt 1;15.03.2022 10:00:05;-1.053;0.151
Tilt 1;15.03.2022 11:00:04;-1.053;0.149
Tilt 1;15.03.2022 12:00:06;-1.056;0.149
Tilt 1;15.03.2022 13:00:04;-1.056;0.149
Tilt 1;15.03.2022 14:00:04;-1.056;0.149
Tilt 1;15.03.2022 15:00:05;-1.053;0.153
Tilt 1;15.03.2022 16:00:07;-1.056;0.153
Tilt 1;15.03.2022 17:00:04;-1.053;0.151
Tilt 1;15.03.2022 18:00:04;-1.053;0.153
Tilt 1;15.03.2022 19:00:05;-1.053;0.153
Tilt 1;15.03.2022 20:00:26;-1.051;0.153
Tilt 1;15.03.2022 21:00:05;-1.051;0.153
Tilt 1;15.03.2022 22:00:05;-1.051;0.153
Tilt 1;15.03.2022 23:00:04;-1.051;0.153
Tilt 1;16.03.2022 00:00:06;-1.051;0.153
Tilt 1;16.03.2022 01:00:04;-1.051;0.155
Tilt 1;16.03.2022 02:00:05;-1.051;0.153
Tilt 1;16.03.2022 03:00:04;-1.051;0.153
Tilt 1;16.03.2022 04:00:07;-1.051;0.155
Tilt 1;16.03.2022 05:00:05;-1.051;0.153
Tilt 1;16.03.2022 06:00:04;-1.051;0.153
Tilt 1;16.03.2022 07:00:04;-1.051;0.153
Tilt 1;16.03.2022 08:00:06;-1.053;0.153
Tilt 1;16.03.2022 09:00:04;-1.053;0.151
Tilt 1;16.03.2022 10:00:05;-1.053;0.151
Tilt 1;16.03.2022 11:00:04;-1.053;0.153
Tilt 1;16.03.2022 12:00:07;-1.053;0.151
Tilt 1;16.03.2022 13:00:05;-1.053;0.151
Tilt 1;16.03.2022 14:00:04;-1.053;0.151
Tilt 1;16.03.2022 15:00:04;-1.054;0.149
Tilt 1;16.03.2022 16:00:06;-1.053;0.151
Tilt 1;16.03.2022 17:00:04;-1.053;0.151
Tilt 1;16.03.2022 18:00:04;-1.053;0.151
Tilt 1;16.03.2022 19:00:05;-1.053;0.153
Tilt 1;16.03.2022 20:00:07;-1.053;0.153
Tilt 1;16.03.2022 21:00:04;-1.053;0.153
Tilt 1;16.03.2022 22:00:04;-1.053;0.153
Tilt 1;16.03.2022 23:00:05;-1.053;0.153
Tilt 1;17.03.2022 00:00:26;-1.053;0.151
Tilt 1;17.03.2022 01:00:04;-1.053;0.151
Tilt 1;17.03.2022 02:00:05;-1.053;0.153
Tilt 1;17.03.2022 03:00:05;-1.053;0.153
Tilt 1;17.03.2022 04:00:06;-1.053;0.153
Tilt 1;17.03.2022 05:00:04;-1.051;0.151
Tilt 1;17.03.2022 06:00:05;-1.053;0.153
Tilt 1;17.03.2022 07:00:04;-1.053;0.153
Tilt 1;17.03.2022 08:00:26;-1.051;0.153
Tilt 1;17.03.2022 09:00:05;-1.053;0.151
Tilt 1;17.03.2022 10:00:05;-1.053;0.151
Tilt 1;17.03.2022 11:00:05;-1.053;0.153
Tilt 1;17.03.2022 12:00:06;-1.053;0.153
Tilt 1;17.03.2022 13:00:04;-1.051;0.153
Tilt 1;17.03.2022 14:00:04;-1.051;0.153
Tilt 1;17.03.2022 15:00:04;-1.051;0.153
Tilt 1;17.03.2022 16:00:07;-1.051;0.153
Tilt 1;17.03.2022 17:00:05;-1.051;0.155
Tilt 1;17.03.2022 18:00:05;-1.051;0.153
Tilt 1;17.03.2022 19:00:04;-1.053;0.153
Tilt 1;17.03.2022 20:00:06;-1.053;0.153
Tilt 1;17.03.2022 21:00:04;-1.053;0.153
Tilt 1;17.03.2022 22:00:04;-1.051;0.153
Tilt 1;17.03.2022 23:00:05;-1.053;0.153
Tilt 1;18.03.2022 00:00:07;-1.051;0.153
Tilt 1;18.03.2022 01:00:05;-1.051;0.153
Tilt 1;18.03.2022 02:00:04;-1.053;0.153
Tilt 1;18.03.2022 03:00:04;-1.051;0.153
Tilt 1;18.03.2022 04:00:06;-1.051;0.153
Tilt 1;18.03.2022 05:00:04;-1.051;0.155
Tilt 1;18.03.2022 06:00:05;-1.051;0.155
Tilt 1;18.03.2022 07:00:05;-1.051;0.155
Tilt 1;18.03.2022 08:00:06;-1.051;0.153
Tilt 1;18.03.2022 09:00:04;-1.051;0.153
Tilt 1;18.03.2022 10:00:04;-1.051;0.153
Tilt 1;18.03.2022 11:00:04;-1.051;0.153
Tilt 1;18.03.2022 12:00:06;-1.053;0.151
Tilt 1;18.03.2022 13:00:04;-1.053;0.151
Tilt 1;18.03.2022 14:00:05;-1.054;0.149
Tilt 1;18.03.2022 15:00:05;-1.053;0.151
Tilt 1;18.03.2022 16:00:06;-1.053;0.149
Tilt 1;18.03.2022 17:00:04;-1.053;0.149
Tilt 1;18.03.2022 18:00:04;-1.053;0.153
Tilt 1;18.03.2022 19:00:05;-1.051;0.153
Tilt 1;18.03.2022 20:00:07;-1.051;0.153
Tilt 1;18.03.2022 21:00:05;-1.053;0.153
Tilt 1;18.03.2022 22:00:05;-1.051;0.153
Tilt 1;18.03.2022 23:00:04;-1.051;0.155
Tilt 1;19.03.2022 00:00:06;-1.051;0.153
Tilt 1;19.03.2022 01:00:04;-1.049;0.153
Tilt 1;19.03.2022 02:00:05;-1.051;0.155
Tilt 1;19.03.2022 03:00:05;-1.051;0.153
Tilt 1;19.03.2022 04:00:07;-1.053;0.153
Tilt 1;19.03.2022 05:00:04;-1.051;0.153
Tilt 1;19.03.2022 06:00:04;-1.053;0.153
Tilt 1;19.03.2022 07:00:04;-1.051;0.153
Tilt 1;19.03.2022 08:00:06;-1.053;0.153
Tilt 1;19.03.2022 09:00:04;-1.053;0.151
Tilt 1;19.03.2022 10:00:05;-1.053;0.151
Tilt 1;19.03.2022 11:00:05;-1.054;0.149
Tilt 1;19.03.2022 12:00:07;-1.056;0.149
Tilt 1;19.03.2022 13:00:04;-1.056;0.146
Tilt 1;19.03.2022 14:00:04;-1.056;0.146
Tilt 1;19.03.2022 15:00:04;-1.056;0.146
Tilt 1;19.03.2022 16:00:39;-1.060;0.144
Tilt 1;19.03.2022 17:00:04;-1.060;0.146
Tilt 1;19.03.2022 18:00:05;-1.053;0.149
Tilt 1;19.03.2022 19:00:05;-1.051;0.153
Tilt 1;19.03.2022 20:00:06;-1.051;0.155
Tilt 1;19.03.2022 21:00:04;-1.051;0.153
Tilt 1;19.03.2022 22:00:04;-1.051;0.153
Tilt 1;19.03.2022 23:00:05;-1.051;0.153
Tilt 1;20.03.2022 00:00:07;-1.053;0.153
Tilt 1;20.03.2022 01:00:05;-1.051;0.149
Tilt 1;20.03.2022 02:00:04;-1.051;0.151
Tilt 1;20.03.2022 03:00:04;-1.051;0.151
Tilt 1;20.03.2022 04:00:06;-1.051;0.151
Tilt 1;20.03.2022 05:00:04;-1.051;0.153
Tilt 1;20.03.2022 06:00:05;-1.053;0.151
Tilt 1;20.03.2022 07:00:05;-1.053;0.151
Tilt 1;20.03.2022 08:00:06;-1.053;0.149
Tilt 1;20.03.2022 09:00:04;-1.054;0.149
Tilt 1;20.03.2022 10:00:04;-1.058;0.147
Tilt 1;20.03.2022 11:00:04;-1.060;0.144
Tilt 1;20.03.2022 12:00:06;-1.060;0.144
Tilt 1;20.03.2022 13:00:04;-1.062;0.144
Tilt 1;20.03.2022 14:00:05;-1.060;0.144
Tilt 1;20.03.2022 15:00:05;-1.060;0.144
Tilt 1;20.03.2022 16:00:06;-1.060;0.146
Tilt 1;20.03.2022 17:00:04;-1.058;0.149
Tilt 1;20.03.2022 18:00:04;-1.053;0.149
Tilt 1;20.03.2022 19:00:05;-1.053;0.151
Tilt 1;20.03.2022 20:00:07;-1.051;0.153
Tilt 1;20.03.2022 21:00:05;-1.051;0.153
Tilt 1;20.03.2022 22:00:05;-1.051;0.153
Tilt 1;20.03.2022 23:00:04;-1.053;0.151
Tilt 1;21.03.2022 00:00:06;-1.051;0.153
Tilt 1;21.03.2022 01:00:04;-1.051;0.157
Tilt 1;21.03.2022 02:00:05;-1.049;0.153
Tilt 1;21.03.2022 03:00:05;-1.051;0.153
Tilt 1;21.03.2022 04:00:07;-1.049;0.153
Tilt 1;21.03.2022 05:00:04;-1.051;0.160
Tilt 1;21.03.2022 06:00:04;-1.047;0.155
Tilt 1;21.03.2022 07:00:04;-1.049;0.155
Tilt 1;21.03.2022 09:00:04;-1.051;0.162
Tilt 1;21.03.2022 10:00:05;-1.053;0.170
Tilt 1;21.03.2022 11:00:05;-1.053;0.153
Tilt 1;24.03.2022 08:00:06;-1.054;0.149
Tilt 1;24.03.2022 09:00:04;-1.054;0.149
Tilt 1;24.03.2022 10:00:05;-1.054;0.147
Tilt 1;24.03.2022 11:00:04;-1.054;0.149
Tilt 1;24.03.2022 12:00:06;-1.053;0.149
Tilt 1;24.03.2022 13:00:04;-1.053;0.149
Tilt 1;24.03.2022 14:00:04;-1.053;0.149
Tilt 1;24.03.2022 15:00:05;-1.054;0.146
Tilt 1;24.03.2022 16:00:07;-1.056;0.147
Tilt 1;24.03.2022 17:00:04;-1.054;0.149
Tilt 1;24.03.2022 18:00:04;-1.054;0.149
Tilt 1;24.03.2022 19:00:04;-1.053;0.149
Tilt 1;24.03.2022 20:00:07;-1.056;0.147
Tilt 1;24.03.2022 21:00:05;-1.056;0.147
Tilt 1;24.03.2022 22:00:05;-1.054;0.147
Tilt 1;24.03.2022 23:00:04;-1.053;0.147
Tilt 1;25.03.2022 00:00:06;-1.056;0.147
Tilt 1;25.03.2022 01:00:04;-1.053;0.146
Tilt 1;25.03.2022 02:00:04;-1.054;0.147
Tilt 1;25.03.2022 03:00:05;-1.054;0.149
Tilt 1;25.03.2022 04:00:07;-1.056;0.149
Tilt 1;25.03.2022 05:00:04;-1.053;0.147
Tilt 1;25.03.2022 06:00:04;-1.056;0.149
Tilt 1;25.03.2022 07:00:04;-1.056;0.147
Tilt 1;25.03.2022 08:00:06;-1.054;0.147
Tilt 1;25.03.2022 09:00:04;-1.053;0.147
Tilt 1;25.03.2022 10:00:05;-1.053;0.153
Tilt 1;25.03.2022 11:00:04;-1.054;0.149
Tilt 1;25.03.2022 12:00:07;-1.053;0.149
Tilt 1;25.03.2022 13:00:05;-1.053;0.149
Tilt 1;25.03.2022 14:00:04;-1.054;0.149
Tilt 1;25.03.2022 15:00:04;-1.054;0.147
Tilt 1;25.03.2022 16:00:06;-1.053;0.147
Tilt 1;25.03.2022 17:00:04;-1.054;0.149
Tilt 1;25.03.2022 18:00:05;-1.053;0.149
Tilt 1;26.03.2022 03:00:04;-1.053;0.160
Tilt 1;26.03.2022 10:00:04;-1.054;0.146
Tilt 1;26.03.2022 11:00:04;-1.058;0.146
Tilt 1;26.03.2022 16:00:07;-1.056;0.147
Tilt 1;26.03.2022 17:00:04;-1.054;0.149
Tilt 1;26.03.2022 18:00:04;-1.053;0.149
Tilt 1;26.03.2022 19:00:05;-1.053;0.147
Tilt 1;26.03.2022 20:00:06;-1.054;0.149
Tilt 1;26.03.2022 21:00:04;-1.054;0.149
Tilt 1;26.03.2022 22:00:05;-1.054;0.149
Tilt 1;26.03.2022 23:00:05;-1.053;0.149
Tilt 1;27.03.2022 00:00:06;-1.053;0.149
Tilt 1;27.03.2022 01:00:04;-1.051;0.149
Tilt 1;27.03.2022 02:00:05;-1.053;0.149
Tilt 1;27.03.2022 03:00:04;-1.053;0.149
Tilt 1;27.03.2022 04:00:07;-1.053;0.149
Tilt 1;27.03.2022 05:00:05;-1.054;0.149
Tilt 1;27.03.2022 06:00:04;-1.053;0.147
Tilt 1;27.03.2022 07:00:04;-1.054;0.147
Tilt 1;27.03.2022 08:00:06;-1.056;0.147
Tilt 1;27.03.2022 09:00:04;-1.056;0.147
Tilt 1;27.03.2022 10:00:05;-1.053;0.147
Tilt 1;27.03.2022 11:00:04;-1.054;0.149
Tilt 1;27.03.2022 12:00:07;-1.056;0.147
Tilt 1;27.03.2022 13:00:05;-1.054;0.147
Tilt 1;27.03.2022 14:00:04;-1.054;0.149
Tilt 1;27.03.2022 15:00:04;-1.054;0.147
Tilt 1;27.03.2022 16:00:26;-1.056;0.149
Tilt 1;27.03.2022 17:00:04;-1.054;0.146
Tilt 1;27.03.2022 18:00:05;-1.054;0.146
Tilt 1;27.03.2022 19:00:05;-1.056;0.147
Tilt 1;27.03.2022 20:00:06;-1.056;0.147
Tilt 1;27.03.2022 21:00:04;-1.056;0.147
Tilt 1;27.03.2022 22:00:04;-1.056;0.147
Tilt 1;27.03.2022 23:00:05;-1.056;0.146
Tilt 1;28.03.2022 00:00:07;-1.056;0.147
Tilt 1;28.03.2022 01:00:05;-1.054;0.146
Tilt 1;28.03.2022 02:00:05;-1.056;0.146
Tilt 1;28.03.2022 03:00:04;-1.058;0.146
Tilt 1;28.03.2022 04:00:06;-1.054;0.146
Tilt 1;28.03.2022 05:00:04;-1.054;0.146
Tilt 1;28.03.2022 06:00:05;-1.054;0.149
Tilt 1;28.03.2022 07:00:04;-1.053;0.149
Tilt 1;28.03.2022 08:00:07;-1.054;0.149
Tilt 1;28.03.2022 09:00:04;-1.053;0.149
Tilt 1;28.03.2022 10:00:04;-1.053;0.149
Tilt 1;28.03.2022 11:00:04;-1.054;0.149
Tilt 1;28.03.2022 12:00:06;-1.054;0.147
Tilt 1;28.03.2022 13:00:04;-1.056;0.147
Tilt 1;28.03.2022 14:00:04;-1.054;0.149
Tilt 1;28.03.2022 15:00:05;-1.054;0.149
Tilt 1;28.03.2022 16:00:07;-1.054;0.146
Tilt 1;28.03.2022 17:00:04;-1.053;0.149
Tilt 1;28.03.2022 18:00:04;-1.054;0.149
Tilt 1;28.03.2022 19:00:04;-1.053;0.151
Tilt 1;28.03.2022 20:00:06;-1.053;0.151
Tilt 1;28.03.2022 21:00:04;-1.051;0.153
Tilt 1;28.03.2022 22:00:05;-1.051;0.153
Tilt 1;28.03.2022 23:00:05;-1.051;0.153
Tilt 1;29.03.2022 00:00:06;-1.051;0.153
Tilt 1;29.03.2022 01:00:04;-1.053;0.151
Tilt 1;29.03.2022 02:00:05;-1.051;0.151
Tilt 1;29.03.2022 03:00:04;-1.051;0.153
Tilt 1;29.03.2022 04:00:07;-1.051;0.153
Tilt 1;29.03.2022 05:00:05;-1.051;0.153
Tilt 1;29.03.2022 06:00:04;-1.051;0.153
Tilt 1;29.03.2022 07:00:04;-1.053;0.153
Tilt 1;29.03.2022 08:00:06;-1.051;0.153
Tilt 1;29.03.2022 09:00:04;-1.051;0.153
Tilt 1;29.03.2022 10:00:05;-1.053;0.151
Tilt 1;29.03.2022 11:00:04;-1.051;0.151
Tilt 1;29.03.2022 12:00:07;-1.053;0.149
Tilt 1;29.03.2022 13:00:05;-1.053;0.149
Tilt 1;29.03.2022 14:00:04;-1.053;0.149
Tilt 1;29.03.2022 15:00:04;-1.054;0.149
Tilt 1;29.03.2022 16:00:06;-1.054;0.149
Tilt 1;29.03.2022 17:00:04;-1.054;0.149
Tilt 1;29.03.2022 18:00:05;-1.053;0.153
Tilt 1;29.03.2022 19:00:05;-1.051;0.153
Tilt 1;29.03.2022 20:00:06;-1.051;0.153
Tilt 1;29.03.2022 21:00:04;-1.049;0.153
Tilt 1;29.03.2022 22:00:04;-1.047;0.155
Tilt 1;29.03.2022 23:00:05;-1.049;0.155
Tilt 1;30.03.2022 00:00:07;-1.047;0.155
Tilt 1;30.03.2022 01:00:05;-1.047;0.157
Tilt 1;30.03.2022 02:00:05;-1.047;0.159
Tilt 1;30.03.2022 03:00:04;-1.045;0.159
Tilt 1;30.03.2022 04:00:06;-1.045;0.162
Tilt 1;30.03.2022 05:00:04;-1.043;0.160
Tilt 1;30.03.2022 06:00:05;-1.042;0.160
Tilt 1;30.03.2022 07:00:05;-1.043;0.162
Tilt 1;30.03.2022 08:00:07;-1.043;0.160
Tilt 1;30.03.2022 09:00:04;-1.045;0.159
Tilt 1;30.03.2022 10:00:04;-1.051;0.153
Tilt 1;30.03.2022 11:00:04;-1.053;0.151
Tilt 1;30.03.2022 12:00:07;-1.054;0.149
Tilt 1;30.03.2022 13:00:05;-1.053;0.151
Tilt 1;30.03.2022 14:00:04;-1.053;0.153
Tilt 1;30.03.2022 15:00:04;-1.051;0.153
Tilt 1;30.03.2022 16:00:06;-1.051;0.153
Tilt 1;30.03.2022 17:00:04;-1.051;0.155
Tilt 1;30.03.2022 18:00:04;-1.049;0.155
Tilt 1;30.03.2022 19:00:05;-1.047;0.155
Tilt 1;30.03.2022 20:00:06;-1.045;0.159
Tilt 1;30.03.2022 21:00:04;-1.047;0.159
Tilt 1;30.03.2022 22:00:04;-1.045;0.159
Tilt 1;30.03.2022 23:00:05;-1.043;0.159
Tilt 1;31.03.2022 00:00:07;-1.045;0.160
Tilt 1;31.03.2022 01:00:05;-1.045;0.162
Tilt 1;31.03.2022 02:00:05;-1.043;0.162
Tilt 1;31.03.2022 03:00:04;-1.043;0.168
Tilt 1;31.03.2022 04:00:06;-1.043;0.162
Tilt 1;31.03.2022 05:00:04;-1.043;0.162
Tilt 1;03.04.2022 03:00:04;-1.049;0.173
Tilt 1;03.04.2022 04:00:06;-1.051;0.177
Tilt 1;03.04.2022 05:00:04;-1.051;0.166
Tilt 1;03.04.2022 06:00:05;-1.049;0.162
Tilt 1;03.04.2022 07:00:05;-1.051;0.164
Tilt 1;03.04.2022 08:00:07;-1.051;0.159
Tilt 1;03.04.2022 10:00:04;-1.051;0.162
Tilt 1;03.04.2022 11:00:04;-1.051;0.159
Tilt 1;03.04.2022 12:00:06;-1.053;0.159
Tilt 1;03.04.2022 13:00:04;-1.053;0.159
Tilt 1;03.04.2022 14:00:05;-1.053;0.153
Tilt 1;03.04.2022 15:00:05;-1.051;0.155
Tilt 1;03.04.2022 16:00:06;-1.053;0.159
Tilt 1;03.04.2022 17:00:04;-1.051;0.159
Tilt 1;03.04.2022 18:00:04;-1.051;0.155
Tilt 1;03.04.2022 19:00:05;-1.051;0.157
Tilt 1;03.04.2022 20:00:07;-1.051;0.157
Tilt 1;03.04.2022 21:00:05;-1.051;0.155
Tilt 1;03.04.2022 22:00:05;-1.051;0.155
Tilt 1;03.04.2022 23:00:04;-1.051;0.155
Tilt 1;04.04.2022 00:00:06;-1.051;0.155
Tilt 1;04.04.2022 01:00:04;-1.051;0.153
Tilt 1;04.04.2022 02:00:05;-1.051;0.155
Tilt 1;04.04.2022 03:00:04;-1.051;0.155
Tilt 1;04.04.2022 04:00:07;-1.051;0.157
Tilt 1;04.04.2022 05:00:05;-1.051;0.155
Tilt 1;04.04.2022 06:00:04;-1.051;0.155
Tilt 1;04.04.2022 07:00:04;-1.053;0.155
Tilt 1;04.04.2022 08:00:06;-1.051;0.155
Tilt 1;04.04.2022 09:00:04;-1.053;0.155
Tilt 1;04.04.2022 10:00:05;-1.051;0.153
Tilt 1;04.04.2022 11:00:05;-1.051;0.155
Tilt 1;04.04.2022 12:00:39;-1.053;0.155
Tilt 1;04.04.2022 13:00:04;-1.053;0.153
Tilt 1;04.04.2022 14:00:04;-1.051;0.153
Tilt 1;04.04.2022 15:00:04;-1.051;0.155
Tilt 1;04.04.2022 16:00:06;-1.051;0.157
Tilt 1;04.04.2022 17:00:04;-1.051;0.159
Tilt 1;04.04.2022 18:00:05;-1.049;0.159
Tilt 1;04.04.2022 19:00:05;-1.049;0.159
Tilt 1;04.04.2022 20:00:06;-1.047;0.159
Tilt 1;04.04.2022 21:00:04;-1.049;0.159
Tilt 1;04.04.2022 22:00:04;-1.047;0.159
Tilt 1;04.04.2022 23:00:05;-1.047;0.159
Tilt 1;05.04.2022 00:00:07;-1.047;0.159
Tilt 1;05.04.2022 01:00:05;-1.049;0.160
Tilt 1;05.04.2022 02:00:05;-1.047;0.160
Tilt 1;05.04.2022 03:00:04;-1.047;0.160
Tilt 1;05.04.2022 04:00:06;-1.047;0.159
Tilt 1;05.04.2022 05:00:04;-1.047;0.159
Tilt 1;05.04.2022 06:00:05;-1.047;0.159
Tilt 1;05.04.2022 07:00:05;-1.049;0.159
Tilt 1;05.04.2022 08:00:07;-1.049;0.159
Tilt 1;05.04.2022 09:00:04;-1.051;0.159
Tilt 1;05.04.2022 10:00:04;-1.053;0.151
Tilt 1;05.04.2022 11:00:04;-1.058;0.149
Tilt 1;05.04.2022 12:00:06;-1.056;0.149
Tilt 1;05.04.2022 13:00:04;-1.056;0.149
Tilt 1;05.04.2022 14:00:04;-1.056;0.149
Tilt 1;05.04.2022 15:00:05;-1.054;0.151
Tilt 1;05.04.2022 16:00:07;-1.056;0.151
Tilt 1;05.04.2022 17:00:04;-1.053;0.153
Tilt 1;05.04.2022 18:00:04;-1.051;0.155
Tilt 1;05.04.2022 19:00:05;-1.047;0.159
Tilt 1;05.04.2022 20:00:07;-1.049;0.159
Tilt 1;05.04.2022 21:00:04;-1.047;0.159
Tilt 1;05.04.2022 22:00:05;-1.047;0.160
Tilt 1;05.04.2022 23:00:05;-1.047;0.160
Tilt 1;06.04.2022 00:00:06;-1.047;0.162
Tilt 1;06.04.2022 01:00:04;-1.043;0.160
Tilt 1;06.04.2022 02:00:05;-1.047;0.162
Tilt 1;06.04.2022 03:00:04;-1.045;0.162
Tilt 1;06.04.2022 04:00:07;-1.043;0.164
Tilt 1;06.04.2022 05:00:05;-1.043;0.162
Tilt 1;06.04.2022 06:00:04;-1.047;0.162
Tilt 1;06.04.2022 07:00:04;-1.047;0.160
Tilt 1;06.04.2022 08:00:06;-1.049;0.157
Tilt 1;06.04.2022 09:00:04;-1.053;0.155
Tilt 1;06.04.2022 10:00:05;-1.053;0.153
Tilt 1;06.04.2022 11:00:05;-1.054;0.151
Tilt 1;06.04.2022 12:00:07;-1.060;0.149
Tilt 1;06.04.2022 13:00:04;-1.060;0.147
Tilt 1;06.04.2022 14:00:04;-1.062;0.149
Tilt 1;06.04.2022 15:00:04;-1.058;0.149
Tilt 1;06.04.2022 16:00:39;-1.058;0.147
Tilt 1;06.04.2022 17:00:04;-1.056;0.151
Tilt 1;06.04.2022 18:00:05;-1.053;0.155
Tilt 1;06.04.2022 19:00:04;-1.047;0.159
Tilt 1;06.04.2022 20:00:06;-1.047;0.162
Tilt 1;06.04.2022 21:00:04;-1.045;0.162
Tilt 1;06.04.2022 22:00:04;-1.047;0.162
Tilt 1;06.04.2022 23:00:05;-1.047;0.162
Tilt 1;07.04.2022 00:00:07;-1.045;0.162
Tilt 1;07.04.2022 01:00:05;-1.047;0.162
Tilt 1;07.04.2022 02:00:04;-1.045;0.162
Tilt 1;07.04.2022 03:00:04;-1.045;0.162
Tilt 1;07.04.2022 04:00:06;-1.045;0.160
Tilt 1;07.04.2022 05:00:04;-1.043;0.159
Tilt 1;07.04.2022 06:00:05;-1.047;0.160
Tilt 1;07.04.2022 07:00:05;-1.051;0.160
Tilt 1;07.04.2022 08:00:07;-1.051;0.159
Tilt 1;07.04.2022 09:00:04;-1.051;0.157
Tilt 1;07.04.2022 10:00:04;-1.051;0.155
Tilt 1;07.04.2022 11:00:04;-1.051;0.155
Tilt 1;07.04.2022 12:00:06;-1.053;0.153
Tilt 1;07.04.2022 13:00:04;-1.053;0.153
Tilt 1;07.04.2022 14:00:04;-1.053;0.155
Tilt 1;07.04.2022 15:00:05;-1.053;0.155
Tilt 1;07.04.2022 16:00:07;-1.051;0.157
Tilt 1;07.04.2022 17:00:04;-1.051;0.157
Tilt 1;07.04.2022 18:00:04;-1.049;0.159
Tilt 1;07.04.2022 19:00:05;-1.049;0.159
Tilt 1;07.04.2022 20:00:07;-1.051;0.159
Tilt 1;07.04.2022 21:00:04;-1.047;0.159
Tilt 1;07.04.2022 22:00:05;-1.049;0.159
Tilt 1;07.04.2022 23:00:05;-1.049;0.159
Tilt 1;08.04.2022 00:00:26;-1.049;0.159
Tilt 1;08.04.2022 01:00:04;-1.049;0.159
Tilt 1;08.04.2022 02:00:05;-1.051;0.159
Tilt 1;08.04.2022 03:00:04;-1.049;0.160
Tilt 1;08.04.2022 04:00:07;-1.047;0.162
Tilt 1;08.04.2022 05:00:05;-1.047;0.159
Tilt 1;08.04.2022 06:00:04;-1.049;0.159
Tilt 1;08.04.2022 07:00:04;-1.051;0.159
Tilt 1;08.04.2022 08:00:06;-1.049;0.159
Tilt 1;08.04.2022 09:00:04;-1.051;0.157
Tilt 1;08.04.2022 10:00:05;-1.053;0.155
Tilt 1;08.04.2022 11:00:04;-1.053;0.155
Tilt 1;08.04.2022 12:00:07;-1.053;0.153
Tilt 1;08.04.2022 13:00:04;-1.053;0.155
Tilt 1;08.04.2022 14:00:04;-1.053;0.155
Tilt 1;08.04.2022 15:00:04;-1.051;0.155
Tilt 1;08.04.2022 16:00:06;-1.053;0.155
Tilt 1;08.04.2022 17:00:04;-1.051;0.155
Tilt 1;08.04.2022 18:00:05;-1.051;0.157
Tilt 1;08.04.2022 19:00:05;-1.051;0.159
Tilt 1;08.04.2022 20:00:06;-1.049;0.159
Tilt 1;08.04.2022 21:00:04;-1.049;0.157
Tilt 1;08.04.2022 22:00:04;-1.049;0.159
Tilt 1;08.04.2022 23:00:05;-1.051;0.159
Tilt 1;09.04.2022 00:00:07;-1.051;0.159
Tilt 1;09.04.2022 01:00:05;-1.047;0.159
Tilt 1;09.04.2022 02:00:05;-1.051;0.159
Tilt 1;09.04.2022 03:00:04;-1.051;0.157
Tilt 1;09.04.2022 04:00:06;-1.051;0.155
Tilt 1;09.04.2022 05:00:04;-1.053;0.157
Tilt 1;09.04.2022 06:00:05;-1.051;0.159
Tilt 1;09.04.2022 07:00:05;-1.053;0.155
Tilt 1;09.04.2022 08:00:07;-1.053;0.155
Tilt 1;09.04.2022 09:00:04;-1.053;0.155
Tilt 1;09.04.2022 10:00:04;-1.053;0.155
Tilt 1;09.04.2022 11:00:04;-1.053;0.153
Tilt 1;09.04.2022 12:00:07;-1.053;0.155
Tilt 1;09.04.2022 13:00:05;-1.053;0.155
Tilt 1;09.04.2022 14:00:05;-1.053;0.155
Tilt 1;09.04.2022 15:00:04;-1.053;0.155
Tilt 1;09.04.2022 16:00:06;-1.053;0.155
Tilt 1;09.04.2022 17:00:04;-1.053;0.155
Tilt 1;09.04.2022 18:00:04;-1.051;0.157
Tilt 1;09.04.2022 19:00:05;-1.051;0.155
Tilt 1;09.04.2022 20:00:07;-1.051;0.157
Tilt 1;09.04.2022 21:00:05;-1.051;0.155
Tilt 1;09.04.2022 22:00:04;-1.049;0.157
Tilt 1;09.04.2022 23:00:04;-1.051;0.157
Tilt 1;10.04.2022 00:00:06;-1.053;0.155
Tilt 1;10.04.2022 01:00:04;-1.051;0.157
Tilt 1;10.04.2022 02:00:05;-1.053;0.157
Tilt 1;10.04.2022 03:00:05;-1.053;0.157
Tilt 1;10.04.2022 04:00:06;-1.051;0.155
Tilt 1;10.04.2022 05:00:04;-1.053;0.155
Tilt 1;10.04.2022 06:00:04;-1.053;0.157
Tilt 1;10.04.2022 07:00:04;-1.051;0.157
Tilt 1;10.04.2022 08:00:07;-1.051;0.157
Tilt 1;10.04.2022 09:00:05;-1.051;0.157
Tilt 1;10.04.2022 10:00:05;-1.053;0.155
Tilt 1;10.04.2022 11:00:04;-1.051;0.155
Tilt 1;10.04.2022 12:00:07;-1.053;0.155
Tilt 1;10.04.2022 13:00:05;-1.053;0.155
Tilt 1;10.04.2022 14:00:04;-1.053;0.155
Tilt 1;10.04.2022 15:00:04;-1.054;0.153
Tilt 1;10.04.2022 16:00:06;-1.053;0.155
Tilt 1;10.04.2022 17:00:04;-1.053;0.155
Tilt 1;10.04.2022 18:00:04;-1.053;0.155
Tilt 1;10.04.2022 19:00:05;-1.053;0.155
Tilt 1;10.04.2022 20:00:07;-1.051;0.155
Tilt 1;10.04.2022 21:00:04;-1.051;0.155
Tilt 1;10.04.2022 22:00:04;-1.051;0.157
Tilt 1;10.04.2022 23:00:05;-1.051;0.155
Tilt 1;11.04.2022 00:00:07;-1.051;0.159
Tilt 1;11.04.2022 01:00:05;-1.051;0.157
Tilt 1;11.04.2022 02:00:05;-1.051;0.157
Tilt 1;11.04.2022 03:00:04;-1.051;0.155
Tilt 1;11.04.2022 04:00:06;-1.051;0.159
Tilt 1;11.04.2022 05:00:04;-1.051;0.159
Tilt 1;11.04.2022 06:00:05;-1.051;0.157
Tilt 1;11.04.2022 07:00:04;-1.051;0.155
Tilt 1;11.04.2022 08:00:25;-1.051;0.155
Tilt 1;11.04.2022 09:00:05;-1.053;0.155
Tilt 1;11.04.2022 10:00:04;-1.054;0.153
Tilt 1;11.04.2022 11:00:04;-1.053;0.153
Tilt 1;11.04.2022 12:00:06;-1.053;0.153
Tilt 1;11.04.2022 13:00:04;-1.054;0.153
Tilt 1;11.04.2022 14:00:04;-1.054;0.153
Tilt 1;11.04.2022 15:00:04;-1.053;0.153
Tilt 1;11.04.2022 16:00:07;-1.054;0.155
Tilt 1;11.04.2022 17:00:05;-1.054;0.155
Tilt 1;11.04.2022 18:00:04;-1.053;0.155
Tilt 1;11.04.2022 19:00:04;-1.051;0.157
Tilt 1;11.04.2022 20:00:26;-1.051;0.159
Tilt 1;11.04.2022 21:00:04;-1.049;0.159
Tilt 1;11.04.2022 22:00:05;-1.049;0.159
Tilt 1;11.04.2022 23:00:05;-1.051;0.159
Tilt 1;12.04.2022 00:00:06;-1.047;0.159
Tilt 1;12.04.2022 01:00:04;-1.047;0.159
Tilt 1;12.04.2022 02:00:04;-1.049;0.159
Tilt 1;12.04.2022 03:00:05;-1.049;0.159
Tilt 1;12.04.2022 04:00:07;-1.051;0.159
Tilt 1;12.04.2022 05:00:05;-1.049;0.159
Tilt 1;12.04.2022 06:00:05;-1.051;0.159
Tilt 1;12.04.2022 07:00:04;-1.051;0.157
Tilt 1;12.04.2022 08:00:06;-1.053;0.155
Tilt 1;12.04.2022 09:00:04;-1.053;0.153
Tilt 1;12.04.2022 10:00:05;-1.056;0.151
Tilt 1;12.04.2022 11:00:04;-1.056;0.153
Tilt 1;12.04.2022 12:00:07;-1.056;0.149
Tilt 1;12.04.2022 13:00:05;-1.060;0.147
Tilt 1;12.04.2022 14:00:04;-1.060;0.149
Tilt 1;12.04.2022 15:00:04;-1.058;0.151
Tilt 1;12.04.2022 16:00:06;-1.056;0.151
Tilt 1;12.04.2022 17:00:04;-1.053;0.153
Tilt 1;12.04.2022 18:00:04;-1.053;0.155
Tilt 1;12.04.2022 19:00:05;-1.051;0.155
Tilt 1;12.04.2022 20:00:27;-1.053;0.155
Tilt 1;12.04.2022 21:00:04;-1.051;0.155
Tilt 1;12.04.2022 22:00:04;-1.051;0.155
Tilt 1;12.04.2022 23:00:05;-1.051;0.153
Tilt 1;13.04.2022 00:00:07;-1.053;0.155
Tilt 1;13.04.2022 01:00:04;-1.051;0.155
Tilt 1;13.04.2022 02:00:05;-1.053;0.155
Tilt 1;13.04.2022 03:00:04;-1.053;0.155
Tilt 1;13.04.2022 04:00:06;-1.053;0.155
Tilt 1;13.04.2022 05:00:04;-1.053;0.155
Tilt 1;13.04.2022 06:00:05;-1.051;0.155
Tilt 1;13.04.2022 07:00:04;-1.053;0.153
Tilt 1;13.04.2022 08:00:07;-1.053;0.155
Tilt 1;13.04.2022 09:00:05;-1.054;0.151
Tilt 1;13.04.2022 10:00:04;-1.056;0.151
Tilt 1;13.04.2022 11:00:04;-1.056;0.151
Tilt 1;13.04.2022 12:00:06;-1.056;0.151
Tilt 1;13.04.2022 17:00:05;-1.053;0.153
Tilt 1;13.04.2022 18:00:04;-1.053;0.155
Tilt 1;13.04.2022 19:00:04;-1.053;0.159
Tilt 1;13.04.2022 20:00:06;-1.053;0.159
Tilt 1;14.04.2022 20:00:07;-1.056;0.155
Tilt 1;14.04.2022 21:00:04;-1.056;0.155
Tilt 1;16.04.2022 19:00:04;-1.054;0.155
Tilt 1;17.04.2022 04:00:07;-1.053;0.153
Tilt 1;17.04.2022 05:00:05;-1.053;0.153
Tilt 1;17.04.2022 06:00:05;-1.053;0.155
Tilt 1;17.04.2022 07:00:04;-1.054;0.153
Tilt 1;17.04.2022 08:00:06;-1.056;0.149
Tilt 1;17.04.2022 09:00:04;-1.060;0.146
Tilt 1;17.04.2022 10:00:05;-1.060;0.146
Tilt 1;17.04.2022 11:00:04;-1.062;0.144
Tilt 1;17.04.2022 12:00:06;-1.062;0.144
Tilt 1;17.04.2022 13:00:04;-1.064;0.144
Tilt 1;17.04.2022 14:00:04;-1.062;0.142
Tilt 1;17.04.2022 15:00:04;-1.062;0.146
Tilt 1;17.04.2022 16:00:07;-1.062;0.144
Tilt 1;17.04.2022 17:00:05;-1.062;0.144
Tilt 1;17.04.2022 18:00:04;-1.062;0.146
Tilt 1;17.04.2022 19:00:04;-1.060;0.147
Tilt 1;17.04.2022 20:00:06;-1.058;0.149
Tilt 1;17.04.2022 21:00:04;-1.060;0.151
Tilt 1;17.04.2022 22:00:04;-1.060;0.149
Tilt 1;17.04.2022 23:00:05;-1.058;0.149
Tilt 1;18.04.2022 00:00:07;-1.056;0.149
Tilt 1;18.04.2022 01:00:04;-1.056;0.153
Tilt 1;18.04.2022 02:00:04;-1.058;0.153
Tilt 1;18.04.2022 03:00:05;-1.060;0.151
Tilt 1;18.04.2022 04:00:07;-1.060;0.149
Tilt 1;18.04.2022 05:00:05;-1.060;0.149
Tilt 1;18.04.2022 06:00:05;-1.058;0.149
Tilt 1;18.04.2022 07:00:04;-1.060;0.149
Tilt 1;18.04.2022 08:00:06;-1.060;0.149
Tilt 1;18.04.2022 09:00:04;-1.062;0.146
Tilt 1;18.04.2022 10:00:05;-1.062;0.144
Tilt 1;18.04.2022 11:00:04;-1.066;0.144
Tilt 1;18.04.2022 12:00:27;-1.064;0.144
Tilt 1;18.04.2022 13:00:05;-1.064;0.144
Tilt 1;18.04.2022 14:00:04;-1.066;0.142
Tilt 1;18.04.2022 15:00:04;-1.066;0.144
Tilt 1;18.04.2022 16:00:07;-1.066;0.144
Tilt 1;18.04.2022 17:00:04;-1.066;0.146
Tilt 1;18.04.2022 18:00:05;-1.066;0.146
Tilt 1;18.04.2022 19:00:05;-1.064;0.146
Tilt 1;18.04.2022 20:00:06;-1.062;0.146
Tilt 1;18.04.2022 21:00:04;-1.064;0.147
Tilt 1;18.04.2022 22:00:05;-1.064;0.149
Tilt 1;18.04.2022 23:00:04;-1.064;0.149
Tilt 1;19.04.2022 00:00:07;-1.066;0.149
Tilt 1;19.04.2022 01:00:05;-1.066;0.149
Tilt 1;19.04.2022 02:00:05;-1.069;0.149
Tilt 1;19.04.2022 03:00:04;-1.069;0.151
Tilt 1;19.04.2022 04:00:06;-1.071;0.149
Tilt 1;19.04.2022 05:00:04;-1.069;0.149
Tilt 1;19.04.2022 06:00:05;-1.071;0.153
Tilt 1;19.04.2022 07:00:04;-1.071;0.149
Tilt 1;19.04.2022 08:00:27;-1.073;0.147
Tilt 1;19.04.2022 09:00:05;-1.079;0.144
Tilt 1;19.04.2022 10:00:04;-1.079;0.144
Tilt 1;19.04.2022 11:00:05;-1.079;0.144
Tilt 1;19.04.2022 12:00:06;-1.079;0.142
Tilt 1;19.04.2022 13:00:04;-1.079;0.140
Tilt 1;19.04.2022 14:00:05;-1.080;0.140
Tilt 1;19.04.2022 15:00:04;-1.080;0.140
Tilt 1;19.04.2022 16:00:07;-1.079;0.142
Tilt 1;19.04.2022 17:00:05;-1.079;0.142
Tilt 1;19.04.2022 18:00:05;-1.079;0.144
Tilt 1;19.04.2022 19:00:04;-1.073;0.147
Tilt 1;19.04.2022 20:00:06;-1.071;0.149
Tilt 1;19.04.2022 21:00:04;-1.069;0.149
Tilt 1;19.04.2022 22:00:05;-1.069;0.151
Tilt 1;19.04.2022 23:00:05;-1.069;0.151
Tilt 1;20.04.2022 00:00:07;-1.069;0.151
Tilt 1;20.04.2022 01:00:04;-1.067;0.151
Tilt 1;20.04.2022 02:00:04;-1.069;0.153
Tilt 1;20.04.2022 03:00:04;-1.071;0.151
Tilt 1;20.04.2022 04:00:06;-1.073;0.153
Tilt 1;20.04.2022 05:00:04;-1.073;0.151
Tilt 1;20.04.2022 06:00:05;-1.075;0.151
Tilt 1;20.04.2022 07:00:05;-1.073;0.149
Tilt 1;20.04.2022 08:00:06;-1.077;0.147
Tilt 1;20.04.2022 09:00:04;-1.080;0.144
Tilt 1;20.04.2022 10:00:05;-1.082;0.144
Tilt 1;20.04.2022 11:00:04;-1.080;0.142
Tilt 1;20.04.2022 12:00:07;-1.080;0.144
Tilt 1;20.04.2022 13:00:04;-1.080;0.142
Tilt 1;20.04.2022 14:00:05;-1.079;0.142
Tilt 1;20.04.2022 15:00:04;-1.079;0.140
Tilt 1;20.04.2022 16:00:06;-1.079;0.140
Tilt 1;20.04.2022 17:00:04;-1.077;0.140
Tilt 1;20.04.2022 18:00:04;-1.075;0.144
Tilt 1;20.04.2022 19:00:05;-1.071;0.146
Tilt 1;20.04.2022 20:00:07;-1.071;0.149
Tilt 1;20.04.2022 21:00:05;-1.067;0.149
Tilt 1;20.04.2022 22:00:04;-1.069;0.149
Tilt 1;20.04.2022 23:00:04;-1.067;0.149
Tilt 1;21.04.2022 00:00:06;-1.067;0.149
Tilt 1;21.04.2022 01:00:04;-1.069;0.149
Tilt 1;21.04.2022 02:00:05;-1.067;0.151
Tilt 1;21.04.2022 03:00:05;-1.069;0.151
Tilt 1;21.04.2022 04:00:07;-1.069;0.149
Tilt 1;21.04.2022 05:00:04;-1.067;0.151
Tilt 1;21.04.2022 06:00:04;-1.067;0.151
Tilt 1;21.04.2022 07:00:04;-1.069;0.149
Tilt 1;21.04.2022 08:00:07;-1.073;0.147
Tilt 1;21.04.2022 09:00:05;-1.075;0.144
Tilt 1;21.04.2022 10:00:05;-1.077;0.144
Tilt 1;21.04.2022 11:00:05;-1.077;0.144
Tilt 1;21.04.2022 12:00:06;-1.077;0.142
Tilt 1;21.04.2022 13:00:04;-1.077;0.142
Tilt 1;21.04.2022 14:00:04;-1.075;0.142
Tilt 1;21.04.2022 15:00:04;-1.077;0.142
Tilt 1;21.04.2022 16:00:07;-1.075;0.144
Tilt 1;21.04.2022 17:00:05;-1.075;0.144
Tilt 1;21.04.2022 18:00:04;-1.073;0.144
Tilt 1;21.04.2022 19:00:04;-1.073;0.146
Tilt 1;21.04.2022 20:00:06;-1.071;0.147
Tilt 1;21.04.2022 21:00:04;-1.071;0.149
Tilt 1;21.04.2022 22:00:04;-1.069;0.149
Tilt 1;21.04.2022 23:00:05;-1.071;0.149
Tilt 1;22.04.2022 00:00:07;-1.071;0.149
Tilt 1;22.04.2022 01:00:04;-1.071;0.149
Tilt 1;22.04.2022 02:00:04;-1.071;0.149
Tilt 1;22.04.2022 03:00:05;-1.071;0.149
Tilt 1;22.04.2022 04:00:07;-1.069;0.147
Tilt 1;22.04.2022 05:00:05;-1.069;0.149
Tilt 1;22.04.2022 06:00:05;-1.071;0.149
Tilt 1;22.04.2022 07:00:04;-1.069;0.151
Tilt 1;22.04.2022 08:00:06;-1.071;0.146
Tilt 1;22.04.2022 09:00:04;-1.075;0.144
Tilt 1;22.04.2022 10:00:05;-1.075;0.144
Tilt 1;22.04.2022 11:00:04;-1.075;0.142
Tilt 1;22.04.2022 12:00:07;-1.075;0.142
Tilt 1;22.04.2022 13:00:05;-1.075;0.140
Tilt 1;22.04.2022 14:00:04;-1.071;0.138
Tilt 1;22.04.2022 15:00:04;-1.075;0.138
Tilt 1;22.04.2022 16:00:06;-1.073;0.138
Tilt 1;22.04.2022 17:00:04;-1.071;0.138
Tilt 1;22.04.2022 18:00:04;-1.075;0.142
Tilt 1;22.04.2022 19:00:05;-1.071;0.144
Tilt 1;22.04.2022 20:00:07;-1.069;0.146
Tilt 1;22.04.2022 21:00:04;-1.067;0.147
Tilt 1;22.04.2022 22:00:04;-1.069;0.147
Tilt 1;22.04.2022 23:00:05;-1.069;0.147
Tilt 1;23.04.2022 00:00:07;-1.071;0.147
Tilt 1;23.04.2022 01:00:04;-1.069;0.149
Tilt 1;23.04.2022 02:00:05;-1.069;0.149
Tilt 1;23.04.2022 03:00:04;-1.067;0.149
Tilt 1;23.04.2022 04:00:26;-1.069;0.149
Tilt 1;23.04.2022 05:00:04;-1.069;0.151
Tilt 1;23.04.2022 06:00:05;-1.069;0.149
Tilt 1;23.04.2022 07:00:04;-1.069;0.149
Tilt 1;23.04.2022 08:00:07;-1.073;0.147
Tilt 1;23.04.2022 09:00:05;-1.075;0.144
Tilt 1;23.04.2022 10:00:04;-1.075;0.144
Tilt 1;23.04.2022 11:00:04;-1.075;0.142
Tilt 1;23.04.2022 12:00:06;-1.071;0.140
Tilt 1;23.04.2022 13:00:04;-1.069;0.140
Tilt 1;23.04.2022 14:00:04;-1.069;0.138
Tilt 1;23.04.2022 15:00:05;-1.069;0.140
Tilt 1;23.04.2022 16:00:27;-1.071;0.138
Tilt 1;23.04.2022 17:00:04;-1.069;0.140
Tilt 1;23.04.2022 18:00:04;-1.069;0.140
Tilt 1;23.04.2022 19:00:04;-1.069;0.146
Tilt 1;23.04.2022 20:00:07;-1.069;0.149
Tilt 1;23.04.2022 21:00:04;-1.069;0.147
Tilt 1;23.04.2022 22:00:05;-1.069;0.149
Tilt 1;23.04.2022 23:00:05;-1.069;0.149
Tilt 1;24.04.2022 00:00:06;-1.066;0.149
Tilt 1;24.04.2022 01:00:04;-1.067;0.151
Tilt 1;24.04.2022 02:00:04;-1.069;0.153
Tilt 1;24.04.2022 03:00:05;-1.069;0.153
Tilt 1;24.04.2022 04:00:07;-1.067;0.151
Tilt 1;24.04.2022 05:00:05;-1.066;0.153
Tilt 1;24.04.2022 06:00:04;-1.069;0.151
Tilt 1;24.04.2022 07:00:04;-1.069;0.153
Tilt 1;24.04.2022 08:00:06;-1.069;0.151
Tilt 1;24.04.2022 09:00:04;-1.071;0.149
Tilt 1;24.04.2022 10:00:05;-1.075;0.147
Tilt 1;24.04.2022 11:00:04;-1.075;0.146
Tilt 1;24.04.2022 12:00:07;-1.071;0.142
Tilt 1;24.04.2022 13:00:05;-1.071;0.142
Tilt 1;24.04.2022 14:00:04;-1.069;0.144
Tilt 1;24.04.2022 15:00:04;-1.069;0.144
Tilt 1;24.04.2022 16:00:06;-1.069;0.144
Tilt 1;24.04.2022 17:00:04;-1.069;0.144
Tilt 1;24.04.2022 18:00:05;-1.067;0.144
Tilt 1;24.04.2022 19:00:05;-1.069;0.146
Tilt 1;24.04.2022 20:00:06;-1.067;0.149
Tilt 1;24.04.2022 21:00:04;-1.066;0.149
Tilt 1;24.04.2022 22:00:04;-1.069;0.149
Tilt 1;24.04.2022 23:00:05;-1.067;0.151
Tilt 1;25.04.2022 00:00:07;-1.067;0.151
Tilt 1;25.04.2022 01:00:05;-1.069;0.153
Tilt 1;25.04.2022 02:00:05;-1.069;0.153
Tilt 1;25.04.2022 03:00:04;-1.067;0.153
Tilt 1;25.04.2022 04:00:06;-1.069;0.153
Tilt 1;25.04.2022 05:00:04;-1.069;0.153
Tilt 1;25.04.2022 06:00:05;-1.069;0.153
Tilt 1;25.04.2022 07:00:05;-1.069;0.153
Tilt 1;25.04.2022 08:00:07;-1.071;0.149
Tilt 1;25.04.2022 09:00:04;-1.077;0.146
Tilt 1;25.04.2022 10:00:04;-1.077;0.146
Tilt 1;25.04.2022 11:00:04;-1.075;0.144
Tilt 1;25.04.2022 12:00:06;-1.071;0.142
Tilt 1;25.04.2022 13:00:04;-1.069;0.140
Tilt 1;25.04.2022 14:00:04;-1.067;0.140
Tilt 1;25.04.2022 15:00:05;-1.069;0.140
Tilt 1;25.04.2022 16:00:07;-1.069;0.140
Tilt 1;25.04.2022 17:00:04;-1.069;0.140
Tilt 1;25.04.2022 18:00:04;-1.069;0.142
Tilt 1;25.04.2022 19:00:05;-1.071;0.144
Tilt 1;25.04.2022 20:00:27;-1.069;0.147
Tilt 1;25.04.2022 21:00:05;-1.069;0.149
Tilt 1;25.04.2022 22:00:05;-1.069;0.149
Tilt 1;25.04.2022 23:00:04;-1.069;0.149
Tilt 1;26.04.2022 00:00:06;-1.069;0.149
Tilt 1;26.04.2022 01:00:04;-1.071;0.149
Tilt 1;26.04.2022 02:00:05;-1.071;0.151
Tilt 1;26.04.2022 03:00:04;-1.071;0.151
Tilt 1;26.04.2022 04:00:07;-1.071;0.153
Tilt 1;26.04.2022 05:00:05;-1.069;0.153
Tilt 1;26.04.2022 06:00:04;-1.069;0.153
Tilt 1;26.04.2022 07:00:04;-1.069;0.149
Tilt 1;26.04.2022 08:00:26;-1.071;0.149
Tilt 1;26.04.2022 09:00:04;-1.069;0.149
Tilt 1;26.04.2022 10:00:05;-1.071;0.149
Tilt 1;26.04.2022 11:00:05;-1.069;0.149
Tilt 1;26.04.2022 12:00:07;-1.069;0.146
Tilt 1;26.04.2022 13:00:04;-1.069;0.146
Tilt 1;26.04.2022 14:00:04;-1.069;0.142
Tilt 1;26.04.2022 15:00:04;-1.067;0.144
Tilt 1;26.04.2022 16:00:26;-1.069;0.144
Tilt 1;26.04.2022 17:00:04;-1.069;0.146
Tilt 1;26.04.2022 18:00:05;-1.069;0.146
Tilt 1;26.04.2022 19:00:05;-1.071;0.147
Tilt 1;26.04.2022 20:00:06;-1.067;0.147
Tilt 1;26.04.2022 21:00:04;-1.069;0.149
Tilt 1;26.04.2022 22:00:04;-1.069;0.151
Tilt 1;26.04.2022 23:00:05;-1.069;0.153
Tilt 1;27.04.2022 00:00:39;-1.069;0.153
Tilt 1;27.04.2022 01:00:05;-1.069;0.153
Tilt 1;27.04.2022 02:00:04;-1.071;0.153
Tilt 1;27.04.2022 03:00:04;-1.071;0.153
Tilt 1;27.04.2022 04:00:06;-1.069;0.153
Tilt 1;27.04.2022 05:00:04;-1.069;0.153
Tilt 1;27.04.2022 06:00:05;-1.071;0.153
Tilt 1;27.04.2022 07:00:05;-1.069;0.151
Tilt 1;27.04.2022 08:00:07;-1.073;0.149
Tilt 1;27.04.2022 09:00:04;-1.075;0.146
Tilt 1;27.04.2022 10:00:04;-1.079;0.146
Tilt 1;27.04.2022 11:00:04;-1.077;0.146
Tilt 1;27.04.2022 12:00:06;-1.073;0.144
Tilt 1;27.04.2022 13:00:04;-1.071;0.144
Tilt 1;27.04.2022 14:00:05;-1.071;0.144
Tilt 1;27.04.2022 15:00:05;-1.069;0.146
Tilt 1;27.04.2022 16:00:06;-1.071;0.146
Tilt 1;27.04.2022 17:00:04;-1.071;0.146
Tilt 1;27.04.2022 18:00:04;-1.069;0.144
Tilt 1;27.04.2022 19:00:05;-1.069;0.147
Tilt 1;27.04.2022 20:00:07;-1.069;0.149
Tilt 1;27.04.2022 21:00:05;-1.069;0.151
Tilt 1;27.04.2022 22:00:05;-1.067;0.149
Tilt 1;27.04.2022 23:00:04;-1.069;0.151
Tilt 1;28.04.2022 00:00:06;-1.069;0.151
Tilt 1;28.04.2022 01:00:04;-1.069;0.153
Tilt 1;28.04.2022 02:00:05;-1.069;0.151
Tilt 1;28.04.2022 03:00:04;-1.069;0.153
Tilt 1;28.04.2022 04:00:07;-1.069;0.153
Tilt 1;28.04.2022 05:00:05;-1.071;0.153
Tilt 1;28.04.2022 06:00:04;-1.069;0.149
Tilt 1;28.04.2022 07:00:04;-1.069;0.153
Tilt 1;28.04.2022 08:00:26;-1.071;0.153
Tilt 1;28.04.2022 09:00:04;-1.073;0.151
Tilt 1;28.04.2022 10:00:05;-1.071;0.149
Tilt 1;28.04.2022 11:00:04;-1.067;0.147
Tilt 1;28.04.2022 12:00:07;-1.069;0.146
Tilt 1;28.04.2022 13:00:05;-1.069;0.146
Tilt 1;28.04.2022 14:00:04;-1.069;0.146
Tilt 1;28.04.2022 15:00:04;-1.069;0.146
Tilt 1;28.04.2022 16:00:06;-1.069;0.146
Tilt 1;28.04.2022 17:00:04;-1.069;0.147
Tilt 1;28.04.2022 18:00:04;-1.069;0.149
Tilt 1;28.04.2022 19:00:05;-1.069;0.149
Tilt 1;28.04.2022 20:00:07;-1.069;0.149
Tilt 1;28.04.2022 21:00:04;-1.069;0.151
Tilt 1;28.04.2022 22:00:04;-1.069;0.149
Tilt 1;28.04.2022 23:00:04;-1.071;0.151
Tilt 1;29.04.2022 00:00:06;-1.071;0.151
Tilt 1;29.04.2022 01:00:04;-1.071;0.153
Tilt 1;29.04.2022 02:00:05;-1.071;0.153
Tilt 1;29.04.2022 03:00:05;-1.069;0.151
Tilt 1;29.04.2022 04:00:06;-1.071;0.153
Tilt 1;29.04.2022 05:00:04;-1.071;0.151
Tilt 1;29.04.2022 06:00:04;-1.071;0.151
Tilt 1;29.04.2022 07:00:04;-1.071;0.151
Tilt 1;29.04.2022 08:00:07;-1.071;0.149
Tilt 1;29.04.2022 09:00:05;-1.071;0.149
Tilt 1;29.04.2022 10:00:05;-1.069;0.147
Tilt 1;29.04.2022 11:00:05;-1.071;0.147
Tilt 1;29.04.2022 12:00:06;-1.071;0.144
Tilt 1;29.04.2022 13:00:04;-1.069;0.144
Tilt 1;29.04.2022 14:00:04;-1.069;0.144
Tilt 1;29.04.2022 15:00:04;-1.071;0.144
Tilt 1;29.04.2022 16:00:07;-1.071;0.144
Tilt 1;29.04.2022 17:00:05;-1.071;0.144
Tilt 1;29.04.2022 18:00:05;-1.069;0.146
Tilt 1;29.04.2022 19:00:04;-1.069;0.147
Tilt 1;29.04.2022 20:00:06;-1.069;0.149
Tilt 1;29.04.2022 21:00:04;-1.071;0.149
Tilt 1;29.04.2022 22:00:04;-1.071;0.149
Tilt 1;29.04.2022 23:00:05;-1.071;0.149
Tilt 1;30.04.2022 00:00:07;-1.071;0.149
Tilt 1;30.04.2022 01:00:04;-1.071;0.151
Tilt 1;30.04.2022 02:00:04;-1.069;0.149
Tilt 1;30.04.2022 03:00:04;-1.071;0.151
Tilt 1;30.04.2022 04:00:06;-1.071;0.149
Tilt 1;30.04.2022 05:00:04;-1.071;0.151
Tilt 1;30.04.2022 06:00:05;-1.071;0.149
Tilt 1;30.04.2022 07:00:05;-1.071;0.149
Tilt 1;30.04.2022 08:00:06;-1.071;0.149
Tilt 1;30.04.2022 09:00:04;-1.071;0.147
Tilt 1;30.04.2022 10:00:04;-1.073;0.146
Tilt 1;30.04.2022 11:00:04;-1.071;0.146
Tilt 1;30.04.2022 12:00:06;-1.069;0.146
Tilt 1;30.04.2022 13:00:04;-1.071;0.146
Tilt 1;30.04.2022 14:00:05;-1.069;0.144
Tilt 1;30.04.2022 15:00:05;-1.071;0.144
Tilt 1;30.04.2022 16:00:26;-1.071;0.146
Tilt 1;30.04.2022 17:00:04;-1.069;0.146
Tilt 1;30.04.2022 18:00:04;-1.071;0.147
Tilt 1;30.04.2022 19:00:05;-1.071;0.147
Tilt 1;30.04.2022 20:00:07;-1.071;0.149
Tilt 1;30.04.2022 21:00:05;-1.071;0.149
Tilt 1;30.04.2022 22:00:05;-1.069;0.149
Tilt 1;30.04.2022 23:00:04;-1.069;0.151
Tilt 1;01.05.2022 00:00:06;-1.069;0.153
Tilt 1;01.05.2022 01:00:04;-1.071;0.153
Tilt 1;01.05.2022 02:00:05;-1.071;0.153
Tilt 1;01.05.2022 03:00:05;-1.071;0.153
Tilt 1;01.05.2022 04:00:07;-1.071;0.155
Tilt 1;01.05.2022 05:00:04;-1.071;0.153
Tilt 1;01.05.2022 06:00:04;-1.071;0.155
Tilt 1;01.05.2022 07:00:04;-1.073;0.153
Tilt 1;01.05.2022 08:00:06;-1.077;0.147
Tilt 1;01.05.2022 09:00:04;-1.079;0.146
Tilt 1;01.05.2022 10:00:05;-1.079;0.144
Tilt 1;01.05.2022 11:00:05;-1.077;0.146
Tilt 1;01.05.2022 12:00:07;-1.073;0.144
Tilt 1;01.05.2022 13:00:04;-1.071;0.144
Tilt 1;01.05.2022 14:00:04;-1.071;0.144
Tilt 1;01.05.2022 15:00:04;-1.069;0.144
Tilt 1;01.05.2022 16:00:06;-1.071;0.142
Tilt 1;01.05.2022 17:00:04;-1.071;0.144
Tilt 1;01.05.2022 18:00:05;-1.071;0.146
Tilt 1;01.05.2022 19:00:04;-1.071;0.146
Tilt 1;01.05.2022 20:00:38;-1.071;0.147
Tilt 1;01.05.2022 21:00:04;-1.069;0.147
Tilt 1;01.05.2022 22:00:04;-1.071;0.149
Tilt 1;01.05.2022 23:00:05;-1.069;0.149
Tilt 1;02.05.2022 00:00:07;-1.073;0.149
Tilt 1;02.05.2022 01:00:05;-1.071;0.149
Tilt 1;02.05.2022 02:00:04;-1.071;0.149
Tilt 1;02.05.2022 03:00:04;-1.073;0.151
Tilt 1;02.05.2022 04:00:06;-1.071;0.149
Tilt 1;02.05.2022 05:00:04;-1.071;0.153
Tilt 1;02.05.2022 06:00:05;-1.071;0.153
Tilt 1;02.05.2022 07:00:05;-1.075;0.151
Tilt 1;02.05.2022 08:00:06;-1.073;0.151
Tilt 1;02.05.2022 09:00:04;-1.071;0.151
Tilt 1;02.05.2022 10:00:04;-1.073;0.151
Tilt 1;02.05.2022 11:00:04;-1.069;0.149
Tilt 1;02.05.2022 12:00:06;-1.071;0.149
Tilt 1;02.05.2022 13:00:04;-1.071;0.147
Tilt 1;02.05.2022 14:00:05;-1.071;0.146
Tilt 1;02.05.2022 15:00:05;-1.071;0.146
Tilt 1;02.05.2022 16:00:06;-1.071;0.146
Tilt 1;02.05.2022 17:00:04;-1.071;0.149
Tilt 1;02.05.2022 18:00:04;-1.071;0.149
Tilt 1;02.05.2022 19:00:05;-1.071;0.149
Tilt 1;02.05.2022 20:00:07;-1.069;0.151
Tilt 1;02.05.2022 21:00:05;-1.071;0.153
Tilt 1;02.05.2022 22:00:04;-1.071;0.151
Tilt 1;02.05.2022 23:00:04;-1.071;0.153
Tilt 1;03.05.2022 00:00:06;-1.071;0.153
Tilt 1;03.05.2022 01:00:04;-1.073;0.153
Tilt 1;03.05.2022 02:00:05;-1.071;0.153
Tilt 1;03.05.2022 03:00:05;-1.071;0.155
Tilt 1;03.05.2022 04:00:08;-1.071;0.153
Tilt 1;03.05.2022 05:00:04;-1.073;0.153
Tilt 1;03.05.2022 06:00:04;-1.073;0.155
Tilt 1;03.05.2022 07:00:04;-1.075;0.153
Tilt 1;03.05.2022 08:00:07;-1.071;0.151
Tilt 1;03.05.2022 09:00:04;-1.071;0.149
Tilt 1;03.05.2022 10:00:05;-1.071;0.149
Tilt 1;03.05.2022 11:00:05;-1.071;0.149
Tilt 1;03.05.2022 12:00:07;-1.071;0.147
Tilt 1;03.05.2022 13:00:04;-1.071;0.144
Tilt 1;03.05.2022 14:00:04;-1.071;0.146
Tilt 1;03.05.2022 15:00:04;-1.071;0.144
Tilt 1;03.05.2022 16:00:07;-1.071;0.144
Tilt 1;03.05.2022 17:00:04;-1.071;0.144
Tilt 1;03.05.2022 18:00:05;-1.071;0.146
Tilt 1;03.05.2022 19:00:05;-1.071;0.149
Tilt 1;03.05.2022 20:00:06;-1.071;0.151
Tilt 1;03.05.2022 21:00:04;-1.067;0.151
Tilt 1;03.05.2022 22:00:04;-1.069;0.153
Tilt 1;03.05.2022 23:00:05;-1.069;0.153
Tilt 1;04.05.2022 00:00:07;-1.071;0.151
Tilt 1;04.05.2022 01:00:05;-1.071;0.151
Tilt 1;04.05.2022 02:00:04;-1.071;0.155
Tilt 1;04.05.2022 03:00:04;-1.071;0.153
Tilt 1;04.05.2022 04:00:06;-1.069;0.153
Tilt 1;04.05.2022 05:00:04;-1.071;0.153
Tilt 1;04.05.2022 06:00:05;-1.075;0.151
Tilt 1;04.05.2022 07:00:05;-1.071;0.151
Tilt 1;04.05.2022 08:00:07;-1.075;0.147
Tilt 1;04.05.2022 09:00:04;-1.071;0.147
Tilt 1;04.05.2022 10:00:04;-1.075;0.146
Tilt 1;04.05.2022 11:00:04;-1.071;0.146
Tilt 1;04.05.2022 12:00:27;-1.073;0.144
Tilt 1;04.05.2022 13:00:05;-1.069;0.144
Tilt 1;04.05.2022 14:00:05;-1.071;0.144
Tilt 1;04.05.2022 15:00:04;-1.069;0.144
Tilt 1;04.05.2022 16:00:06;-1.071;0.146
Tilt 1;04.05.2022 17:00:04;-1.071;0.146
Tilt 1;04.05.2022 18:00:05;-1.071;0.146
Tilt 1;04.05.2022 19:00:05;-1.071;0.147
Tilt 1;04.05.2022 20:00:07;-1.071;0.149
Tilt 1;04.05.2022 21:00:04;-1.073;0.149
Tilt 1;04.05.2022 22:00:04;-1.071;0.149
Tilt 1;04.05.2022 23:00:04;-1.071;0.149
Tilt 1;05.05.2022 00:00:07;-1.075;0.155
Tilt 1;05.05.2022 01:00:04;-1.071;0.455
Tilt 1;05.05.2022 02:00:05;-1.073;0.149
Tilt 1;05.05.2022 03:00:05;-1.071;0.153
Tilt 1;05.05.2022 04:00:06;-1.075;0.149
Tilt 1;05.05.2022 05:00:04;-1.075;0.149
Tilt 1;05.05.2022 06:00:05;-1.075;0.149
Tilt 1;05.05.2022 07:00:04;-1.073;0.149
Tilt 1;05.05.2022 08:00:07;-1.075;0.149
Tilt 1;05.05.2022 09:00:05;-1.071;0.149
Tilt 1;05.05.2022 10:00:04;-1.071;0.147
Tilt 1;05.05.2022 11:00:05;-1.071;0.146
Tilt 1;05.05.2022 12:00:07;-1.071;0.147
Tilt 1;05.05.2022 13:00:04;-1.071;0.146
Tilt 1;05.05.2022 14:00:04;-1.073;0.146
Tilt 1;05.05.2022 15:00:04;-1.071;0.144
Tilt 1;05.05.2022 16:00:26;-1.071;0.144
Tilt 1;05.05.2022 17:00:05;-1.071;0.147
Tilt 1;05.05.2022 18:00:05;-1.069;0.146
Tilt 1;05.05.2022 19:00:04;-1.073;0.149
Tilt 1;05.05.2022 20:00:06;-1.071;0.149
Tilt 1;05.05.2022 21:00:04;-1.073;0.149
Tilt 1;05.05.2022 22:00:05;-1.073;0.149
Tilt 1;05.05.2022 23:00:04;-1.073;0.149
Tilt 1;06.05.2022 00:00:07;-1.073;0.190
Tilt 1;06.05.2022 01:00:05;-1.075;0.149
Tilt 1;06.05.2022 02:00:04;-1.075;0.149
Tilt 1;06.05.2022 03:00:04;-1.075;0.149
Tilt 1;06.05.2022 04:00:06;-1.075;0.147
Tilt 1;06.05.2022 05:00:04;-1.073;0.147
Tilt 1;06.05.2022 06:00:05;-1.075;0.147
Tilt 1;06.05.2022 07:00:05;-1.075;0.149
Tilt 1;06.05.2022 08:00:06;-1.075;0.147
Tilt 1;06.05.2022 09:00:04;-1.073;0.149
Tilt 1;06.05.2022 10:00:05;-1.075;0.149
Tilt 1;06.05.2022 11:00:04;-1.073;0.146
Tilt 1;06.05.2022 12:00:06;-1.075;0.147
Tilt 1;06.05.2022 13:00:04;-1.075;0.146
Tilt 1;06.05.2022 14:00:05;-1.073;0.153
Tilt 1;06.05.2022 15:00:05;-1.073;0.146
Tilt 1;06.05.2022 16:00:06;-1.071;0.168
Tilt 1;06.05.2022 17:00:04;-1.073;0.147
Tilt 1;06.05.2022 18:00:04;-1.071;0.172
Tilt 1;06.05.2022 19:00:05;-1.075;0.147
Tilt 1;06.05.2022 20:00:07;-1.075;0.147
Tilt 1;06.05.2022 21:00:05;-1.075;0.205
Tilt 1;06.05.2022 22:00:05;-1.071;0.149
Tilt 1;06.05.2022 23:00:04;-1.071;0.159
Tilt 1;07.05.2022 00:00:06;-1.073;0.149
Tilt 1;07.05.2022 02:00:05;-1.075;0.181
Tilt 1;07.05.2022 03:00:05;-1.075;0.159
Tilt 1;07.05.2022 05:00:04;-1.075;0.153
Tilt 1;07.05.2022 08:00:07;-1.075;0.155
Tilt 1;07.05.2022 09:00:04;-1.075;0.153
Tilt 1;07.05.2022 10:00:05;-1.075;0.155
Tilt 1;07.05.2022 13:00:04;-1.073;0.155
Tilt 1;07.05.2022 14:00:04;-1.071;0.149
Tilt 1;07.05.2022 16:00:07;-1.071;0.159
Tilt 1;07.05.2022 17:00:05;-1.071;0.155
Tilt 1;07.05.2022 19:00:04;-1.069;0.153
Tilt 1;07.05.2022 20:00:06;-1.071;0.157
Tilt 1;07.05.2022 23:00:05;-1.071;0.157
Tilt 1;08.05.2022 01:00:05;-1.071;0.164
Tilt 1;08.05.2022 02:00:04;-1.073;0.160
Tilt 1;08.05.2022 03:00:04;-1.073;0.157
Tilt 1;08.05.2022 04:00:06;-1.075;0.157
Tilt 1;08.05.2022 05:00:04;-1.075;0.155
Tilt 1;08.05.2022 07:00:05;-1.075;0.159
Tilt 1;08.05.2022 08:00:06;-1.077;0.153
Tilt 1;08.05.2022 09:00:04;-1.079;0.149
Tilt 1;08.05.2022 10:00:04;-1.080;0.147
Tilt 1;08.05.2022 11:00:04;-1.077;0.147
Tilt 1;08.05.2022 12:00:06;-1.075;0.144
Tilt 1;08.05.2022 13:00:04;-1.075;0.146
Tilt 1;08.05.2022 14:00:05;-1.071;0.144
Tilt 1;08.05.2022 15:00:05;-1.071;0.142
Tilt 1;08.05.2022 16:00:06;-1.075;0.142
Tilt 1;08.05.2022 17:00:04;-1.071;0.146
Tilt 1;08.05.2022 18:00:04;-1.073;0.146
Tilt 1;08.05.2022 19:00:05;-1.071;0.146
Tilt 1;08.05.2022 20:00:39;-1.071;0.149
Tilt 1;08.05.2022 21:00:05;-1.071;0.149
Tilt 1;08.05.2022 22:00:05;-1.073;0.147
Tilt 1;08.05.2022 23:00:04;-1.075;0.149
Tilt 1;09.05.2022 00:00:06;-1.073;0.149
Tilt 1;09.05.2022 01:00:04;-1.077;0.149
Tilt 1;09.05.2022 02:00:04;-1.075;0.149
Tilt 1;09.05.2022 03:00:05;-1.075;0.153
Tilt 1;09.05.2022 04:00:07;-1.075;0.149
Tilt 1;09.05.2022 05:00:05;-1.075;0.149
Tilt 1;09.05.2022 06:00:04;-1.075;0.151
Tilt 1;09.05.2022 07:00:04;-1.077;0.147
Tilt 1;09.05.2022 08:00:06;-1.079;0.146
Tilt 1;09.05.2022 09:00:04;-1.079;0.144
Tilt 1;09.05.2022 10:00:05;-1.075;0.144
Tilt 1;09.05.2022 11:00:05;-1.071;0.142
Tilt 1;09.05.2022 12:00:26;-1.071;0.140
Tilt 1;09.05.2022 13:00:04;-1.075;0.140
Tilt 1;09.05.2022 14:00:04;-1.071;0.140
Tilt 1;09.05.2022 15:00:04;-1.071;0.140
Tilt 1;09.05.2022 16:00:07;-1.073;0.142
Tilt 1;09.05.2022 17:00:05;-1.075;0.144
Tilt 1;09.05.2022 18:00:05;-1.075;0.144
Tilt 1;09.05.2022 19:00:04;-1.077;0.146
Tilt 1;09.05.2022 20:00:06;-1.075;0.146
Tilt 1;09.05.2022 21:00:04;-1.075;0.146
Tilt 1;09.05.2022 22:00:05;-1.077;0.147
Tilt 1;09.05.2022 23:00:04;-1.079;0.147
Tilt 1;10.05.2022 00:00:07;-1.079;0.147
Tilt 1;10.05.2022 01:00:05;-1.077;0.147
Tilt 1;10.05.2022 02:00:04;-1.077;0.149
Tilt 1;10.05.2022 03:00:04;-1.075;0.149
Tilt 1;10.05.2022 04:00:26;-1.077;0.149
Tilt 1;10.05.2022 05:00:04;-1.077;0.149
Tilt 1;10.05.2022 06:00:05;-1.079;0.149
Tilt 1;10.05.2022 07:00:05;-1.077;0.149
Tilt 1;10.05.2022 08:00:27;-1.079;0.149
Tilt 1;10.05.2022 09:00:04;-1.077;0.149
Tilt 1;10.05.2022 10:00:04;-1.077;0.149
Tilt 1;10.05.2022 11:00:04;-1.075;0.149
Tilt 1;10.05.2022 12:00:06;-1.075;0.147
Tilt 1;10.05.2022 13:00:04;-1.075;0.146
Tilt 1;10.05.2022 14:00:04;-1.077;0.149
Tilt 1;10.05.2022 15:00:04;-1.075;0.149
Tilt 1;10.05.2022 16:00:07;-1.075;0.149
Tilt 1;10.05.2022 17:00:05;-1.075;0.149
Tilt 1;10.05.2022 18:00:04;-1.075;0.147
Tilt 1;10.05.2022 19:00:04;-1.075;0.149
Tilt 1;10.05.2022 20:00:06;-1.075;0.149
Tilt 1;10.05.2022 21:00:04;-1.075;0.149
Tilt 1;10.05.2022 22:00:05;-1.077;0.149
Tilt 1;10.05.2022 23:00:05;-1.075;0.149
Tilt 1;11.05.2022 00:00:06;-1.075;0.151
Tilt 1;11.05.2022 01:00:04;-1.079;0.149
Tilt 1;11.05.2022 02:00:04;-1.075;0.153
Tilt 1;11.05.2022 03:00:05;-1.077;0.151
Tilt 1;11.05.2022 04:00:07;-1.077;0.151
Tilt 1;11.05.2022 05:00:05;-1.077;0.151
Tilt 1;11.05.2022 06:00:05;-1.075;0.149
Tilt 1;11.05.2022 07:00:04;-1.075;0.149
Tilt 1;11.05.2022 08:00:06;-1.079;0.147
Tilt 1;11.05.2022 09:00:04;-1.077;0.149
Tilt 1;11.05.2022 10:00:05;-1.075;0.149
Tilt 1;11.05.2022 11:00:05;-1.075;0.149
Tilt 1;11.05.2022 12:00:06;-1.075;0.149
Tilt 1;11.05.2022 13:00:04;-1.075;0.149
Tilt 1;11.05.2022 14:00:04;-1.075;0.151
Tilt 1;11.05.2022 15:00:04;-1.075;0.151
Tilt 1;11.05.2022 16:00:07;-1.075;0.151
Tilt 1;11.05.2022 17:00:05;-1.077;0.153
Tilt 1;11.05.2022 18:00:04;-1.075;0.151
Tilt 1;11.05.2022 19:00:04;-1.075;0.153
Tilt 1;11.05.2022 20:00:06;-1.075;0.151
Tilt 1;11.05.2022 21:00:04;-1.075;0.153
Tilt 1;11.05.2022 22:00:04;-1.077;0.153
Tilt 1;11.05.2022 23:00:05;-1.075;0.153
Tilt 1;12.05.2022 00:00:07;-1.075;0.153
Tilt 1;12.05.2022 01:00:04;-1.077;0.151
Tilt 1;12.05.2022 02:00:04;-1.079;0.153
Tilt 1;12.05.2022 03:00:05;-1.077;0.151
Tilt 1;12.05.2022 04:00:07;-1.077;0.153
Tilt 1;12.05.2022 05:00:04;-1.079;0.153
Tilt 1;12.05.2022 06:00:05;-1.077;0.153
Tilt 1;12.05.2022 07:00:05;-1.077;0.153
Tilt 1;12.05.2022 08:00:06;-1.079;0.153
Tilt 1;12.05.2022 09:00:04;-1.079;0.153
Tilt 1;12.05.2022 10:00:05;-1.075;0.153
Tilt 1;12.05.2022 11:00:04;-1.075;0.153
Tilt 1;12.05.2022 12:00:26;-1.075;0.153
Tilt 1;12.05.2022 13:00:05;-1.075;0.149
Tilt 1;12.05.2022 14:00:04;-1.075;0.146
Tilt 1;12.05.2022 15:00:04;-1.073;0.147
Tilt 1;12.05.2022 16:00:06;-1.075;0.149
Tilt 1;12.05.2022 17:00:04;-1.075;0.149
Tilt 1;12.05.2022 18:00:05;-1.075;0.149
Tilt 1;12.05.2022 19:00:05;-1.075;0.151
Tilt 1;12.05.2022 20:00:06;-1.075;0.153
Tilt 1;12.05.2022 21:00:04;-1.075;0.153
Tilt 1;12.05.2022 22:00:04;-1.073;0.153
Tilt 1;12.05.2022 23:00:04;-1.075;0.153
Tilt 1;13.05.2022 00:00:07;-1.075;0.153
Tilt 1;13.05.2022 01:00:05;-1.077;0.153
Tilt 1;13.05.2022 02:00:05;-1.075;0.153
Tilt 1;13.05.2022 03:00:04;-1.075;0.153
Tilt 1;13.05.2022 04:00:06;-1.077;0.153
Tilt 1;13.05.2022 05:00:04;-1.077;0.153
Tilt 1;13.05.2022 06:00:05;-1.077;0.153
Tilt 1;13.05.2022 07:00:04;-1.077;0.153
Tilt 1;13.05.2022 08:00:07;-1.077;0.149
Tilt 1;13.05.2022 09:00:04;-1.075;0.151
Tilt 1;13.05.2022 10:00:04;-1.073;0.149
Tilt 1;13.05.2022 11:00:04;-1.077;0.149
Tilt 1;13.05.2022 12:00:07;-1.075;0.149
Tilt 1;13.05.2022 13:00:05;-1.075;0.149
Tilt 1;13.05.2022 14:00:05;-1.075;0.149
Tilt 1;13.05.2022 15:00:04;-1.075;0.151
Tilt 1;13.05.2022 16:00:06;-1.073;0.151
Tilt 1;13.05.2022 17:00:04;-1.075;0.149
Tilt 1;13.05.2022 18:00:04;-1.075;0.151
Tilt 1;13.05.2022 19:00:05;-1.075;0.153
Tilt 1;13.05.2022 20:00:07;-1.077;0.151
Tilt 1;13.05.2022 21:00:04;-1.075;0.153
Tilt 1;13.05.2022 22:00:04;-1.075;0.151
Tilt 1;13.05.2022 23:00:04;-1.077;0.153
Tilt 1;14.05.2022 00:00:06;-1.079;0.151
Tilt 1;14.05.2022 01:00:04;-1.077;0.151
Tilt 1;14.05.2022 02:00:04;-1.079;0.153
Tilt 1;14.05.2022 03:00:05;-1.077;0.153
Tilt 1;14.05.2022 04:00:07;-1.077;0.153
Tilt 1;14.05.2022 05:00:04;-1.079;0.153
Tilt 1;14.05.2022 06:00:04;-1.077;0.153
Tilt 1;14.05.2022 07:00:04;-1.079;0.155
Tilt 1;14.05.2022 08:00:07;-1.079;0.153
Tilt 1;14.05.2022 09:00:04;-1.077;0.153
Tilt 1;14.05.2022 10:00:05;-1.077;0.153
Tilt 1;14.05.2022 11:00:05;-1.075;0.151
Tilt 1;14.05.2022 12:00:06;-1.077;0.151
Tilt 1;14.05.2022 13:00:04;-1.073;0.149
Tilt 1;14.05.2022 14:00:05;-1.075;0.149
Tilt 1;14.05.2022 15:00:04;-1.075;0.146
Tilt 1;14.05.2022 16:00:07;-1.073;0.149
Tilt 1;14.05.2022 17:00:05;-1.075;0.149
Tilt 1;14.05.2022 18:00:04;-1.075;0.151
Tilt 1;14.05.2022 19:00:04;-1.075;0.151
Tilt 1;14.05.2022 20:00:06;-1.075;0.153
Tilt 1;14.05.2022 21:00:04;-1.075;0.153
Tilt 1;14.05.2022 22:00:05;-1.075;0.151
Tilt 1;14.05.2022 23:00:05;-1.077;0.153
Tilt 1;15.05.2022 00:00:06;-1.075;0.151
Tilt 1;15.05.2022 01:00:04;-1.079;0.153
Tilt 1;15.05.2022 02:00:05;-1.075;0.151
Tilt 1;15.05.2022 03:00:04;-1.079;0.151
Tilt 1;15.05.2022 04:00:07;-1.079;0.149
Tilt 1;15.05.2022 05:00:04;-1.079;0.151
Tilt 1;15.05.2022 06:00:04;-1.077;0.151
Tilt 1;28.07.2022 12:00:07;-0.926;0.442
Tilt 1;28.07.2022 13:00:07;-0.969;0.405
Tilt 1;28.07.2022 14:00:25;-1.043;0.335
Tilt 1;28.07.2022 15:00:07;-1.036;0.342
Tilt 1;28.07.2022 16:00:07;-1.054;0.322
Tilt 1;28.07.2022 17:00:06;-1.058;0.322
Tilt 1;28.07.2022 18:00:07;-1.062;0.344
Tilt 1;29.07.2022 10:00:07;-1.019;0.377
Tilt 1;29.07.2022 11:00:06;-0.993;0.390
Tilt 1;29.07.2022 12:00:06;-0.982;0.394
Tilt 1;29.07.2022 13:00:07;-1.066;0.340
Tilt 1;29.07.2022 14:00:07;-1.034;0.338
Tilt 1;29.07.2022 15:00:07;-1.027;0.340
Tilt 1;29.07.2022 16:00:07;-1.084;0.327
Tilt 1;29.07.2022 17:00:06;-1.054;0.329
Tilt 1;29.07.2022 18:00:06;-1.019;0.353
Tilt 1;29.07.2022 19:00:06;-0.982;0.387
Tilt 1;30.07.2022 02:00:06;-0.923;0.474
Tilt 1;30.07.2022 03:00:07;-1.004;0.431
Tilt 1;30.07.2022 04:00:07;-0.949;0.424
Tilt 1;30.07.2022 05:00:07;-0.895;0.470
Tilt 1;30.07.2022 10:00:07;-0.856;0.483
Tilt 1;30.07.2022 11:00:07;-0.888;0.476
Tilt 1;30.07.2022 12:00:07;-0.889;0.470
Tilt 1;31.07.2022 23:00:07;-0.915;0.453
Tilt 1;01.08.2022 00:00:07;-0.958;0.448
Tilt 1;01.08.2022 01:00:07;-0.951;0.439
Tilt 1;01.08.2022 02:00:07;-0.982;0.431
Tilt 1;01.08.2022 03:00:07;-0.932;0.446
Tilt 1;01.08.2022 04:00:07;-0.945;0.440
Tilt 1;01.08.2022 05:00:06;-0.951;0.409
Tilt 1;01.08.2022 06:00:07;-0.977;0.427
Tilt 1;01.08.2022 07:00:06;-0.973;0.426
Tilt 1;01.08.2022 20:00:07;-0.978;0.444
Tilt 1;01.08.2022 21:00:07;-0.956;0.442
Tilt 1;01.08.2022 22:00:07;-0.980;0.405
Tilt 1;01.08.2022 23:00:07;-1.066;0.361
Tilt 1;02.08.2022 00:00:06;-1.036;0.353
Tilt 1;02.08.2022 01:00:06;-1.047;0.348
Tilt 1;02.08.2022 02:00:06;-1.014;0.372
Tilt 1;02.08.2022 03:00:07;-1.054;0.376
Tilt 1;02.08.2022 04:00:07;-1.040;0.379
Tilt 1;02.08.2022 05:00:07;-0.984;0.411
Tilt 1;02.08.2022 06:00:07;-0.986;0.465
Tilt 1;02.08.2022 07:00:07;-0.945;0.433
Tilt 1;02.08.2022 08:00:06;-0.895;0.507
Tilt 1;02.08.2022 10:00:07;-0.886;0.568
Tilt 1;02.08.2022 11:00:07;-0.980;0.478
Tilt 1;02.08.2022 12:00:07;-0.941;0.492
Tilt 1;02.08.2022 13:00:07;-0.923;0.487
Tilt 1;04.08.2022 20:00:07;-0.964;0.450
Tilt 1;04.08.2022 21:00:07;-0.984;0.455
Tilt 1;04.08.2022 22:00:06;-0.939;0.465
Tilt 1;04.08.2022 23:00:06;-0.949;0.489
Tilt 1;05.08.2022 00:00:06;-0.930;0.468
Tilt 1;05.08.2022 01:00:07;-0.956;0.487
Tilt 1;05.08.2022 02:00:06;-0.967;0.452
Tilt 1;05.08.2022 03:00:07;-1.010;0.444
Tilt 1;05.08.2022 04:00:07;-1.008;0.442
Tilt 1;05.08.2022 05:00:07;-0.977;0.444
Tilt 1;05.08.2022 06:00:07;-0.986;0.427
Tilt 1;05.08.2022 07:00:07;-0.941;0.468
Tilt 1;05.08.2022 08:00:24;-0.889;0.554
Tilt 1;05.08.2022 09:00:06;-0.971;0.431
Tilt 1;05.08.2022 20:00:07;-0.982;0.442
Tilt 1;05.08.2022 21:00:06;-0.977;0.448
Tilt 1;05.08.2022 22:00:06;-1.029;0.413
Tilt 1;05.08.2022 23:00:06;-1.030;0.414
Tilt 1;06.08.2022 00:00:07;-1.051;0.403
Tilt 1;06.08.2022 01:00:07;-1.027;0.390
Tilt 1;06.08.2022 02:00:07;-1.027;0.385
Tilt 1;06.08.2022 03:00:07;-1.043;0.383
Tilt 1;06.08.2022 04:00:06;-1.029;0.411
Tilt 1;06.08.2022 05:00:07;-1.034;0.414
Tilt 1;06.08.2022 06:00:06;-0.990;0.433
Tilt 1;06.08.2022 07:00:07;-0.991;0.433
Tilt 1;06.08.2022 08:00:07;-0.967;0.463
Tilt 1;06.08.2022 09:00:07;-0.954;0.457
Tilt 1;06.08.2022 10:00:07;-0.986;0.468
Tilt 1;06.08.2022 11:00:06;-0.954;0.466
Tilt 1;06.08.2022 14:00:07;-0.952;0.431
Tilt 1;06.08.2022 15:00:07;-1.004;0.442
Tilt 1;06.08.2022 16:00:07;-0.869;0.544
Tilt 1;06.08.2022 17:00:06;-0.886;0.533
Tilt 1;06.08.2022 18:00:06;-0.954;0.479
Tilt 1;06.08.2022 19:00:07;-0.978;0.468
Tilt 1;06.08.2022 20:00:07;-0.943;0.455
Tilt 1;06.08.2022 21:00:07;-0.967;0.429
Tilt 1;06.08.2022 22:00:07;-0.990;0.472
Tilt 1;06.08.2022 23:00:07;-0.964;0.450
Tilt 1;07.08.2022 00:00:06;-0.971;0.457
Tilt 1;07.08.2022 01:00:07;-0.954;0.474
Tilt 1;07.08.2022 02:00:07;-0.960;0.483
Tilt 1;07.08.2022 03:00:07;-0.991;0.437
Tilt 1;07.08.2022 04:00:06;-0.973;0.476
Tilt 1;07.08.2022 05:00:06;-0.947;0.446
Tilt 1;07.08.2022 06:00:06;-0.962;0.470
Tilt 1;07.08.2022 07:00:07;-0.978;0.476
Tilt 1;07.08.2022 08:00:07;-0.932;0.457
Tilt 1;07.08.2022 09:00:07;-0.973;0.478
Tilt 1;07.08.2022 23:00:06;-0.886;0.526
Tilt 1;08.08.2022 00:00:06;-0.873;0.565
Tilt 1;08.08.2022 01:00:07;-0.914;0.537
Tilt 1;08.08.2022 02:00:06;-0.930;0.524
Tilt 1;08.08.2022 03:00:07;-0.962;0.498
Tilt 1;08.08.2022 04:00:06;-0.941;0.489
Tilt 1;08.08.2022 05:00:06;-0.951;0.498
Tilt 1;08.08.2022 06:00:07;-0.899;0.585
Tilt 1;13.08.2022 10:00:07;-0.878;0.503
Tilt 1;13.08.2022 11:00:07;-0.862;0.565
Tilt 1;13.08.2022 12:00:07;-1.016;0.418
Tilt 1;13.08.2022 13:00:07;-1.077;0.400
Tilt 1;13.08.2022 14:00:07;-0.952;0.479
Tilt 1;13.08.2022 15:00:06;-1.053;0.385
Tilt 1;13.08.2022 16:00:06;-1.071;0.374
Tilt 1;13.08.2022 17:00:07;-1.095;0.377
Tilt 1;13.08.2022 18:00:07;-0.938;0.487
Tilt 1;14.08.2022 09:00:07;-0.951;0.483
Tilt 1;14.08.2022 10:00:06;-1.079;0.374
Tilt 1;14.08.2022 11:00:24;-1.082;0.370
Tilt 1;14.08.2022 13:00:07;-1.075;0.377
Tilt 1;14.08.2022 14:00:06;-1.071;0.368
Tilt 1;14.08.2022 16:00:06;-1.075;0.385
Tilt 1;14.08.2022 17:00:07;-1.073;0.372
Tilt 1;14.08.2022 18:00:07;-1.071;0.409
Tilt 1;14.08.2022 19:00:07;-0.824;0.593
Tilt 1;17.08.2022 22:00:06;-0.949;0.470
Tilt 1;17.08.2022 23:00:06;-0.971;0.455
Tilt 1;18.08.2022 00:00:07;-0.982;0.470
Tilt 1;18.08.2022 01:00:07;-0.984;0.470
Tilt 1;18.08.2022 02:00:07;-0.978;0.466
Tilt 1;18.08.2022 03:00:07;-0.958;0.470
Tilt 1;18.08.2022 04:00:06;-0.969;0.492
Tilt 1;18.08.2022 05:00:07;-1.003;0.457
Tilt 1;18.08.2022 06:00:06;-0.991;0.455
Tilt 1;18.08.2022 13:00:07;-0.986;0.433
Tilt 1;18.08.2022 14:00:07;-0.995;0.439
Tilt 1;18.08.2022 15:00:07;-1.056;0.400
Tilt 1;18.08.2022 16:00:07;-0.915;0.492
Tilt 1;21.08.2022 06:00:06;-0.954;0.479
Tilt 1;21.08.2022 18:00:06;-0.982;0.470
Tilt 1;21.08.2022 19:00:07;-1.004;0.461
Tilt 1;21.08.2022 20:00:07;-0.971;0.461
Tilt 1;21.08.2022 21:00:07;-0.964;0.479
Tilt 1;21.08.2022 22:00:07;-1.016;0.479
Tilt 1;21.08.2022 23:00:06;-0.977;0.465
Tilt 1;22.08.2022 00:00:06;-0.984;0.470
Tilt 1;22.08.2022 01:00:06;-0.997;0.474
Tilt 1;22.08.2022 02:00:07;-0.990;0.446
Tilt 1;22.08.2022 03:00:07;-0.999;0.465
Tilt 1;22.08.2022 04:00:07;-0.997;0.452
Tilt 1;22.08.2022 05:00:07;-1.016;0.474
Tilt 1;22.08.2022 06:00:07;-0.982;0.459
Tilt 1;22.08.2022 07:00:06;-0.997;0.474
Tilt 1;22.08.2022 08:00:06;-0.958;0.483
Tilt 1;22.08.2022 20:00:07;-1.036;0.472
Tilt 1;22.08.2022 21:00:06;-1.019;0.435
Tilt 1;22.08.2022 22:00:07;-1.047;0.431
Tilt 1;22.08.2022 23:00:07;-1.088;0.413
Tilt 1;23.08.2022 00:00:07;-1.040;0.437
Tilt 1;23.08.2022 01:00:07;-1.032;0.429
Tilt 1;23.08.2022 02:00:07;-1.006;0.470
Tilt 1;23.08.2022 03:00:06;-0.984;0.470
Tilt 1;23.08.2022 04:00:07;-1.019;0.455
Tilt 1;23.08.2022 05:00:06;-0.973;0.478
Tilt 1;23.08.2022 06:00:07;-1.006;0.455
Tilt 1;23.08.2022 07:00:07;-0.973;0.502
Tilt 1;23.08.2022 12:00:07;-0.915;0.505
Tilt 1;23.08.2022 13:00:07;-1.023;0.411
Tilt 1;23.08.2022 15:00:07;-1.075;0.374
Tilt 1;23.08.2022 16:00:06;-1.075;0.376
Tilt 1;23.08.2022 17:00:06;-0.951;0.468
Tilt 1;23.08.2022 18:00:07;-0.980;0.487
Tilt 1;27.08.2022 04:00:08;-1.012;0.487
Tilt 1;27.08.2022 05:00:49;-1.045;0.455
Tilt 1;27.08.2022 06:00:07;-1.014;0.446
Tilt 1;27.08.2022 07:00:07;-0.967;0.520
Tilt 1;27.08.2022 19:00:07;-1.042;0.463
Tilt 1;27.08.2022 20:00:07;-1.001;0.474
Tilt 1;27.08.2022 21:00:06;-0.991;0.455
Tilt 1;27.08.2022 22:00:06;-1.004;0.479
Tilt 1;27.08.2022 23:00:07;-1.064;0.444
Tilt 1;28.08.2022 00:00:06;-1.049;0.444
Tilt 1;28.08.2022 01:00:07;-1.036;0.437
Tilt 1;28.08.2022 02:00:06;-1.016;0.468
Tilt 1;28.08.2022 03:00:07;-1.038;0.453
Tilt 1;28.08.2022 04:00:06;-0.986;0.491
Tilt 1;28.08.2022 05:00:07;-1.004;0.461
Tilt 1;28.08.2022 06:00:07;-1.040;0.465
Tilt 1;28.08.2022 07:00:25;-0.973;0.524
Tilt 1;28.08.2022 08:00:07;-0.967;0.516
Tilt 1;28.08.2022 13:00:07;-1.008;0.468
Tilt 1;28.08.2022 14:00:07;-1.032;0.422
Tilt 1;28.08.2022 15:00:06;-1.060;0.401
Tilt 1;28.08.2022 16:00:06;-1.067;0.394
Tilt 1;28.08.2022 17:00:07;-1.053;0.437
Tilt 1;28.08.2022 21:00:07;-0.986;0.515
Tilt 1;28.08.2022 22:00:06;-1.014;0.474
Tilt 1;28.08.2022 23:00:06;-1.006;0.453
Tilt 1;29.08.2022 00:00:07;-1.042;0.465
Tilt 1;29.08.2022 01:00:17;-1.090;0.446
Tilt 1;29.08.2022 02:00:07;-1.006;0.479
Tilt 1;29.08.2022 03:00:06;-1.014;0.461
Tilt 1;29.08.2022 04:00:07;-1.058;0.442
Tilt 1;29.08.2022 05:00:07;-1.014;0.474
Tilt 1;29.08.2022 06:00:07;-1.010;0.479
Tilt 1;29.08.2022 07:00:07;-1.006;0.516
Tilt 1;29.08.2022 11:00:07;-0.930;0.507
Tilt 1;29.08.2022 12:00:07;-0.982;0.478
Tilt 1;29.08.2022 13:00:07;-0.967;0.496
Tilt 1;29.08.2022 23:00:06;-0.986;0.507
Tilt 1;30.08.2022 00:00:06;-1.016;0.468
Tilt 1;30.08.2022 01:00:07;-1.034;0.470
Tilt 1;30.08.2022 02:00:39;-0.969;0.537
Tilt 1;30.08.2022 03:00:07;-1.001;0.465
Tilt 1;30.08.2022 04:00:07;-1.003;0.465
Tilt 1;30.08.2022 05:00:06;-1.019;0.479
Tilt 1;30.08.2022 06:00:07;-1.053;0.466
Tilt 1;30.08.2022 07:00:07;-1.032;0.474
Tilt 1;30.08.2022 12:00:06;-1.016;0.455
Tilt 1;30.08.2022 14:00:07;-1.051;0.426
Tilt 1;30.08.2022 15:00:06;-1.023;0.446
Tilt 1;30.08.2022 22:00:06;-1.006;0.503
Tilt 1;30.08.2022 23:00:06;-1.047;0.468
Tilt 1;31.08.2022 00:00:07;-1.066;0.466
Tilt 1;31.08.2022 01:00:07;-1.023;0.466
Tilt 1;31.08.2022 02:00:06;-1.030;0.465
Tilt 1;31.08.2022 03:00:06;-1.023;0.476
Tilt 1;31.08.2022 04:00:07;-1.060;0.483
Tilt 1;31.08.2022 05:00:07;-1.056;0.478
Tilt 1;31.08.2022 06:00:07;-1.042;0.459
Tilt 1;31.08.2022 07:00:07;-1.084;0.459
Tilt 1;31.08.2022 08:00:07;-0.954;0.572
Tilt 1;31.08.2022 11:00:07;-0.904;0.591
Tilt 1;31.08.2022 12:00:07;-0.954;0.522
Tilt 1;31.08.2022 13:00:07;-1.038;0.450
Tilt 1;31.08.2022 14:00:07;-1.093;0.429
Tilt 1;31.08.2022 15:00:06;-1.064;0.413
Tilt 1;31.08.2022 16:00:06;-1.066;0.413
Tilt 1;31.08.2022 17:00:06;-1.040;0.442
Tilt 1;31.08.2022 18:00:07;-0.917;0.518
Tilt 1;31.08.2022 22:00:06;-0.988;0.511
Tilt 1;31.08.2022 23:00:06;-1.019;0.452
Tilt 1;01.09.2022 00:00:06;-1.017;0.461
Tilt 1;01.09.2022 01:00:07;-1.038;0.461
Tilt 1;01.09.2022 02:00:07;-1.079;0.452
Tilt 1;01.09.2022 03:00:07;-1.038;0.468
Tilt 1;01.09.2022 04:00:06;-1.042;0.446
Tilt 1;01.09.2022 05:00:06;-1.043;0.453
Tilt 1;01.09.2022 06:00:07;-1.075;0.461
Tilt 1;01.09.2022 07:00:07;-1.056;0.452
Tilt 1;01.09.2022 08:00:07;-1.006;0.520
Tilt 1;01.09.2022 16:00:27;-1.047;0.431
Tilt 1;02.09.2022 00:00:06;-1.034;0.496
Tilt 1;02.09.2022 01:00:07;-1.090;0.442
Tilt 1;02.09.2022 02:00:07;-1.095;0.442
Tilt 1;02.09.2022 03:00:07;-1.103;0.446
Tilt 1;02.09.2022 04:00:07;-1.101;0.442
Tilt 1;02.09.2022 05:00:06;-1.105;0.431
Tilt 1;02.09.2022 06:00:06;-1.112;0.442
Tilt 1;02.09.2022 07:00:07;-1.106;0.431
Tilt 1;02.09.2022 08:00:07;-1.116;0.433
Tilt 1;02.09.2022 11:00:07;-1.105;0.429
Tilt 1;02.09.2022 12:00:06;-1.125;0.414
Tilt 1;02.09.2022 13:00:06;-1.127;0.413
Tilt 1;02.09.2022 14:00:07;-1.127;0.413
Tilt 1;02.09.2022 15:00:07;-1.125;0.407
Tilt 1;02.09.2022 16:00:07;-1.119;0.413
Tilt 1;02.09.2022 17:00:07;-1.084;0.440
Tilt 1;02.09.2022 21:00:07;-1.034;0.491
Tilt 1;02.09.2022 22:00:07;-1.080;0.479
Tilt 1;02.09.2022 23:00:07;-1.106;0.453
Tilt 1;03.09.2022 00:00:06;-1.112;0.429
Tilt 1;03.09.2022 01:00:06;-1.132;0.427
Tilt 1;03.09.2022 02:00:07;-1.121;0.424
Tilt 1;03.09.2022 03:00:07;-1.121;0.427
Tilt 1;03.09.2022 04:00:07;-1.123;0.427
Tilt 1;03.09.2022 05:00:07;-1.134;0.424
Tilt 1;03.09.2022 06:00:07;-1.127;0.422
Tilt 1;03.09.2022 07:00:06;-1.131;0.422
Tilt 1;03.09.2022 08:00:06;-1.116;0.440
Tilt 1;03.09.2022 11:00:07;-1.047;0.483
Tilt 1;03.09.2022 12:00:07;-1.075;0.453
Tilt 1;03.09.2022 13:00:06;-1.121;0.418
Tilt 1;03.09.2022 14:00:06;-1.119;0.418
Tilt 1;03.09.2022 15:00:06;-1.127;0.416
Tilt 1;03.09.2022 16:00:07;-1.119;0.416
Tilt 1;03.09.2022 17:00:07;-1.114;0.426
Tilt 1;05.10.2022 17:00:07;-1.001;0.656
Tilt 1;05.10.2022 19:00:07;-1.034;0.618
Tilt 1;05.10.2022 20:00:07;-1.045;0.598
Tilt 1;05.10.2022 21:00:06;-1.077;0.604
Tilt 1;05.10.2022 22:00:06;-1.099;0.574
Tilt 1;05.10.2022 23:00:07;-1.108;0.570
Tilt 1;06.10.2022 00:00:07;-1.112;0.554
Tilt 1;06.10.2022 01:00:06;-1.112;0.555
Tilt 1;06.10.2022 02:00:06;-1.121;0.552
Tilt 1;06.10.2022 03:00:07;-1.125;0.555
Tilt 1;06.10.2022 04:00:07;-1.118;0.559
Tilt 1;06.10.2022 05:00:07;-1.112;0.550
Tilt 1;06.10.2022 06:00:07;-1.114;0.554
Tilt 1;06.10.2022 07:00:06;-1.108;0.567
Tilt 1;06.10.2022 08:00:06;-1.116;0.576
Tilt 1;06.10.2022 09:00:07;-1.118;0.559
Tilt 1;06.10.2022 10:00:07;-1.095;0.570
Tilt 1;06.10.2022 11:00:07;-1.106;0.567
Tilt 1;06.10.2022 12:00:07;-1.097;0.554
Tilt 1;06.10.2022 13:00:06;-1.079;0.565
Tilt 1;06.10.2022 14:00:07;-1.103;0.557
Tilt 1;06.10.2022 15:00:06;-1.099;0.574
Tilt 1;06.10.2022 16:00:07;-1.099;0.574
Tilt 1;06.10.2022 17:00:07;-1.110;0.565
Tilt 1;06.10.2022 18:00:07;-1.127;0.567
Tilt 1;06.10.2022 19:00:06;-1.125;0.557
Tilt 1;06.10.2022 20:00:06;-1.125;0.544
Tilt 1;06.10.2022 21:00:07;-1.119;0.552
Tilt 1;06.10.2022 22:00:07;-1.134;0.563
Tilt 1;06.10.2022 23:00:07;-1.114;0.559
Tilt 1;07.10.2022 00:00:07;-1.103;0.567
Tilt 1;07.10.2022 01:00:07;-1.112;0.565
Tilt 1;07.10.2022 02:00:07;-1.106;0.561
Tilt 1;07.10.2022 03:00:06;-1.108;0.570
Tilt 1;07.10.2022 04:00:07;-1.112;0.563
Tilt 1;07.10.2022 05:00:06;-1.121;0.565
Tilt 1;07.10.2022 06:00:07;-1.116;0.563
Tilt 1;07.10.2022 17:00:06;-1.099;0.574
Tilt 1;07.10.2022 18:00:07;-1.114;0.565
Tilt 1;07.10.2022 19:00:07;-1.114;0.563
Tilt 1;07.10.2022 20:00:07;-1.127;0.574
Tilt 1;07.10.2022 21:00:07;-1.131;0.580
Tilt 1;07.10.2022 22:00:06;-1.129;0.563
Tilt 1;07.10.2022 23:00:06;-1.129;0.563
Tilt 1;08.10.2022 00:00:06;-1.145;0.544
Tilt 1;08.10.2022 01:00:07;-1.164;0.541
Tilt 1;08.10.2022 02:00:07;-1.162;0.542
Tilt 1;08.10.2022 03:00:07;-1.162;0.544
Tilt 1;08.10.2022 04:00:07;-1.164;0.542
Tilt 1;08.10.2022 05:00:06;-1.157;0.554
Tilt 1;08.10.2022 06:00:07;-1.155;0.552
Tilt 1;08.10.2022 07:00:06;-1.151;0.552
Tilt 1;08.10.2022 08:00:07;-1.134;0.555
Tilt 1;08.10.2022 09:00:07;-1.131;0.563
Tilt 1;08.10.2022 10:00:07;-1.125;0.567
Tilt 1;08.10.2022 11:00:07;-1.166;0.544
Tilt 1;08.10.2022 12:00:25;-1.164;0.542
Tilt 1;08.10.2022 13:00:07;-1.166;0.542
Tilt 1;08.10.2022 14:00:07;-1.164;0.542
Tilt 1;08.10.2022 15:00:07;-1.164;0.542
Tilt 1;08.10.2022 16:00:07;-1.164;0.542
Tilt 1;08.10.2022 17:00:06;-1.106;0.594
Tilt 1;08.10.2022 18:00:06;-1.164;0.544
Tilt 1;08.10.2022 19:00:06;-1.145;0.565
Tilt 1;08.10.2022 20:00:07;-1.155;0.550
Tilt 1;08.10.2022 21:00:07;-1.164;0.552
Tilt 1;08.10.2022 22:00:07;-1.164;0.550
Tilt 1;08.10.2022 23:00:06;-1.164;0.550
Tilt 1;09.10.2022 00:00:07;-1.164;0.552
Tilt 1;09.10.2022 01:00:06;-1.158;0.554
Tilt 1;09.10.2022 02:00:06;-1.155;0.561
Tilt 1;09.10.2022 03:00:06;-1.136;0.570
Tilt 1;09.10.2022 04:00:07;-1.132;0.568
Tilt 1;09.10.2022 05:00:07;-1.125;0.568
Tilt 1;09.10.2022 06:00:07;-1.123;0.576
Tilt 1;09.10.2022 07:00:07;-1.099;0.587
Tilt 1;09.10.2022 08:00:06;-1.116;0.596
Tilt 1;09.10.2022 09:00:06;-1.075;0.596
Tilt 1;09.10.2022 10:00:06;-1.097;0.609
Tilt 1;09.10.2022 11:00:07;-1.001;0.665
Tilt 1;09.10.2022 12:00:07;-0.964;0.733
Tilt 1;09.10.2022 13:00:07;-0.954;0.713
Tilt 1;09.10.2022 14:00:06;-1.014;0.702
Tilt 1;09.10.2022 15:00:07;-0.995;0.693
Tilt 1;09.10.2022 16:00:06;-0.995;0.709
Tilt 1;09.10.2022 17:00:07;-0.995;0.702
Tilt 1;09.10.2022 18:00:07;-0.999;0.685
Tilt 1;09.10.2022 19:00:07;-1.010;0.672
Tilt 1;09.10.2022 20:00:07;-1.030;0.652
Tilt 1;09.10.2022 21:00:06;-1.053;0.657
Tilt 1;09.10.2022 22:00:07;-1.008;0.674
Tilt 1;09.10.2022 23:00:06;-1.010;0.659
Tilt 1;10.10.2022 00:00:07;-0.982;0.702
Tilt 1;10.10.2022 01:00:07;-0.978;0.706
Tilt 1;10.10.2022 02:00:07;-0.964;0.719
Tilt 1;10.10.2022 03:00:07;-0.975;0.730
Tilt 1;10.10.2022 04:00:06;-1.001;0.732
Tilt 1;10.10.2022 05:00:06;-1.025;0.682
Tilt 1;10.10.2022 06:00:07;-1.058;0.663
Tilt 1;10.10.2022 07:00:07;-1.053;0.644
Tilt 1;10.10.2022 08:00:07;-1.066;0.631
Tilt 1;10.10.2022 09:00:07;-1.069;0.613
Tilt 1;10.10.2022 10:00:07;-1.112;0.580
Tilt 1;10.10.2022 11:00:06;-1.119;0.602
Tilt 1;10.10.2022 12:00:06;-1.093;0.630
Tilt 1;10.10.2022 13:00:07;-1.168;0.555
Tilt 1;10.10.2022 14:00:07;-1.166;0.555
Tilt 1;10.10.2022 15:00:07;-1.166;0.557
Tilt 1;10.10.2022 16:00:07;-1.095;0.613
Tilt 1;10.10.2022 17:00:06;-1.112;0.602
Tilt 1;10.10.2022 18:00:07;-1.112;0.609
Tilt 1;10.10.2022 19:00:06;-1.136;0.578
Tilt 1;10.10.2022 20:00:07;-1.140;0.576
Tilt 1;10.10.2022 21:00:07;-1.134;0.580
Tilt 1;10.10.2022 22:00:07;-1.149;0.576
Tilt 1;10.10.2022 23:00:06;-1.149;0.572
Tilt 1;11.10.2022 00:00:06;-1.155;0.568
Tilt 1;11.10.2022 01:00:06;-1.162;0.568
Tilt 1;11.10.2022 02:00:07;-1.162;0.570
Tilt 1;11.10.2022 03:00:07;-1.160;0.570
Tilt 1;11.10.2022 04:00:07;-1.162;0.570
Tilt 1;11.10.2022 05:00:07;-1.166;0.570
Tilt 1;11.10.2022 06:00:06;-1.168;0.565
Tilt 1;11.10.2022 07:00:06;-1.164;0.568
Tilt 1;11.10.2022 08:00:06;-1.168;0.570
Tilt 1;11.10.2022 09:00:07;-1.160;0.570
Tilt 1;11.10.2022 10:00:07;-1.155;0.572
Tilt 1;11.10.2022 11:00:07;-1.145;0.591
Tilt 1;11.10.2022 12:00:07;-1.170;0.567
Tilt 1;11.10.2022 13:00:25;-1.171;0.563
Tilt 1;11.10.2022 14:00:07;-1.170;0.565
Tilt 1;11.10.2022 15:00:07;-1.170;0.563
Tilt 1;11.10.2022 16:00:07;-1.168;0.565
Tilt 1;11.10.2022 17:00:06;-1.142;0.583
Tilt 1;11.10.2022 18:00:06;-1.147;0.585
Tilt 1;11.10.2022 19:00:06;-1.145;0.580
Tilt 1;11.10.2022 20:00:07;-1.149;0.580
Tilt 1;11.10.2022 21:00:07;-1.147;0.578
Tilt 1;11.10.2022 22:00:07;-1.147;0.583
Tilt 1;11.10.2022 23:00:06;-1.145;0.589
Tilt 1;12.10.2022 00:00:07;-1.140;0.581
Tilt 1;12.10.2022 01:00:07;-1.140;0.587
Tilt 1;12.10.2022 02:00:06;-1.144;0.585
Tilt 1;12.10.2022 03:00:06;-1.144;0.585
Tilt 1;12.10.2022 04:00:07;-1.138;0.587
Tilt 1;12.10.2022 05:00:07;-1.138;0.589
Tilt 1;12.10.2022 06:00:07;-1.144;0.589
Tilt 1;12.10.2022 07:00:07;-1.127;0.589
Tilt 1;12.10.2022 08:00:06;-1.123;0.607
Tilt 1;12.10.2022 09:00:06;-1.108;0.617
Tilt 1;12.10.2022 10:00:06;-1.069;0.626
Tilt 1;12.10.2022 11:00:07;-1.042;0.654
Tilt 1;12.10.2022 17:00:07;-1.045;0.661
Tilt 1;12.10.2022 18:00:07;-1.079;0.644
Tilt 1;12.10.2022 19:00:07;-1.066;0.644
Tilt 1;12.10.2022 20:00:07;-1.071;0.646
Tilt 1;12.10.2022 21:00:06;-1.092;0.630
Tilt 1;12.10.2022 22:00:07;-1.086;0.631
Tilt 1;12.10.2022 23:00:06;-1.075;0.641
Tilt 1;13.10.2022 00:00:07;-1.077;0.656
Tilt 1;13.10.2022 01:00:07;-1.097;0.626
Tilt 1;13.10.2022 02:00:07;-1.082;0.650
Tilt 1;13.10.2022 03:00:07;-1.060;0.644
Tilt 1;13.10.2022 15:00:07;-1.170;0.570
Tilt 1;13.10.2022 18:00:06;-1.144;0.593
Tilt 1;13.10.2022 19:00:06;-1.145;0.593
Tilt 1;13.10.2022 20:00:07;-1.157;0.585
Tilt 1;13.10.2022 21:00:07;-1.168;0.576
Tilt 1;13.10.2022 22:00:07;-1.168;0.578
Tilt 1;13.10.2022 23:00:06;-1.166;0.580
Tilt 1;14.10.2022 00:00:07;-1.168;0.576
Tilt 1;14.10.2022 01:00:06;-1.171;0.580
Tilt 1;14.10.2022 02:00:06;-1.168;0.580
Tilt 1;14.10.2022 03:00:07;-1.171;0.580
Tilt 1;14.10.2022 04:00:07;-1.170;0.580
Tilt 1;14.10.2022 05:00:07;-1.170;0.578
Tilt 1;14.10.2022 06:00:06;-1.168;0.580
Tilt 1;14.10.2022 07:00:06;-1.171;0.578
Tilt 1;14.10.2022 08:00:07;-1.144;0.598
Tilt 1;14.10.2022 09:00:07;-1.129;0.598
Tilt 1;14.10.2022 10:00:07;-1.108;0.635
Tilt 1;14.10.2022 11:00:07;-1.103;0.639
Tilt 1;14.10.2022 12:00:07;-1.049;0.691
Tilt 1;14.10.2022 13:00:06;-1.047;0.683
Tilt 1;14.10.2022 14:00:25;-1.090;0.641
Tilt 1;14.10.2022 15:00:07;-1.108;0.618
Tilt 1;14.10.2022 16:00:06;-1.134;0.607
Tilt 1;14.10.2022 17:00:06;-1.153;0.602
Tilt 1;14.10.2022 18:00:07;-1.134;0.602
Tilt 1;14.10.2022 19:00:07;-1.145;0.609
Tilt 1;14.10.2022 20:00:07;-1.160;0.591
Tilt 1;14.10.2022 21:00:07;-1.162;0.583
Tilt 1;14.10.2022 22:00:06;-1.162;0.581
Tilt 1;14.10.2022 23:00:06;-1.168;0.580
Tilt 1;15.10.2022 00:00:06;-1.162;0.589
Tilt 1;15.10.2022 01:00:07;-1.136;0.600
Tilt 1;15.10.2022 02:00:06;-1.142;0.604
Tilt 1;15.10.2022 03:00:07;-1.142;0.606
Tilt 1;15.10.2022 04:00:07;-1.153;0.598
Tilt 1;15.10.2022 05:00:07;-1.160;0.585
Tilt 1;15.10.2022 06:00:07;-1.168;0.589
Tilt 1;15.10.2022 07:00:07;-1.171;0.587
Tilt 1;15.10.2022 08:00:06;-1.168;0.589
Tilt 1;15.10.2022 09:00:06;-1.158;0.594
Tilt 1;15.10.2022 10:00:07;-1.162;0.598
Tilt 1;15.10.2022 11:00:07;-1.127;0.613
Tilt 1;15.10.2022 12:00:07;-1.177;0.581
Tilt 1;15.10.2022 13:00:07;-1.175;0.580
Tilt 1;15.10.2022 14:00:06;-1.177;0.581
Tilt 1;15.10.2022 15:00:06;-1.173;0.581
Tilt 1;15.10.2022 16:00:06;-1.121;0.609
Tilt 1;15.10.2022 17:00:07;-1.131;0.617
Tilt 1;15.10.2022 18:00:07;-1.157;0.594
Tilt 1;15.10.2022 19:00:07;-1.164;0.589
Tilt 1;15.10.2022 20:00:07;-1.153;0.607
Tilt 1;15.10.2022 21:00:06;-1.144;0.602
Tilt 1;15.10.2022 22:00:06;-1.138;0.606
Tilt 1;15.10.2022 23:00:06;-1.121;0.617
Tilt 1;16.10.2022 00:00:07;-1.121;0.622
Tilt 1;16.10.2022 01:00:07;-1.121;0.611
Tilt 1;16.10.2022 02:00:06;-1.125;0.615
Tilt 1;16.10.2022 03:00:06;-1.151;0.611
Tilt 1;16.10.2022 04:00:07;-1.127;0.617
Tilt 1;16.10.2022 05:00:07;-1.140;0.609
Tilt 1;16.10.2022 06:00:07;-1.127;0.606
Tilt 1;16.10.2022 07:00:07;-1.142;0.611
Tilt 1;16.10.2022 08:00:06;-1.134;0.620
Tilt 1;16.10.2022 09:00:06;-1.134;0.617
Tilt 1;16.10.2022 10:00:06;-1.097;0.637
Tilt 1;16.10.2022 11:00:07;-1.097;0.650
Tilt 1;16.10.2022 12:00:07;-1.121;0.620
Tilt 1;16.10.2022 13:00:07;-1.088;0.650
Tilt 1;16.10.2022 14:00:07;-1.079;0.678
Tilt 1;16.10.2022 15:00:06;-1.092;0.633
Tilt 1;16.10.2022 16:00:06;-1.101;0.620
Tilt 1;16.10.2022 17:00:07;-1.118;0.635
Tilt 1;16.10.2022 18:00:07;-1.140;0.613
Tilt 1;16.10.2022 19:00:07;-1.149;0.600
Tilt 1;16.10.2022 20:00:07;-1.140;0.602
Tilt 1;16.10.2022 21:00:06;-1.140;0.600
Tilt 1;16.10.2022 22:00:07;-1.142;0.604
Tilt 1;16.10.2022 23:00:06;-1.142;0.613
Tilt 1;17.10.2022 00:00:07;-1.144;0.600
Tilt 1;17.10.2022 01:00:06;-1.134;0.618
Tilt 1;17.10.2022 02:00:07;-1.144;0.609
Tilt 1;17.10.2022 03:00:07;-1.125;0.618
Tilt 1;17.10.2022 04:00:07;-1.144;0.606
Tilt 1;17.10.2022 05:00:07;-1.131;0.618
Tilt 1;17.10.2022 06:00:07;-1.131;0.622
Tilt 1;17.10.2022 07:00:06;-1.131;0.631
Tilt 1;17.10.2022 08:00:06;-1.116;0.633
Tilt 1;17.10.2022 09:00:07;-1.127;0.641
Tilt 1;17.10.2022 10:00:07;-1.093;0.643
Tilt 1;17.10.2022 11:00:07;-1.099;0.643
Tilt 1;17.10.2022 12:00:07;-1.086;0.646
Tilt 1;17.10.2022 13:00:06;-1.090;0.659
Tilt 1;17.10.2022 14:00:06;-1.144;0.615
Tilt 1;17.10.2022 15:00:25;-1.147;0.611
Tilt 1;17.10.2022 16:00:07;-1.144;0.615
Tilt 1;17.10.2022 17:00:06;-1.151;0.604
Tilt 1;17.10.2022 18:00:07;-1.160;0.604
Tilt 1;17.10.2022 19:00:07;-1.155;0.607
Tilt 1;17.10.2022 20:00:07;-1.149;0.611
Tilt 1;17.10.2022 21:00:07;-1.145;0.607
Tilt 1;17.10.2022 22:00:06;-1.153;0.615
Tilt 1;17.10.2022 23:00:07;-1.160;0.604
Tilt 1;18.10.2022 00:00:06;-1.173;0.598
Tilt 1;18.10.2022 01:00:07;-1.175;0.598
Tilt 1;18.10.2022 02:00:06;-1.171;0.600
Tilt 1;18.10.2022 03:00:07;-1.162;0.604
Tilt 1;18.10.2022 04:00:06;-1.153;0.611
Tilt 1;18.10.2022 05:00:07;-1.164;0.611
Tilt 1;18.10.2022 06:00:07;-1.157;0.600
Tilt 1;18.10.2022 07:00:07;-1.158;0.615
Tilt 1;18.10.2022 08:00:07;-1.145;0.611
Tilt 1;18.10.2022 09:00:06;-1.140;0.617
Tilt 1;18.10.2022 10:00:07;-1.138;0.635
Tilt 1;18.10.2022 11:00:06;-1.112;0.641
Tilt 1;18.10.2022 17:00:07;-1.103;0.650
Tilt 1;18.10.2022 18:00:07;-1.144;0.639
Tilt 1;18.10.2022 19:00:07;-1.144;0.626
Tilt 1;18.10.2022 20:00:07;-1.153;0.620
Tilt 1;18.10.2022 21:00:07;-1.149;0.609
Tilt 1;18.10.2022 22:00:06;-1.171;0.602
Tilt 1;18.10.2022 23:00:06;-1.175;0.602
Tilt 1;19.10.2022 00:00:07;-1.175;0.600
Tilt 1;19.10.2022 01:00:06;-1.175;0.604
Tilt 1;19.10.2022 02:00:07;-1.175;0.600
Tilt 1;19.10.2022 03:00:07;-1.175;0.602
Tilt 1;19.10.2022 04:00:07;-1.177;0.602
Tilt 1;19.10.2022 05:00:06;-1.173;0.604
Tilt 1;19.10.2022 06:00:06;-1.171;0.604
Tilt 1;19.10.2022 07:00:06;-1.173;0.604
Tilt 1;19.10.2022 08:00:07;-1.173;0.604
Tilt 1;19.10.2022 09:00:07;-1.177;0.602
Tilt 1;19.10.2022 10:00:07;-1.175;0.602
Tilt 1;19.10.2022 11:00:06;-1.173;0.604
Tilt 1;19.10.2022 12:00:07;-1.121;0.659
Tilt 1;19.10.2022 13:00:06;-1.147;0.617
Tilt 1;19.10.2022 14:00:07;-1.168;0.609
Tilt 1;19.10.2022 15:00:07;-1.116;0.637
Tilt 1;19.10.2022 16:00:07;-1.129;0.631
Tilt 1;19.10.2022 17:00:07;-1.173;0.607
Tilt 1;19.10.2022 18:00:06;-1.171;0.607
Tilt 1;19.10.2022 19:00:07;-1.173;0.609
Tilt 1;19.10.2022 20:00:07;-1.177;0.609
Tilt 1;19.10.2022 21:00:07;-1.173;0.607
Tilt 1;19.10.2022 22:00:07;-1.173;0.607
Tilt 1;19.10.2022 23:00:07;-1.177;0.607
Tilt 1;20.10.2022 00:00:06;-1.177;0.609
Tilt 1;20.10.2022 01:00:06;-1.173;0.609
Tilt 1;20.10.2022 02:00:06;-1.177;0.609
Tilt 1;20.10.2022 03:00:07;-1.175;0.611
Tilt 1;20.10.2022 04:00:07;-1.177;0.609
Tilt 1;20.10.2022 05:00:07;-1.175;0.611
Tilt 1;20.10.2022 06:00:07;-1.175;0.607
Tilt 1;20.10.2022 07:00:06;-1.175;0.611
Tilt 1;20.10.2022 08:00:06;-1.175;0.611
Tilt 1;20.10.2022 09:00:06;-1.177;0.611
Tilt 1;20.10.2022 10:00:07;-1.175;0.609
Tilt 1;20.10.2022 20:00:25;-1.173;0.613
Tilt 1;20.10.2022 21:00:07;-1.179;0.613
Tilt 1;20.10.2022 22:00:07;-1.179;0.613
Tilt 1;20.10.2022 23:00:06;-1.175;0.613
Tilt 1;21.10.2022 00:00:06;-1.177;0.613
Tilt 1;21.10.2022 01:00:06;-1.177;0.611
Tilt 1;21.10.2022 02:00:07;-1.179;0.615
Tilt 1;21.10.2022 03:00:06;-1.181;0.613
Tilt 1;21.10.2022 04:00:07;-1.179;0.615
Tilt 1;21.10.2022 05:00:07;-1.179;0.613
Tilt 1;21.10.2022 06:00:07;-1.177;0.613
Tilt 1;21.10.2022 07:00:06;-1.181;0.617
Tilt 1;21.10.2022 08:00:06;-1.177;0.613
Tilt 1;21.10.2022 09:00:07;-1.155;0.624
Tilt 1;21.10.2022 10:00:07;-1.125;0.641
Tilt 1;21.10.2022 11:00:07;-1.097;0.682
Tilt 1;21.10.2022 12:00:07;-0.978;0.776
Tilt 1;21.10.2022 13:00:06;-0.982;0.795
Tilt 1;21.10.2022 14:00:06;-0.991;0.756
Tilt 1;21.10.2022 15:00:06;-0.988;0.771
Tilt 1;21.10.2022 16:00:07;-1.053;0.706
Tilt 1;21.10.2022 17:00:07;-1.095;0.680
Tilt 1;21.10.2022 18:00:07;-1.110;0.683
Tilt 1;21.10.2022 19:00:07;-1.112;0.687
Tilt 1;21.10.2022 20:00:06;-1.108;0.670
Tilt 1;21.10.2022 21:00:06;-1.118;0.678
Tilt 1;21.10.2022 22:00:06;-1.092;0.680
Tilt 1;21.10.2022 23:00:07;-1.082;0.672
Tilt 1;22.10.2022 00:00:07;-1.103;0.669
Tilt 1;22.10.2022 01:00:07;-1.134;0.667
Tilt 1;22.10.2022 02:00:07;-1.136;0.644
Tilt 1;22.10.2022 03:00:06;-1.131;0.654
Tilt 1;22.10.2022 04:00:07;-1.131;0.654
Tilt 1;22.10.2022 05:00:07;-1.127;0.650
Tilt 1;22.10.2022 06:00:07;-1.134;0.650
Tilt 1;22.10.2022 07:00:07;-1.129;0.648
Tilt 1;22.10.2022 08:00:07;-1.110;0.657
Tilt 1;22.10.2022 09:00:06;-1.071;0.695
Tilt 1;22.10.2022 10:00:06;-1.043;0.726
Tilt 1;22.10.2022 11:00:07;-1.047;0.739
Tilt 1;22.10.2022 12:00:07;-0.973;0.798
Tilt 1;22.10.2022 13:00:07;-0.975;0.795
Tilt 1;22.10.2022 14:00:07;-0.951;0.793
Tilt 1;22.10.2022 15:00:06;-0.964;0.802
Tilt 1;22.10.2022 16:00:06;-1.080;0.682
Tilt 1;22.10.2022 17:00:06;-1.134;0.650
Tilt 1;22.10.2022 18:00:07;-1.145;0.635
Tilt 1;22.10.2022 19:00:07;-1.149;0.635
Tilt 1;22.10.2022 20:00:07;-1.151;0.631
Tilt 1;22.10.2022 21:00:07;-1.145;0.631
Tilt 1;22.10.2022 22:00:06;-1.157;0.628
Tilt 1;22.10.2022 23:00:06;-1.155;0.633
Tilt 1;23.10.2022 00:00:06;-1.177;0.617
Tilt 1;23.10.2022 01:00:06;-1.177;0.620
Tilt 1;23.10.2022 02:00:07;-1.168;0.622
Tilt 1;23.10.2022 03:00:07;-1.158;0.635
Tilt 1;23.10.2022 04:00:07;-1.144;0.643
Tilt 1;23.10.2022 05:00:06;-1.149;0.633
Tilt 1;23.10.2022 06:00:07;-1.142;0.643
Tilt 1;23.10.2022 07:00:06;-1.127;0.659
Tilt 1;23.10.2022 08:00:07;-1.114;0.657
Tilt 1;23.10.2022 09:00:07;-1.088;0.670
Tilt 1;23.10.2022 10:00:07;-1.029;0.711
Tilt 1;23.10.2022 20:00:07;-0.958;0.771
Tilt 1;23.10.2022 21:00:25;-1.004;0.789
Tilt 1;23.10.2022 22:00:07;-1.060;0.730
Tilt 1;23.10.2022 23:00:06;-1.062;0.691
Tilt 1;24.10.2022 00:00:07;-1.121;0.648
Tilt 1;24.10.2022 01:00:06;-1.155;0.637
Tilt 1;24.10.2022 02:00:06;-1.157;0.637
Tilt 1;24.10.2022 03:00:06;-1.155;0.641
Tilt 1;24.10.2022 04:00:07;-1.145;0.643
Tilt 1;24.10.2022 05:00:07;-1.147;0.644
Tilt 1;24.10.2022 06:00:07;-1.153;0.646
Tilt 1;24.10.2022 07:00:07;-1.136;0.633
Tilt 1;24.10.2022 08:00:06;-1.134;0.641
Tilt 1;24.10.2022 09:00:06;-1.149;0.648
Tilt 1;24.10.2022 10:00:06;-1.103;0.678
Tilt 1;24.10.2022 11:00:07;-1.071;0.702
Tilt 1;24.10.2022 12:00:07;-1.040;0.711
Tilt 1;24.10.2022 13:00:07;-1.092;0.669
Tilt 1;24.10.2022 14:00:06;-1.071;0.691
Tilt 1;24.10.2022 15:00:07;-1.088;0.678
Tilt 1;24.10.2022 16:00:06;-1.110;0.683
Tilt 1;24.10.2022 17:00:07;-1.093;0.678
Tilt 1;24.10.2022 18:00:07;-1.106;0.682
Tilt 1;24.10.2022 19:00:07;-1.127;0.665
Tilt 1;24.10.2022 20:00:07;-1.138;0.661
Tilt 1;24.10.2022 21:00:06;-1.123;0.657
Tilt 1;24.10.2022 22:00:07;-1.119;0.676
Tilt 1;24.10.2022 23:00:07;-1.131;0.665
Tilt 1;25.10.2022 00:00:07;-1.125;0.648
Tilt 1;25.10.2022 01:00:07;-1.134;0.650
Tilt 1;25.10.2022 02:00:07;-1.142;0.637
Tilt 1;25.10.2022 03:00:07;-1.144;0.643
Tilt 1;25.10.2022 04:00:06;-1.145;0.659
Tilt 1;25.10.2022 05:00:06;-1.145;0.656
Tilt 1;25.10.2022 06:00:07;-1.127;0.650
Tilt 1;25.10.2022 07:00:07;-1.116;0.683
Tilt 1;25.10.2022 08:00:07;-1.086;0.709
Tilt 1;25.10.2022 09:00:07;-1.047;0.739
Tilt 1;25.10.2022 10:00:06;-0.999;0.771
Tilt 1;25.10.2022 11:00:06;-0.977;0.802
Tilt 1;25.10.2022 12:00:06;-0.977;0.789
Tilt 1;25.10.2022 13:00:07;-0.964;0.797
Tilt 1;25.10.2022 14:00:07;-0.958;0.808
Tilt 1;25.10.2022 15:00:07;-0.960;0.793
Tilt 1;25.10.2022 16:00:07;-0.969;0.780
Tilt 1;25.10.2022 17:00:06;-0.980;0.795
Tilt 1;25.10.2022 18:00:06;-0.982;0.784
Tilt 1;25.10.2022 19:00:06;-0.978;0.789
Tilt 1;25.10.2022 20:00:07;-0.988;0.793
Tilt 1;25.10.2022 21:00:07;-0.986;0.795
Tilt 1;25.10.2022 22:00:07;-0.967;0.808
Tilt 1;25.10.2022 23:00:06;-0.956;0.787
Tilt 1;26.10.2022 00:00:07;-0.971;0.802
Tilt 1;26.10.2022 01:00:06;-0.990;0.789
Tilt 1;26.10.2022 02:00:06;-0.977;0.785
Tilt 1;26.10.2022 03:00:07;-0.973;0.806
Tilt 1;26.10.2022 04:00:07;-0.973;0.795
Tilt 1;26.10.2022 05:00:07;-0.977;0.795
Tilt 1;26.10.2022 06:00:07;-0.977;0.780
Tilt 1;26.10.2022 07:00:06;-0.995;0.795
Tilt 1;26.10.2022 08:00:07;-0.969;0.811
Tilt 1;26.10.2022 09:00:06;-0.969;0.793
Tilt 1;26.10.2022 10:00:07;-1.004;0.798
Tilt 1;26.10.2022 11:00:07;-0.967;0.795
Tilt 1;26.10.2022 12:00:07;-0.945;0.815
Tilt 1;26.10.2022 13:00:06;-0.964;0.785
Tilt 1;26.10.2022 14:00:06;-0.977;0.780
Tilt 1;26.10.2022 15:00:07;-0.978;0.776
Tilt 1;26.10.2022 16:00:07;-0.965;0.811
Tilt 1;26.10.2022 17:00:07;-0.941;0.802
Tilt 1;26.10.2022 18:00:07;-0.973;0.806
Tilt 1;26.10.2022 19:00:07;-0.980;0.782
Tilt 1;26.10.2022 20:00:06;-0.973;0.787
Tilt 1;26.10.2022 21:00:06;-0.973;0.793
Tilt 1;27.10.2022 01:00:25;-0.863;0.848
Tilt 1;27.10.2022 02:00:07;-0.971;0.798
Tilt 1;27.10.2022 03:00:07;-0.960;0.811
Tilt 1;27.10.2022 04:00:06;-0.969;0.776
Tilt 1;27.10.2022 05:00:06;-0.964;0.785
Tilt 1;27.10.2022 06:00:07;-1.001;0.789
Tilt 1;27.10.2022 07:00:38;-0.977;0.808
Tilt 1;27.10.2022 08:00:06;-0.969;0.802
Tilt 1;27.10.2022 09:00:07;-0.958;0.802
Tilt 1;27.10.2022 10:00:07;-1.003;0.798
Tilt 1;27.10.2022 11:00:07;-0.965;0.800
Tilt 1;27.10.2022 12:00:06;-0.943;0.834
Tilt 1;27.10.2022 13:00:06;-0.886;0.904
Tilt 1;27.10.2022 14:00:06;-0.863;0.895
Tilt 1;27.10.2022 15:00:07;-0.938;0.832
Tilt 1;27.10.2022 16:00:07;-0.982;0.785
Tilt 1;27.10.2022 17:00:07;-0.969;0.772
Tilt 1;27.10.2022 18:00:07;-0.995;0.756
Tilt 1;27.10.2022 19:00:06;-0.991;0.765
Tilt 1;27.10.2022 20:00:06;-0.984;0.761
Tilt 1;27.10.2022 21:00:06;-0.988;0.778
Tilt 1;27.10.2022 22:00:07;-1.003;0.754
Tilt 1;27.10.2022 23:00:07;-0.969;0.774
Tilt 1;28.10.2022 00:00:07;-0.988;0.785
Tilt 1;28.10.2022 01:00:06;-0.964;0.782
Tilt 1;28.10.2022 02:00:07;-0.978;0.746
Tilt 1;28.10.2022 03:00:07;-0.986;0.780
Tilt 1;28.10.2022 04:00:07;-0.978;0.793
Tilt 1;28.10.2022 05:00:07;-1.003;0.771
Tilt 1;29.10.2022 05:00:07;-1.004;0.772
Tilt 1;29.10.2022 07:00:07;-0.978;0.802
Tilt 1;29.10.2022 08:00:07;-0.991;0.806
Tilt 1;29.10.2022 09:00:07;-0.978;0.780
Tilt 1;29.10.2022 10:00:07;-0.978;0.782
Tilt 1;29.10.2022 11:00:07;-0.980;0.804
Tilt 1;29.10.2022 12:00:06;-1.014;0.802
Tilt 1;29.10.2022 13:00:06;-0.995;0.778
Tilt 1;29.10.2022 14:00:07;-1.003;0.785
Tilt 1;29.10.2022 15:00:07;-1.003;0.754
Tilt 1;29.10.2022 16:00:07;-0.995;0.795
Tilt 1;29.10.2022 17:00:07;-0.982;0.817
Tilt 1;29.10.2022 18:00:07;-0.967;0.798
Tilt 1;29.10.2022 19:00:06;-0.977;0.836
Tilt 1;29.10.2022 20:00:06;-0.962;0.793
Tilt 1;29.10.2022 21:00:07;-0.975;0.813
Tilt 1;29.10.2022 22:00:07;-0.977;0.791
Tilt 1;29.10.2022 23:00:07;-0.986;0.804
Tilt 1;30.10.2022 00:00:07;-0.990;0.798
Tilt 1;30.10.2022 01:00:07;-0.991;0.802
Tilt 1;30.10.2022 02:00:07;-1.004;0.802
Tilt 1;30.10.2022 03:00:07;-1.021;0.793
Tilt 1;30.10.2022 04:00:06;-1.025;0.765
Tilt 1;30.10.2022 05:00:07;-1.103;0.700
Tilt 1;30.10.2022 06:00:06;-1.149;0.659
Tilt 1;30.10.2022 07:00:07;-1.157;0.656
Tilt 1;30.10.2022 19:00:42;-1.029;0.743
Tilt 1;03.11.2022 11:00:06;-1.181;0.669
Tilt 1;03.11.2022 12:00:07;-1.181;0.669
Tilt 1;03.11.2022 13:00:07;-1.181;0.670
Tilt 1;03.11.2022 14:00:07;-1.181;0.670
Tilt 1;03.11.2022 15:00:07;-1.181;0.669
Tilt 1;03.11.2022 16:00:06;-1.182;0.667
Tilt 1;03.11.2022 17:00:06;-1.186;0.665
Tilt 1;03.11.2022 18:00:06;-1.184;0.665
Tilt 1;03.11.2022 19:00:07;-1.184;0.667
Tilt 1;03.11.2022 20:00:07;-1.184;0.667
Tilt 1;03.11.2022 21:00:07;-1.186;0.669
Tilt 1;03.11.2022 22:00:07;-1.186;0.669
Tilt 1;03.11.2022 23:00:06;-1.186;0.669
Tilt 1;04.11.2022 00:00:06;-1.188;0.669
Tilt 1;04.11.2022 01:00:06;-1.188;0.669
Tilt 1;04.11.2022 02:00:07;-1.188;0.669
Tilt 1;04.11.2022 03:00:07;-1.188;0.667
Tilt 1;04.11.2022 04:00:07;-1.119;0.732
Tilt 1;04.11.2022 05:00:07;-1.123;0.732
Tilt 1;04.11.2022 06:00:07;-1.086;0.765
Tilt 1;04.11.2022 07:00:06;-1.190;0.669
Tilt 1;04.11.2022 08:00:06;-1.188;0.669
Tilt 1;04.11.2022 09:00:07;-1.190;0.669
Tilt 1;04.11.2022 10:00:07;-1.190;0.669
Tilt 1;04.11.2022 11:00:07;-1.054;0.780
Tilt 1;04.11.2022 12:00:07;-1.190;0.670
Tilt 1;04.11.2022 13:00:06;-1.079;0.746
Tilt 1;04.11.2022 14:00:06;-1.188;0.672
Tilt 1;04.11.2022 15:00:06;-1.188;0.672
Tilt 1;04.11.2022 16:00:07;-1.190;0.672
Tilt 1;04.11.2022 17:00:07;-1.192;0.674
Tilt 1;04.11.2022 18:00:07;-1.160;0.682
Tilt 1;04.11.2022 19:00:06;-1.168;0.696
Tilt 1;04.11.2022 20:00:07;-1.155;0.693
Tilt 1;04.11.2022 21:00:06;-1.164;0.698
Tilt 1;04.11.2022 22:00:07;-1.168;0.691
Tilt 1;04.11.2022 23:00:07;-1.171;0.691
Tilt 1;05.11.2022 00:00:07;-1.164;0.689
Tilt 1;05.11.2022 01:00:07;-1.157;0.693
Tilt 1;05.11.2022 02:00:07;-1.158;0.706
Tilt 1;05.11.2022 03:00:06;-1.155;0.702
Tilt 1;05.11.2022 04:00:07;-1.158;0.700
Tilt 1;05.11.2022 05:00:06;-1.173;0.696
Tilt 1;05.11.2022 06:00:07;-1.166;0.700
Tilt 1;05.11.2022 07:00:07;-1.155;0.693
Tilt 1;05.11.2022 08:00:07;-1.144;0.709
Tilt 1;05.11.2022 09:00:06;-1.158;0.711
Tilt 1;05.11.2022 10:00:06;-1.162;0.702
Tilt 1;05.11.2022 11:00:07;-1.194;0.682
Tilt 1;05.11.2022 12:00:07;-1.121;0.733
Tilt 1;05.11.2022 13:00:07;-1.192;0.683
Tilt 1;05.11.2022 14:00:07;-1.140;0.715
Tilt 1;05.11.2022 15:00:07;-1.194;0.682
Tilt 1;05.11.2022 16:00:06;-1.195;0.683
Tilt 1;05.11.2022 17:00:06;-1.195;0.685
Tilt 1;05.11.2022 18:00:07;-1.164;0.702
Tilt 1;05.11.2022 19:00:07;-1.160;0.696
Tilt 1;05.11.2022 20:00:07;-1.155;0.709
Tilt 1;05.11.2022 21:00:07;-1.168;0.711
Tilt 1;05.11.2022 22:00:06;-1.162;0.709
Tilt 1;05.11.2022 23:00:06;-1.158;0.709
Tilt 1;06.11.2022 00:00:06;-1.177;0.713
Tilt 1;06.11.2022 01:00:06;-1.164;0.706
Tilt 1;06.11.2022 02:00:07;-1.173;0.715
Tilt 1;06.11.2022 03:00:07;-1.173;0.711
Tilt 1;06.11.2022 04:00:07;-1.173;0.709
Tilt 1;06.11.2022 05:00:06;-1.190;0.700
Tilt 1;06.11.2022 06:00:07;-1.195;0.696
Tilt 1;06.11.2022 07:00:06;-1.194;0.696
Tilt 1;06.11.2022 08:00:07;-1.192;0.696
Tilt 1;06.11.2022 09:00:07;-1.168;0.711
Tilt 1;06.11.2022 10:00:07;-1.168;0.719
Tilt 1;06.11.2022 11:00:25;-1.043;0.767
Tilt 1;06.11.2022 12:00:06;-1.144;0.728
Tilt 1;06.11.2022 13:00:07;-1.119;0.752
Tilt 1;06.11.2022 14:00:07;-1.123;0.759
Tilt 1;06.11.2022 15:00:07;-1.131;0.743
Tilt 1;06.11.2022 16:00:07;-1.145;0.732
Tilt 1;06.11.2022 17:00:06;-1.155;0.730
Tilt 1;06.11.2022 18:00:06;-1.162;0.728
Tilt 1;06.11.2022 19:00:06;-1.173;0.721
Tilt 1;06.11.2022 20:00:07;-1.162;0.719
Tilt 1;06.11.2022 21:00:07;-1.195;0.709
Tilt 1;06.11.2022 22:00:07;-1.199;0.706
Tilt 1;06.11.2022 23:00:07;-1.197;0.706
Tilt 1;07.11.2022 00:00:06;-1.190;0.711
Tilt 1;07.11.2022 01:00:06;-1.192;0.711
Tilt 1;07.11.2022 02:00:06;-1.195;0.711
Tilt 1;07.11.2022 03:00:07;-1.197;0.711
Tilt 1;07.11.2022 04:00:07;-1.195;0.709
Tilt 1;07.11.2022 05:00:07;-1.199;0.713
Tilt 1;07.11.2022 06:00:07;-1.197;0.711
Tilt 1;07.11.2022 07:00:07;-1.199;0.711
Tilt 1;07.11.2022 08:00:06;-1.201;0.713
Tilt 1;07.11.2022 09:00:06;-1.201;0.715
Tilt 1;07.11.2022 10:00:07;-1.182;0.724
Tilt 1;07.11.2022 11:00:07;-1.162;0.743
Tilt 1;07.11.2022 12:00:07;-1.201;0.713
Tilt 1;07.11.2022 13:00:07;-1.201;0.713
Tilt 1;07.11.2022 14:00:06;-1.201;0.711
Tilt 1;07.11.2022 15:00:06;-1.155;0.737
Tilt 1;07.11.2022 16:00:06;-1.201;0.715
Tilt 1;07.11.2022 17:00:07;-1.175;0.735
Tilt 1;07.11.2022 18:00:07;-1.173;0.743
Tilt 1;07.11.2022 19:00:07;-1.166;0.743
Tilt 1;07.11.2022 20:00:07;-1.171;0.739
Tilt 1;07.11.2022 21:00:06;-1.195;0.726
Tilt 1;07.11.2022 22:00:06;-1.186;0.730
Tilt 1;07.11.2022 23:00:07;-1.179;0.730
Tilt 1;08.11.2022 00:00:07;-1.201;0.724
Tilt 1;08.11.2022 01:00:07;-1.201;0.726
Tilt 1;08.11.2022 02:00:07;-1.199;0.724
Tilt 1;08.11.2022 03:00:07;-1.201;0.724
Tilt 1;08.11.2022 04:00:06;-1.199;0.733
Tilt 1;08.11.2022 05:00:07;-1.199;0.728
Tilt 1;08.11.2022 06:00:06;-1.199;0.728
Tilt 1;08.11.2022 07:00:07;-1.199;0.728
Tilt 1;08.11.2022 08:00:07;-1.199;0.728
Tilt 1;08.11.2022 09:00:07;-1.195;0.732
Tilt 1;08.11.2022 10:00:06;-1.188;0.746
Tilt 1;08.11.2022 11:00:06;-1.173;0.746
Tilt 1;08.11.2022 12:00:07;-1.155;0.771
Tilt 1;08.11.2022 13:00:07;-1.116;0.795
Tilt 1;08.11.2022 14:00:07;-1.108;0.806
Tilt 1;08.11.2022 15:00:07;-1.127;0.815
Tilt 1;08.11.2022 16:00:07;-1.090;0.823
Tilt 1;08.11.2022 17:00:06;-1.045;0.863
Tilt 1;08.11.2022 18:00:06;-1.025;0.863
Tilt 1;08.11.2022 19:00:07;-1.053;0.865
Tilt 1;08.11.2022 20:00:07;-1.043;0.854
Tilt 1;08.11.2022 21:00:07;-1.082;0.828
Tilt 1;08.11.2022 22:00:07;-1.103;0.813
Tilt 1;08.11.2022 23:00:06;-1.118;0.795
Tilt 1;09.11.2022 00:00:06;-1.138;0.789
Tilt 1;09.11.2022 01:00:06;-1.123;0.798
Tilt 1;09.11.2022 02:00:06;-1.071;0.836
Tilt 1;09.11.2022 03:00:07;-1.086;0.841
Tilt 1;09.11.2022 04:00:07;-1.062;0.823
Tilt 1;09.11.2022 05:00:07;-1.080;0.867
Tilt 1;09.11.2022 06:00:06;-1.069;0.843
Tilt 1;09.11.2022 07:00:07;-1.125;0.798
Tilt 1;09.11.2022 08:00:06;-1.132;0.793
Tilt 1;09.11.2022 09:00:07;-1.118;0.817
Tilt 1;09.11.2022 10:00:07;-1.092;0.832
Tilt 1;09.11.2022 11:00:07;-1.106;0.824
Tilt 1;09.11.2022 12:00:26;-1.014;0.867
Tilt 1;09.11.2022 13:00:06;-1.208;0.735
Tilt 1;09.11.2022 14:00:06;-1.127;0.802
Tilt 1;09.11.2022 15:00:07;-1.155;0.780
Tilt 1;09.11.2022 16:00:07;-1.155;0.769
Tilt 1;09.11.2022 17:00:07;-1.171;0.765
Tilt 1;09.11.2022 18:00:06;-1.171;0.761
Tilt 1;09.11.2022 19:00:07;-1.173;0.765
Tilt 1;09.11.2022 20:00:06;-1.175;0.769
Tilt 1;09.11.2022 21:00:07;-1.170;0.761
Tilt 1;09.11.2022 22:00:07;-1.170;0.767
Tilt 1;09.11.2022 23:00:07;-1.160;0.774
Tilt 1;10.11.2022 00:00:07;-1.144;0.785
Tilt 1;10.11.2022 01:00:07;-1.153;0.795
Tilt 1;10.11.2022 02:00:07;-1.155;0.774
Tilt 1;10.11.2022 03:00:06;-1.149;0.771
Tilt 1;10.11.2022 04:00:06;-1.164;0.785
Tilt 1;10.11.2022 05:00:06;-1.155;0.789
Tilt 1;10.11.2022 06:00:07;-1.134;0.789
Tilt 1;10.11.2022 07:00:07;-1.136;0.800
Tilt 1;10.11.2022 08:00:07;-1.149;0.806
Tilt 1;10.11.2022 09:00:07;-1.134;0.824
Tilt 1;10.11.2022 10:00:06;-1.140;0.791
Tilt 1;10.11.2022 11:00:06;-1.134;0.813
Tilt 1;10.11.2022 12:00:07;-1.123;0.819
Tilt 1;15.11.2022 18:00:07;-1.155;0.836
Tilt 1;15.11.2022 19:00:06;-1.182;0.819
Tilt 1;15.11.2022 20:00:06;-1.195;0.811
Tilt 1;15.11.2022 21:00:07;-1.197;0.821
Tilt 1;15.11.2022 22:00:07;-1.220;0.804
Tilt 1;15.11.2022 23:00:07;-1.223;0.806
Tilt 1;16.11.2022 00:00:07;-1.220;0.808
Tilt 1;16.11.2022 01:00:06;-1.220;0.808
Tilt 1;16.11.2022 02:00:06;-1.223;0.808
Tilt 1;16.11.2022 03:00:07;-1.225;0.808
Tilt 1;16.11.2022 04:00:07;-1.223;0.810
Tilt 1;16.11.2022 05:00:07;-1.225;0.808
Tilt 1;16.11.2022 06:00:06;-1.227;0.810
Tilt 1;16.11.2022 07:00:06;-1.225;0.810
Tilt 1;16.11.2022 08:00:07;-1.227;0.811
Tilt 1;16.11.2022 09:00:07;-1.223;0.810
Tilt 1;16.11.2022 10:00:07;-1.227;0.811
Tilt 1;16.11.2022 11:00:07;-1.227;0.811
Tilt 1;16.11.2022 12:00:07;-1.227;0.811
Tilt 1;16.11.2022 13:00:06;-1.227;0.811
Tilt 1;16.11.2022 14:00:06;-1.227;0.810
Tilt 1;16.11.2022 15:00:07;-1.223;0.813
Tilt 1;16.11.2022 16:00:07;-1.225;0.811
Tilt 1;16.11.2022 17:00:07;-1.227;0.811
Tilt 1;16.11.2022 18:00:07;-1.225;0.813
Tilt 1;16.11.2022 19:00:06;-1.227;0.815
Tilt 1;16.11.2022 20:00:06;-1.227;0.813
Tilt 1;16.11.2022 21:00:06;-1.229;0.813
Tilt 1;16.11.2022 22:00:07;-1.229;0.813
Tilt 1;16.11.2022 23:00:07;-1.227;0.813
Tilt 1;17.11.2022 00:00:07;-1.227;0.815
Tilt 1;17.11.2022 01:00:07;-1.225;0.815
Tilt 1;17.11.2022 02:00:06;-1.220;0.817
Tilt 1;17.11.2022 03:00:07;-1.223;0.819
Tilt 1;17.11.2022 04:00:06;-1.220;0.817
Tilt 1;17.11.2022 05:00:07;-1.221;0.817
Tilt 1;17.11.2022 06:00:07;-1.216;0.823
Tilt 1;17.11.2022 07:00:07;-1.218;0.817
Tilt 1;17.11.2022 08:00:07;-1.212;0.821
Tilt 1;17.11.2022 09:00:06;-1.221;0.821
Tilt 1;17.11.2022 10:00:07;-1.212;0.821
Tilt 1;17.11.2022 11:00:06;-1.221;0.821
Tilt 1;17.11.2022 12:00:07;-1.229;0.821
Tilt 1;17.11.2022 13:00:07;-1.225;0.821
Tilt 1;17.11.2022 14:00:07;-1.227;0.821
Tilt 1;17.11.2022 15:00:07;-1.218;0.821
Tilt 1;17.11.2022 16:00:06;-1.220;0.824
Tilt 1;17.11.2022 17:00:07;-1.207;0.826
Tilt 1;17.11.2022 18:00:06;-1.218;0.824
Tilt 1;17.11.2022 19:00:07;-1.212;0.823
Tilt 1;17.11.2022 20:00:07;-1.220;0.824
Tilt 1;17.11.2022 21:00:07;-1.208;0.823
Tilt 1;17.11.2022 22:00:06;-1.214;0.826
Tilt 1;17.11.2022 23:00:06;-1.210;0.826
Tilt 1;18.11.2022 00:00:07;-1.208;0.821
Tilt 1;18.11.2022 01:00:06;-1.208;0.824
Tilt 1;18.11.2022 02:00:07;-1.220;0.826
Tilt 1;18.11.2022 03:00:07;-1.210;0.826
Tilt 1;18.11.2022 04:00:07;-1.214;0.828
Tilt 1;18.11.2022 05:00:06;-1.208;0.823
Tilt 1;18.11.2022 06:00:06;-1.210;0.826
Tilt 1;18.11.2022 07:00:06;-1.199;0.826
Tilt 1;18.11.2022 08:00:07;-1.199;0.830
Tilt 1;18.11.2022 09:00:07;-1.201;0.830
Tilt 1;18.11.2022 10:00:07;-1.201;0.823
Tilt 1;18.11.2022 11:00:07;-1.199;0.828
Tilt 1;18.11.2022 12:00:06;-1.208;0.824
Tilt 1;18.11.2022 13:00:06;-1.205;0.830
Tilt 1;18.11.2022 14:00:06;-1.201;0.828
Tilt 1;18.11.2022 15:00:07;-1.199;0.826
Tilt 1;18.11.2022 16:00:26;-1.188;0.826
Tilt 1;18.11.2022 17:00:07;-1.201;0.826
Tilt 1;18.11.2022 18:00:07;-1.207;0.826
Tilt 1;18.11.2022 19:00:07;-1.205;0.826
Tilt 1;18.11.2022 20:00:06;-1.205;0.823
Tilt 1;18.11.2022 21:00:06;-1.203;0.826
Tilt 1;18.11.2022 22:00:06;-1.207;0.830
Tilt 1;18.11.2022 23:00:07;-1.203;0.824
Tilt 1;19.11.2022 00:00:07;-1.201;0.824
Tilt 1;19.11.2022 01:00:06;-1.203;0.828
Tilt 1;19.11.2022 02:00:06;-1.205;0.824
Tilt 1;19.11.2022 03:00:07;-1.210;0.824
Tilt 1;19.11.2022 04:00:07;-1.207;0.832
Tilt 1;19.11.2022 05:00:07;-1.205;0.832
Tilt 1;19.11.2022 06:00:07;-1.210;0.826
Tilt 1;19.11.2022 07:00:07;-1.203;0.830
Tilt 1;19.11.2022 08:00:06;-1.203;0.830
Tilt 1;19.11.2022 09:00:06;-1.205;0.830
Tilt 1;19.11.2022 10:00:07;-1.205;0.830
Tilt 1;19.11.2022 11:00:07;-1.210;0.828
Tilt 1;19.11.2022 12:00:07;-1.210;0.830
Tilt 1;19.11.2022 13:00:07;-1.208;0.832
Tilt 1;19.11.2022 14:00:06;-1.210;0.834
Tilt 1;19.11.2022 15:00:06;-1.214;0.830
Tilt 1;19.11.2022 16:00:06;-1.210;0.830
Tilt 1;19.11.2022 17:00:07;-1.208;0.830
Tilt 1;19.11.2022 18:00:07;-1.208;0.836
Tilt 1;19.11.2022 19:00:07;-1.205;0.832
Tilt 1;19.11.2022 20:00:07;-1.205;0.832
Tilt 1;19.11.2022 21:00:06;-1.208;0.830
Tilt 1;19.11.2022 22:00:06;-1.205;0.830
Tilt 1;19.11.2022 23:00:06;-1.210;0.832
Tilt 1;20.11.2022 00:00:07;-1.199;0.826
Tilt 1;20.11.2022 01:00:07;-1.205;0.832
Tilt 1;20.11.2022 02:00:07;-1.205;0.832
Tilt 1;20.11.2022 03:00:07;-1.216;0.834
Tilt 1;20.11.2022 04:00:07;-1.218;0.830
Tilt 1;20.11.2022 05:00:06;-1.220;0.830
Tilt 1;20.11.2022 06:00:06;-1.220;0.832
Tilt 1;20.11.2022 07:00:07;-1.216;0.830
Tilt 1;20.11.2022 08:00:07;-1.218;0.832
Tilt 1;20.11.2022 09:00:07;-1.220;0.832
Tilt 1;20.11.2022 10:00:07;-1.218;0.834
Tilt 1;20.11.2022 11:00:06;-1.208;0.836
Tilt 1;20.11.2022 12:00:07;-1.210;0.834
Tilt 1;20.11.2022 13:00:06;-1.214;0.834
Tilt 1;20.11.2022 14:00:07;-1.216;0.830
Tilt 1;20.11.2022 15:00:07;-1.218;0.832
Tilt 1;20.11.2022 16:00:07;-1.210;0.832
Tilt 1;20.11.2022 17:00:07;-1.212;0.832
Tilt 1;20.11.2022 18:00:06;-1.208;0.832
Tilt 1;20.11.2022 19:00:07;-1.216;0.832
Tilt 1;20.11.2022 20:00:07;-1.207;0.836
Tilt 1;20.11.2022 21:00:07;-1.207;0.832
Tilt 1;20.11.2022 22:00:07;-1.205;0.836
Tilt 1;20.11.2022 23:00:07;-1.203;0.837
Tilt 1;21.11.2022 00:00:06;-1.208;0.832
Tilt 1;21.11.2022 01:00:06;-1.210;0.836
Tilt 1;21.11.2022 02:00:06;-1.214;0.832
Tilt 1;21.11.2022 03:00:07;-1.210;0.834
Tilt 1;21.11.2022 04:00:07;-1.214;0.836
Tilt 1;21.11.2022 05:00:07;-1.214;0.832
Tilt 1;21.11.2022 06:00:07;-1.214;0.837
Tilt 1;21.11.2022 07:00:06;-1.210;0.836
Tilt 1;21.11.2022 08:00:06;-1.205;0.836
Tilt 1;21.11.2022 09:00:06;-1.205;0.832
Tilt 1;21.11.2022 10:00:07;-1.205;0.836
Tilt 1;21.11.2022 11:00:07;-1.201;0.836
Tilt 1;21.11.2022 12:00:07;-1.201;0.832
Tilt 1;21.11.2022 13:00:06;-1.207;0.839
Tilt 1;21.11.2022 14:00:07;-1.207;0.837
Tilt 1;21.11.2022 15:00:06;-1.208;0.836
Tilt 1;21.11.2022 16:00:07;-1.201;0.837
Tilt 1;21.11.2022 17:00:25;-1.208;0.836
Tilt 1;21.11.2022 18:00:07;-1.208;0.837
Tilt 1;21.11.2022 19:00:07;-1.199;0.836
Tilt 1;21.11.2022 20:00:07;-1.201;0.839
Tilt 1;21.11.2022 21:00:06;-1.205;0.834
Tilt 1;21.11.2022 22:00:07;-1.203;0.836
Tilt 1;21.11.2022 23:00:06;-1.201;0.837
Tilt 1;22.11.2022 00:00:07;-1.210;0.836
Tilt 1;22.11.2022 01:00:07;-1.208;0.832
Tilt 1;22.11.2022 02:00:07;-1.210;0.836
Tilt 1;22.11.2022 03:00:06;-1.210;0.837
Tilt 1;22.11.2022 04:00:06;-1.210;0.836
Tilt 1;22.11.2022 05:00:07;-1.201;0.836
Tilt 1;22.11.2022 06:00:07;-1.205;0.836
Tilt 1;22.11.2022 07:00:07;-1.208;0.836
Tilt 1;22.11.2022 08:00:07;-1.216;0.836
Tilt 1;22.11.2022 09:00:06;-1.210;0.832
Tilt 1;22.11.2022 10:00:07;-1.208;0.834
Tilt 1;22.11.2022 11:00:06;-1.210;0.837
Tilt 1;22.11.2022 12:00:07;-1.201;0.839
Tilt 1;22.11.2022 13:00:07;-1.201;0.837
Tilt 1;22.11.2022 14:00:07;-1.207;0.836
Tilt 1;22.11.2022 15:00:06;-1.201;0.836
Tilt 1;22.11.2022 16:00:06;-1.210;0.836
Tilt 1;22.11.2022 17:00:07;-1.205;0.839
Tilt 1;22.11.2022 18:00:07;-1.210;0.832
Tilt 1;22.11.2022 19:00:07;-1.205;0.841
Tilt 1;22.11.2022 20:00:07;-1.208;0.839
Tilt 1;22.11.2022 21:00:07;-1.208;0.837
Tilt 1;22.11.2022 22:00:06;-1.210;0.836
Tilt 1;22.11.2022 23:00:06;-1.216;0.836
Tilt 1;23.11.2022 00:00:07;-1.218;0.834
Tilt 1;23.11.2022 01:00:07;-1.220;0.834
Tilt 1;23.11.2022 02:00:07;-1.218;0.834
Tilt 1;23.11.2022 03:00:07;-1.220;0.834
Tilt 1;23.11.2022 04:00:07;-1.218;0.832
Tilt 1;23.11.2022 05:00:06;-1.216;0.834
Tilt 1;23.11.2022 06:00:06;-1.220;0.834
Tilt 1;23.11.2022 07:00:06;-1.220;0.836
Tilt 1;23.11.2022 08:00:07;-1.218;0.832
Tilt 1;23.11.2022 09:00:07;-1.220;0.832
Tilt 1;23.11.2022 10:00:07;-1.218;0.832
Tilt 1;23.11.2022 11:00:07;-1.218;0.832
Tilt 1;23.11.2022 12:00:06;-1.214;0.832
Tilt 1;23.11.2022 13:00:06;-1.214;0.832
Tilt 1;23.11.2022 14:00:06;-1.216;0.830
Tilt 1;23.11.2022 15:00:07;-1.218;0.832
Tilt 1;23.11.2022 16:00:07;-1.220;0.832
Tilt 1;23.11.2022 17:00:07;-1.221;0.832
Tilt 1;23.11.2022 18:00:07;-1.218;0.832
Tilt 1;23.11.2022 19:00:06;-1.220;0.832
Tilt 1;23.11.2022 20:00:06;-1.220;0.832
Tilt 1;23.11.2022 21:00:07;-1.220;0.834
Tilt 1;23.11.2022 22:00:07;-1.216;0.834
Tilt 1;23.11.2022 23:00:07;-1.216;0.832
Tilt 1;24.11.2022 00:00:07;-1.220;0.832
Tilt 1;24.11.2022 01:00:07;-1.218;0.832
Tilt 1;24.11.2022 02:00:06;-1.220;0.832
Tilt 1;24.11.2022 03:00:07;-1.220;0.832
Tilt 1;24.11.2022 04:00:07;-1.214;0.832
Tilt 1;24.11.2022 05:00:07;-1.216;0.832
Tilt 1;24.11.2022 06:00:07;-1.218;0.832
Tilt 1;24.11.2022 07:00:07;-1.214;0.832
Tilt 1;24.11.2022 08:00:06;-1.218;0.832
Tilt 1;24.11.2022 09:00:06;-1.216;0.834
Tilt 1;24.11.2022 10:00:07;-1.216;0.832
Tilt 1;24.11.2022 11:00:07;-1.214;0.832
Tilt 1;24.11.2022 12:00:07;-1.214;0.830
Tilt 1;24.11.2022 13:00:07;-1.216;0.830
Tilt 1;24.11.2022 14:00:07;-1.214;0.832
Tilt 1;24.11.2022 15:00:06;-1.216;0.832
Tilt 1;24.11.2022 16:00:06;-1.216;0.832
Tilt 1;24.11.2022 17:00:07;-1.218;0.834
Tilt 1;24.11.2022 18:00:26;-1.220;0.832
Tilt 1;24.11.2022 19:00:07;-1.220;0.832
Tilt 1;24.11.2022 20:00:07;-1.218;0.830
Tilt 1;24.11.2022 21:00:07;-1.220;0.832
Tilt 1;24.11.2022 22:00:06;-1.218;0.830
Tilt 1;24.11.2022 23:00:06;-1.218;0.830
Tilt 1;25.11.2022 00:00:07;-1.218;0.832
Tilt 1;25.11.2022 01:00:07;-1.218;0.830
Tilt 1;25.11.2022 02:00:07;-1.218;0.832
Tilt 1;25.11.2022 03:00:07;-1.220;0.830
Tilt 1;25.11.2022 04:00:06;-1.220;0.832
Tilt 1;25.11.2022 05:00:06;-1.218;0.830
Tilt 1;25.11.2022 06:00:07;-1.218;0.832
Tilt 1;25.11.2022 07:00:07;-1.214;0.836
Tilt 1;25.11.2022 08:00:07;-1.212;0.839
Tilt 1;25.11.2022 09:00:07;-1.208;0.839
Tilt 1;25.11.2022 10:00:06;-1.212;0.836
Tilt 1;25.11.2022 11:00:06;-1.214;0.837
Tilt 1;25.11.2022 12:00:06;-1.201;0.843
Tilt 1;25.11.2022 13:00:07;-1.199;0.837
Tilt 1;25.11.2022 14:00:07;-1.201;0.847
Tilt 1;25.11.2022 15:00:07;-1.218;0.836
Tilt 1;25.11.2022 16:00:07;-1.223;0.830
Tilt 1;25.11.2022 17:00:06;-1.220;0.830
Tilt 1;25.11.2022 18:00:06;-1.221;0.832
Tilt 1;25.11.2022 19:00:06;-1.220;0.832
Tilt 1;25.11.2022 20:00:07;-1.214;0.832
Tilt 1;25.11.2022 21:00:07;-1.210;0.839
Tilt 1;25.11.2022 22:00:07;-1.218;0.830
Tilt 1;25.11.2022 23:00:07;-1.218;0.832
Tilt 1;26.11.2022 00:00:06;-1.220;0.832
Tilt 1;26.11.2022 01:00:06;-1.220;0.832
Tilt 1;26.11.2022 02:00:06;-1.220;0.830
Tilt 1;26.11.2022 03:00:07;-1.220;0.832
Tilt 1;26.11.2022 04:00:07;-1.223;0.832
Tilt 1;26.11.2022 05:00:07;-1.220;0.830
Tilt 1;26.11.2022 06:00:07;-1.216;0.836
Tilt 1;26.11.2022 07:00:06;-1.216;0.830
Tilt 1;26.11.2022 08:00:06;-1.223;0.832
Tilt 1;26.11.2022 09:00:06;-1.218;0.832
Tilt 1;26.11.2022 10:00:07;-1.208;0.841
Tilt 1;26.11.2022 11:00:07;-1.199;0.845
Tilt 1;26.11.2022 12:00:07;-1.190;0.841
Tilt 1;26.11.2022 13:00:06;-1.225;0.828
Tilt 1;26.11.2022 14:00:07;-1.194;0.858
Tilt 1;26.11.2022 15:00:06;-1.208;0.834
Tilt 1;26.11.2022 16:00:07;-1.220;0.836
Tilt 1;26.11.2022 17:00:07;-1.210;0.837
Tilt 1;26.11.2022 18:00:07;-1.216;0.841
Tilt 1;26.11.2022 19:00:06;-1.201;0.839
Tilt 1;26.11.2022 20:00:06;-1.207;0.839
Tilt 1;26.11.2022 21:00:07;-1.205;0.841
Tilt 1;26.11.2022 22:00:07;-1.205;0.841
Tilt 1;26.11.2022 23:00:07;-1.199;0.839
Tilt 1;27.11.2022 00:00:07;-1.212;0.841
Tilt 1;27.11.2022 01:00:07;-1.214;0.832
Tilt 1;27.11.2022 02:00:07;-1.184;0.850
Tilt 1;27.11.2022 03:00:06;-1.194;0.839
Tilt 1;27.11.2022 04:00:07;-1.197;0.841
Tilt 1;27.11.2022 05:00:07;-1.177;0.847
Tilt 1;27.11.2022 06:00:07;-1.177;0.867
Tilt 1;27.11.2022 07:00:07;-1.168;0.860
Tilt 1;27.11.2022 08:00:07;-1.164;0.886
Tilt 1;27.11.2022 09:00:06;-1.168;0.876
Tilt 1;27.11.2022 10:00:06;-1.151;0.886
Tilt 1;27.11.2022 11:00:07;-1.149;0.886
Tilt 1;27.11.2022 12:00:07;-1.182;0.858
Tilt 1;27.11.2022 13:00:07;-1.173;0.850
Tilt 1;27.11.2022 14:00:07;-1.192;0.863
Tilt 1;27.11.2022 15:00:07;-1.188;0.856
Tilt 1;27.11.2022 16:00:06;-1.192;0.856
Tilt 1;27.11.2022 17:00:06;-1.186;0.848
Tilt 1;27.11.2022 18:00:07;-1.199;0.850
Tilt 1;27.11.2022 19:00:24;-1.179;0.852
Tilt 1;27.11.2022 20:00:07;-1.194;0.845
Tilt 1;27.11.2022 21:00:07;-1.186;0.850
Tilt 1;27.11.2022 22:00:06;-1.190;0.860
Tilt 1;27.11.2022 23:00:07;-1.182;0.863
Tilt 1;28.11.2022 00:00:07;-1.186;0.865
Tilt 1;28.11.2022 01:00:07;-1.173;0.869
Tilt 1;28.11.2022 02:00:07;-1.182;0.860
Tilt 1;28.11.2022 03:00:07;-1.186;0.854
Tilt 1;28.11.2022 04:00:07;-1.190;0.860
Tilt 1;28.11.2022 05:00:06;-1.194;0.854
Tilt 1;28.11.2022 06:00:06;-1.201;0.848
Tilt 1;28.11.2022 07:00:07;-1.203;0.845
Tilt 1;28.11.2022 08:00:07;-1.188;0.847
Tilt 1;28.11.2022 09:00:07;-1.195;0.839
Tilt 1;28.11.2022 10:00:07;-1.208;0.839
Tilt 1;28.11.2022 11:00:07;-1.205;0.847
Tilt 1;28.11.2022 12:00:06;-1.218;0.839
Tilt 1;28.11.2022 13:00:06;-1.220;0.834
Tilt 1;28.11.2022 14:00:07;-1.227;0.830
Tilt 1;28.11.2022 15:00:07;-1.225;0.830
Tilt 1;28.11.2022 16:00:07;-1.223;0.832
Tilt 1;28.11.2022 17:00:07;-1.225;0.832
Tilt 1;28.11.2022 18:00:07;-1.223;0.830
Tilt 1;28.11.2022 19:00:06;-1.223;0.834
Tilt 1;28.11.2022 20:00:06;-1.225;0.832
Tilt 1;28.11.2022 21:00:07;-1.227;0.832
Tilt 1;28.11.2022 22:00:07;-1.225;0.832
Tilt 1;28.11.2022 23:00:07;-1.225;0.832
Tilt 1;29.11.2022 00:00:07;-1.223;0.830
Tilt 1;29.11.2022 01:00:07;-1.225;0.832
Tilt 1;29.11.2022 02:00:06;-1.223;0.832
Tilt 1;29.11.2022 03:00:06;-1.221;0.830
Tilt 1;29.11.2022 04:00:07;-1.223;0.834
Tilt 1;29.11.2022 05:00:07;-1.225;0.834
Tilt 1;29.11.2022 06:00:07;-1.223;0.832
Tilt 1;29.11.2022 07:00:07;-1.223;0.832
Tilt 1;29.11.2022 08:00:06;-1.223;0.834
Tilt 1;29.11.2022 09:00:06;-1.223;0.834
Tilt 1;29.11.2022 10:00:06;-1.223;0.836
Tilt 1;29.11.2022 11:00:16;-1.225;0.832
Tilt 1;29.11.2022 12:00:07;-1.227;0.836
Tilt 1;29.11.2022 13:00:07;-1.227;0.832
Tilt 1;29.11.2022 14:00:07;-1.223;0.832
Tilt 1;29.11.2022 15:00:06;-1.225;0.832
Tilt 1;29.11.2022 16:00:07;-1.225;0.834
Tilt 1;29.11.2022 17:00:07;-1.221;0.836
Tilt 1;29.11.2022 18:00:07;-1.221;0.836
Tilt 1;29.11.2022 19:00:07;-1.223;0.832
Tilt 1;29.11.2022 20:00:07;-1.220;0.832
Tilt 1;29.11.2022 21:00:06;-1.223;0.836
Tilt 1;29.11.2022 22:00:06;-1.221;0.832
Tilt 1;29.11.2022 23:00:07;-1.220;0.834
Tilt 1;30.11.2022 00:00:06;-1.225;0.834
Tilt 1;30.11.2022 01:00:07;-1.223;0.834
Tilt 1;30.11.2022 02:00:07;-1.223;0.836
Tilt 1;30.11.2022 03:00:07;-1.220;0.836
Tilt 1;30.11.2022 04:00:07;-1.223;0.836
Tilt 1;30.11.2022 05:00:06;-1.221;0.834
Tilt 1;30.11.2022 06:00:06;-1.223;0.837
Tilt 1;30.11.2022 07:00:07;-1.223;0.836
Tilt 1;30.11.2022 08:00:07;-1.227;0.836
Tilt 1;30.11.2022 09:00:07;-1.221;0.836
Tilt 1;30.11.2022 10:00:07;-1.221;0.836
Tilt 1;30.11.2022 11:00:06;-1.223;0.836
Tilt 1;30.11.2022 12:00:06;-1.220;0.836
Tilt 1;30.11.2022 13:00:06;-1.220;0.836
Tilt 1;30.11.2022 14:00:07;-1.223;0.834
Tilt 1;30.11.2022 15:00:07;-1.223;0.836
Tilt 1;30.11.2022 16:00:07;-1.223;0.836
Tilt 1;30.11.2022 17:00:07;-1.225;0.834
Tilt 1;30.11.2022 18:00:06;-1.223;0.836
Tilt 1;30.11.2022 19:00:06;-1.223;0.836
Tilt 1;30.11.2022 20:00:25;-1.225;0.836
Tilt 1;30.11.2022 21:00:07;-1.221;0.836
Tilt 1;30.11.2022 22:00:07;-1.223;0.836
Tilt 1;30.11.2022 23:00:07;-1.225;0.836
Tilt 1;01.12.2022 00:00:06;-1.223;0.836
Tilt 1;01.12.2022 01:00:06;-1.225;0.836
Tilt 1;01.12.2022 02:00:07;-1.223;0.839
Tilt 1;01.12.2022 03:00:06;-1.225;0.836
Tilt 1;01.12.2022 04:00:07;-1.223;0.834
Tilt 1;01.12.2022 05:00:07;-1.227;0.837
Tilt 1;01.12.2022 06:00:07;-1.220;0.837
Tilt 1;01.12.2022 07:00:07;-1.223;0.837
Tilt 1;01.12.2022 08:00:06;-1.223;0.836
Tilt 1;01.12.2022 09:00:07;-1.227;0.837
Tilt 1;01.12.2022 10:00:07;-1.225;0.837
Tilt 1;01.12.2022 11:00:07;-1.227;0.839
Tilt 1;01.12.2022 12:00:07;-1.220;0.836
Tilt 1;01.12.2022 13:00:07;-1.221;0.837
Tilt 1;01.12.2022 14:00:06;-1.223;0.836
Tilt 1;01.12.2022 15:00:06;-1.223;0.837
Tilt 1;01.12.2022 16:00:07;-1.221;0.839
Tilt 1;01.12.2022 17:00:07;-1.214;0.839
Tilt 1;01.12.2022 18:00:07;-1.207;0.841
Tilt 1;01.12.2022 19:00:07;-1.208;0.845
Tilt 1;01.12.2022 20:00:06;-1.208;0.841
Tilt 1;01.12.2022 21:00:06;-1.207;0.839
Tilt 1;01.12.2022 22:00:06;-1.208;0.839
Tilt 1;01.12.2022 23:00:07;-1.208;0.847
Tilt 1;02.12.2022 00:00:07;-1.208;0.843
Tilt 1;02.12.2022 01:00:07;-1.216;0.839
Tilt 1;02.12.2022 02:00:07;-1.214;0.839
Tilt 1;02.12.2022 03:00:07;-1.214;0.841
Tilt 1;02.12.2022 04:00:06;-1.216;0.841
Tilt 1;02.12.2022 05:00:06;-1.216;0.839
Tilt 1;02.12.2022 06:00:07;-1.218;0.839
Tilt 1;02.12.2022 07:00:07;-1.220;0.839
Tilt 1;02.12.2022 08:00:07;-1.214;0.839
Tilt 1;02.12.2022 09:00:07;-1.214;0.845
Tilt 1;02.12.2022 10:00:06;-1.212;0.845
Tilt 1;02.12.2022 11:00:07;-1.214;0.841
Tilt 1;02.12.2022 12:00:06;-1.210;0.843
Tilt 1;02.12.2022 13:00:07;-1.201;0.845
Tilt 1;02.12.2022 14:00:07;-1.205;0.843
Tilt 1;02.12.2022 15:00:07;-1.212;0.845
Tilt 1;02.12.2022 16:00:06;-1.214;0.843
Tilt 1;02.12.2022 17:00:06;-1.208;0.843
Tilt 1;02.12.2022 18:00:07;-1.207;0.845
Tilt 1;02.12.2022 19:00:07;-1.216;0.841
Tilt 1;02.12.2022 20:00:07;-1.214;0.841
Tilt 1;02.12.2022 21:00:07;-1.212;0.843
Tilt 1;02.12.2022 22:00:07;-1.210;0.843
Tilt 1;02.12.2022 23:00:06;-1.205;0.845
Tilt 1;03.12.2022 00:00:06;-1.214;0.843
Tilt 1;03.12.2022 01:00:06;-1.214;0.845
Tilt 1;03.12.2022 02:00:07;-1.205;0.845
Tilt 1;03.12.2022 03:00:07;-1.208;0.845
Tilt 1;03.12.2022 04:00:07;-1.208;0.845
Tilt 1;03.12.2022 05:00:07;-1.205;0.843
Tilt 1;03.12.2022 06:00:06;-1.218;0.841
Tilt 1;03.12.2022 07:00:06;-1.210;0.845
Tilt 1;03.12.2022 08:00:06;-1.210;0.847
Tilt 1;03.12.2022 09:00:07;-1.214;0.845
Tilt 1;03.12.2022 10:00:07;-1.218;0.845
Tilt 1;03.12.2022 11:00:07;-1.214;0.843
Tilt 1;03.12.2022 12:00:06;-1.216;0.845
Tilt 1;03.12.2022 13:00:07;-1.216;0.845
Tilt 1;03.12.2022 14:00:06;-1.214;0.847
Tilt 1;03.12.2022 15:00:07;-1.220;0.847
Tilt 1;03.12.2022 16:00:07;-1.216;0.845
Tilt 1;03.12.2022 17:00:07;-1.220;0.847
Tilt 1;03.12.2022 18:00:07;-1.220;0.847
Tilt 1;03.12.2022 19:00:06;-1.218;0.843
Tilt 1;03.12.2022 20:00:07;-1.220;0.845
Tilt 1;03.12.2022 21:00:26;-1.220;0.848
Tilt 1;03.12.2022 22:00:06;-1.221;0.845
Tilt 1;03.12.2022 23:00:06;-1.220;0.848
Tilt 1;04.12.2022 00:00:07;-1.220;0.847
Tilt 1;04.12.2022 01:00:06;-1.220;0.847
Tilt 1;04.12.2022 02:00:06;-1.220;0.848
Tilt 1;04.12.2022 03:00:06;-1.223;0.848
Tilt 1;04.12.2022 04:00:07;-1.220;0.847
Tilt 1;04.12.2022 05:00:07;-1.221;0.847
Tilt 1;04.12.2022 06:00:07;-1.220;0.848
Tilt 1;04.12.2022 07:00:06;-1.223;0.848
Tilt 1;04.12.2022 08:00:07;-1.221;0.848
Tilt 1;04.12.2022 09:00:06;-1.221;0.847
Tilt 1;04.12.2022 10:00:07;-1.223;0.848
Tilt 1;04.12.2022 11:00:07;-1.223;0.847
Tilt 1;04.12.2022 12:00:07;-1.220;0.848
Tilt 1;04.12.2022 13:00:07;-1.221;0.850
Tilt 1;04.12.2022 14:00:06;-1.221;0.847
Tilt 1;04.12.2022 15:00:07;-1.223;0.848
Tilt 1;04.12.2022 16:00:06;-1.220;0.848
Tilt 1;04.12.2022 17:00:07;-1.220;0.848
Tilt 1;04.12.2022 18:00:07;-1.221;0.848
Tilt 1;04.12.2022 19:00:07;-1.220;0.848
Tilt 1;04.12.2022 20:00:06;-1.220;0.847
Tilt 1;04.12.2022 21:00:06;-1.221;0.848
Tilt 1;04.12.2022 22:00:06;-1.220;0.848
Tilt 1;04.12.2022 23:00:07;-1.221;0.850
Tilt 1;05.12.2022 00:00:07;-1.220;0.848
Tilt 1;05.12.2022 01:00:07;-1.221;0.850
Tilt 1;05.12.2022 02:00:07;-1.223;0.848
Tilt 1;05.12.2022 03:00:06;-1.223;0.848
Tilt 1;05.12.2022 04:00:07;-1.223;0.848
Tilt 1;05.12.2022 05:00:06;-1.220;0.850
Tilt 1;05.12.2022 06:00:07;-1.220;0.848
Tilt 1;05.12.2022 07:00:07;-1.220;0.848
Tilt 1;05.12.2022 08:00:07;-1.218;0.850
Tilt 1;05.12.2022 09:00:07;-1.216;0.845
Tilt 1;05.12.2022 10:00:06;-1.210;0.848
Tilt 1;05.12.2022 11:00:07;-1.210;0.847
Tilt 1;05.12.2022 12:00:07;-1.205;0.850
Tilt 1;05.12.2022 13:00:07;-1.208;0.848
Tilt 1;05.12.2022 14:00:07;-1.207;0.847
Tilt 1;05.12.2022 15:00:07;-1.210;0.848
Tilt 1;05.12.2022 16:00:07;-1.208;0.850
Tilt 1;05.12.2022 17:00:06;-1.207;0.847
Tilt 1;05.12.2022 18:00:07;-1.207;0.852
Tilt 1;05.12.2022 19:00:06;-1.208;0.850
Tilt 1;05.12.2022 20:00:07;-1.208;0.848
Tilt 1;05.12.2022 21:00:07;-1.214;0.850
Tilt 1;05.12.2022 22:00:07;-1.208;0.848
Tilt 1;05.12.2022 23:00:07;-1.208;0.850
Tilt 1;06.12.2022 00:00:06;-1.208;0.850
Tilt 1;06.12.2022 01:00:06;-1.205;0.850
Tilt 1;06.12.2022 02:00:07;-1.205;0.850
Tilt 1;06.12.2022 03:00:07;-1.210;0.848
Tilt 1;06.12.2022 04:00:07;-1.214;0.847
Tilt 1;06.12.2022 05:00:07;-1.210;0.848
Tilt 1;06.12.2022 06:00:06;-1.210;0.850
Tilt 1;06.12.2022 07:00:06;-1.210;0.848
Tilt 1;06.12.2022 08:00:06;-1.214;0.848
Tilt 1;06.12.2022 09:00:07;-1.207;0.848
Tilt 1;06.12.2022 10:00:07;-1.208;0.850
Tilt 1;06.12.2022 11:00:07;-1.208;0.848
Tilt 1;06.12.2022 12:00:07;-1.212;0.850
Tilt 1;06.12.2022 13:00:06;-1.208;0.848
Tilt 1;06.12.2022 14:00:06;-1.212;0.852
Tilt 1;06.12.2022 15:00:06;-1.214;0.850
Tilt 1;06.12.2022 16:00:07;-1.201;0.848
Tilt 1;06.12.2022 17:00:07;-1.212;0.850
Tilt 1;06.12.2022 18:00:07;-1.205;0.845
Tilt 1;06.12.2022 19:00:07;-1.199;0.845
Tilt 1;06.12.2022 20:00:06;-1.203;0.847
Tilt 1;06.12.2022 21:00:06;-1.210;0.854
Tilt 1;06.12.2022 22:00:25;-1.203;0.848
Tilt 1;06.12.2022 23:00:06;-1.214;0.850
Tilt 1;07.12.2022 00:00:07;-1.220;0.847
Tilt 1;07.12.2022 01:00:07;-1.221;0.850
Tilt 1;07.12.2022 02:00:07;-1.218;0.848
Tilt 1;07.12.2022 03:00:06;-1.220;0.850
Tilt 1;07.12.2022 04:00:07;-1.221;0.848
Tilt 1;07.12.2022 05:00:07;-1.223;0.850
Tilt 1;07.12.2022 06:00:07;-1.220;0.848
Tilt 1;07.12.2022 07:00:07;-1.221;0.848
Tilt 1;07.12.2022 08:00:07;-1.218;0.850
Tilt 1;07.12.2022 09:00:06;-1.223;0.848
Tilt 1;07.12.2022 10:00:06;-1.221;0.850
Tilt 1;07.12.2022 11:00:07;-1.220;0.850
Tilt 1;07.12.2022 12:00:07;-1.221;0.850
Tilt 1;07.12.2022 13:00:07;-1.223;0.850
Tilt 1;07.12.2022 14:00:07;-1.223;0.850
Tilt 1;07.12.2022 15:00:06;-1.221;0.850
Tilt 1;07.12.2022 16:00:06;-1.221;0.850
Tilt 1;07.12.2022 17:00:06;-1.220;0.852
Tilt 1;07.12.2022 18:00:07;-1.221;0.850
Tilt 1;07.12.2022 19:00:07;-1.221;0.852
Tilt 1;07.12.2022 20:00:07;-1.221;0.852
Tilt 1;07.12.2022 21:00:07;-1.221;0.852
Tilt 1;07.12.2022 22:00:06;-1.221;0.850
Tilt 1;07.12.2022 23:00:06;-1.220;0.850
Tilt 1;08.12.2022 00:00:07;-1.220;0.850
Tilt 1;08.12.2022 01:00:07;-1.216;0.848
Tilt 1;08.12.2022 02:00:07;-1.220;0.847
Tilt 1;08.12.2022 03:00:07;-1.220;0.848
Tilt 1;08.12.2022 04:00:06;-1.220;0.848
Tilt 1;08.12.2022 05:00:06;-1.214;0.848
Tilt 1;08.12.2022 06:00:07;-1.220;0.848
Tilt 1;08.12.2022 07:00:07;-1.221;0.848
Tilt 1;08.12.2022 08:00:07;-1.221;0.848
Tilt 1;08.12.2022 09:00:07;-1.221;0.848
Tilt 1;08.12.2022 10:00:06;-1.221;0.850
Tilt 1;08.12.2022 11:00:06;-1.220;0.850
Tilt 1;08.12.2022 12:00:06;-1.221;0.850
Tilt 1;08.12.2022 13:00:07;-1.220;0.850
Tilt 1;08.12.2022 14:00:07;-1.221;0.850
Tilt 1;08.12.2022 15:00:07;-1.221;0.850
Tilt 1;08.12.2022 16:00:07;-1.223;0.850
Tilt 1;08.12.2022 17:00:06;-1.221;0.850
Tilt 1;08.12.2022 18:00:06;-1.221;0.850
Tilt 1;08.12.2022 19:00:06;-1.223;0.850
Tilt 1;08.12.2022 20:00:07;-1.221;0.850
Tilt 1;08.12.2022 21:00:07;-1.221;0.850
Tilt 1;08.12.2022 22:00:07;-1.221;0.850
Tilt 1;08.12.2022 23:00:06;-1.220;0.850
Tilt 1;09.12.2022 00:00:07;-1.220;0.850
Tilt 1;09.12.2022 01:00:07;-1.220;0.852
Tilt 1;09.12.2022 02:00:07;-1.220;0.850
Tilt 1;09.12.2022 03:00:06;-1.221;0.850
Tilt 1;09.12.2022 04:00:07;-1.220;0.852
Tilt 1;09.12.2022 05:00:06;-1.220;0.850
Tilt 1;09.12.2022 06:00:07;-1.220;0.852
Tilt 1;09.12.2022 07:00:07;-1.220;0.850
Tilt 1;09.12.2022 08:00:07;-1.220;0.854
Tilt 1;09.12.2022 09:00:06;-1.220;0.854
Tilt 1;09.12.2022 10:00:06;-1.218;0.854
Tilt 1;09.12.2022 11:00:07;-1.220;0.852
Tilt 1;09.12.2022 12:00:07;-1.220;0.854
Tilt 1;09.12.2022 13:00:07;-1.220;0.850
Tilt 1;09.12.2022 14:00:07;-1.220;0.852
Tilt 1;09.12.2022 15:00:07;-1.220;0.852
Tilt 1;09.12.2022 16:00:06;-1.220;0.854
Tilt 1;09.12.2022 17:00:06;-1.220;0.852
Tilt 1;09.12.2022 18:00:07;-1.220;0.854
Tilt 1;09.12.2022 19:00:07;-1.220;0.850
Tilt 1;09.12.2022 20:00:07;-1.220;0.854
Tilt 1;09.12.2022 21:00:07;-1.221;0.854
Tilt 1;09.12.2022 22:00:07;-1.220;0.854
Tilt 1;09.12.2022 23:00:25;-1.220;0.852
Tilt 1;10.12.2022 00:00:07;-1.220;0.852
Tilt 1;10.12.2022 01:00:06;-1.221;0.854
Tilt 1;10.12.2022 02:00:07;-1.220;0.854
Tilt 1;10.12.2022 03:00:07;-1.220;0.854
Tilt 1;10.12.2022 04:00:07;-1.220;0.852
Tilt 1;10.12.2022 05:00:07;-1.220;0.854
Tilt 1;10.12.2022 06:00:07;-1.220;0.854
Tilt 1;10.12.2022 07:00:06;-1.218;0.854
Tilt 1;10.12.2022 08:00:06;-1.220;0.854
Tilt 1;10.12.2022 09:00:07;-1.220;0.852
Tilt 1;10.12.2022 10:00:07;-1.220;0.854
Tilt 1;10.12.2022 11:00:07;-1.220;0.854
Tilt 1;10.12.2022 12:00:07;-1.218;0.854
Tilt 1;10.12.2022 13:00:06;-1.220;0.852
Tilt 1;10.12.2022 14:00:06;-1.220;0.852
Tilt 1;10.12.2022 15:00:06;-1.221;0.856
Tilt 1;10.12.2022 16:00:07;-1.220;0.854
Tilt 1;10.12.2022 17:00:07;-1.218;0.854
Tilt 1;10.12.2022 18:00:07;-1.220;0.852
Tilt 1;10.12.2022 19:00:07;-1.220;0.854
Tilt 1;10.12.2022 20:00:06;-1.220;0.854
Tilt 1;10.12.2022 21:00:06;-1.220;0.854
Tilt 1;10.12.2022 22:00:06;-1.218;0.854
Tilt 1;10.12.2022 23:00:07;-1.220;0.854
Tilt 1;11.12.2022 00:00:07;-1.220;0.854
Tilt 1;11.12.2022 01:00:07;-1.220;0.854
Tilt 1;11.12.2022 02:00:06;-1.220;0.854
Tilt 1;11.12.2022 03:00:07;-1.220;0.852
Tilt 1;11.12.2022 04:00:06;-1.220;0.854
Tilt 1;11.12.2022 05:00:07;-1.221;0.852
Tilt 1;11.12.2022 06:00:07;-1.221;0.852
Tilt 1;11.12.2022 07:00:07;-1.220;0.852
Tilt 1;11.12.2022 08:00:06;-1.221;0.852
Tilt 1;11.12.2022 09:00:06;-1.220;0.854
Tilt 1;11.12.2022 10:00:07;-1.220;0.852
Tilt 1;11.12.2022 11:00:07;-1.223;0.852
Tilt 1;11.12.2022 12:00:07;-1.223;0.852
Tilt 1;11.12.2022 13:00:07;-1.223;0.850
Tilt 1;11.12.2022 14:00:07;-1.220;0.852
Tilt 1;11.12.2022 15:00:06;-1.221;0.852
Tilt 1;11.12.2022 16:00:06;-1.220;0.852
Tilt 1;11.12.2022 17:00:07;-1.221;0.852
Tilt 1;11.12.2022 18:00:07;-1.221;0.852
Tilt 1;11.12.2022 19:00:07;-1.220;0.852
Tilt 1;11.12.2022 20:00:07;-1.220;0.850
Tilt 1;11.12.2022 21:00:07;-1.220;0.850
Tilt 1;11.12.2022 22:00:06;-1.221;0.852
Tilt 1;11.12.2022 23:00:06;-1.220;0.850
Tilt 1;12.12.2022 00:00:07;-1.221;0.852
Tilt 1;12.12.2022 01:00:07;-1.220;0.852
Tilt 1;12.12.2022 02:00:07;-1.220;0.852
Tilt 1;12.12.2022 03:00:07;-1.221;0.854
Tilt 1;12.12.2022 04:00:06;-1.220;0.854
Tilt 1;12.12.2022 05:00:07;-1.221;0.854
Tilt 1;12.12.2022 06:00:06;-1.220;0.854
Tilt 1;12.12.2022 07:00:07;-1.221;0.854
Tilt 1;12.12.2022 08:00:07;-1.220;0.856
Tilt 1;12.12.2022 09:00:07;-1.220;0.854
Tilt 1;12.12.2022 10:00:06;-1.220;0.852
Tilt 1;12.12.2022 11:00:06;-1.221;0.852
Tilt 1;12.12.2022 12:00:07;-1.220;0.854
Tilt 1;12.12.2022 13:00:07;-1.221;0.852
Tilt 1;12.12.2022 14:00:07;-1.220;0.852
Tilt 1;12.12.2022 15:00:07;-1.220;0.852
Tilt 1;12.12.2022 16:00:07;-1.220;0.854
Tilt 1;12.12.2022 17:00:06;-1.220;0.856
Tilt 1;12.12.2022 18:00:06;-1.220;0.854
Tilt 1;12.12.2022 19:00:07;-1.220;0.856
Tilt 1;12.12.2022 20:00:07;-1.220;0.854
Tilt 1;12.12.2022 21:00:07;-1.221;0.852
Tilt 1;12.12.2022 22:00:07;-1.220;0.852
Tilt 1;12.12.2022 23:00:06;-1.220;0.852
Tilt 1;13.12.2022 00:00:25;-1.194;0.860
Tilt 1;13.12.2022 01:00:07;-1.220;0.852
Tilt 1;13.12.2022 02:00:07;-1.220;0.854
Tilt 1;13.12.2022 03:00:07;-1.220;0.852
Tilt 1;13.12.2022 04:00:06;-1.220;0.854
Tilt 1;13.12.2022 05:00:06;-1.221;0.854
Tilt 1;13.12.2022 06:00:07;-1.223;0.852
Tilt 1;13.12.2022 07:00:07;-1.221;0.852
Tilt 1;13.12.2022 08:00:07;-1.221;0.854
Tilt 1;13.12.2022 09:00:07;-1.220;0.854
Tilt 1;13.12.2022 10:00:07;-1.220;0.854
Tilt 1;13.12.2022 11:00:06;-1.220;0.854
Tilt 1;13.12.2022 12:00:06;-1.220;0.854
Tilt 1;13.12.2022 13:00:07;-1.220;0.854
Tilt 1;13.12.2022 14:00:07;-1.218;0.854
Tilt 1;13.12.2022 15:00:07;-1.220;0.854
Tilt 1;13.12.2022 16:00:07;-1.220;0.852
Tilt 1;13.12.2022 17:00:06;-1.221;0.852
Tilt 1;13.12.2022 18:00:06;-1.221;0.854
Tilt 1;13.12.2022 19:00:06;-1.220;0.852
Tilt 1;13.12.2022 20:00:07;-1.220;0.854
Tilt 1;13.12.2022 21:00:07;-1.221;0.856
Tilt 1;13.12.2022 22:00:07;-1.220;0.856
Tilt 1;13.12.2022 23:00:07;-1.218;0.856
Tilt 1;14.12.2022 00:00:06;-1.218;0.858
Tilt 1;14.12.2022 01:00:06;-1.218;0.856
Tilt 1;14.12.2022 02:00:06;-1.220;0.858
Tilt 1;14.12.2022 03:00:07;-1.218;0.856
Tilt 1;14.12.2022 04:00:07;-1.218;0.854
Tilt 1;14.12.2022 05:00:07;-1.220;0.856
Tilt 1;14.12.2022 06:00:07;-1.220;0.854
Tilt 1;14.12.2022 07:00:06;-1.220;0.854
Tilt 1;14.12.2022 08:00:06;-1.223;0.854
Tilt 1;14.12.2022 09:00:07;-1.220;0.852
Tilt 1;14.12.2022 10:00:07;-1.223;0.854
Tilt 1;14.12.2022 11:00:07;-1.220;0.852
Tilt 1;14.12.2022 12:00:07;-1.220;0.852
Tilt 1;14.12.2022 13:00:06;-1.221;0.854
Tilt 1;14.12.2022 14:00:07;-1.220;0.854
Tilt 1;14.12.2022 15:00:06;-1.220;0.854
Tilt 1;14.12.2022 16:00:07;-1.223;0.852
Tilt 1;14.12.2022 17:00:07;-1.221;0.852
Tilt 1;14.12.2022 18:00:07;-1.221;0.852
Tilt 1;14.12.2022 19:00:07;-1.221;0.854
Tilt 1;14.12.2022 20:00:06;-1.223;0.852
Tilt 1;14.12.2022 21:00:07;-1.223;0.852
Tilt 1;14.12.2022 22:00:07;-1.223;0.852
Tilt 1;14.12.2022 23:00:07;-1.223;0.852
Tilt 1;15.12.2022 00:00:07;-1.223;0.852
Tilt 1;15.12.2022 01:00:07;-1.221;0.850
Tilt 1;15.12.2022 02:00:06;-1.221;0.850
Tilt 1;15.12.2022 03:00:06;-1.223;0.852
Tilt 1;15.12.2022 04:00:07;-1.221;0.852
Tilt 1;15.12.2022 05:00:07;-1.223;0.850
Tilt 1;15.12.2022 06:00:07;-1.223;0.850
Tilt 1;15.12.2022 07:00:07;-1.223;0.852
Tilt 1;15.12.2022 08:00:06;-1.223;0.850
Tilt 1;15.12.2022 09:00:06;-1.223;0.852
Tilt 1;15.12.2022 10:00:06;-1.223;0.850
Tilt 1;15.12.2022 11:00:07;-1.223;0.852
Tilt 1;15.12.2022 12:00:07;-1.223;0.852
Tilt 1;15.12.2022 13:00:07;-1.223;0.850
Tilt 1;15.12.2022 14:00:07;-1.223;0.852
Tilt 1;15.12.2022 15:00:06;-1.223;0.850
Tilt 1;15.12.2022 16:00:06;-1.225;0.850
Tilt 1;15.12.2022 17:00:06;-1.223;0.850
Tilt 1;15.12.2022 18:00:07;-1.223;0.850
Tilt 1;15.12.2022 19:00:07;-1.223;0.854
Tilt 1;15.12.2022 20:00:07;-1.225;0.852
Tilt 1;15.12.2022 21:00:07;-1.223;0.852
Tilt 1;15.12.2022 22:00:06;-1.223;0.852
Tilt 1;15.12.2022 23:00:06;-1.223;0.850
Tilt 1;16.12.2022 00:00:07;-1.223;0.852
Tilt 1;16.12.2022 01:00:25;-1.223;0.852
Tilt 1;16.12.2022 02:00:07;-1.223;0.854
Tilt 1;16.12.2022 03:00:07;-1.223;0.852
Tilt 1;16.12.2022 04:00:07;-1.223;0.854
Tilt 1;16.12.2022 05:00:06;-1.223;0.852
Tilt 1;16.12.2022 06:00:06;-1.223;0.852
Tilt 1;16.12.2022 07:00:07;-1.225;0.852
Tilt 1;16.12.2022 08:00:07;-1.223;0.852
Tilt 1;16.12.2022 09:00:07;-1.223;0.852
Tilt 1;16.12.2022 10:00:07;-1.225;0.850
Tilt 1;16.12.2022 11:00:06;-1.225;0.852
Tilt 1;16.12.2022 12:00:06;-1.225;0.850
Tilt 1;16.12.2022 13:00:06;-1.220;0.850
Tilt 1;16.12.2022 14:00:07;-1.223;0.852
Tilt 1;16.12.2022 15:00:07;-1.225;0.854
Tilt 1;16.12.2022 16:00:07;-1.223;0.850
Tilt 1;16.12.2022 17:00:07;-1.225;0.848
Tilt 1;16.12.2022 18:00:06;-1.227;0.850
Tilt 1;16.12.2022 19:00:06;-1.229;0.850
Tilt 1;16.12.2022 20:00:06;-1.223;0.848
Tilt 1;16.12.2022 21:00:07;-1.225;0.847
Tilt 1;16.12.2022 22:00:07;-1.221;0.848
Tilt 1;16.12.2022 23:00:07;-1.220;0.848
Tilt 1;17.12.2022 00:00:06;-1.220;0.848
Tilt 1;17.12.2022 01:00:06;-1.218;0.850
Tilt 1;17.12.2022 02:00:07;-1.220;0.848
Tilt 1;17.12.2022 03:00:07;-1.223;0.847
Tilt 1;17.12.2022 04:00:07;-1.218;0.852
Tilt 1;17.12.2022 05:00:07;-1.216;0.847
Tilt 1;17.12.2022 06:00:06;-1.218;0.848
Tilt 1;17.12.2022 07:00:06;-1.220;0.848
Tilt 1;17.12.2022 08:00:06;-1.223;0.850
Tilt 1;17.12.2022 09:00:07;-1.221;0.850
Tilt 1;17.12.2022 10:00:07;-1.229;0.850
Tilt 1;17.12.2022 11:00:07;-1.227;0.848
Tilt 1;17.12.2022 12:00:07;-1.218;0.850
Tilt 1;17.12.2022 13:00:06;-1.223;0.848
Tilt 1;17.12.2022 14:00:06;-1.218;0.848
Tilt 1;17.12.2022 15:00:06;-1.214;0.847
Tilt 1;17.12.2022 16:00:07;-1.218;0.847
Tilt 1;17.12.2022 17:00:07;-1.214;0.850
Tilt 1;17.12.2022 18:00:07;-1.218;0.852
Tilt 1;17.12.2022 19:00:06;-1.218;0.854
Tilt 1;17.12.2022 20:00:07;-1.218;0.850
Tilt 1;17.12.2022 21:00:06;-1.223;0.848
Tilt 1;17.12.2022 22:00:07;-1.221;0.850
Tilt 1;17.12.2022 23:00:07;-1.220;0.848
Tilt 1;18.12.2022 00:00:07;-1.227;0.848
Tilt 1;18.12.2022 01:00:07;-1.229;0.848
Tilt 1;18.12.2022 02:00:06;-1.229;0.848
Tilt 1;18.12.2022 03:00:07;-1.229;0.848
Tilt 1;18.12.2022 04:00:06;-1.227;0.848
Tilt 1;18.12.2022 05:00:07;-1.225;0.848
Tilt 1;18.12.2022 06:00:07;-1.223;0.850
Tilt 1;18.12.2022 07:00:07;-1.229;0.848
Tilt 1;18.12.2022 08:00:07;-1.227;0.847
Tilt 1;18.12.2022 09:00:06;-1.223;0.848
Tilt 1;18.12.2022 10:00:07;-1.227;0.850
Tilt 1;18.12.2022 11:00:06;-1.223;0.848
Tilt 1;18.12.2022 12:00:07;-1.216;0.850
Tilt 1;18.12.2022 13:00:07;-1.216;0.852
Tilt 1;18.12.2022 14:00:07;-1.218;0.848
Tilt 1;18.12.2022 15:00:06;-1.216;0.848
Tilt 1;18.12.2022 16:00:06;-1.210;0.848
Tilt 1;18.12.2022 17:00:07;-1.216;0.850
Tilt 1;18.12.2022 18:00:07;-1.212;0.850
Tilt 1;18.12.2022 19:00:07;-1.218;0.848
Tilt 1;18.12.2022 20:00:07;-1.223;0.850
Tilt 1;18.12.2022 21:00:06;-1.220;0.847
Tilt 1;18.12.2022 22:00:06;-1.223;0.850
Tilt 1;18.12.2022 23:00:06;-1.221;0.848
Tilt 1;19.12.2022 00:00:07;-1.214;0.850
Tilt 1;19.12.2022 01:00:07;-1.220;0.847
Tilt 1;19.12.2022 02:00:26;-1.210;0.848
Tilt 1;19.12.2022 03:00:07;-1.218;0.850
Tilt 1;19.12.2022 04:00:06;-1.210;0.850
Tilt 1;19.12.2022 05:00:07;-1.214;0.854
Tilt 1;19.12.2022 06:00:06;-1.218;0.850
Tilt 1;19.12.2022 07:00:07;-1.220;0.850
Tilt 1;19.12.2022 08:00:07;-1.218;0.850
Tilt 1;19.12.2022 09:00:07;-1.223;0.850
Tilt 1;19.12.2022 10:00:07;-1.225;0.848
Tilt 1;19.12.2022 11:00:06;-1.227;0.847
Tilt 1;19.12.2022 12:00:07;-1.227;0.850
Tilt 1;19.12.2022 13:00:06;-1.221;0.848
Tilt 1;19.12.2022 14:00:16;-1.216;0.850
Tilt 1;19.12.2022 15:00:07;-1.223;0.850
Tilt 1;19.12.2022 16:00:07;-1.223;0.848
Tilt 1;19.12.2022 17:00:06;-1.225;0.848
Tilt 1;19.12.2022 18:00:07;-1.229;0.848
Tilt 1;19.12.2022 19:00:06;-1.227;0.848
Tilt 1;19.12.2022 20:00:07;-1.229;0.848
Tilt 1;19.12.2022 21:00:07;-1.229;0.847
Tilt 1;19.12.2022 22:00:07;-1.233;0.848
Tilt 1;19.12.2022 23:00:06;-1.229;0.845